{
  "type": "FeatureCollection",
  "features": [
    {
      "type": "Feature",
      "id": 4,
      "geometry": {
        "type": "Polygon",
        "coordinates": [
          [
            [
              -123.28261223741008,
              48.459858845427895
            ],
            [
              -123.28240377612555,
              48.46014663347522
            ],
            [
              -123.28229061261973,
              48.46030285759449
            ],
            [
              -123.28211477983616,
              48.46040376273496
            ],
            [
              -123.28221704807996,
              48.46042911710152
            ],
            [
              -123.28237014648097,
              48.46035094185464
            ],
            [
              -123.28270505703564,
              48.45988858742989
            ],
            [
              -123.28270539673188,
              48.45988811849751
            ],
            [
              -123.2826177657251,
              48.45986003906739
            ],
            [
              -123.28261257710697,
              48.4598583764958
            ],
            [
              -123.28261223741008,
              48.459858845427895
            ]
          ]
        ]
      },
      "properties": {
        "OBJECTID": 4,
        "PARK": "PARK",
        "PARKTYPE": "Neighbourhood",
        "PARKADMINISTRATOR": "District of Saanich",
        "LOCATION": "Juan de Fuca Terrace",
        "_crosscheckSource": "https://map.saanich.ca/server/rest/services/MAPS/SaanichBaseMap/MapServer/26"
      }
    },
    {
      "type": "Feature",
      "id": 6,
      "geometry": {
        "type": "Polygon",
        "coordinates": [
          [
            [
              -123.37522829191332,
              48.46885319424872
            ],
            [
              -123.37549189734739,
              48.46978852421456
            ],
            [
              -123.37565140731787,
              48.469768644538576
            ],
            [
              -123.37567738517514,
              48.46907725372838
            ],
            [
              -123.37593411077283,
              48.46908424251166
            ],
            [
              -123.37626636030085,
              48.46904267076063
            ],
            [
              -123.37617928903796,
              48.46873494262482
            ],
            [
              -123.37522829191332,
              48.46885319424872
            ]
          ]
        ]
      },
      "properties": {
        "OBJECTID": 6,
        "PARK": "PARK",
        "PARKTYPE": "Neighbourhood",
        "PARKADMINISTRATOR": "District of Saanich",
        "LOCATION": "850 Mckenzie Ave",
        "_crosscheckSource": "https://map.saanich.ca/server/rest/services/MAPS/SaanichBaseMap/MapServer/26"
      }
    },
    {
      "type": "Feature",
      "id": 93,
      "geometry": {
        "type": "Polygon",
        "coordinates": [
          [
            [
              -123.32781236508248,
              48.43732330919924
            ],
            [
              -123.32824570315803,
              48.43741878608767
            ],
            [
              -123.32826291004871,
              48.43733167478782
            ],
            [
              -123.32781236508248,
              48.43732330919924
            ]
          ]
        ]
      },
      "properties": {
        "OBJECTID": 93,
        "PARK": "PARK",
        "PARKTYPE": "Neighbourhood",
        "PARKADMINISTRATOR": "District of Saanich",
        "LOCATION": "North of 2623 Richmond Rd",
        "_crosscheckSource": "https://map.saanich.ca/server/rest/services/MAPS/SaanichBaseMap/MapServer/26"
      }
    },
    {
      "type": "Feature",
      "id": 128,
      "geometry": {
        "type": "Polygon",
        "coordinates": [
          [
            [
              -123.37165098780244,
              48.52156794594954
            ],
            [
              -123.37167702408377,
              48.52162204714997
            ],
            [
              -123.3720705976452,
              48.52162549760472
            ],
            [
              -123.37220849203278,
              48.52162670622742
            ],
            [
              -123.37216667078603,
              48.521572466804095
            ],
            [
              -123.37165098780244,
              48.52156794594954
            ]
          ]
        ]
      },
      "properties": {
        "OBJECTID": 128,
        "PARK": "PARK",
        "PARKTYPE": "Neighbourhood",
        "PARKADMINISTRATOR": "District of Saanich",
        "LOCATION": "South of 5098 Lochside Dr",
        "_crosscheckSource": "https://map.saanich.ca/server/rest/services/MAPS/SaanichBaseMap/MapServer/26"
      }
    },
    {
      "type": "Feature",
      "id": 190,
      "geometry": {
        "type": "Polygon",
        "coordinates": [
          [
            [
              -123.39191340754525,
              48.496088235000755
            ],
            [
              -123.39191726266756,
              48.496099485127395
            ],
            [
              -123.39195644491994,
              48.49609355542446
            ],
            [
              -123.39250606251886,
              48.495509158659054
            ],
            [
              -123.39307998532553,
              48.494898901643104
            ],
            [
              -123.39304522747302,
              48.49488492145774
            ],
            [
              -123.39191340754525,
              48.496088235000755
            ]
          ]
        ]
      },
      "properties": {
        "OBJECTID": 190,
        "PARK": "PARK",
        "PARKTYPE": "Neighbourhood",
        "PARKADMINISTRATOR": "District of Saanich",
        "LOCATION": "Travino Walkway",
        "_crosscheckSource": "https://map.saanich.ca/server/rest/services/MAPS/SaanichBaseMap/MapServer/26"
      }
    },
    {
      "type": "Feature",
      "id": 201,
      "geometry": {
        "type": "Polygon",
        "coordinates": [
          [
            [
              -123.36737704433546,
              48.4638336756737
            ],
            [
              -123.36757628295,
              48.46387120135495
            ],
            [
              -123.36762005457744,
              48.46374894023769
            ],
            [
              -123.367621373243,
              48.46374521772417
            ],
            [
              -123.3676213848879,
              48.463745191203614
            ],
            [
              -123.36749774804039,
              48.46374528000436
            ],
            [
              -123.36737704433546,
              48.4638336756737
            ]
          ]
        ]
      },
      "properties": {
        "OBJECTID": 201,
        "PARK": "PARK",
        "PARKTYPE": "Neighbourhood",
        "PARKADMINISTRATOR": "District of Saanich",
        "LOCATION": "South of 3913 Saanich Rd",
        "_crosscheckSource": "https://map.saanich.ca/server/rest/services/MAPS/SaanichBaseMap/MapServer/26"
      }
    },
    {
      "type": "Feature",
      "id": 641,
      "geometry": {
        "type": "Polygon",
        "coordinates": [
          [
            [
              -123.40186032766263,
              48.46080079862337
            ],
            [
              -123.4021754276265,
              48.46118087963425
            ],
            [
              -123.40306069118812,
              48.46067438530973
            ],
            [
              -123.4031701557417,
              48.46032087072809
            ],
            [
              -123.40295100292326,
              48.46040117108347
            ],
            [
              -123.40273184949619,
              48.46048147102206
            ],
            [
              -123.40251269546101,
              48.46056177060004
            ],
            [
              -123.40207690840407,
              48.46072144396159
            ],
            [
              -123.40186032766263,
              48.46080079862337
            ]
          ]
        ]
      },
      "properties": {
        "OBJECTID": 641,
        "PARK": "PARK",
        "PARKTYPE": "Neighbourhood",
        "PARKADMINISTRATOR": "District of Saanich",
        "LOCATION": "731 Burnside Rd W",
        "_crosscheckSource": "https://map.saanich.ca/server/rest/services/MAPS/SaanichBaseMap/MapServer/26"
      }
    },
    {
      "type": "Feature",
      "id": 97,
      "geometry": {
        "type": "MultiPolygon",
        "coordinates": [
          [
            [
              [
                -123.4108424516542,
                48.47053726836087
              ],
              [
                -123.41076845644409,
                48.470679211712635
              ],
              [
                -123.41074833097252,
                48.47072150900033
              ],
              [
                -123.41073121755709,
                48.47076511205257
              ],
              [
                -123.41062758572401,
                48.47106005451603
              ],
              [
                -123.41060278803242,
                48.47113971567372
              ],
              [
                -123.41058394046215,
                48.471220990483154
              ],
              [
                -123.41061741115648,
                48.47122377318683
              ],
              [
                -123.41065065771602,
                48.47122853733393
              ],
              [
                -123.41066908416275,
                48.471148611512625
              ],
              [
                -123.41069343014819,
                48.4710702856303
              ],
              [
                -123.41079706128153,
                48.47077534311028
              ],
              [
                -123.41081329461191,
                48.47073398184977
              ],
              [
                -123.41083238514416,
                48.47069385920697
              ],
              [
                -123.41090676531132,
                48.47055199417125
              ],
              [
                -123.41104682985002,
                48.47039439786483
              ],
              [
                -123.41098846271248,
                48.47037145988871
              ],
              [
                -123.4108424516542,
                48.47053726836087
              ]
            ]
          ],
          [
            [
              [
                -123.41181398327262,
                48.46953515264213
              ],
              [
                -123.41170148764462,
                48.469732396211036
              ],
              [
                -123.41139572172045,
                48.46992592642955
              ],
              [
                -123.4112144947889,
                48.470114778207055
              ],
              [
                -123.41102974590636,
                48.47032500906746
              ],
              [
                -123.41108892808988,
                48.47034696754428
              ],
              [
                -123.41128162490313,
                48.47013014857688
              ],
              [
                -123.41134412629792,
                48.47006479641334
              ],
              [
                -123.41141017300292,
                48.47000302941251
              ],
              [
                -123.41147955968457,
                48.46994503960271
              ],
              [
                -123.41155207062563,
                48.469891007269275
              ],
              [
                -123.41162748039582,
                48.469841100394085
              ],
              [
                -123.41167394969932,
                48.469809886926406
              ],
              [
                -123.41171716856594,
                48.469774308754715
              ],
              [
                -123.41175672853967,
                48.469734702123816
              ],
              [
                -123.4117922557442,
                48.46969144135093
              ],
              [
                -123.41182341441646,
                48.469644935288144
              ],
              [
                -123.41186533996277,
                48.46957143001891
              ],
              [
                -123.41188883140914,
                48.4695329220002
              ],
              [
                -123.41196920357169,
                48.46940937316429
              ],
              [
                -123.411972366662,
                48.46940224396062
              ],
              [
                -123.41197427530936,
                48.469394681702326
              ],
              [
                -123.41197487425481,
                48.46938690533109
              ],
              [
                -123.41197414615775,
                48.46937913998758
              ],
              [
                -123.41197211209797,
                48.46937161049317
              ],
              [
                -123.41196883096534,
                48.46936453484098
              ],
              [
                -123.41196439775486,
                48.469358117884525
              ],
              [
                -123.41195894081638,
                48.46935254540684
              ],
              [
                -123.41195261813856,
                48.4693479787417
              ],
              [
                -123.41194561277491,
                48.4693445501027
              ],
              [
                -123.41193812754396,
                48.46934235875542
              ],
              [
                -123.41181398327262,
                48.46953515264213
              ]
            ]
          ],
          [
            [
              [
                -123.41232694853929,
                48.46633097046807
              ],
              [
                -123.41229322703971,
                48.466397297956235
              ],
              [
                -123.41229320639977,
                48.466397338514334
              ],
              [
                -123.41225327792212,
                48.46647587508372
              ],
              [
                -123.41221004328591,
                48.46656091331611
              ],
              [
                -123.41198655941557,
                48.467000488316835
              ],
              [
                -123.41189152387109,
                48.467187413561625
              ],
              [
                -123.41171968098841,
                48.467525406994845
              ],
              [
                -123.41165149736425,
                48.46765951378139
              ],
              [
                -123.41160671141186,
                48.467747106075514
              ],
              [
                -123.41145703795668,
                48.46803978499219
              ],
              [
                -123.41137001331721,
                48.46821200539973
              ],
              [
                -123.41126578553522,
                48.46841860720018
              ],
              [
                -123.41125910082772,
                48.468431763920776
              ],
              [
                -123.41118370878216,
                48.46858014877877
              ],
              [
                -123.41109713495284,
                48.46875054067322
              ],
              [
                -123.41110062467847,
                48.46875407911821
              ],
              [
                -123.4111055310446,
                48.46875905385118
              ],
              [
                -123.41138110503506,
                48.46903846499885
              ],
              [
                -123.41157130468257,
                48.46880422211167
              ],
              [
                -123.41177550353325,
                48.46855273384578
              ],
              [
                -123.41177557229025,
                48.468551335209675
              ],
              [
                -123.41177622731664,
                48.468538008463376
              ],
              [
                -123.41178417115933,
                48.468376385521964
              ],
              [
                -123.41178945559793,
                48.46826886836693
              ],
              [
                -123.41179983717085,
                48.468057643435834
              ],
              [
                -123.4118969914614,
                48.467902765731964
              ],
              [
                -123.41190805502754,
                48.46788512879864
              ],
              [
                -123.41199931671846,
                48.46773964383737
              ],
              [
                -123.41207678889938,
                48.467590928899035
              ],
              [
                -123.41215424819632,
                48.46744222379038
              ],
              [
                -123.4122317070422,
                48.46729351851458
              ],
              [
                -123.4123395278407,
                48.46708652276419
              ],
              [
                -123.41234089216739,
                48.46708390349899
              ],
              [
                -123.41235752595014,
                48.46707634297611
              ],
              [
                -123.41236338855406,
                48.467073678242976
              ],
              [
                -123.41262162801225,
                48.466956300298726
              ],
              [
                -123.4126403831492,
                48.46694777546612
              ],
              [
                -123.4126396260191,
                48.466946120466574
              ],
              [
                -123.41258005942473,
                48.46681591500937
              ],
              [
                -123.41245962267139,
                48.46655261955843
              ],
              [
                -123.41255028164632,
                48.46632788526358
              ],
              [
                -123.41235202846967,
                48.466281640451875
              ],
              [
                -123.41232694853929,
                48.46633097046807
              ]
            ]
          ],
          [
            [
              [
                -123.40933704939522,
                48.472201929242516
              ],
              [
                -123.40929873634221,
                48.47227767927051
              ],
              [
                -123.40914547837461,
                48.47258069343403
              ],
              [
                -123.40905859203916,
                48.472752300481574
              ],
              [
                -123.40889640064296,
                48.47306286393674
              ],
              [
                -123.40885006738162,
                48.473149420292614
              ],
              [
                -123.40880373463811,
                48.47323597640167
              ],
              [
                -123.40858663100906,
                48.4736335098693
              ],
              [
                -123.40851757532793,
                48.4737599545473
              ],
              [
                -123.40841580318944,
                48.47394632481955
              ],
              [
                -123.40914527399258,
                48.47411209421253
              ],
              [
                -123.40918844034292,
                48.47377026935266
              ],
              [
                -123.4093153884003,
                48.47353308833501
              ],
              [
                -123.40934344892678,
                48.47348066192089
              ],
              [
                -123.40945203966852,
                48.47327777658493
              ],
              [
                -123.4095245976337,
                48.47314221174456
              ],
              [
                -123.40959715054781,
                48.4730066554196
              ],
              [
                -123.40965937727452,
                48.47289039010365
              ],
              [
                -123.40965946262568,
                48.472890299160404
              ],
              [
                -123.40965955017538,
                48.47289020820935
              ],
              [
                -123.4097008380259,
                48.47284733632991
              ],
              [
                -123.4098318925344,
                48.47271092699198
              ],
              [
                -123.40994838465507,
                48.47258967422142
              ],
              [
                -123.41006487647624,
                48.472468421443516
              ],
              [
                -123.41018136748929,
                48.47234716849136
              ],
              [
                -123.41026389958597,
                48.47221167433457
              ],
              [
                -123.41033237248743,
                48.47209926087136
              ],
              [
                -123.4103400053731,
                48.472086729686495
              ],
              [
                -123.41023099382677,
                48.47206200676809
              ],
              [
                -123.41023177772234,
                48.47206096105799
              ],
              [
                -123.41024012542269,
                48.47204981599366
              ],
              [
                -123.41027993259941,
                48.47199666935749
              ],
              [
                -123.41035850252499,
                48.471891776468375
              ],
              [
                -123.41063655992386,
                48.47152055671581
              ],
              [
                -123.4106325851236,
                48.47145681750206
              ],
              [
                -123.4106325460956,
                48.47139295448551
              ],
              [
                -123.41063644298822,
                48.47132921046121
              ],
              [
                -123.41060327090142,
                48.47132268865901
              ],
              [
                -123.41056961664384,
                48.47131947739844
              ],
              [
                -123.41057261379059,
                48.47129256814996
              ],
              [
                -123.41051989497595,
                48.471293410242666
              ],
              [
                -123.41048951176023,
                48.471414305489965
              ],
              [
                -123.41012676962889,
                48.47189857993214
              ],
              [
                -123.40970245104545,
                48.47174506235755
              ],
              [
                -123.41012052012925,
                48.471260550442686
              ],
              [
                -123.41023706767608,
                48.4711254783961
              ],
              [
                -123.41027190945256,
                48.47108372764279
              ],
              [
                -123.41030198907032,
                48.47103842542005
              ],
              [
                -123.41032694754536,
                48.47099011238544
              ],
              [
                -123.41034648701175,
                48.47093936512893
              ],
              [
                -123.41036037427652,
                48.47088678929163
              ],
              [
                -123.41036844360266,
                48.47083301233778
              ],
              [
                -123.41037059868712,
                48.470778676066274
              ],
              [
                -123.41036681381013,
                48.47072442895118
              ],
              [
                -123.4103625713615,
                48.47067567124197
              ],
              [
                -123.41036346248121,
                48.47062673742459
              ],
              [
                -123.4103694773535,
                48.4705781665085
              ],
              [
                -123.41038054972412,
                48.4705304935058
              ],
              [
                -123.41039655763012,
                48.47048424353798
              ],
              [
                -123.4104173247433,
                48.470439926051725
              ],
              [
                -123.41043286215697,
                48.47037755701022
              ],
              [
                -123.4104456810122,
                48.470326100376724
              ],
              [
                -123.41048656044485,
                48.470209068948634
              ],
              [
                -123.41050167416233,
                48.47016580058659
              ],
              [
                -123.41055557031095,
                48.470131976427
              ],
              [
                -123.41058610744162,
                48.470114214890025
              ],
              [
                -123.41070836037973,
                48.47007535064956
              ],
              [
                -123.41069297586445,
                48.470051264348136
              ],
              [
                -123.41073203803275,
                48.47003600536577
              ],
              [
                -123.4107531079111,
                48.47006103793091
              ],
              [
                -123.4108252943096,
                48.4700258265606
              ],
              [
                -123.41082552087425,
                48.470025716051104
              ],
              [
                -123.41101201295963,
                48.46986159358834
              ],
              [
                -123.41104466104098,
                48.46983150306661
              ],
              [
                -123.41107226775289,
                48.469796729424694
              ],
              [
                -123.41109417004495,
                48.469758107846324
              ],
              [
                -123.411109841874,
                48.46971656593389
              ],
              [
                -123.41111890683837,
                48.469673101429585
              ],
              [
                -123.41112114721822,
                48.469628758251844
              ],
              [
                -123.41112290097995,
                48.46956748161952
              ],
              [
                -123.41113166469158,
                48.46950680956082
              ],
              [
                -123.41114732290391,
                48.46944754134222
              ],
              [
                -123.41116966934267,
                48.46939045773666
              ],
              [
                -123.4111984096259,
                48.46933631073795
              ],
              [
                -123.41123316514198,
                48.469285813654366
              ],
              [
                -123.41127347803737,
                48.46923963171185
              ],
              [
                -123.41131881724803,
                48.46919837329058
              ],
              [
                -123.41130054205057,
                48.46919416932214
              ],
              [
                -123.41096515410445,
                48.46903559056035
              ],
              [
                -123.41095912287125,
                48.46903273884595
              ],
              [
                -123.4109548515971,
                48.46903071886894
              ],
              [
                -123.4110095156674,
                48.468921367442896
              ],
              [
                -123.41096795599208,
                48.46891214084403
              ],
              [
                -123.41086434572209,
                48.46911942479286
              ],
              [
                -123.41085538378749,
                48.469117397491345
              ],
              [
                -123.41075522397837,
                48.46931321425239
              ],
              [
                -123.41059737260653,
                48.469621817305125
              ],
              [
                -123.41064687756726,
                48.469632982600054
              ],
              [
                -123.4105991558292,
                48.46972630434137
              ],
              [
                -123.41055952569916,
                48.469804178474455
              ],
              [
                -123.4104863110909,
                48.469948046879544
              ],
              [
                -123.41037899951947,
                48.470159585727345
              ],
              [
                -123.41036770512888,
                48.47018184971025
              ],
              [
                -123.41025557305684,
                48.470402888917846
              ],
              [
                -123.41021997601852,
                48.470472181935754
              ],
              [
                -123.41019822962778,
                48.47051451470441
              ],
              [
                -123.41015638890381,
                48.470596662075494
              ],
              [
                -123.41015637087602,
                48.470596691434494
              ],
              [
                -123.41015635403066,
                48.47059672062063
              ],
              [
                -123.4101109694307,
                48.47068586417267
              ],
              [
                -123.40995258290677,
                48.470996882484435
              ],
              [
                -123.40995256184617,
                48.47099692377453
              ],
              [
                -123.40993818431693,
                48.47102515638355
              ],
              [
                -123.40988885771888,
                48.471122018911224
              ],
              [
                -123.40977051939596,
                48.471354378042975
              ],
              [
                -123.40972905058939,
                48.471435806565225
              ],
              [
                -123.40960973588078,
                48.47167009210233
              ],
              [
                -123.40956529942015,
                48.471757346667204
              ],
              [
                -123.40952247174992,
                48.471841442000596
              ],
              [
                -123.40949496979601,
                48.471895559622936
              ],
              [
                -123.40933704939522,
                48.472201929242516
              ]
            ]
          ]
        ]
      },
      "properties": {
        "OBJECTID": 97,
        "PARK": "SOUTH VALLEY PARK",
        "PARKTYPE": "Neighbourhood",
        "PARKADMINISTRATOR": "District of Saanich",
        "LOCATION": null,
        "_crosscheckSource": "https://map.saanich.ca/server/rest/services/MAPS/SaanichBaseMap/MapServer/26"
      }
    },
    {
      "type": "Feature",
      "id": 279,
      "geometry": {
        "type": "MultiPolygon",
        "coordinates": [
          [
            [
              [
                -123.40044747503283,
                48.49899299285318
              ],
              [
                -123.40052989388369,
                48.4990145330122
              ],
              [
                -123.40106627090283,
                48.499154712045765
              ],
              [
                -123.40180852539781,
                48.499345885408566
              ],
              [
                -123.4021034752563,
                48.498839441012635
              ],
              [
                -123.40257485158021,
                48.498962586714676
              ],
              [
                -123.40358083202996,
                48.49922538761818
              ],
              [
                -123.40358775658291,
                48.49922719658737
              ],
              [
                -123.40358779623399,
                48.49922712903136
              ],
              [
                -123.40360273535808,
                48.49920165808453
              ],
              [
                -123.40359110412254,
                48.499198619613246
              ],
              [
                -123.40258938450735,
                48.49893693182401
              ],
              [
                -123.40258942407492,
                48.49893686426861
              ],
              [
                -123.40292046552865,
                48.4983722795374
              ],
              [
                -123.40308366184219,
                48.49809394697924
              ],
              [
                -123.4040075112678,
                48.49833575744722
              ],
              [
                -123.40409688954875,
                48.498359150882656
              ],
              [
                -123.40409692911432,
                48.498359083382965
              ],
              [
                -123.4041747830849,
                48.49822634378748
              ],
              [
                -123.40535731958676,
                48.49621004410105
              ],
              [
                -123.40382456919836,
                48.495809163826955
              ],
              [
                -123.4038246087619,
                48.49580909627111
              ],
              [
                -123.4041365711675,
                48.495276966027156
              ],
              [
                -123.4029854450369,
                48.49497564239464
              ],
              [
                -123.40298548460134,
                48.49497557489531
              ],
              [
                -123.40329745091094,
                48.49444344666893
              ],
              [
                -123.4021879046899,
                48.49415299414036
              ],
              [
                -123.40175936816182,
                48.49404080989208
              ],
              [
                -123.39955789066252,
                48.49346446336558
              ],
              [
                -123.39954208428206,
                48.49345983446133
              ],
              [
                -123.39953117432115,
                48.49351647589145
              ],
              [
                -123.40003118136296,
                48.49364713964037
              ],
              [
                -123.40172842539738,
                48.494090649517354
              ],
              [
                -123.40113386557168,
                48.495104255034306
              ],
              [
                -123.40114393921019,
                48.49510688709042
              ],
              [
                -123.40072651839431,
                48.495822552292566
              ],
              [
                -123.39922046352572,
                48.495430442861135
              ],
              [
                -123.39814662736266,
                48.495150848034775
              ],
              [
                -123.39810782684519,
                48.49514074530539
              ],
              [
                -123.3979998448024,
                48.495200800843264
              ],
              [
                -123.39917350487346,
                48.495506289457865
              ],
              [
                -123.39875891625138,
                48.49617590799775
              ],
              [
                -123.3968366726881,
                48.49567106015499
              ],
              [
                -123.39597868592705,
                48.4960490486536
              ],
              [
                -123.39597857497435,
                48.496049097503594
              ],
              [
                -123.39862558360753,
                48.49674163930774
              ],
              [
                -123.39797340346398,
                48.49776013178053
              ],
              [
                -123.39797336075436,
                48.49776019850178
              ],
              [
                -123.39888216440154,
                48.497997489589366
              ],
              [
                -123.39887735379294,
                48.49800574974479
              ],
              [
                -123.39832555655514,
                48.49894985840331
              ],
              [
                -123.39824132738782,
                48.49909396759503
              ],
              [
                -123.39824128748212,
                48.49909403593727
              ],
              [
                -123.39874050314127,
                48.499213491870044
              ],
              [
                -123.3987508845586,
                48.49919576465622
              ],
              [
                -123.39877667761029,
                48.49915172077722
              ],
              [
                -123.3988165257347,
                48.499083677229166
              ],
              [
                -123.39883127377055,
                48.49905849370744
              ],
              [
                -123.39923968599865,
                48.49836108039465
              ],
              [
                -123.39925854136173,
                48.4983288822218
              ],
              [
                -123.39937689340431,
                48.49812677663586
              ],
              [
                -123.39983361916686,
                48.498245563159735
              ],
              [
                -123.3998186660736,
                48.498271108451775
              ],
              [
                -123.3995497318685,
                48.498729631486036
              ],
              [
                -123.3995350136124,
                48.498754725315074
              ],
              [
                -123.39953497395629,
                48.49875479286971
              ],
              [
                -123.40044747503283,
                48.49899299285318
              ]
            ]
          ],
          [
            [
              [
                -123.39835706273128,
                48.49318161696308
              ],
              [
                -123.39833231364877,
                48.493243487560626
              ],
              [
                -123.39928295905554,
                48.49348939159484
              ],
              [
                -123.39929470331566,
                48.493492393169596
              ],
              [
                -123.39931339066925,
                48.49340015106767
              ],
              [
                -123.39930128950319,
                48.49339734100754
              ],
              [
                -123.39877152513549,
                48.49326018880742
              ],
              [
                -123.39839263047747,
                48.493162094002855
              ],
              [
                -123.39836755810931,
                48.49315537992051
              ],
              [
                -123.39835706273128,
                48.49318161696308
              ]
            ]
          ]
        ]
      },
      "properties": {
        "OBJECTID": 279,
        "PARK": "QUICK'S BOTTOM PARK",
        "PARKTYPE": "Municipal",
        "PARKADMINISTRATOR": "District of Saanich",
        "LOCATION": null,
        "_crosscheckSource": "https://map.saanich.ca/server/rest/services/MAPS/SaanichBaseMap/MapServer/26"
      }
    },
    {
      "type": "Feature",
      "id": 114,
      "geometry": {
        "type": "MultiPolygon",
        "coordinates": [
          [
            [
              [
                -123.40568422010213,
                48.45695415098674
              ],
              [
                -123.40566809152237,
                48.45697001917971
              ],
              [
                -123.40568374281423,
                48.456978107637866
              ],
              [
                -123.40569192623734,
                48.45698122126697
              ],
              [
                -123.4057022699678,
                48.456985897168586
              ],
              [
                -123.40571802622998,
                48.456996124618655
              ],
              [
                -123.40574348130646,
                48.45701088809343
              ],
              [
                -123.40576223719594,
                48.45702039154007
              ],
              [
                -123.40578790030268,
                48.45703443994978
              ],
              [
                -123.40580645730263,
                48.45704580006745
              ],
              [
                -123.40581552349182,
                48.457051909107015
              ],
              [
                -123.4058252587407,
                48.457061015218144
              ],
              [
                -123.40583389164003,
                48.45706655540629
              ],
              [
                -123.40584854331189,
                48.457072929935926
              ],
              [
                -123.40585409675904,
                48.45707511629267
              ],
              [
                -123.4058696666503,
                48.45708299629382
              ],
              [
                -123.40588346972865,
                48.45709065941082
              ],
              [
                -123.40589556535801,
                48.45709961414726
              ],
              [
                -123.40590550750122,
                48.457107863055505
              ],
              [
                -123.40591457051173,
                48.45711340082095
              ],
              [
                -123.4059315939654,
                48.457121053473514
              ],
              [
                -123.40594925915569,
                48.457128274727154
              ],
              [
                -123.40596864981042,
                48.457136632446485
              ],
              [
                -123.40599685201327,
                48.45714595948858
              ],
              [
                -123.40602353790106,
                48.457153577141206
              ],
              [
                -123.40603688722037,
                48.45715810026444
              ],
              [
                -123.40604828100942,
                48.45715977389831
              ],
              [
                -123.40605876530498,
                48.457161545203164
              ],
              [
                -123.4060965591256,
                48.457173149578445
              ],
              [
                -123.40614315644368,
                48.45718250703749
              ],
              [
                -123.40618979887023,
                48.457197516816436
              ],
              [
                -123.40620604433013,
                48.45720529632584
              ],
              [
                -123.4062150789115,
                48.45720726435858
              ],
              [
                -123.40622756008267,
                48.45721079101327
              ],
              [
                -123.40623920084543,
                48.457216462698625
              ],
              [
                -123.4062781069821,
                48.45723337551837
              ],
              [
                -123.40628271537828,
                48.45722882591602
              ],
              [
                -123.4063817150882,
                48.457131077628425
              ],
              [
                -123.40618027987493,
                48.4570419101427
              ],
              [
                -123.40597853997375,
                48.456952608430925
              ],
              [
                -123.40577663381745,
                48.456863231380254
              ],
              [
                -123.40568422010213,
                48.45695415098674
              ]
            ]
          ],
          [
            [
              [
                -123.40838721229952,
                48.45815168423008
              ],
              [
                -123.40837671844974,
                48.45816224826433
              ],
              [
                -123.40840997488495,
                48.45816870309186
              ],
              [
                -123.408435348635,
                48.458173326309456
              ],
              [
                -123.40845598668785,
                48.45817639554095
              ],
              [
                -123.40846503641669,
                48.45818021931989
              ],
              [
                -123.40847622347619,
                48.45818289295751
              ],
              [
                -123.40849707429541,
                48.45818567533798
              ],
              [
                -123.4085383905196,
                48.45819681118514
              ],
              [
                -123.40855625984564,
                48.45820274661383
              ],
              [
                -123.4085614268115,
                48.45820444210346
              ],
              [
                -123.40856959017955,
                48.45820484135653
              ],
              [
                -123.40857561831079,
                48.458206819876814
              ],
              [
                -123.40858488748898,
                48.4582113571889
              ],
              [
                -123.4085941417678,
                48.45821403767675
              ],
              [
                -123.4086268842448,
                48.458227060807204
              ],
              [
                -123.40866564341084,
                48.458240633841314
              ],
              [
                -123.40869039748098,
                48.45824825863412
              ],
              [
                -123.40871107569507,
                48.458256325229655
              ],
              [
                -123.4087461708229,
                48.45826805527185
              ],
              [
                -123.4087726598486,
                48.45827781505066
              ],
              [
                -123.40879082895846,
                48.45828401927295
              ],
              [
                -123.40879996811877,
                48.45827488595732
              ],
              [
                -123.40889130592399,
                48.458183613228066
              ],
              [
                -123.40868469523812,
                48.458121910529385
              ],
              [
                -123.4084780837058,
                48.45806020836214
              ],
              [
                -123.40838721229952,
                48.45815168423008
              ]
            ]
          ],
          [
            [
              [
                -123.40846827048442,
                48.45864083371474
              ],
              [
                -123.40843514794798,
                48.458674209503464
              ],
              [
                -123.40835494307152,
                48.45875502532128
              ],
              [
                -123.40877888775877,
                48.45894115296854
              ],
              [
                -123.40946985037041,
                48.45928902461902
              ],
              [
                -123.40947213152243,
                48.45928456323924
              ],
              [
                -123.4095699419103,
                48.45909321156628
              ],
              [
                -123.40958535310996,
                48.459063058054824
              ],
              [
                -123.40955096943587,
                48.45905595803197
              ],
              [
                -123.40951790537018,
                48.45903869986155
              ],
              [
                -123.40947118322623,
                48.459014110452976
              ],
              [
                -123.40943488246903,
                48.45898777551721
              ],
              [
                -123.40939818255477,
                48.45897033412335
              ],
              [
                -123.40934357191406,
                48.4589438681662
              ],
              [
                -123.40931228978785,
                48.458925651769576
              ],
              [
                -123.4092765353545,
                48.45890332097889
              ],
              [
                -123.40924368517635,
                48.45889447458938
              ],
              [
                -123.40920776175926,
                48.4588777024115
              ],
              [
                -123.40916679919957,
                48.45885713902264
              ],
              [
                -123.40910855358736,
                48.458827547899936
              ],
              [
                -123.4090651386604,
                48.4588096561542
              ],
              [
                -123.40904140597817,
                48.458795696080465
              ],
              [
                -123.40900076429942,
                48.458770608954744
              ],
              [
                -123.40894539078835,
                48.45873819613818
              ],
              [
                -123.40889642251261,
                48.45871242603981
              ],
              [
                -123.40885222047142,
                48.45869688329549
              ],
              [
                -123.40881130980469,
                48.45868274669013
              ],
              [
                -123.40877542489486,
                48.458670734284745
              ],
              [
                -123.40874419854839,
                48.45865941964467
              ],
              [
                -123.40871657975633,
                48.458651662892784
              ],
              [
                -123.40867497658527,
                48.45864038508481
              ],
              [
                -123.40862800949147,
                48.458629839728744
              ],
              [
                -123.40857281741177,
                48.45861914452284
              ],
              [
                -123.40846827048442,
                48.45864083371474
              ]
            ]
          ],
          [
            [
              [
                -123.39753249950583,
                48.46420419197278
              ],
              [
                -123.39753529948793,
                48.46420589793081
              ],
              [
                -123.39768463693629,
                48.46429293668403
              ],
              [
                -123.39782610954661,
                48.46436871263657
              ],
              [
                -123.39796996057908,
                48.46443987003195
              ],
              [
                -123.39811603930482,
                48.46450633431061
              ],
              [
                -123.39865277736723,
                48.464740719554285
              ],
              [
                -123.39905450488938,
                48.464475746607505
              ],
              [
                -123.39909445752866,
                48.46444939682073
              ],
              [
                -123.39908857325108,
                48.46415040201221
              ],
              [
                -123.39899295548467,
                48.46417341603023
              ],
              [
                -123.3988967703092,
                48.46419392978887
              ],
              [
                -123.39880055458326,
                48.464081491404066
              ],
              [
                -123.3987597738129,
                48.46409478466035
              ],
              [
                -123.39871747439096,
                48.46410189386554
              ],
              [
                -123.39867458859668,
                48.46410266233277
              ],
              [
                -123.39863206163285,
                48.464097073125025
              ],
              [
                -123.39859083079375,
                48.46408524942844
              ],
              [
                -123.398551804807,
                48.464067451837266
              ],
              [
                -123.39851584380527,
                48.46404407261039
              ],
              [
                -123.39848374036902,
                48.464015627025944
              ],
              [
                -123.3984757700495,
                48.46400319664879
              ],
              [
                -123.39846940714651,
                48.463989871719725
              ],
              [
                -123.39846475041301,
                48.46397585904323
              ],
              [
                -123.39809632745738,
                48.464103712715016
              ],
              [
                -123.3979335739773,
                48.46394528430259
              ],
              [
                -123.39804246685378,
                48.46389580314223
              ],
              [
                -123.39786809100102,
                48.46372605946533
              ],
              [
                -123.39769371361463,
                48.46355631642503
              ],
              [
                -123.3975193401054,
                48.46338657400265
              ],
              [
                -123.39734496504153,
                48.46321682951796
              ],
              [
                -123.39717059114241,
                48.463047084760916
              ],
              [
                -123.39699622111337,
                48.46287733972215
              ],
              [
                -123.39682184955768,
                48.46270759621962
              ],
              [
                -123.3966474791527,
                48.46253785064545
              ],
              [
                -123.39651993691682,
                48.462413687907876
              ],
              [
                -123.39640598517141,
                48.462137434903454
              ],
              [
                -123.39639131248602,
                48.462131697999986
              ],
              [
                -123.39591836559374,
                48.461946846768335
              ],
              [
                -123.39591335623477,
                48.461944887472654
              ],
              [
                -123.39585531075016,
                48.461900486154015
              ],
              [
                -123.39580775098341,
                48.46186751656637
              ],
              [
                -123.39579045428242,
                48.461855696189616
              ],
              [
                -123.39563258276593,
                48.4617460824125
              ],
              [
                -123.39544202837067,
                48.461810595263145
              ],
              [
                -123.39543629499833,
                48.4618016238737
              ],
              [
                -123.39541255166834,
                48.46177519370383
              ],
              [
                -123.39539388599316,
                48.46175638320233
              ],
              [
                -123.39537352232838,
                48.46173665189277
              ],
              [
                -123.39535180444311,
                48.46171323667193
              ],
              [
                -123.3953344468686,
                48.46169024729722
              ],
              [
                -123.3953209428003,
                48.46166373605369
              ],
              [
                -123.39531699465671,
                48.46164496495046
              ],
              [
                -123.39531554023944,
                48.46163708902363
              ],
              [
                -123.39531480861311,
                48.46161446537208
              ],
              [
                -123.39530372135866,
                48.46158719911643
              ],
              [
                -123.39528743752949,
                48.46156155208249
              ],
              [
                -123.39527874666366,
                48.4615382180549
              ],
              [
                -123.39527818288659,
                48.46151107758976
              ],
              [
                -123.3952673524168,
                48.461482209073516
              ],
              [
                -123.39525696451369,
                48.46145981650695
              ],
              [
                -123.39524422002897,
                48.46142990197263
              ],
              [
                -123.39522625472618,
                48.46140719355872
              ],
              [
                -123.3952046508297,
                48.46137752535885
              ],
              [
                -123.39518758477575,
                48.461353905205605
              ],
              [
                -123.39517129330093,
                48.46133074121103
              ],
              [
                -123.39515748325711,
                48.46131009670719
              ],
              [
                -123.39514220889487,
                48.46128709115288
              ],
              [
                -123.39512818558802,
                48.46125987994174
              ],
              [
                -123.39511027739763,
                48.461234058528426
              ],
              [
                -123.39509147311067,
                48.46121129089732
              ],
              [
                -123.39507797423704,
                48.46119064531532
              ],
              [
                -123.3950640188138,
                48.46116868781165
              ],
              [
                -123.39504028360211,
                48.46114306631881
              ],
              [
                -123.39502006223805,
                48.46111896216345
              ],
              [
                -123.39499439452041,
                48.46110071541722
              ],
              [
                -123.39496159534276,
                48.46108383361559
              ],
              [
                -123.39493651342403,
                48.46106786095745
              ],
              [
                -123.39490156123709,
                48.46104021773091
              ],
              [
                -123.39488488331406,
                48.461017774739744
              ],
              [
                -123.39487727623943,
                48.46099270063908
              ],
              [
                -123.39487186402687,
                48.46096825775794
              ],
              [
                -123.39486238819362,
                48.46093785515044
              ],
              [
                -123.39485675710242,
                48.46090786218624
              ],
              [
                -123.39485812226516,
                48.46088156976468
              ],
              [
                -123.39485786989461,
                48.46085443722262
              ],
              [
                -123.39485021305926,
                48.46083009290541
              ],
              [
                -123.39485462074038,
                48.460789898567874
              ],
              [
                -123.39486743218882,
                48.4607658879687
              ],
              [
                -123.39488821967679,
                48.460735876333274
              ],
              [
                -123.39488738783957,
                48.46071076998865
              ],
              [
                -123.3948719501139,
                48.46068776495685
              ],
              [
                -123.39484366334365,
                48.460671884241705
              ],
              [
                -123.39482512917846,
                48.46065233548156
              ],
              [
                -123.3947996304513,
                48.46062444387536
              ],
              [
                -123.39477310120438,
                48.4606014588844
              ],
              [
                -123.39476639173785,
                48.4605893816216
              ],
              [
                -123.3947660613,
                48.460583400090194
              ],
              [
                -123.39476473933344,
                48.460557701657045
              ],
              [
                -123.39476332125629,
                48.460530249238154
              ],
              [
                -123.39476235533947,
                48.46050528729552
              ],
              [
                -123.39476067692718,
                48.46047914925664
              ],
              [
                -123.39476466464791,
                48.460449159278426
              ],
              [
                -123.39476922044703,
                48.46042282892227
              ],
              [
                -123.39477377248157,
                48.46039775808711
              ],
              [
                -123.39477578563752,
                48.46038001910233
              ],
              [
                -123.39477675422074,
                48.46035334119065
              ],
              [
                -123.39477732730228,
                48.460327816186016
              ],
              [
                -123.39477408140617,
                48.46029333478157
              ],
              [
                -123.39477053325268,
                48.460281101831114
              ],
              [
                -123.39476732684777,
                48.460270029155005
              ],
              [
                -123.39474597163303,
                48.460237446047934
              ],
              [
                -123.39471825948921,
                48.46021015578192
              ],
              [
                -123.3946934294856,
                48.460189971847875
              ],
              [
                -123.39466943477551,
                48.46017284385028
              ],
              [
                -123.39466763322494,
                48.460169026520354
              ],
              [
                -123.39466409783803,
                48.46014587268444
              ],
              [
                -123.39465883908537,
                48.46011485283003
              ],
              [
                -123.39464919949087,
                48.4600877164878
              ],
              [
                -123.3946240205372,
                48.46005740368808
              ],
              [
                -123.39461223347956,
                48.460035915504626
              ],
              [
                -123.39460599620357,
                48.46001144844652
              ],
              [
                -123.39460143890287,
                48.45998541023882
              ],
              [
                -123.39460115128836,
                48.45993817965555
              ],
              [
                -123.39460486645584,
                48.45991490199573
              ],
              [
                -123.39460682669815,
                48.459885269834714
              ],
              [
                -123.39460121427845,
                48.45985765096233
              ],
              [
                -123.39459280555803,
                48.459835737354425
              ],
              [
                -123.39458329942971,
                48.45981010296162
              ],
              [
                -123.39457524437937,
                48.459784778470144
              ],
              [
                -123.3945699267765,
                48.45976203558208
              ],
              [
                -123.39456382439678,
                48.45973402344114
              ],
              [
                -123.39456081165063,
                48.45970499310075
              ],
              [
                -123.39456425093357,
                48.4596810236574
              ],
              [
                -123.39458010682696,
                48.4596571645849
              ],
              [
                -123.39460554018319,
                48.45962975504479
              ],
              [
                -123.39462270132013,
                48.45960833853617
              ],
              [
                -123.39464235564333,
                48.459589405503486
              ],
              [
                -123.39467209831452,
                48.45956303286122
              ],
              [
                -123.39470349077406,
                48.45953835578938
              ],
              [
                -123.39472903597185,
                48.45951858385786
              ],
              [
                -123.39475190514878,
                48.4594989200607
              ],
              [
                -123.39477540694038,
                48.45947536760513
              ],
              [
                -123.39480151080949,
                48.45943868843615
              ],
              [
                -123.39482834492165,
                48.45941402696646
              ],
              [
                -123.394856270048,
                48.45939069322787
              ],
              [
                -123.3948784133779,
                48.45936814402189
              ],
              [
                -123.39489690989079,
                48.459348018384105
              ],
              [
                -123.39491650587743,
                48.45932159052757
              ],
              [
                -123.39493838633098,
                48.459293059545615
              ],
              [
                -123.3949546386177,
                48.45926628419651
              ],
              [
                -123.39496721358081,
                48.45925874696532
              ],
              [
                -123.39497318292464,
                48.459259302254765
              ],
              [
                -123.39499435433072,
                48.459256197777556
              ],
              [
                -123.39499838228207,
                48.45925408777096
              ],
              [
                -123.39502521710092,
                48.45923651548662
              ],
              [
                -123.39503457418019,
                48.459223923369
              ],
              [
                -123.39502649494091,
                48.45922164799848
              ],
              [
                -123.39501828693145,
                48.45922212689515
              ],
              [
                -123.39498633642154,
                48.45922015836453
              ],
              [
                -123.39498159901781,
                48.45921625215334
              ],
              [
                -123.39498180092792,
                48.459207407910085
              ],
              [
                -123.3949853359873,
                48.45920104425543
              ],
              [
                -123.39500226339233,
                48.45917412263826
              ],
              [
                -123.39501143451923,
                48.45914819836133
              ],
              [
                -123.39501778164762,
                48.45912248259878
              ],
              [
                -123.39502293530532,
                48.45909304638498
              ],
              [
                -123.39503456174849,
                48.45906629589734
              ],
              [
                -123.39505108712774,
                48.45903446356818
              ],
              [
                -123.39505040817707,
                48.45902540643236
              ],
              [
                -123.39505179071735,
                48.45901200591169
              ],
              [
                -123.39506047674541,
                48.458989637808806
              ],
              [
                -123.39507282419717,
                48.458963424631285
              ],
              [
                -123.39509145509825,
                48.45894147221166
              ],
              [
                -123.39511241591059,
                48.45892867831487
              ],
              [
                -123.39511259096568,
                48.458923522724504
              ],
              [
                -123.39511067764133,
                48.458915409959914
              ],
              [
                -123.3947124349828,
                48.4589216831596
              ],
              [
                -123.39468129088617,
                48.4590012073919
              ],
              [
                -123.39463728834983,
                48.45911948996086
              ],
              [
                -123.39459904993525,
                48.459239759711735
              ],
              [
                -123.39456666489183,
                48.4593617359319
              ],
              [
                -123.39454020880706,
                48.459485133925824
              ],
              [
                -123.39451974343012,
                48.45960966567949
              ],
              [
                -123.39450531652773,
                48.45973504053268
              ],
              [
                -123.39449696177259,
                48.45986096585734
              ],
              [
                -123.39449469866496,
                48.45998714774062
              ],
              [
                -123.39449853248696,
                48.460113291670844
              ],
              [
                -123.39450845429036,
                48.46023910322493
              ],
              [
                -123.39452444091742,
                48.460364288755564
              ],
              [
                -123.39455159084893,
                48.460503200836825
              ],
              [
                -123.39458516754797,
                48.46064070098368
              ],
              [
                -123.39462509844839,
                48.46077649203012
              ],
              [
                -123.39467129725134,
                48.46091028050387
              ],
              [
                -123.39472366411174,
                48.46104177726061
              ],
              [
                -123.39478208585408,
                48.46117069810891
              ],
              [
                -123.39484643621697,
                48.46129676442438
              ],
              [
                -123.39491657612612,
                48.461419703751886
              ],
              [
                -123.3949923539948,
                48.46153925039434
              ],
              [
                -123.39507360605148,
                48.46165514598694
              ],
              [
                -123.39516015669386,
                48.461767140055564
              ],
              [
                -123.39525181886823,
                48.46187499055807
              ],
              [
                -123.39666622781517,
                48.46348886922296
              ],
              [
                -123.39677610351325,
                48.46360667857453
              ],
              [
                -123.39689097892114,
                48.46371961817346
              ],
              [
                -123.39701063841672,
                48.463827476031135
              ],
              [
                -123.39713485739807,
                48.46393004969743
              ],
              [
                -123.39726340270508,
                48.46402714664068
              ],
              [
                -123.3973960330571,
                48.46411858460909
              ],
              [
                -123.39753249950583,
                48.46420419197278
              ]
            ]
          ],
          [
            [
              [
                -123.39912472156608,
                48.464735650818355
              ],
              [
                -123.39897903133739,
                48.46488332222077
              ],
              [
                -123.39920625732941,
                48.464982585970354
              ],
              [
                -123.39939172023415,
                48.46506376103374
              ],
              [
                -123.39988748768037,
                48.46528075033
              ],
              [
                -123.40011500106411,
                48.46538032705916
              ],
              [
                -123.40041555264824,
                48.46507551109596
              ],
              [
                -123.4001886297469,
                48.46497574937484
              ],
              [
                -123.40015768510702,
                48.464962145430256
              ],
              [
                -123.39973506488457,
                48.46477634686315
              ],
              [
                -123.40001044171403,
                48.4644982039662
              ],
              [
                -123.40003224685364,
                48.46447618035861
              ],
              [
                -123.40018183974095,
                48.46432508347281
              ],
              [
                -123.40047950900065,
                48.46402441928495
              ],
              [
                -123.39999232871646,
                48.46424208756006
              ],
              [
                -123.39984284681174,
                48.46439323239693
              ],
              [
                -123.39954597534457,
                48.46469339913761
              ],
              [
                -123.39950849670274,
                48.464676799381
              ],
              [
                -123.39947009429886,
                48.4647157246111
              ],
              [
                -123.39921550849674,
                48.46467567577004
              ],
              [
                -123.39912472156608,
                48.464735650818355
              ]
            ]
          ],
          [
            [
              [
                -123.39898451459412,
                48.465535939487914
              ],
              [
                -123.39921170218244,
                48.46563527982091
              ],
              [
                -123.39943872232885,
                48.46573454561466
              ],
              [
                -123.39966574335914,
                48.46583381095652
              ],
              [
                -123.39962058772424,
                48.46587953942725
              ],
              [
                -123.39984776816046,
                48.465979337346084
              ],
              [
                -123.40005066414885,
                48.46611976636612
              ],
              [
                -123.40005495150774,
                48.46612240506254
              ],
              [
                -123.40005876273607,
                48.46612569424234
              ],
              [
                -123.40006200011322,
                48.46612954957037
              ],
              [
                -123.4000645806323,
                48.466133872195314
              ],
              [
                -123.40006643812832,
                48.46613855128429
              ],
              [
                -123.40006752497473,
                48.466143466864615
              ],
              [
                -123.40006781330463,
                48.46614849289993
              ],
              [
                -123.40006729572515,
                48.46615350052178
              ],
              [
                -123.40006598550714,
                48.46615836133384
              ],
              [
                -123.40006391624483,
                48.46616295070401
              ],
              [
                -123.40006114099447,
                48.46616715096002
              ],
              [
                -123.40005773091399,
                48.46617085440654
              ],
              [
                -123.3998739998482,
                48.46635761838344
              ],
              [
                -123.40085343874375,
                48.46678658031094
              ],
              [
                -123.40118301770771,
                48.46693064863204
              ],
              [
                -123.40133398098592,
                48.46677907412357
              ],
              [
                -123.40107658573463,
                48.46645231059203
              ],
              [
                -123.40101014229741,
                48.46636795990831
              ],
              [
                -123.4009145512962,
                48.46625810008339
              ],
              [
                -123.40081419047083,
                48.46615257982289
              ],
              [
                -123.40070925661215,
                48.46605160603448
              ],
              [
                -123.40059995547796,
                48.46595537671094
              ],
              [
                -123.4004865013896,
                48.46586408054192
              ],
              [
                -123.4003691168116,
                48.46577789654402
              ],
              [
                -123.4002480319156,
                48.46569699370968
              ],
              [
                -123.40012348412888,
                48.46562153067589
              ],
              [
                -123.39999571766892,
                48.465551655413094
              ],
              [
                -123.39986498306443,
                48.46548750493503
              ],
              [
                -123.39973153666422,
                48.46542920503009
              ],
              [
                -123.39951107429857,
                48.46533218955712
              ],
              [
                -123.39928392081269,
                48.4652329594492
              ],
              [
                -123.39898451459412,
                48.465535939487914
              ]
            ]
          ],
          [
            [
              [
                -123.40073448750302,
                48.46738340802432
              ],
              [
                -123.40103333462496,
                48.46708170387846
              ],
              [
                -123.4008062186577,
                48.466982425386654
              ],
              [
                -123.4006093348544,
                48.4668963614064
              ],
              [
                -123.40057910493469,
                48.46688314733743
              ],
              [
                -123.40035200838605,
                48.46678387597644
              ],
              [
                -123.40012491272165,
                48.466684604163184
              ],
              [
                -123.39967083771376,
                48.46648606328351
              ],
              [
                -123.39937122970171,
                48.46678724116517
              ],
              [
                -123.39959814706208,
                48.46688633155395
              ],
              [
                -123.39982516188006,
                48.466986005027216
              ],
              [
                -123.39993797957483,
                48.46703531140068
              ],
              [
                -123.4000527264729,
                48.467085460225164
              ],
              [
                -123.40016445453485,
                48.467134288851916
              ],
              [
                -123.40009705423203,
                48.467203321947544
              ],
              [
                -123.40043936480907,
                48.46735283688039
              ],
              [
                -123.40050738995198,
                48.467284160371
              ],
              [
                -123.40073448750302,
                48.46738340802432
              ]
            ]
          ],
          [
            [
              [
                -123.4024909208257,
                48.46923447763077
              ],
              [
                -123.40219232381415,
                48.46953682781957
              ],
              [
                -123.40242106274096,
                48.469636991217925
              ],
              [
                -123.40264979984656,
                48.46973715236768
              ],
              [
                -123.40265273905244,
                48.469738440276394
              ],
              [
                -123.40284365426334,
                48.46982203949274
              ],
              [
                -123.40299811022683,
                48.469889673163465
              ],
              [
                -123.40302502205672,
                48.46990145787526
              ],
              [
                -123.40321019874895,
                48.4699424431816
              ],
              [
                -123.40340430431813,
                48.469985404907874
              ],
              [
                -123.40396391247498,
                48.470109263228046
              ],
              [
                -123.40358311196107,
                48.46962748213893
              ],
              [
                -123.40345107810873,
                48.46946043246963
              ],
              [
                -123.40331636935709,
                48.46928999764781
              ],
              [
                -123.4032151134051,
                48.469161821573515
              ],
              [
                -123.403162491767,
                48.46909520797762
              ],
              [
                -123.40301765587388,
                48.469031880734356
              ],
              [
                -123.40278951565581,
                48.46893212755602
              ],
              [
                -123.4024909208257,
                48.46923447763077
              ]
            ]
          ],
          [
            [
              [
                -123.40197332304803,
                48.470090554037625
              ],
              [
                -123.40220164531783,
                48.470190461120325
              ],
              [
                -123.40242996848959,
                48.4702903686455
              ],
              [
                -123.40242994567572,
                48.47029039211612
              ],
              [
                -123.40213296143564,
                48.47059323665542
              ],
              [
                -123.40253208586302,
                48.47076774860116
              ],
              [
                -123.40255815074859,
                48.47077914413643
              ],
              [
                -123.40296036238166,
                48.470868684699575
              ],
              [
                -123.40321721763043,
                48.470925865466256
              ],
              [
                -123.40347407480608,
                48.47098304565282
              ],
              [
                -123.40373093119572,
                48.471040224369105
              ],
              [
                -123.40398778951939,
                48.47109740340488
              ],
              [
                -123.4042446484099,
                48.47115458096563
              ],
              [
                -123.40450150788872,
                48.47121175975021
              ],
              [
                -123.4049066484318,
                48.471301944457124
              ],
              [
                -123.40463108140533,
                48.470953325020396
              ],
              [
                -123.40445638574178,
                48.47073231452234
              ],
              [
                -123.40428169295272,
                48.47051130374164
              ],
              [
                -123.40414669436696,
                48.47034051107774
              ],
              [
                -123.4038310684585,
                48.47027060617188
              ],
              [
                -123.40357420730724,
                48.470213715578126
              ],
              [
                -123.40331734943996,
                48.47015682529912
              ],
              [
                -123.40290481918355,
                48.47006545263106
              ],
              [
                -123.40272688476225,
                48.469987586534394
              ],
              [
                -123.40249886095616,
                48.4698877990994
              ],
              [
                -123.40227083397696,
                48.46978801032304
              ],
              [
                -123.40197332304803,
                48.470090554037625
              ]
            ]
          ],
          [
            [
              [
                -123.40442466388372,
                48.47166733768008
              ],
              [
                -123.40442070526406,
                48.47175451841028
              ],
              [
                -123.40443469331328,
                48.47180302771718
              ],
              [
                -123.40442565145597,
                48.47183638422127
              ],
              [
                -123.40443389752039,
                48.47188301005033
              ],
              [
                -123.40444502527917,
                48.471932005319054
              ],
              [
                -123.40445976904086,
                48.47202230867458
              ],
              [
                -123.40447142213065,
                48.472025043135154
              ],
              [
                -123.40464046864513,
                48.47206470905448
              ],
              [
                -123.40483433033258,
                48.472110197226094
              ],
              [
                -123.4050281910119,
                48.47215568507461
              ],
              [
                -123.40522205338888,
                48.47220117259049
              ],
              [
                -123.40541591878069,
                48.472246655270894
              ],
              [
                -123.40550638524122,
                48.47206065029584
              ],
              [
                -123.40537840475787,
                48.47189874989385
              ],
              [
                -123.40537191008411,
                48.47189053379939
              ],
              [
                -123.4050895236407,
                48.47153329659804
              ],
              [
                -123.40492910810242,
                48.47149760440078
              ],
              [
                -123.40467213306064,
                48.47144042697822
              ],
              [
                -123.40441515859312,
                48.47138324897972
              ],
              [
                -123.40415818469273,
                48.4713260695057
              ],
              [
                -123.40390121137372,
                48.47126889035537
              ],
              [
                -123.40364423998902,
                48.47121171152402
              ],
              [
                -123.40338726917145,
                48.471154531217145
              ],
              [
                -123.40313029757526,
                48.47109735033913
              ],
              [
                -123.40287332791337,
                48.47104016978007
              ],
              [
                -123.402438815592,
                48.47094347990784
              ],
              [
                -123.4022108949947,
                48.47084369965208
              ],
              [
                -123.40198297529665,
                48.4707439198404
              ],
              [
                -123.40168458951108,
                48.47104161760914
              ],
              [
                -123.401456511577,
                48.47094234111318
              ],
              [
                -123.40145648876239,
                48.47094236458356
              ],
              [
                -123.40115498717736,
                48.47124351838252
              ],
              [
                -123.40121878837995,
                48.47127125792723
              ],
              [
                -123.40147975278356,
                48.471384717372146
              ],
              [
                -123.40174858428881,
                48.47150159621171
              ],
              [
                -123.40186835099244,
                48.47148843819017
              ],
              [
                -123.40207169741849,
                48.47146609868389
              ],
              [
                -123.40208381195075,
                48.47146476716805
              ],
              [
                -123.40215094487398,
                48.471480521151086
              ],
              [
                -123.40234480078071,
                48.47152601353754
              ],
              [
                -123.40253865567932,
                48.471571505600906
              ],
              [
                -123.40273251227565,
                48.47161699733173
              ],
              [
                -123.40292636921677,
                48.471662488734694
              ],
              [
                -123.40312022650272,
                48.47170797980984
              ],
              [
                -123.40331408413344,
                48.47175347055713
              ],
              [
                -123.40350794210896,
                48.47179896097659
              ],
              [
                -123.40370180042211,
                48.47184445016863
              ],
              [
                -123.4038956590872,
                48.47188993993239
              ],
              [
                -123.40408951809708,
                48.47193542936835
              ],
              [
                -123.40440744875757,
                48.47201003150951
              ],
              [
                -123.40441910997357,
                48.47201276774613
              ],
              [
                -123.40442009277731,
                48.471947802568444
              ],
              [
                -123.40441042290212,
                48.47190213446815
              ],
              [
                -123.40439942380432,
                48.471869325196394
              ],
              [
                -123.40439767330675,
                48.471829342028435
              ],
              [
                -123.40440030287748,
                48.47179981626366
              ],
              [
                -123.40439201903435,
                48.471748430530795
              ],
              [
                -123.40438529201523,
                48.47171265450407
              ],
              [
                -123.40438213015385,
                48.471657314816966
              ],
              [
                -123.40442466388372,
                48.47166733768008
              ]
            ]
          ],
          [
            [
              [
                -123.4052625820082,
                48.472561607566064
              ],
              [
                -123.40533216482028,
                48.47241886832944
              ],
              [
                -123.405106916353,
                48.47236601720682
              ],
              [
                -123.4052625820082,
                48.472561607566064
              ]
            ]
          ],
          [
            [
              [
                -123.4046429073138,
                48.47476833934399
              ],
              [
                -123.40483145993554,
                48.47505320618174
              ],
              [
                -123.40487127126252,
                48.47511335417124
              ],
              [
                -123.40495403036387,
                48.47523838740736
              ],
              [
                -123.40503678986627,
                48.47536341968048
              ],
              [
                -123.40511954977698,
                48.47548845189026
              ],
              [
                -123.40520231009596,
                48.47561348403668
              ],
              [
                -123.40528507083036,
                48.47573851701936
              ],
              [
                -123.40536783196586,
                48.47586354903907
              ],
              [
                -123.40552590646536,
                48.476102360264925
              ],
              [
                -123.40578930720756,
                48.47561421030655
              ],
              [
                -123.40579831928532,
                48.47559750898041
              ],
              [
                -123.40581396472803,
                48.475568513085264
              ],
              [
                -123.4059821525366,
                48.47525626615793
              ],
              [
                -123.40605336596067,
                48.47512403137434
              ],
              [
                -123.40605339279811,
                48.47512400339062
              ],
              [
                -123.40598869862218,
                48.47510348035724
              ],
              [
                -123.40573847824733,
                48.47500007835322
              ],
              [
                -123.4056598343833,
                48.47489551882623
              ],
              [
                -123.40556001753211,
                48.47476280833411
              ],
              [
                -123.4054679427178,
                48.4746403939259
              ],
              [
                -123.40522865104862,
                48.47442615697884
              ],
              [
                -123.4052006470104,
                48.47444249976278
              ],
              [
                -123.4050761790778,
                48.47451513724323
              ],
              [
                -123.40506230880376,
                48.47449101890212
              ],
              [
                -123.40503283048842,
                48.474465175028804
              ],
              [
                -123.40501899017102,
                48.47443471221133
              ],
              [
                -123.40498532440472,
                48.474385588505825
              ],
              [
                -123.40495685529271,
                48.4743726347999
              ],
              [
                -123.40492360873041,
                48.47434642360571
              ],
              [
                -123.40489848426503,
                48.47432398393759
              ],
              [
                -123.40485725513112,
                48.47428142453434
              ],
              [
                -123.40476873509814,
                48.47418527483922
              ],
              [
                -123.40472984070419,
                48.47416460458313
              ],
              [
                -123.40467695846658,
                48.474142688004186
              ],
              [
                -123.40462991468418,
                48.47406072733648
              ],
              [
                -123.40457695777303,
                48.47402871873519
              ],
              [
                -123.4045442395296,
                48.4740107049547
              ],
              [
                -123.40453562190856,
                48.47397611593235
              ],
              [
                -123.40454731050338,
                48.47393747819865
              ],
              [
                -123.40456232997113,
                48.473863585988084
              ],
              [
                -123.40455928036995,
                48.4738506606846
              ],
              [
                -123.40454936387971,
                48.47381862402782
              ],
              [
                -123.4045409337764,
                48.47378328134119
              ],
              [
                -123.40454757154079,
                48.47374940519687
              ],
              [
                -123.40454048308887,
                48.473722504578966
              ],
              [
                -123.40453564353137,
                48.47370413910342
              ],
              [
                -123.40452222461049,
                48.47367590226723
              ],
              [
                -123.40450105047661,
                48.473631345200566
              ],
              [
                -123.40451104363875,
                48.47358061317537
              ],
              [
                -123.40450766090234,
                48.4735591360972
              ],
              [
                -123.40450427470878,
                48.47352411754516
              ],
              [
                -123.40449314447714,
                48.47349239552569
              ],
              [
                -123.40449639704161,
                48.47345171015621
              ],
              [
                -123.40450552453589,
                48.473405097956714
              ],
              [
                -123.40449810356357,
                48.473334993856916
              ],
              [
                -123.40449848863463,
                48.47329220349379
              ],
              [
                -123.40449173884902,
                48.47325513117138
              ],
              [
                -123.40448178609057,
                48.47318463742274
              ],
              [
                -123.4044767066981,
                48.473145280422614
              ],
              [
                -123.4044839600503,
                48.47311395981131
              ],
              [
                -123.40448926658812,
                48.47310121025741
              ],
              [
                -123.40447802891954,
                48.473085576999445
              ],
              [
                -123.40447245696258,
                48.473072423049345
              ],
              [
                -123.40447899547382,
                48.47304019360761
              ],
              [
                -123.40448176318696,
                48.47300796032385
              ],
              [
                -123.40449476963224,
                48.47297394664149
              ],
              [
                -123.40448434143934,
                48.472948146326715
              ],
              [
                -123.40451509224975,
                48.47293742697369
              ],
              [
                -123.40459416287572,
                48.47290984312716
              ],
              [
                -123.40456359970428,
                48.47275932692745
              ],
              [
                -123.40498280400706,
                48.47261276656858
              ],
              [
                -123.40489084396167,
                48.4724964571581
              ],
              [
                -123.40479496461406,
                48.47237519180572
              ],
              [
                -123.4047150037723,
                48.47227405847953
              ],
              [
                -123.40448177274928,
                48.4722193323481
              ],
              [
                -123.40447517829591,
                48.47221778473895
              ],
              [
                -123.40445787548393,
                48.47221372426055
              ],
              [
                -123.40444057268185,
                48.47220966467914
              ],
              [
                -123.4044313526513,
                48.472207501038824
              ],
              [
                -123.40393767830273,
                48.47209166070252
              ],
              [
                -123.4039538546914,
                48.47231039721612
              ],
              [
                -123.40396396416676,
                48.472447108096766
              ],
              [
                -123.40397407504452,
                48.472583818068756
              ],
              [
                -123.403984184626,
                48.472720528041194
              ],
              [
                -123.40399429561698,
                48.47285723800458
              ],
              [
                -123.4040044066789,
                48.47299394976293
              ],
              [
                -123.40406507009453,
                48.4738142094416
              ],
              [
                -123.40407182558207,
                48.47390553227198
              ],
              [
                -123.40412644420636,
                48.4739880540421
              ],
              [
                -123.4046429073138,
                48.47476833934399
              ]
            ]
          ],
          [
            [
              [
                -123.40695290342505,
                48.47931470542039
              ],
              [
                -123.40699053897225,
                48.47927652721409
              ],
              [
                -123.4070359648528,
                48.47922638044314
              ],
              [
                -123.4070600281292,
                48.47919106610187
              ],
              [
                -123.4071062725032,
                48.47915376965155
              ],
              [
                -123.40720732143096,
                48.47907533820767
              ],
              [
                -123.40728271674229,
                48.47901223116101
              ],
              [
                -123.40733427711359,
                48.47896477319612
              ],
              [
                -123.40754240058601,
                48.47901575441786
              ],
              [
                -123.40772497433971,
                48.47906047607059
              ],
              [
                -123.4077358167059,
                48.479063132102404
              ],
              [
                -123.40773647180848,
                48.47906197283677
              ],
              [
                -123.4077429761568,
                48.47905029667873
              ],
              [
                -123.40795316838597,
                48.47867302116442
              ],
              [
                -123.40795311144784,
                48.47867300787155
              ],
              [
                -123.4076727062802,
                48.47860432109422
              ],
              [
                -123.4076677088655,
                48.47850633493557
              ],
              [
                -123.40770578349752,
                48.478515662551715
              ],
              [
                -123.40789543446408,
                48.4785621527619
              ],
              [
                -123.40789689464223,
                48.47856250924498
              ],
              [
                -123.40833197986393,
                48.47771966950823
              ],
              [
                -123.4083384765992,
                48.477707082898476
              ],
              [
                -123.40833866580357,
                48.47770671697082
              ],
              [
                -123.40819285116766,
                48.47767115207464
              ],
              [
                -123.4081057337074,
                48.47754693285191
              ],
              [
                -123.4076052334749,
                48.47739239913613
              ],
              [
                -123.4072541207861,
                48.47729334044503
              ],
              [
                -123.40707712751791,
                48.47712215389636
              ],
              [
                -123.40683939086783,
                48.47701081396313
              ],
              [
                -123.40685146754619,
                48.47684824024765
              ],
              [
                -123.40683555249099,
                48.47683570685096
              ],
              [
                -123.40663317673602,
                48.4766763236217
              ],
              [
                -123.40658535429752,
                48.476638661530956
              ],
              [
                -123.40634557755378,
                48.47651999925712
              ],
              [
                -123.40610830515546,
                48.47626758259383
              ],
              [
                -123.40637012128097,
                48.47603871056034
              ],
              [
                -123.4063701535452,
                48.476038684356666
              ],
              [
                -123.40655514991906,
                48.475937115890865
              ],
              [
                -123.40655519307919,
                48.47593709864513
              ],
              [
                -123.4074604436907,
                48.475692566386236
              ],
              [
                -123.40754839634404,
                48.47553192985551
              ],
              [
                -123.40783527804882,
                48.47500693963362
              ],
              [
                -123.40765783559854,
                48.47478247662387
              ],
              [
                -123.40765779243256,
                48.474782492970384
              ],
              [
                -123.40729041288544,
                48.474909134182894
              ],
              [
                -123.40729036970485,
                48.47490914873005
              ],
              [
                -123.40706227402237,
                48.47498777510521
              ],
              [
                -123.40706223084885,
                48.474987790551914
              ],
              [
                -123.40703826029018,
                48.47499605311486
              ],
              [
                -123.40703821576363,
                48.47499606856633
              ],
              [
                -123.40681012200561,
                48.47507469443318
              ],
              [
                -123.40681007747173,
                48.47507470898493
              ],
              [
                -123.40659398926802,
                48.47514919499646
              ],
              [
                -123.40650482677992,
                48.47512802907427
              ],
              [
                -123.40632616136206,
                48.475154867562885
              ],
              [
                -123.40625653590983,
                48.47528390586321
              ],
              [
                -123.40625490526881,
                48.47528692813424
              ],
              [
                -123.40607053079128,
                48.47562863302074
              ],
              [
                -123.40603381481273,
                48.47569668047438
              ],
              [
                -123.40602302411696,
                48.47571667720115
              ],
              [
                -123.40599696670435,
                48.47576496858714
              ],
              [
                -123.40585781214631,
                48.476022861746344
              ],
              [
                -123.40568512466896,
                48.47634289635432
              ],
              [
                -123.40607121401798,
                48.476926162027205
              ],
              [
                -123.4063792115054,
                48.477141658564136
              ],
              [
                -123.40656085930897,
                48.476809330026
              ],
              [
                -123.40657212278721,
                48.476788723421556
              ],
              [
                -123.40658633481807,
                48.47676272291562
              ],
              [
                -123.40659094368439,
                48.47675429044181
              ],
              [
                -123.40660016731226,
                48.47676237716775
              ],
              [
                -123.40663020901601,
                48.47678107544759
              ],
              [
                -123.40667740744557,
                48.47681851751104
              ],
              [
                -123.40669125709923,
                48.4768269189542
              ],
              [
                -123.40669721776156,
                48.476833562473416
              ],
              [
                -123.40672846039071,
                48.47686808576338
              ],
              [
                -123.40673858404753,
                48.476880427324296
              ],
              [
                -123.4067453204253,
                48.47689456665289
              ],
              [
                -123.40674666278063,
                48.47690574991239
              ],
              [
                -123.40673612328096,
                48.47695327409573
              ],
              [
                -123.4067295106726,
                48.476999475415504
              ],
              [
                -123.4067304743288,
                48.47701897364592
              ],
              [
                -123.40673309375916,
                48.4770238638639
              ],
              [
                -123.40672256111641,
                48.47704313552437
              ],
              [
                -123.40669423440265,
                48.477094961690064
              ],
              [
                -123.40668860265231,
                48.47710526454808
              ],
              [
                -123.40658862310652,
                48.47728817762042
              ],
              [
                -123.40747857867122,
                48.47791083337542
              ],
              [
                -123.40738539186985,
                48.478012313175356
              ],
              [
                -123.40738536231828,
                48.47801234026935
              ],
              [
                -123.40718952246438,
                48.47822560528712
              ],
              [
                -123.40718949964918,
                48.47822562875864
              ],
              [
                -123.40670082366147,
                48.478757756446534
              ],
              [
                -123.40670080494823,
                48.47875778530132
              ],
              [
                -123.40652835325363,
                48.4789455776046
              ],
              [
                -123.40652832909188,
                48.47894560198038
              ],
              [
                -123.40632918337396,
                48.479162457761916
              ],
              [
                -123.4063192389847,
                48.479173285921895
              ],
              [
                -123.40631825433196,
                48.47917435727782
              ],
              [
                -123.40679823923526,
                48.479288908722175
              ],
              [
                -123.4068181743821,
                48.47928170227035
              ],
              [
                -123.40695290342505,
                48.47931470542039
              ]
            ]
          ],
          [
            [
              [
                -123.40423774472794,
                48.4794686853903
              ],
              [
                -123.40405978040538,
                48.47979424531601
              ],
              [
                -123.40408355543555,
                48.479800034739455
              ],
              [
                -123.40438750235164,
                48.479874045415094
              ],
              [
                -123.40438748363667,
                48.47987407426951
              ],
              [
                -123.40322908023101,
                48.48183862305436
              ],
              [
                -123.40366680385324,
                48.481950509776745
              ],
              [
                -123.40369958804212,
                48.481894885760404
              ],
              [
                -123.40390883127546,
                48.481539762358516
              ],
              [
                -123.40482717450885,
                48.47998110330193
              ],
              [
                -123.40513696270148,
                48.47941467845626
              ],
              [
                -123.40493373697255,
                48.47936521585218
              ],
              [
                -123.40474410328034,
                48.47931906167319
              ],
              [
                -123.40466968388363,
                48.479455131210294
              ],
              [
                -123.40435726982537,
                48.479379094431586
              ],
              [
                -123.40422741661234,
                48.47934748716374
              ],
              [
                -123.40416492613365,
                48.47936733419045
              ],
              [
                -123.4042281927285,
                48.47945538978192
              ],
              [
                -123.40423774472794,
                48.4794686853903
              ]
            ]
          ],
          [
            [
              [
                -123.40403603676658,
                48.481572116081935
              ],
              [
                -123.40403601398414,
                48.48157214405094
              ],
              [
                -123.40379384529678,
                48.481982885033396
              ],
              [
                -123.40417875766514,
                48.48208095658166
              ],
              [
                -123.40437119812569,
                48.48212998698007
              ],
              [
                -123.40456365116995,
                48.4821790215106
              ],
              [
                -123.40475609915644,
                48.48222805393766
              ],
              [
                -123.40494854750501,
                48.482277085141895
              ],
              [
                -123.40514099487682,
                48.48232611692728
              ],
              [
                -123.40533344397106,
                48.482375148384705
              ],
              [
                -123.4055258934274,
                48.48242417861926
              ],
              [
                -123.40571834326016,
                48.482473209430225
              ],
              [
                -123.40591079210897,
                48.48252223992275
              ],
              [
                -123.40610323453949,
                48.482571267417015
              ],
              [
                -123.40634649863684,
                48.482159714354864
              ],
              [
                -123.40615395789365,
                48.48211074968727
              ],
              [
                -123.40596141751216,
                48.48206178379653
              ],
              [
                -123.40580224119141,
                48.482021303270145
              ],
              [
                -123.40582913641819,
                48.481842335497525
              ],
              [
                -123.40580376716538,
                48.481673986082015
              ],
              [
                -123.40596257598109,
                48.48142571401786
              ],
              [
                -123.40596263121074,
                48.48137175667022
              ],
              [
                -123.40586463593989,
                48.4811685151256
              ],
              [
                -123.40605629569079,
                48.481026036068705
              ],
              [
                -123.40605016715467,
                48.48078326127604
              ],
              [
                -123.40638838574446,
                48.4806926311162
              ],
              [
                -123.40655246510326,
                48.48046506562433
              ],
              [
                -123.40646994802451,
                48.48044488921594
              ],
              [
                -123.40652307314703,
                48.48040652961895
              ],
              [
                -123.40652310676707,
                48.48040650341048
              ],
              [
                -123.40617891309097,
                48.48031947949184
              ],
              [
                -123.40620875230385,
                48.48025850864294
              ],
              [
                -123.40622637023363,
                48.48022303909992
              ],
              [
                -123.40622851454596,
                48.480213320753734
              ],
              [
                -123.40636915979452,
                48.480247772824505
              ],
              [
                -123.4066047512359,
                48.48030548076735
              ],
              [
                -123.40718503583844,
                48.48044762012056
              ],
              [
                -123.40740190284517,
                48.48005723584845
              ],
              [
                -123.40759571638776,
                48.48010442163107
              ],
              [
                -123.40778934725458,
                48.48015156275213
              ],
              [
                -123.40798297848565,
                48.48019870444567
              ],
              [
                -123.40819770453861,
                48.47981289284378
              ],
              [
                -123.40742387255446,
                48.47962360607984
              ],
              [
                -123.40720846501891,
                48.48001062328387
              ],
              [
                -123.40701466013505,
                48.47996392262712
              ],
              [
                -123.40723041444069,
                48.47957628380096
              ],
              [
                -123.40703695803815,
                48.47952896119073
              ],
              [
                -123.40664405229653,
                48.479432848153
              ],
              [
                -123.40663858870319,
                48.47944272217857
              ],
              [
                -123.40660389670066,
                48.47947101355566
              ],
              [
                -123.40656937556363,
                48.47951933673695
              ],
              [
                -123.40654902818223,
                48.479584871352735
              ],
              [
                -123.40655189511148,
                48.479628001052546
              ],
              [
                -123.40655188842882,
                48.479683045917824
              ],
              [
                -123.4065881034211,
                48.479758105009694
              ],
              [
                -123.4065908404294,
                48.479797163368374
              ],
              [
                -123.40658834232539,
                48.47982067814355
              ],
              [
                -123.40659404814171,
                48.479862610279454
              ],
              [
                -123.40659882016426,
                48.47989978658622
              ],
              [
                -123.40659734354787,
                48.47992412902554
              ],
              [
                -123.40658572447823,
                48.47992132089137
              ],
              [
                -123.40596035615609,
                48.479770192628926
              ],
              [
                -123.40572305345124,
                48.4802042196848
              ],
              [
                -123.40546869241784,
                48.48013990608483
              ],
              [
                -123.40570460060457,
                48.47970843316251
              ],
              [
                -123.40594192383942,
                48.479274362850255
              ],
              [
                -123.40572600398106,
                48.47922218090179
              ],
              [
                -123.40555445850163,
                48.47918072342178
              ],
              [
                -123.40547345594264,
                48.4793288791337
              ],
              [
                -123.40547343583236,
                48.47932890259535
              ],
              [
                -123.40539272230819,
                48.47947653993162
              ],
              [
                -123.40508330198845,
                48.480042460365034
              ],
              [
                -123.40495424020585,
                48.48001144130159
              ],
              [
                -123.40403603676658,
                48.481572116081935
              ]
            ]
          ],
          [
            [
              [
                -123.40563668032385,
                48.483119546194466
              ],
              [
                -123.40587550345153,
                48.482707579791956
              ],
              [
                -123.40587552351987,
                48.482707550932545
              ],
              [
                -123.40568324073755,
                48.4826583866493
              ],
              [
                -123.40549095967839,
                48.48260922203857
              ],
              [
                -123.40529867763597,
                48.48256005710999
              ],
              [
                -123.4051063959635,
                48.48251089185873
              ],
              [
                -123.40491411601417,
                48.482461726280036
              ],
              [
                -123.4047218350816,
                48.48241256038345
              ],
              [
                -123.40452955587222,
                48.482363394159435
              ],
              [
                -123.40433726753895,
                48.482314224947174
              ],
              [
                -123.40414499720293,
                48.48226505984856
              ],
              [
                -123.40376043866746,
                48.48216672515142
              ],
              [
                -123.40376041859811,
                48.48216675401049
              ],
              [
                -123.40352511892647,
                48.48257727416262
              ],
              [
                -123.40352509884968,
                48.48257730212204
              ],
              [
                -123.40328980083193,
                48.48298782445412
              ],
              [
                -123.40367311112006,
                48.48308661491413
              ],
              [
                -123.40390904077462,
                48.482675872772425
              ],
              [
                -123.40410099954784,
                48.48272517160442
              ],
              [
                -123.40429296004461,
                48.48277447011009
              ],
              [
                -123.40448492091174,
                48.482823768294146
              ],
              [
                -123.40467688078887,
                48.48287306526172
              ],
              [
                -123.4048688423967,
                48.482922362802604
              ],
              [
                -123.40506080302166,
                48.48297166002663
              ],
              [
                -123.40525276536302,
                48.48302095602466
              ],
              [
                -123.40544472672866,
                48.48307025260548
              ],
              [
                -123.40563668032385,
                48.483119546194466
              ]
            ]
          ],
          [
            [
              [
                -123.40563668032385,
                48.483119546194466
              ],
              [
                -123.40563666974923,
                48.48311957771933
              ],
              [
                -123.40539807524931,
                48.4835311685361
              ],
              [
                -123.40624354530058,
                48.483749049644985
              ],
              [
                -123.40632329768668,
                48.483611346403414
              ],
              [
                -123.40640291618234,
                48.48347387658387
              ],
              [
                -123.4064823366331,
                48.483336740273884
              ],
              [
                -123.40648235670136,
                48.48333671141435
              ],
              [
                -123.40628518616091,
                48.48328608008634
              ],
              [
                -123.40604035279941,
                48.48322320775994
              ],
              [
                -123.40583847771498,
                48.48317136784493
              ],
              [
                -123.40563668032385,
                48.483119546194466
              ]
            ]
          ],
          [
            [
              [
                -123.4077905489129,
                48.48371376314077
              ],
              [
                -123.40759068707253,
                48.48406548838784
              ],
              [
                -123.41050030235536,
                48.48476002306527
              ],
              [
                -123.41145870434814,
                48.48498877697316
              ],
              [
                -123.41164165415799,
                48.484657309766845
              ],
              [
                -123.40779056898052,
                48.483713734281025
              ],
              [
                -123.4077905489129,
                48.48371376314077
              ]
            ]
          ],
          [
            [
              [
                -123.40369874289513,
                48.48527609607877
              ],
              [
                -123.40413926204289,
                48.48522004070171
              ],
              [
                -123.40420436345406,
                48.48516800423968
              ],
              [
                -123.4044329473525,
                48.484978374774585
              ],
              [
                -123.40471158918729,
                48.48481645874989
              ],
              [
                -123.40504504707013,
                48.484846256076025
              ],
              [
                -123.40507405011941,
                48.48483290043735
              ],
              [
                -123.4052531607867,
                48.48475041934031
              ],
              [
                -123.4053072932562,
                48.48468189258618
              ],
              [
                -123.40582291302127,
                48.48475117924258
              ],
              [
                -123.40601490409989,
                48.484577133332856
              ],
              [
                -123.40607230526709,
                48.484525095978974
              ],
              [
                -123.40622588908299,
                48.48438586652698
              ],
              [
                -123.40592115075337,
                48.484301532006405
              ],
              [
                -123.40572626886228,
                48.484247598954
              ],
              [
                -123.40580198677924,
                48.48412739131648
              ],
              [
                -123.40588164256083,
                48.4840009324993
              ],
              [
                -123.40596264358032,
                48.4838723295226
              ],
              [
                -123.40596266500947,
                48.48387230155801
              ],
              [
                -123.4056929759218,
                48.48380240716313
              ],
              [
                -123.40531076269076,
                48.48370371403477
              ],
              [
                -123.40518475134782,
                48.48367101475896
              ],
              [
                -123.4051847285651,
                48.48367104272817
              ],
              [
                -123.40517651675513,
                48.4836852896309
              ],
              [
                -123.4055304989777,
                48.484082566103496
              ],
              [
                -123.40553047759127,
                48.48408259946572
              ],
              [
                -123.4054715013185,
                48.484184232350295
              ],
              [
                -123.40547148125655,
                48.484184262109245
              ],
              [
                -123.40531302781255,
                48.484354181111655
              ],
              [
                -123.40494221451615,
                48.484519909941206
              ],
              [
                -123.40458558198766,
                48.48450877145305
              ],
              [
                -123.40433629381232,
                48.484612566850885
              ],
              [
                -123.4040290921203,
                48.48448758011146
              ],
              [
                -123.40400569971848,
                48.48450962525985
              ],
              [
                -123.4042942276051,
                48.48462697219316
              ],
              [
                -123.4039831656377,
                48.48489194110469
              ],
              [
                -123.40362911105342,
                48.484796842014035
              ],
              [
                -123.40335628150417,
                48.48465657302382
              ],
              [
                -123.40333364066778,
                48.48464493268489
              ],
              [
                -123.40330334550751,
                48.48452420749203
              ],
              [
                -123.40284661597954,
                48.4845771397693
              ],
              [
                -123.4026838348349,
                48.48495843291229
              ],
              [
                -123.40268586571028,
                48.48495872089088
              ],
              [
                -123.40267063794812,
                48.4850159472422
              ],
              [
                -123.40266169892546,
                48.48507448640773
              ],
              [
                -123.40265915384798,
                48.48513364942495
              ],
              [
                -123.40266303266934,
                48.4851927399891
              ],
              [
                -123.40293518030252,
                48.48517812290061
              ],
              [
                -123.40315166003947,
                48.48510550751718
              ],
              [
                -123.40319362088447,
                48.48502171873233
              ],
              [
                -123.40369874289513,
                48.48527609607877
              ]
            ]
          ],
          [
            [
              [
                -123.39624029192159,
                48.488557207991214
              ],
              [
                -123.39627250698226,
                48.488543840591724
              ],
              [
                -123.39630635153075,
                48.48853541182912
              ],
              [
                -123.39634107312975,
                48.48853210909298
              ],
              [
                -123.39637239580918,
                48.48853300906927
              ],
              [
                -123.39640337954413,
                48.488537691843426
              ],
              [
                -123.39660421286356,
                48.488127447646114
              ],
              [
                -123.3970786241099,
                48.488038722830694
              ],
              [
                -123.39706914948525,
                48.487946893705896
              ],
              [
                -123.3971665495131,
                48.487890228219285
              ],
              [
                -123.39751701644127,
                48.48788352966216
              ],
              [
                -123.39751758910873,
                48.48782690808317
              ],
              [
                -123.3975240719399,
                48.48777065593605
              ],
              [
                -123.39753639403432,
                48.48771538843073
              ],
              [
                -123.39757350914131,
                48.48758071388336
              ],
              [
                -123.39757320676239,
                48.48756758751774
              ],
              [
                -123.39757070936254,
                48.48755469737028
              ],
              [
                -123.39756608754858,
                48.48754240787299
              ],
              [
                -123.3975594719891,
                48.487531066476244
              ],
              [
                -123.3975510497201,
                48.48752099382555
              ],
              [
                -123.39754105885707,
                48.48751247469626
              ],
              [
                -123.39752978186311,
                48.48750574994237
              ],
              [
                -123.39751753756293,
                48.487501009687044
              ],
              [
                -123.39750467212906,
                48.48749838794743
              ],
              [
                -123.39749154929478,
                48.487497958845715
              ],
              [
                -123.39645434588166,
                48.48734073170641
              ],
              [
                -123.39631893493697,
                48.48732020391929
              ],
              [
                -123.39634617510976,
                48.48724131654268
              ],
              [
                -123.39637428471505,
                48.48715990895858
              ],
              [
                -123.39630909990913,
                48.487151181948505
              ],
              [
                -123.39622487397135,
                48.48684857772563
              ],
              [
                -123.39620171424245,
                48.486765373732766
              ],
              [
                -123.39622489203886,
                48.48668133549972
              ],
              [
                -123.39627322560303,
                48.48650608743482
              ],
              [
                -123.39632155883773,
                48.48633083934515
              ],
              [
                -123.39636617362954,
                48.48616907171813
              ],
              [
                -123.39622828428983,
                48.48615225079712
              ],
              [
                -123.39597684021331,
                48.48612157724111
              ],
              [
                -123.39574618970866,
                48.48601950510052
              ],
              [
                -123.3956776214574,
                48.48598916100251
              ],
              [
                -123.39562729151973,
                48.486147706589826
              ],
              [
                -123.39525931116724,
                48.48588765906211
              ],
              [
                -123.39525084346499,
                48.48576383582486
              ],
              [
                -123.39550953808745,
                48.4856920344897
              ],
              [
                -123.39542878043031,
                48.48540570216889
              ],
              [
                -123.3955764073503,
                48.48531655648694
              ],
              [
                -123.3956294707641,
                48.48522035949722
              ],
              [
                -123.39547775021772,
                48.48514742127786
              ],
              [
                -123.39538473377384,
                48.48510270370488
              ],
              [
                -123.39568008691448,
                48.48492318389547
              ],
              [
                -123.39544001398758,
                48.48457112314965
              ],
              [
                -123.39577926772826,
                48.48452369916873
              ],
              [
                -123.39555222253682,
                48.484398386282116
              ],
              [
                -123.39557850463258,
                48.48422383767238
              ],
              [
                -123.39555221872975,
                48.484231172850556
              ],
              [
                -123.39550427289913,
                48.48426731441838
              ],
              [
                -123.39546090963943,
                48.48429480722662
              ],
              [
                -123.39538050670888,
                48.48437832580853
              ],
              [
                -123.395347467602,
                48.48441802098161
              ],
              [
                -123.39526283837816,
                48.48448487187614
              ],
              [
                -123.39524603485685,
                48.48449692004876
              ],
              [
                -123.39519573220518,
                48.48452065807516
              ],
              [
                -123.39513030651452,
                48.4845327238209
              ],
              [
                -123.39498598376386,
                48.484801115485325
              ],
              [
                -123.39485615604154,
                48.48504370129377
              ],
              [
                -123.39474136754177,
                48.48525818353854
              ],
              [
                -123.394646222312,
                48.485439465287726
              ],
              [
                -123.39455107776075,
                48.48562074694974
              ],
              [
                -123.39445593118852,
                48.485802029433465
              ],
              [
                -123.39444672656232,
                48.4858195671674
              ],
              [
                -123.39485675150092,
                48.485914687814834
              ],
              [
                -123.39472070819741,
                48.48617344516751
              ],
              [
                -123.39474149218249,
                48.486178266159925
              ],
              [
                -123.39482052373026,
                48.48619977371256
              ],
              [
                -123.3948976127042,
                48.4862274477159
              ],
              [
                -123.39503970725075,
                48.48595718002309
              ],
              [
                -123.39504972038579,
                48.48596204332367
              ],
              [
                -123.39538906496068,
                48.4861268482254
              ],
              [
                -123.39557861282749,
                48.486306314848655
              ],
              [
                -123.39564712265401,
                48.48643557965157
              ],
              [
                -123.39567025262154,
                48.48651387629991
              ],
              [
                -123.3957234889491,
                48.48669408646046
              ],
              [
                -123.39577513691765,
                48.48686891677906
              ],
              [
                -123.39583075913892,
                48.48705719478632
              ],
              [
                -123.39585949962384,
                48.48715448158697
              ],
              [
                -123.39588638042973,
                48.48724547366368
              ],
              [
                -123.39589432694439,
                48.48727237089839
              ],
              [
                -123.39590717458569,
                48.487315862314155
              ],
              [
                -123.3959499487105,
                48.487460649736704
              ],
              [
                -123.3960015982444,
                48.48763547902651
              ],
              [
                -123.39604927683062,
                48.487796860569176
              ],
              [
                -123.39600524617624,
                48.48788673271822
              ],
              [
                -123.39590947887713,
                48.488082205863115
              ],
              [
                -123.39582009350806,
                48.4882646472155
              ],
              [
                -123.39573070885471,
                48.48844708848977
              ],
              [
                -123.39624029192159,
                48.488557207991214
              ]
            ]
          ],
          [
            [
              [
                -123.39199768762123,
                48.489723581829665
              ],
              [
                -123.39183159891114,
                48.49000777187712
              ],
              [
                -123.39222662442376,
                48.49010906328826
              ],
              [
                -123.39257422922383,
                48.49019819175902
              ],
              [
                -123.39266628227062,
                48.490221892869556
              ],
              [
                -123.39276589043254,
                48.49024753834753
              ],
              [
                -123.39350321511917,
                48.49043773552971
              ],
              [
                -123.394241298743,
                48.49062804773866
              ],
              [
                -123.39437533829532,
                48.49039739301695
              ],
              [
                -123.39468844603864,
                48.48985859076355
              ],
              [
                -123.39492654683345,
                48.489449703521096
              ],
              [
                -123.39507883211064,
                48.48918818240145
              ],
              [
                -123.39544094504454,
                48.48856425363613
              ],
              [
                -123.39537647357041,
                48.488550352491636
              ],
              [
                -123.39519839227987,
                48.48885721922088
              ],
              [
                -123.39516565062006,
                48.48891363947647
              ],
              [
                -123.39501105358367,
                48.48918003483429
              ],
              [
                -123.39485941583801,
                48.489441326033074
              ],
              [
                -123.39458942583755,
                48.489511721538314
              ],
              [
                -123.39438625242813,
                48.48956469438981
              ],
              [
                -123.39417389657001,
                48.48962005989373
              ],
              [
                -123.39389243897585,
                48.489623417351694
              ],
              [
                -123.39376316651598,
                48.489624959920135
              ],
              [
                -123.3936401503044,
                48.489593897631124
              ],
              [
                -123.39342559541514,
                48.48953972048797
              ],
              [
                -123.3932086136247,
                48.48948493048074
              ],
              [
                -123.39299172045021,
                48.48943016315246
              ],
              [
                -123.39278187111076,
                48.489377172467066
              ],
              [
                -123.3925813301925,
                48.48932653190962
              ],
              [
                -123.39238558333143,
                48.48927710177486
              ],
              [
                -123.39227494821723,
                48.48924916436613
              ],
              [
                -123.39199768762123,
                48.489723581829665
              ]
            ]
          ],
          [
            [
              [
                -123.40002720293825,
                48.49186297184255
              ],
              [
                -123.40004460040947,
                48.491866484241825
              ],
              [
                -123.40006233911195,
                48.491867073638254
              ],
              [
                -123.40007993136436,
                48.49186472382786
              ],
              [
                -123.40009689351166,
                48.49185949941282
              ],
              [
                -123.40011275922198,
                48.49185154402536
              ],
              [
                -123.40012709230726,
                48.491841076379
              ],
              [
                -123.40012711508933,
                48.49184104751119
              ],
              [
                -123.4001312336935,
                48.4918361519648
              ],
              [
                -123.40013469630694,
                48.491830772412506
              ],
              [
                -123.40013471638208,
                48.49183074355411
              ],
              [
                -123.40030816080503,
                48.49151536312939
              ],
              [
                -123.40036704836665,
                48.491148390506694
              ],
              [
                -123.4003670535608,
                48.49114836259965
              ],
              [
                -123.39946982011492,
                48.4910455990075
              ],
              [
                -123.39938925387573,
                48.490989746185775
              ],
              [
                -123.3990194311953,
                48.490948091478614
              ],
              [
                -123.39891634624021,
                48.491124072813975
              ],
              [
                -123.39850281066592,
                48.49102115912486
              ],
              [
                -123.39833702604736,
                48.490866947390245
              ],
              [
                -123.39801963773428,
                48.49078479314847
              ],
              [
                -123.3980691621371,
                48.49070025775579
              ],
              [
                -123.39743450072571,
                48.49053632796817
              ],
              [
                -123.39724452157931,
                48.49048714798174
              ],
              [
                -123.39691763537078,
                48.4906154124693
              ],
              [
                -123.39667056154657,
                48.490593345756416
              ],
              [
                -123.39649145679358,
                48.49089887203714
              ],
              [
                -123.39630750010984,
                48.490774142836955
              ],
              [
                -123.39594226887164,
                48.490571048280685
              ],
              [
                -123.39575758642411,
                48.490544568135036
              ],
              [
                -123.39574367738331,
                48.49043451300346
              ],
              [
                -123.39588816453941,
                48.49022710607784
              ],
              [
                -123.39574383943982,
                48.49007912239184
              ],
              [
                -123.39551528622489,
                48.48999246253769
              ],
              [
                -123.39554946624814,
                48.48987783836304
              ],
              [
                -123.395736400047,
                48.48985758357978
              ],
              [
                -123.39575284985993,
                48.48978647581627
              ],
              [
                -123.39552963474672,
                48.48957176205414
              ],
              [
                -123.39547979710112,
                48.48952382211963
              ],
              [
                -123.39565900497868,
                48.48945563756344
              ],
              [
                -123.39596440970341,
                48.489396925556576
              ],
              [
                -123.39602472615736,
                48.489294558033684
              ],
              [
                -123.39572699843278,
                48.48921703945052
              ],
              [
                -123.39588950534885,
                48.488943187561105
              ],
              [
                -123.39603358089676,
                48.488700395196
              ],
              [
                -123.39574588265761,
                48.488638363713804
              ],
              [
                -123.39573001834924,
                48.48863533229373
              ],
              [
                -123.39571387190232,
                48.4886349347518
              ],
              [
                -123.39569787763315,
                48.48863718178134
              ],
              [
                -123.3956824657647,
                48.48864201294046
              ],
              [
                -123.39566805085416,
                48.48864929827789
              ],
              [
                -123.39565502064197,
                48.4886588418285
              ],
              [
                -123.39564372562221,
                48.48867038688443
              ],
              [
                -123.39537380620878,
                48.48912507791046
              ],
              [
                -123.39516610412093,
                48.489479597000184
              ],
              [
                -123.3946674743135,
                48.49033066911507
              ],
              [
                -123.39459531693244,
                48.49045382679122
              ],
              [
                -123.39646792453895,
                48.49093901604627
              ],
              [
                -123.39773667092257,
                48.49126778439548
              ],
              [
                -123.39772470092588,
                48.49128821439011
              ],
              [
                -123.39804194168725,
                48.49137071631316
              ],
              [
                -123.39805390886164,
                48.491350285395875
              ],
              [
                -123.39868756530242,
                48.491514645264715
              ],
              [
                -123.39867559833769,
                48.49153507534712
              ],
              [
                -123.3989925258973,
                48.491617286048374
              ],
              [
                -123.39900449816739,
                48.491596855914864
              ],
              [
                -123.40002720293825,
                48.49186297184255
              ]
            ]
          ],
          [
            [
              [
                -123.40026296510173,
                48.4920924125403
              ],
              [
                -123.4000602178487,
                48.492307131890875
              ],
              [
                -123.40002811611477,
                48.49235089418335
              ],
              [
                -123.40002807059253,
                48.49235095731666
              ],
              [
                -123.40116296939034,
                48.4927219755905
              ],
              [
                -123.40100294781361,
                48.49303600419391
              ],
              [
                -123.40140542396416,
                48.49314204672125
              ],
              [
                -123.40176731850657,
                48.492431840444894
              ],
              [
                -123.40136510192276,
                48.49232531336033
              ],
              [
                -123.40030753480437,
                48.49204521156395
              ],
              [
                -123.40026296510173,
                48.4920924125403
              ]
            ]
          ],
          [
            [
              [
                -123.39607766492907,
                48.50016638074392
              ],
              [
                -123.39606100916208,
                48.50089830811747
              ],
              [
                -123.39606100706447,
                48.500898386393594
              ],
              [
                -123.39618974067493,
                48.50093103403866
              ],
              [
                -123.39618978950585,
                48.50093104646556
              ],
              [
                -123.3964468080435,
                48.5009977634043
              ],
              [
                -123.39649892359209,
                48.50097430565216
              ],
              [
                -123.39653353420442,
                48.500947046013465
              ],
              [
                -123.3965444962242,
                48.500930675240106
              ],
              [
                -123.39654201463645,
                48.500913292798565
              ],
              [
                -123.39651977583063,
                48.50086003049855
              ],
              [
                -123.39651642036499,
                48.50085780954612
              ],
              [
                -123.39651336804413,
                48.500855187501756
              ],
              [
                -123.39651066651811,
                48.50085220529845
              ],
              [
                -123.3965087180623,
                48.500849300176235
              ],
              [
                -123.3965072772769,
                48.50084611264544
              ],
              [
                -123.39650638389983,
                48.50084273062051
              ],
              [
                -123.39650617328564,
                48.500839558361356
              ],
              [
                -123.39650648144115,
                48.50083639408788
              ],
              [
                -123.39650730015956,
                48.500833322071166
              ],
              [
                -123.39650860763669,
                48.50083042412535
              ],
              [
                -123.39651036905177,
                48.50082777742865
              ],
              [
                -123.39651362445738,
                48.50082421649582
              ],
              [
                -123.3965173318243,
                48.50082112888527
              ],
              [
                -123.39652142293865,
                48.50081857140765
              ],
              [
                -123.39652582252575,
                48.50081659111937
              ],
              [
                -123.39653325828571,
                48.50080493312623
              ],
              [
                -123.39653293588609,
                48.500766896448766
              ],
              [
                -123.39653868327837,
                48.50075103844217
              ],
              [
                -123.39659140055551,
                48.50071156673518
              ],
              [
                -123.3965987870687,
                48.50069221156514
              ],
              [
                -123.39659842562347,
                48.50066947884194
              ],
              [
                -123.39656397026187,
                48.5005769091701
              ],
              [
                -123.39656245485074,
                48.500570705578454
              ],
              [
                -123.39656019756784,
                48.50056473182802
              ],
              [
                -123.39655723180114,
                48.50055907627782
              ],
              [
                -123.39655389152519,
                48.50055428496106
              ],
              [
                -123.39655000172823,
                48.50054992793925
              ],
              [
                -123.39654561834823,
                48.50054606786937
              ],
              [
                -123.39653777306876,
                48.50054080241198
              ],
              [
                -123.3965292454745,
                48.50053673380192
              ],
              [
                -123.39652709759032,
                48.50053576662835
              ],
              [
                -123.39652513142853,
                48.500534469308434
              ],
              [
                -123.3965233973121,
                48.50053287504643
              ],
              [
                -123.39652193962488,
                48.50053102464671
              ],
              [
                -123.39651930696765,
                48.50052610255624
              ],
              [
                -123.39651721357811,
                48.50052092804381
              ],
              [
                -123.3965156751921,
                48.50051548299071
              ],
              [
                -123.39651474098856,
                48.500509902444264
              ],
              [
                -123.39651366771515,
                48.50049864891316
              ],
              [
                -123.39651252381708,
                48.50048649778193
              ],
              [
                -123.39651051874752,
                48.500470848207954
              ],
              [
                -123.39650795988011,
                48.500455702542105
              ],
              [
                -123.3965076399303,
                48.5004545732332
              ],
              [
                -123.39650714992266,
                48.50045350665035
              ],
              [
                -123.39650650154239,
                48.5004525282284
              ],
              [
                -123.39649885742101,
                48.50044371287122
              ],
              [
                -123.39647910807136,
                48.50037114824796
              ],
              [
                -123.39647254056395,
                48.50034467819186
              ],
              [
                -123.39646415326372,
                48.50032457757557
              ],
              [
                -123.39644636406337,
                48.50029956400408
              ],
              [
                -123.3964283949819,
                48.5002799507045
              ],
              [
                -123.39641472178351,
                48.50026804143123
              ],
              [
                -123.396400014941,
                48.5002574350215
              ],
              [
                -123.39639172272432,
                48.50025107662867
              ],
              [
                -123.39638458327384,
                48.500243446539315
              ],
              [
                -123.39638283619239,
                48.500240964816385
              ],
              [
                -123.39638145907088,
                48.500238260231626
              ],
              [
                -123.39638047979756,
                48.50023538755585
              ],
              [
                -123.39637991820378,
                48.500232404963896
              ],
              [
                -123.39637978566242,
                48.500229372856516
              ],
              [
                -123.39638011314405,
                48.50022745499402
              ],
              [
                -123.39638072405491,
                48.50022560777213
              ],
              [
                -123.39638160462532,
                48.50022387282644
              ],
              [
                -123.3963827350076,
                48.50022228926189
              ],
              [
                -123.39638408972343,
                48.50022089277135
              ],
              [
                -123.39638563823807,
                48.500219714831125
              ],
              [
                -123.39639249668488,
                48.50021557274671
              ],
              [
                -123.39639991951931,
                48.50021255667562
              ],
              [
                -123.39646000508222,
                48.50019537168863
              ],
              [
                -123.39652353610381,
                48.50018308775018
              ],
              [
                -123.3965635536605,
                48.500174153186876
              ],
              [
                -123.39656678436455,
                48.50017299021946
              ],
              [
                -123.39656989016217,
                48.50017152599168
              ],
              [
                -123.39658666233045,
                48.50016177905622
              ],
              [
                -123.39625242930511,
                48.50000344594361
              ],
              [
                -123.39607766492907,
                48.50016638074392
              ]
            ]
          ],
          [
            [
              [
                -123.39532655769813,
                48.5016740827285
              ],
              [
                -123.39532655830675,
                48.50167416099529
              ],
              [
                -123.39540021441647,
                48.50162980934016
              ],
              [
                -123.39546490730626,
                48.501590856597616
              ],
              [
                -123.39546486088838,
                48.50159080637711
              ],
              [
                -123.39541712007485,
                48.50153949464043
              ],
              [
                -123.39532797982773,
                48.50144368391205
              ],
              [
                -123.39532655769813,
                48.5016740827285
              ]
            ]
          ],
          [
            [
              [
                -123.39571309991476,
                48.50186272216261
              ],
              [
                -123.39574063938414,
                48.50186917598458
              ],
              [
                -123.39576091754978,
                48.501875655664854
              ],
              [
                -123.39579368872552,
                48.50188795085787
              ],
              [
                -123.39582541626001,
                48.50189956140384
              ],
              [
                -123.39585617805993,
                48.50190588896337
              ],
              [
                -123.39591769456479,
                48.50186513501173
              ],
              [
                -123.39616384310021,
                48.501702063710574
              ],
              [
                -123.39616378727568,
                48.501702022519105
              ],
              [
                -123.39590786083062,
                48.50151641974566
              ],
              [
                -123.39586121488726,
                48.5013667177261
              ],
              [
                -123.39585032666933,
                48.501331757277846
              ],
              [
                -123.39582720470771,
                48.50133399593109
              ],
              [
                -123.39580652891239,
                48.501338838730355
              ],
              [
                -123.39577601709456,
                48.50135031782106
              ],
              [
                -123.39574912919224,
                48.50136075075545
              ],
              [
                -123.39571963149102,
                48.50136912437733
              ],
              [
                -123.39569787726204,
                48.5013729902541
              ],
              [
                -123.39567973086416,
                48.501373741758016
              ],
              [
                -123.3956636476075,
                48.50137310791523
              ],
              [
                -123.39564080414871,
                48.50137008446449
              ],
              [
                -123.39562834882807,
                48.5013690926846
              ],
              [
                -123.39561901504915,
                48.501369470226656
              ],
              [
                -123.3956133481032,
                48.501374314485695
              ],
              [
                -123.39559326058762,
                48.50139230709817
              ],
              [
                -123.3955798890173,
                48.501406829197755
              ],
              [
                -123.39557324010407,
                48.50141891625228
              ],
              [
                -123.39557229167015,
                48.50143029369131
              ],
              [
                -123.39557185902258,
                48.501441324794754
              ],
              [
                -123.39557094276691,
                48.50145683777954
              ],
              [
                -123.39556479890135,
                48.501467199382965
              ],
              [
                -123.39555448851509,
                48.50147516246244
              ],
              [
                -123.395544190176,
                48.50148484831491
              ],
              [
                -123.39553806374698,
                48.501497278134934
              ],
              [
                -123.39553556927487,
                48.501510040037786
              ],
              [
                -123.39552954338254,
                48.50153556650669
              ],
              [
                -123.39552496966272,
                48.501547645527936
              ],
              [
                -123.39551932950857,
                48.50155593711996
              ],
              [
                -123.39551553293141,
                48.50156037280721
              ],
              [
                -123.39550956437921,
                48.501567344852
              ],
              [
                -123.3954987448703,
                48.5015766888275
              ],
              [
                -123.39548947675091,
                48.50158533744606
              ],
              [
                -123.39548227714481,
                48.501593289831
              ],
              [
                -123.39547820578875,
                48.50160329884633
              ],
              [
                -123.39547414516655,
                48.50161468787612
              ],
              [
                -123.39547272917802,
                48.501632615417535
              ],
              [
                -123.39547282301825,
                48.50164467840057
              ],
              [
                -123.39547186248288,
                48.50165467762766
              ],
              [
                -123.39547866964978,
                48.50166292645303
              ],
              [
                -123.39552324253904,
                48.50172550447472
              ],
              [
                -123.39554576880711,
                48.501754379363994
              ],
              [
                -123.3955719418534,
                48.501785310894334
              ],
              [
                -123.39560179653691,
                48.50182277736341
              ],
              [
                -123.39562587162521,
                48.50185061412424
              ],
              [
                -123.39564206500978,
                48.5018653791767
              ],
              [
                -123.39565666543744,
                48.50187532491996
              ],
              [
                -123.3956737240964,
                48.50186802776212
              ],
              [
                -123.39568509563053,
                48.50186316299194
              ],
              [
                -123.39569337779241,
                48.501861066244366
              ],
              [
                -123.39571309991476,
                48.50186272216261
              ]
            ]
          ]
        ]
      },
      "properties": {
        "OBJECTID": 114,
        "PARK": "COLQUITZ PARK",
        "PARKTYPE": "Municipal",
        "PARKADMINISTRATOR": "District of Saanich",
        "LOCATION": null,
        "_crosscheckSource": "https://map.saanich.ca/server/rest/services/MAPS/SaanichBaseMap/MapServer/26"
      }
    },
    {
      "type": "Feature",
      "id": 27,
      "geometry": {
        "type": "MultiPolygon",
        "coordinates": [
          [
            [
              [
                -123.35890052381342,
                48.48023340713277
              ],
              [
                -123.35851177615145,
                48.480282976390015
              ],
              [
                -123.35694285030759,
                48.48046930117645
              ],
              [
                -123.35696964321572,
                48.48049114890588
              ],
              [
                -123.35802256012406,
                48.48134970811603
              ],
              [
                -123.35883442178606,
                48.482011681879285
              ],
              [
                -123.35922338172709,
                48.48232882296504
              ],
              [
                -123.35984578431375,
                48.482836291859414
              ],
              [
                -123.35978182422564,
                48.48141747858293
              ],
              [
                -123.35972326478948,
                48.480128494478684
              ],
              [
                -123.35890052381342,
                48.48023340713277
              ]
            ]
          ],
          [
            [
              [
                -123.36243662065316,
                48.48279326394967
              ],
              [
                -123.36237996318812,
                48.4828265478707
              ],
              [
                -123.36237144743468,
                48.48283155050486
              ],
              [
                -123.36231648595276,
                48.48285647883157
              ],
              [
                -123.36221874864164,
                48.48289369994896
              ],
              [
                -123.36212876814713,
                48.48291764857623
              ],
              [
                -123.36199028225928,
                48.48295378890846
              ],
              [
                -123.36187412706533,
                48.48298331305258
              ],
              [
                -123.36173154611178,
                48.48301789027567
              ],
              [
                -123.36170350188013,
                48.4830314556507
              ],
              [
                -123.36161967990705,
                48.483076349963504
              ],
              [
                -123.36158283716536,
                48.48310759089203
              ],
              [
                -123.36156896370487,
                48.48311935493511
              ],
              [
                -123.36152994305199,
                48.483170654310825
              ],
              [
                -123.36151050877237,
                48.483207015123625
              ],
              [
                -123.36150703940284,
                48.48322190833959
              ],
              [
                -123.36149799905353,
                48.48326071615073
              ],
              [
                -123.36149344824622,
                48.483325489412124
              ],
              [
                -123.36149922904256,
                48.48338319387721
              ],
              [
                -123.36150938813705,
                48.48342719784314
              ],
              [
                -123.3615275270654,
                48.483460465234934
              ],
              [
                -123.36156003004623,
                48.483499638373395
              ],
              [
                -123.36159485611113,
                48.483527970737455
              ],
              [
                -123.36163290166606,
                48.483551181306204
              ],
              [
                -123.3616858526429,
                48.48357065248969
              ],
              [
                -123.36176480418062,
                48.48359599280136
              ],
              [
                -123.36185683141963,
                48.483620651573716
              ],
              [
                -123.3619432270782,
                48.48363708734716
              ],
              [
                -123.36199435414304,
                48.48365180354088
              ],
              [
                -123.36205539521595,
                48.483676009806096
              ],
              [
                -123.36214871117012,
                48.48370725542657
              ],
              [
                -123.3622791434274,
                48.483752489854695
              ],
              [
                -123.36234257214451,
                48.4837792449055
              ],
              [
                -123.36245126224404,
                48.48383245978835
              ],
              [
                -123.3625794751963,
                48.48389619013907
              ],
              [
                -123.36268028804442,
                48.48394004266856
              ],
              [
                -123.3627575564817,
                48.48398026452154
              ],
              [
                -123.36290523580288,
                48.48406593205732
              ],
              [
                -123.36301289017692,
                48.484136560330015
              ],
              [
                -123.36308942965252,
                48.48419999233789
              ],
              [
                -123.36315288617111,
                48.48425544259681
              ],
              [
                -123.36321557911609,
                48.48431622972956
              ],
              [
                -123.36325798553335,
                48.48436310712114
              ],
              [
                -123.36329270569345,
                48.484401454653685
              ],
              [
                -123.36331937232264,
                48.484435513013125
              ],
              [
                -123.36337081939378,
                48.48449485845254
              ],
              [
                -123.3634341280959,
                48.484558599752674
              ],
              [
                -123.36348310859711,
                48.48464666778833
              ],
              [
                -123.36230915354965,
                48.48484432350293
              ],
              [
                -123.36230894116775,
                48.48484435925757
              ],
              [
                -123.36290078194695,
                48.48532684636025
              ],
              [
                -123.36488865586725,
                48.4869473334539
              ],
              [
                -123.36489964492596,
                48.4869436449926
              ],
              [
                -123.36920240651403,
                48.485499310457776
              ],
              [
                -123.36921339494533,
                48.48549562158531
              ],
              [
                -123.36984358356267,
                48.48541768060361
              ],
              [
                -123.37005537561099,
                48.485391485569586
              ],
              [
                -123.36910633991377,
                48.4837917142219
              ],
              [
                -123.36918778596304,
                48.48377313814364
              ],
              [
                -123.36926791215778,
                48.483749509293865
              ],
              [
                -123.36934640535999,
                48.483720920015564
              ],
              [
                -123.36942295881346,
                48.483687482037354
              ],
              [
                -123.36949727334269,
                48.48364932603689
              ],
              [
                -123.36956905852199,
                48.48360660113013
              ],
              [
                -123.36944115272297,
                48.48329168455345
              ],
              [
                -123.36937348061655,
                48.48312504520308
              ],
              [
                -123.36916061470183,
                48.48316325534649
              ],
              [
                -123.36876840319044,
                48.483233657518504
              ],
              [
                -123.36857872262824,
                48.483267704706385
              ],
              [
                -123.36809219057626,
                48.48335503442346
              ],
              [
                -123.36774221740586,
                48.48281018998579
              ],
              [
                -123.3676858858303,
                48.48241087569863
              ],
              [
                -123.36755087803165,
                48.482417042640286
              ],
              [
                -123.36760949616477,
                48.48283257270727
              ],
              [
                -123.36797455508696,
                48.483400905041854
              ],
              [
                -123.36820097890269,
                48.48359598310443
              ],
              [
                -123.36879132369236,
                48.484469607759465
              ],
              [
                -123.36897140766636,
                48.48464663534511
              ],
              [
                -123.3696080524641,
                48.48527246290156
              ],
              [
                -123.36918963804422,
                48.48541292778222
              ],
              [
                -123.3687147769178,
                48.48557233945594
              ],
              [
                -123.3649211519918,
                48.48684575960249
              ],
              [
                -123.36358200180133,
                48.48575411703724
              ],
              [
                -123.36391056503989,
                48.485540843571805
              ],
              [
                -123.36375471219219,
                48.483585595992906
              ],
              [
                -123.36373684802032,
                48.48336235192925
              ],
              [
                -123.36254632297441,
                48.48359809514459
              ],
              [
                -123.3623130176207,
                48.48334686960841
              ],
              [
                -123.36249265102396,
                48.483049835040816
              ],
              [
                -123.36243662065316,
                48.48279326394967
              ]
            ]
          ],
          [
            [
              [
                -123.36243662065316,
                48.48279326394967
              ],
              [
                -123.3621578122421,
                48.48222227791267
              ],
              [
                -123.36220356496024,
                48.482138755009764
              ],
              [
                -123.36558338258716,
                48.48147590917715
              ],
              [
                -123.36586352911021,
                48.48212874028913
              ],
              [
                -123.36666340905579,
                48.48197361567537
              ],
              [
                -123.3668233726771,
                48.48185342461634
              ],
              [
                -123.3667142690621,
                48.481441600669726
              ],
              [
                -123.36782701108761,
                48.481223333520575
              ],
              [
                -123.36796664187406,
                48.48172085941474
              ],
              [
                -123.36752584952778,
                48.481806351002284
              ],
              [
                -123.36766756234506,
                48.48206054342927
              ],
              [
                -123.36775662929696,
                48.48196152120094
              ],
              [
                -123.3678452231859,
                48.48185835524215
              ],
              [
                -123.36786841731772,
                48.48184049927192
              ],
              [
                -123.36789428787824,
                48.48182680556816
              ],
              [
                -123.36792209547806,
                48.48181766550158
              ],
              [
                -123.36795104536652,
                48.481813340298395
              ],
              [
                -123.36798031014598,
                48.48181395357436
              ],
              [
                -123.36800905341912,
                48.48181948780186
              ],
              [
                -123.3680364536934,
                48.48182978481077
              ],
              [
                -123.36806172785974,
                48.481844550309106
              ],
              [
                -123.36808415357383,
                48.48186336229389
              ],
              [
                -123.3681318399881,
                48.4819280424349
              ],
              [
                -123.36815798913784,
                48.48195716702907
              ],
              [
                -123.3681881815691,
                48.48198207560417
              ],
              [
                -123.36822174480069,
                48.482002213367274
              ],
              [
                -123.36826345195507,
                48.48202088630432
              ],
              [
                -123.3683070558962,
                48.48203455603816
              ],
              [
                -123.36843497254826,
                48.48206718218363
              ],
              [
                -123.36866142687342,
                48.48212494509806
              ],
              [
                -123.36851024380297,
                48.4817311299289
              ],
              [
                -123.36846888718246,
                48.481623399366846
              ],
              [
                -123.36846239498111,
                48.48162465946751
              ],
              [
                -123.36812323971805,
                48.48169048674681
              ],
              [
                -123.36789622370267,
                48.48088161016244
              ],
              [
                -123.36783039353169,
                48.48089452338076
              ],
              [
                -123.36776456358082,
                48.48090743656069
              ],
              [
                -123.36727805299276,
                48.481002868678544
              ],
              [
                -123.36687855239607,
                48.48108123146099
              ],
              [
                -123.36647905064565,
                48.481159592802314
              ],
              [
                -123.36616266824578,
                48.481221649373936
              ],
              [
                -123.36575532988667,
                48.48130154487111
              ],
              [
                -123.36544693839163,
                48.48136203180652
              ],
              [
                -123.36524919792103,
                48.48140081550192
              ],
              [
                -123.36487080433689,
                48.48147503028164
              ],
              [
                -123.36288436777404,
                48.48186460860556
              ],
              [
                -123.36150691980554,
                48.482134728974614
              ],
              [
                -123.36005996687803,
                48.48141166634574
              ],
              [
                -123.3600536956013,
                48.48140853242609
              ],
              [
                -123.36012845266676,
                48.48306665106295
              ],
              [
                -123.36016571238788,
                48.48389303223001
              ],
              [
                -123.36020940308757,
                48.484862008351044
              ],
              [
                -123.36057435072064,
                48.48483258433838
              ],
              [
                -123.36068084752826,
                48.485639623251515
              ],
              [
                -123.36255266483045,
                48.48554035206097
              ],
              [
                -123.36262341928618,
                48.4856256325167
              ],
              [
                -123.36299441781861,
                48.485568963197345
              ],
              [
                -123.36338067580274,
                48.485880924008214
              ],
              [
                -123.36344516401545,
                48.48585607649461
              ],
              [
                -123.36297564820589,
                48.485473323149535
              ],
              [
                -123.36204429968433,
                48.484714056952335
              ],
              [
                -123.36213967485429,
                48.48470636583132
              ],
              [
                -123.36112751709227,
                48.483881188722435
              ],
              [
                -123.36030099778174,
                48.48320732962763
              ],
              [
                -123.36243662065316,
                48.48279326394967
              ]
            ]
          ]
        ]
      },
      "properties": {
        "OBJECTID": 27,
        "PARK": "BLENKINSOP LAKE PARK",
        "PARKTYPE": "Municipal",
        "PARKADMINISTRATOR": "District of Saanich",
        "LOCATION": null,
        "_crosscheckSource": "https://map.saanich.ca/server/rest/services/MAPS/SaanichBaseMap/MapServer/26"
      }
    },
    {
      "type": "Feature",
      "id": 315,
      "geometry": {
        "type": "Polygon",
        "coordinates": [
          [
            [
              -123.37808636544993,
              48.52384585020071
            ],
            [
              -123.37809526949263,
              48.52385262408185
            ],
            [
              -123.37826120845783,
              48.52398068108824
            ],
            [
              -123.37825460983431,
              48.52426824978866
            ],
            [
              -123.37835766234771,
              48.52427082985393
            ],
            [
              -123.3785250934934,
              48.52427507391275
            ],
            [
              -123.3785542857581,
              48.52407030612865
            ],
            [
              -123.3786206717419,
              48.52385947597704
            ],
            [
              -123.37862464005232,
              48.52371662733661
            ],
            [
              -123.378627793184,
              48.523603120337455
            ],
            [
              -123.37878882409882,
              48.523502153693016
            ],
            [
              -123.37911575083827,
              48.52351067662113
            ],
            [
              -123.37920052619562,
              48.52351288654199
            ],
            [
              -123.37920147416735,
              48.523472568299056
            ],
            [
              -123.37887571099695,
              48.52346407591515
            ],
            [
              -123.37856074263706,
              48.523455864123065
            ],
            [
              -123.37837468898103,
              48.52345101295079
            ],
            [
              -123.37812453956944,
              48.52344440468079
            ],
            [
              -123.37788761491187,
              48.52343814531873
            ],
            [
              -123.3777014232828,
              48.52326155679127
            ],
            [
              -123.37814532641369,
              48.52298606796884
            ],
            [
              -123.3781187733007,
              48.52296562542693
            ],
            [
              -123.37767788758893,
              48.52323924222133
            ],
            [
              -123.37734155583587,
              48.52292004266022
            ],
            [
              -123.37736199694201,
              48.52257681553845
            ],
            [
              -123.37737740790077,
              48.52231804730151
            ],
            [
              -123.37798430771225,
              48.52233392317286
            ],
            [
              -123.37833833018679,
              48.522343182562715
            ],
            [
              -123.37833077283786,
              48.522336834300454
            ],
            [
              -123.37814604527665,
              48.52218165986039
            ],
            [
              -123.37796131203066,
              48.52202647934776
            ],
            [
              -123.37767649666873,
              48.52178722497463
            ],
            [
              -123.37739343350543,
              48.521779954072485
            ],
            [
              -123.37681985745566,
              48.52176521882065
            ],
            [
              -123.37672527605466,
              48.521762788744866
            ],
            [
              -123.37673078754725,
              48.52150732387398
            ],
            [
              -123.3767366986766,
              48.521277940358566
            ],
            [
              -123.37670514763187,
              48.52127761650255
            ],
            [
              -123.3764536580019,
              48.52127505022772
            ],
            [
              -123.37644822018251,
              48.52155849615941
            ],
            [
              -123.37617935442128,
              48.52156702647431
            ],
            [
              -123.37577082723462,
              48.521942354358394
            ],
            [
              -123.37566363564898,
              48.522040833894955
            ],
            [
              -123.37519849992961,
              48.52204578830927
            ],
            [
              -123.37467518548188,
              48.522051360910616
            ],
            [
              -123.37467789707824,
              48.521921858724056
            ],
            [
              -123.37505834374429,
              48.52158274289601
            ],
            [
              -123.37503555052947,
              48.521572960257686
            ],
            [
              -123.37459574799576,
              48.52196497901482
            ],
            [
              -123.37459075050653,
              48.52220362563817
            ],
            [
              -123.37417215119778,
              48.52235206599634
            ],
            [
              -123.37378063565298,
              48.52235292131916
            ],
            [
              -123.37378035835235,
              48.52257738235065
            ],
            [
              -123.37390938171202,
              48.52257832322077
            ],
            [
              -123.37405380565517,
              48.5225793761799
            ],
            [
              -123.37400935422271,
              48.523114446086154
            ],
            [
              -123.37403623552235,
              48.52311065381301
            ],
            [
              -123.37458113054254,
              48.52303378680431
            ],
            [
              -123.37457782391257,
              48.523236912390644
            ],
            [
              -123.37473884774388,
              48.523166386776026
            ],
            [
              -123.37488894293797,
              48.52331728638752
            ],
            [
              -123.37515395733516,
              48.52320097040351
            ],
            [
              -123.37565331000665,
              48.523484926310246
            ],
            [
              -123.37565242656072,
              48.523520535320934
            ],
            [
              -123.37668397615553,
              48.523527086048425
            ],
            [
              -123.37668723791731,
              48.52340642464993
            ],
            [
              -123.37753832575581,
              48.523428916416265
            ],
            [
              -123.37808636544993,
              48.52384585020071
            ]
          ]
        ]
      },
      "properties": {
        "OBJECTID": 315,
        "PARK": "DOUMAC PARK",
        "PARKTYPE": "Neighbourhood",
        "PARKADMINISTRATOR": "District of Saanich",
        "LOCATION": null,
        "_crosscheckSource": "https://map.saanich.ca/server/rest/services/MAPS/SaanichBaseMap/MapServer/26"
      }
    },
    {
      "type": "Feature",
      "id": 246,
      "geometry": {
        "type": "MultiPolygon",
        "coordinates": [
          [
            [
              [
                -123.36456728571,
                48.50007876876504
              ],
              [
                -123.36456345488794,
                48.50014400333683
              ],
              [
                -123.36455324020228,
                48.50020854700228
              ],
              [
                -123.36453674028073,
                48.50027177656137
              ],
              [
                -123.36451411443792,
                48.50033308150237
              ],
              [
                -123.36448558113723,
                48.50039186989667
              ],
              [
                -123.36445141588135,
                48.50044757411414
              ],
              [
                -123.3644119485522,
                48.500499656303845
              ],
              [
                -123.3643675602258,
                48.50054761358726
              ],
              [
                -123.36431867949271,
                48.50059098291381
              ],
              [
                -123.36424359012487,
                48.5006576566464
              ],
              [
                -123.36420108670379,
                48.50069653456334
              ],
              [
                -123.3641630879936,
                48.500739825800935
              ],
              [
                -123.3641300494454,
                48.50078701147208
              ],
              [
                -123.36410236705792,
                48.500837526011104
              ],
              [
                -123.36408037263126,
                48.50089076395269
              ],
              [
                -123.36406432978974,
                48.5009460871889
              ],
              [
                -123.36405443082225,
                48.50100283261754
              ],
              [
                -123.3640373717233,
                48.50120500421649
              ],
              [
                -123.36418342153065,
                48.5012135789211
              ],
              [
                -123.36427426236598,
                48.50092126877365
              ],
              [
                -123.36414754233479,
                48.50087907458518
              ],
              [
                -123.36417541550878,
                48.500824056734395
              ],
              [
                -123.3642092644293,
                48.50077249969499
              ],
              [
                -123.36424866475427,
                48.50072504980431
              ],
              [
                -123.36429312254721,
                48.50068230191103
              ],
              [
                -123.36436759445861,
                48.5006161761837
              ],
              [
                -123.36441718240994,
                48.500570724024406
              ],
              [
                -123.3644625233675,
                48.50052103437489
              ],
              [
                -123.3645032566641,
                48.500467502494224
              ],
              [
                -123.3645390582845,
                48.50041055420472
              ],
              [
                -123.36456964344272,
                48.50035064250472
              ],
              [
                -123.36459476884741,
                48.50028824396516
              ],
              [
                -123.36461423463716,
                48.50022385493868
              ],
              [
                -123.36486514578252,
                48.50015895633662
              ],
              [
                -123.36507369208248,
                48.50026874847246
              ],
              [
                -123.36509198297999,
                48.50025558450247
              ],
              [
                -123.3651117128693,
                48.50024469512665
              ],
              [
                -123.36513260030203,
                48.50023623568277
              ],
              [
                -123.36513856001933,
                48.50023512558924
              ],
              [
                -123.36514425593006,
                48.50023305022452
              ],
              [
                -123.3651495328377,
                48.50023006613611
              ],
              [
                -123.36515424696228,
                48.50022625463149
              ],
              [
                -123.36515826985796,
                48.50022171956278
              ],
              [
                -123.36516149191287,
                48.50021658449706
              ],
              [
                -123.36516382533566,
                48.50021098934952
              ],
              [
                -123.36516520654749,
                48.500205086571206
              ],
              [
                -123.3651655979145,
                48.50019903699521
              ],
              [
                -123.36516498877309,
                48.5001930054544
              ],
              [
                -123.36516339572056,
                48.500187156290224
              ],
              [
                -123.3651608621628,
                48.50018164887495
              ],
              [
                -123.36515745713172,
                48.500176633269184
              ],
              [
                -123.36515327340423,
                48.5001722461332
              ],
              [
                -123.36514842497441,
                48.50016860700333
              ],
              [
                -123.36514304394748,
                48.50016581503501
              ],
              [
                -123.36513727694036,
                48.500163946301036
              ],
              [
                -123.36513128108675,
                48.5001630517188
              ],
              [
                -123.36478669147533,
                48.500049186381965
              ],
              [
                -123.36474546893544,
                48.50003743417338
              ],
              [
                -123.3647034746122,
                48.50002883830129
              ],
              [
                -123.36466094981274,
                48.500023448159155
              ],
              [
                -123.3646490563891,
                48.500021330572196
              ],
              [
                -123.36463697798621,
                48.50002110722485
              ],
              [
                -123.36462501440553,
                48.50002278366088
              ],
              [
                -123.36461346259848,
                48.500026318268986
              ],
              [
                -123.36460260929574,
                48.500031623315664
              ],
              [
                -123.36459272389023,
                48.50003856712284
              ],
              [
                -123.36458405175037,
                48.500046977336325
              ],
              [
                -123.36457680812983,
                48.50005664520381
              ],
              [
                -123.36457117282453,
                48.50006733075643
              ],
              [
                -123.36456728571,
                48.50007876876504
              ]
            ]
          ],
          [
            [
              [
                -123.36561553484077,
                48.498438907433574
              ],
              [
                -123.36560483613606,
                48.49845583945726
              ],
              [
                -123.36542952746883,
                48.4987332844562
              ],
              [
                -123.36525929237175,
                48.49900383513905
              ],
              [
                -123.36513519892922,
                48.49928662412841
              ],
              [
                -123.36499969541877,
                48.49959541198528
              ],
              [
                -123.3649949442042,
                48.49960623912145
              ],
              [
                -123.36482727167177,
                48.499897467370815
              ],
              [
                -123.3649596083324,
                48.49993871795211
              ],
              [
                -123.36516275825684,
                48.49964464070989
              ],
              [
                -123.36516374487552,
                48.49964065205187
              ],
              [
                -123.36526259800418,
                48.499241006160304
              ],
              [
                -123.36548135774702,
                48.498924719464334
              ],
              [
                -123.36543204453399,
                48.498895571972426
              ],
              [
                -123.36559013942559,
                48.49863053323649
              ],
              [
                -123.3658094182472,
                48.49848585937349
              ],
              [
                -123.36601051297264,
                48.49848500444256
              ],
              [
                -123.36601195192802,
                48.49843141951271
              ],
              [
                -123.36601751848472,
                48.49837810507991
              ],
              [
                -123.36605008618875,
                48.49815207314929
              ],
              [
                -123.36561553484077,
                48.498438907433574
              ]
            ]
          ]
        ]
      },
      "properties": {
        "OBJECTID": 246,
        "PARK": "PONDWOOD PARK",
        "PARKTYPE": "Neighbourhood",
        "PARKADMINISTRATOR": "District of Saanich",
        "LOCATION": null,
        "_crosscheckSource": "https://map.saanich.ca/server/rest/services/MAPS/SaanichBaseMap/MapServer/26"
      }
    },
    {
      "type": "Feature",
      "id": 142,
      "geometry": {
        "type": "MultiPolygon",
        "coordinates": [
          [
            [
              [
                -123.39404980464234,
                48.484578504490855
              ],
              [
                -123.3943647950606,
                48.48465340645669
              ],
              [
                -123.39486934653785,
                48.48477338153035
              ],
              [
                -123.39498598376386,
                48.484801115485325
              ],
              [
                -123.39513030617535,
                48.48453272370961
              ],
              [
                -123.39536658461219,
                48.48408613604707
              ],
              [
                -123.39550688039142,
                48.483820960668375
              ],
              [
                -123.39559887289924,
                48.48364829431982
              ],
              [
                -123.39568641060039,
                48.48348398764143
              ],
              [
                -123.39587853177942,
                48.48312623193424
              ],
              [
                -123.39549043453681,
                48.48303320657445
              ],
              [
                -123.3949973142116,
                48.483957000305104
              ],
              [
                -123.39473390348586,
                48.48445010611818
              ],
              [
                -123.39434277395182,
                48.484357121039835
              ],
              [
                -123.39412005942422,
                48.48406722110165
              ],
              [
                -123.39392987732619,
                48.48442236230084
              ],
              [
                -123.39404980464234,
                48.484578504490855
              ]
            ]
          ],
          [
            [
              [
                -123.38998021880023,
                48.48428623226424
              ],
              [
                -123.39065624971136,
                48.48444486628228
              ],
              [
                -123.39096368362503,
                48.48451700654085
              ],
              [
                -123.39098272998093,
                48.4845214769557
              ],
              [
                -123.39100321172367,
                48.4845262843565
              ],
              [
                -123.3911294461191,
                48.48455590541078
              ],
              [
                -123.39141930511263,
                48.484478810774256
              ],
              [
                -123.3926673251806,
                48.48414766355198
              ],
              [
                -123.39340097246006,
                48.48418642308748
              ],
              [
                -123.39382708546886,
                48.48428820985632
              ],
              [
                -123.39396549242095,
                48.48403000968699
              ],
              [
                -123.39348853628123,
                48.48391607773576
              ],
              [
                -123.39260401406976,
                48.4838693469052
              ],
              [
                -123.39206870497492,
                48.48401129174897
              ],
              [
                -123.3915631958438,
                48.484145331677354
              ],
              [
                -123.39111928733301,
                48.484263033712914
              ],
              [
                -123.39043896523818,
                48.48410335471058
              ],
              [
                -123.38976450203116,
                48.483945046296014
              ],
              [
                -123.38929112956194,
                48.483835198224114
              ],
              [
                -123.38922213681269,
                48.48396355225943
              ],
              [
                -123.389152716254,
                48.48409272479936
              ],
              [
                -123.38998021880023,
                48.48428623226424
              ]
            ]
          ],
          [
            [
              [
                -123.39645990308591,
                48.481214725074835
              ],
              [
                -123.39607452600522,
                48.48193863143872
              ],
              [
                -123.39582902274631,
                48.482399782237536
              ],
              [
                -123.39558245413521,
                48.48286292536229
              ],
              [
                -123.39597062609153,
                48.48295566558763
              ],
              [
                -123.39627964250836,
                48.48237588246651
              ],
              [
                -123.39629374377841,
                48.48234942594853
              ],
              [
                -123.39649669584554,
                48.48196863420267
              ],
              [
                -123.39654677544682,
                48.481874669808
              ],
              [
                -123.39689149039685,
                48.481227879349575
              ],
              [
                -123.39691663485681,
                48.48118069956692
              ],
              [
                -123.39711666394916,
                48.480805374648995
              ],
              [
                -123.39711667995702,
                48.48080534513035
              ],
              [
                -123.39717456155054,
                48.480698004354934
              ],
              [
                -123.39712733876675,
                48.48065670554858
              ],
              [
                -123.39705531996987,
                48.480790262840486
              ],
              [
                -123.39685510195875,
                48.48116557593372
              ],
              [
                -123.39630908773198,
                48.48103137572068
              ],
              [
                -123.39580946377976,
                48.48090830642475
              ],
              [
                -123.39600173791568,
                48.48055968279659
              ],
              [
                -123.39582499783802,
                48.48056129901426
              ],
              [
                -123.39565473549281,
                48.48087026851428
              ],
              [
                -123.39538397197776,
                48.48080655130247
              ],
              [
                -123.39512261906054,
                48.48074504784499
              ],
              [
                -123.39486126660248,
                48.480683543736035
              ],
              [
                -123.39458917397829,
                48.48061951141364
              ],
              [
                -123.39431708203519,
                48.48055547838924
              ],
              [
                -123.39411673923915,
                48.480508330062975
              ],
              [
                -123.39391639689671,
                48.4804611813301
              ],
              [
                -123.3939246366199,
                48.48044625572796
              ],
              [
                -123.39368130476936,
                48.48038890159662
              ],
              [
                -123.39343762802895,
                48.48033146553085
              ],
              [
                -123.39319395183553,
                48.480274028890896
              ],
              [
                -123.3929502761059,
                48.48021659184576
              ],
              [
                -123.39270680486152,
                48.48015920222397
              ],
              [
                -123.39246333407957,
                48.48010181214165
              ],
              [
                -123.39221986392829,
                48.48004442148574
              ],
              [
                -123.39196513235302,
                48.4799843756319
              ],
              [
                -123.39171040146108,
                48.47992432926804
              ],
              [
                -123.39141633118119,
                48.47985500841903
              ],
              [
                -123.39140841928958,
                48.47987000992869
              ],
              [
                -123.3913402082109,
                48.47999933766282
              ],
              [
                -123.39336597003529,
                48.48047736377039
              ],
              [
                -123.39384556561434,
                48.48059052749148
              ],
              [
                -123.39424621583291,
                48.48068466742111
              ],
              [
                -123.39558382263739,
                48.48099895022541
              ],
              [
                -123.39529967125789,
                48.48151457818914
              ],
              [
                -123.3953321441124,
                48.481536914280106
              ],
              [
                -123.39536186895366,
                48.48156279518141
              ],
              [
                -123.39566092456029,
                48.481018391948645
              ],
              [
                -123.39573821935983,
                48.481037484119454
              ],
              [
                -123.39645990308591,
                48.481214725074835
              ]
            ]
          ]
        ]
      },
      "properties": {
        "OBJECTID": 142,
        "PARK": "INDUSTRIAL BUFFER PARK",
        "PARKTYPE": "Neighbourhood",
        "PARKADMINISTRATOR": "District of Saanich",
        "LOCATION": null,
        "_crosscheckSource": "https://map.saanich.ca/server/rest/services/MAPS/SaanichBaseMap/MapServer/26"
      }
    },
    {
      "type": "Feature",
      "id": 220,
      "geometry": {
        "type": "MultiPolygon",
        "coordinates": [
          [
            [
              [
                -123.38239817781634,
                48.4641572156527
              ],
              [
                -123.38276518615221,
                48.46411209733238
              ],
              [
                -123.38300177336967,
                48.46408301092916
              ],
              [
                -123.38341602076672,
                48.46403209882387
              ],
              [
                -123.38330797816064,
                48.463651365033506
              ],
              [
                -123.3835617066809,
                48.463621458383344
              ],
              [
                -123.38356175800207,
                48.463621447416514
              ],
              [
                -123.38348830834214,
                48.463572014500855
              ],
              [
                -123.38363442633413,
                48.463475820259006
              ],
              [
                -123.38359878654765,
                48.46345183567573
              ],
              [
                -123.38342348412023,
                48.46333386417614
              ],
              [
                -123.38324818250534,
                48.46321589240501
              ],
              [
                -123.38307288035709,
                48.463097921266446
              ],
              [
                -123.3828975803673,
                48.462979948952196
              ],
              [
                -123.38272217376712,
                48.462861902052786
              ],
              [
                -123.38254676933991,
                48.462743855776615
              ],
              [
                -123.3823710747815,
                48.462625614071825
              ],
              [
                -123.38219536607888,
                48.46250736134818
              ],
              [
                -123.3820212121267,
                48.46239014768553
              ],
              [
                -123.38186201392291,
                48.462481519798075
              ],
              [
                -123.38186197621692,
                48.462481542414366
              ],
              [
                -123.3817153023262,
                48.46256572506052
              ],
              [
                -123.3815538783819,
                48.462441137236205
              ],
              [
                -123.3816693269456,
                48.462374875885565
              ],
              [
                -123.38174875237836,
                48.46232928997668
              ],
              [
                -123.3812668073187,
                48.462113361557066
              ],
              [
                -123.38118882193474,
                48.46199900556475
              ],
              [
                -123.3809761747812,
                48.461904407211556
              ],
              [
                -123.38076352842336,
                48.461809809361505
              ],
              [
                -123.38069836254404,
                48.46178081964814
              ],
              [
                -123.38117723639407,
                48.46215042957872
              ],
              [
                -123.3811771973421,
                48.462150453098914
              ],
              [
                -123.38108269897751,
                48.462204400376066
              ],
              [
                -123.38098960393444,
                48.462257547640355
              ],
              [
                -123.380576983283,
                48.46193910039386
              ],
              [
                -123.38038183218914,
                48.46178861540003
              ],
              [
                -123.37974928003271,
                48.46130083758022
              ],
              [
                -123.37981887162015,
                48.46146720125289
              ],
              [
                -123.38004323013402,
                48.46200353815817
              ],
              [
                -123.38022085768559,
                48.46242814960095
              ],
              [
                -123.38024985108228,
                48.462497460784974
              ],
              [
                -123.3802531091891,
                48.46250535523061
              ],
              [
                -123.38054554841096,
                48.46321397726624
              ],
              [
                -123.38084365670755,
                48.463941358073896
              ],
              [
                -123.38120391591266,
                48.46389893182134
              ],
              [
                -123.38156417586352,
                48.463856504437864
              ],
              [
                -123.3819243947343,
                48.46381409045664
              ],
              [
                -123.38192443663434,
                48.46381408581937
              ],
              [
                -123.38228568937743,
                48.463771622293336
              ],
              [
                -123.38228573127742,
                48.4637716176559
              ],
              [
                -123.38239817781634,
                48.4641572156527
              ]
            ]
          ],
          [
            [
              [
                -123.38368288930178,
                48.46485078709064
              ],
              [
                -123.3843718140798,
                48.46476620384708
              ],
              [
                -123.38461500201409,
                48.46473637776728
              ],
              [
                -123.38460707315596,
                48.46470947869662
              ],
              [
                -123.3845177249851,
                48.46440633223546
              ],
              [
                -123.38427457076159,
                48.46443809314305
              ],
              [
                -123.3841818692527,
                48.46412173007802
              ],
              [
                -123.38346526588398,
                48.46420896482209
              ],
              [
                -123.38315492160353,
                48.46424674274441
              ],
              [
                -123.38342717195142,
                48.46454347024813
              ],
              [
                -123.38358945587409,
                48.46452343591218
              ],
              [
                -123.38368288930178,
                48.46485078709064
              ]
            ]
          ],
          [
            [
              [
                -123.38415135887375,
                48.46527945137048
              ],
              [
                -123.38425271341903,
                48.465639363554516
              ],
              [
                -123.3853170177374,
                48.46550718983017
              ],
              [
                -123.38521539634421,
                48.46514783274664
              ],
              [
                -123.38502795440252,
                48.46517101953862
              ],
              [
                -123.38484051364104,
                48.46519420602114
              ],
              [
                -123.3847460362502,
                48.46486009933077
              ],
              [
                -123.38473840840437,
                48.4648331254923
              ],
              [
                -123.38404948732702,
                48.46491770102062
              ],
              [
                -123.38415135887375,
                48.46527945137048
              ]
            ]
          ],
          [
            [
              [
                -123.39328872773949,
                48.465273031855546
              ],
              [
                -123.39351605440486,
                48.465337884147004
              ],
              [
                -123.39366354982629,
                48.46537996188856
              ],
              [
                -123.39374001893044,
                48.46540802032875
              ],
              [
                -123.39395779497588,
                48.46548792854283
              ],
              [
                -123.39417557169637,
                48.465567835442265
              ],
              [
                -123.39426661982024,
                48.465601243287615
              ],
              [
                -123.3945137985316,
                48.46572507759657
              ],
              [
                -123.3946175040074,
                48.465776653351355
              ],
              [
                -123.39463824949424,
                48.46592624856377
              ],
              [
                -123.39466283947947,
                48.46609849001934
              ],
              [
                -123.39471057534803,
                48.466089902914774
              ],
              [
                -123.39470949863502,
                48.46608625403653
              ],
              [
                -123.39564625969612,
                48.465878664566596
              ],
              [
                -123.39494937801479,
                48.46536218156688
              ],
              [
                -123.39436428596566,
                48.46492854046782
              ],
              [
                -123.39384178494721,
                48.46484107284563
              ],
              [
                -123.3937086586344,
                48.46482140528379
              ],
              [
                -123.39357473279543,
                48.46480824102122
              ],
              [
                -123.3934403249292,
                48.464801611266516
              ],
              [
                -123.39330575367734,
                48.46480153173691
              ],
              [
                -123.39317133806883,
                48.46480800262093
              ],
              [
                -123.39303739676365,
                48.46482100857801
              ],
              [
                -123.39290424729735,
                48.464840518774835
              ],
              [
                -123.3927722053283,
                48.46486648695846
              ],
              [
                -123.39264158388927,
                48.46489885156592
              ],
              [
                -123.39251269264538,
                48.464937535870234
              ],
              [
                -123.39238583715998,
                48.46498244816226
              ],
              [
                -123.39226131817021,
                48.465033481968135
              ],
              [
                -123.39212130613113,
                48.46510113378583
              ],
              [
                -123.3919836904642,
                48.46517353591107
              ],
              [
                -123.39184863227797,
                48.46525060358169
              ],
              [
                -123.39178266285282,
                48.46529067717744
              ],
              [
                -123.39183112062098,
                48.46545832806398
              ],
              [
                -123.39185964476111,
                48.46555700870621
              ],
              [
                -123.39200308928976,
                48.46551846871192
              ],
              [
                -123.39204235255323,
                48.46550794493979
              ],
              [
                -123.39230589689765,
                48.465437310700445
              ],
              [
                -123.39257222823169,
                48.465365928638604
              ],
              [
                -123.39280998910273,
                48.46530220321646
              ],
              [
                -123.39310954607268,
                48.46522191334391
              ],
              [
                -123.39328872773949,
                48.465273031855546
              ]
            ]
          ],
          [
            [
              [
                -123.39168008268327,
                48.46533403489796
              ],
              [
                -123.39156535114411,
                48.465411119122955
              ],
              [
                -123.39145373795567,
                48.46549265316484
              ],
              [
                -123.3913454156029,
                48.46557851102242
              ],
              [
                -123.39124055148514,
                48.46566856001257
              ],
              [
                -123.39113930765745,
                48.46576266097524
              ],
              [
                -123.39104184058017,
                48.46586066848855
              ],
              [
                -123.39101304914722,
                48.46589113752343
              ],
              [
                -123.39125422932075,
                48.465991500396626
              ],
              [
                -123.39167144953088,
                48.466165117715015
              ],
              [
                -123.39191021245551,
                48.466134800080056
              ],
              [
                -123.39174411822405,
                48.46555557570076
              ],
              [
                -123.39168008268327,
                48.46533403489796
              ]
            ]
          ],
          [
            [
              [
                -123.3880206824854,
                48.466511695709634
              ],
              [
                -123.38801356935228,
                48.46651257435588
              ],
              [
                -123.388168158402,
                48.46666010812676
              ],
              [
                -123.38859808202957,
                48.46660745928385
              ],
              [
                -123.38876989433025,
                48.466524375946584
              ],
              [
                -123.38879035322337,
                48.46651911047114
              ],
              [
                -123.38888365154936,
                48.46649509764223
              ],
              [
                -123.38914263958338,
                48.46652089232448
              ],
              [
                -123.3893880322588,
                48.46649647989176
              ],
              [
                -123.38973029743241,
                48.46644674222827
              ],
              [
                -123.39007423853646,
                48.46640289145917
              ],
              [
                -123.39041502294099,
                48.46634792712307
              ],
              [
                -123.39057129469745,
                48.466311769059516
              ],
              [
                -123.39081494395091,
                48.46628356838236
              ],
              [
                -123.39110570055787,
                48.46619995524261
              ],
              [
                -123.39105849902124,
                48.466180986418564
              ],
              [
                -123.39042207956656,
                48.46592521980309
              ],
              [
                -123.39021270917989,
                48.465837695975125
              ],
              [
                -123.38997181084666,
                48.46609212052747
              ],
              [
                -123.3901164762076,
                48.46615229891965
              ],
              [
                -123.3901814717096,
                48.466179336125926
              ],
              [
                -123.39015790194253,
                48.466204229217574
              ],
              [
                -123.39013686282709,
                48.46620524066919
              ],
              [
                -123.39009807856674,
                48.46621025182235
              ],
              [
                -123.3900588305354,
                48.466214412567616
              ],
              [
                -123.39002431021026,
                48.46622612241764
              ],
              [
                -123.38997646134433,
                48.46624215164721
              ],
              [
                -123.38992752415786,
                48.466259686956015
              ],
              [
                -123.38988194991285,
                48.466278093406416
              ],
              [
                -123.38984125065144,
                48.466294846866795
              ],
              [
                -123.38980612065237,
                48.46631122069157
              ],
              [
                -123.38976285835729,
                48.46634094673071
              ],
              [
                -123.38972891891133,
                48.46634779822537
              ],
              [
                -123.38970458569518,
                48.46635570665721
              ],
              [
                -123.38966714946405,
                48.466362765197296
              ],
              [
                -123.38962620844092,
                48.46636686315348
              ],
              [
                -123.38958020736789,
                48.46636611652597
              ],
              [
                -123.38952357863221,
                48.466366956842144
              ],
              [
                -123.38946096289001,
                48.46636167549389
              ],
              [
                -123.38939852698884,
                48.46635514389221
              ],
              [
                -123.38934684521917,
                48.46635064596685
              ],
              [
                -123.38929746313866,
                48.46636470897175
              ],
              [
                -123.38927005083185,
                48.466373497686035
              ],
              [
                -123.38922173391063,
                48.466380732327025
              ],
              [
                -123.38915380723498,
                48.4663788343548
              ],
              [
                -123.38908720134604,
                48.46637734841436
              ],
              [
                -123.38902224361472,
                48.46638494690652
              ],
              [
                -123.38897443407978,
                48.46639449992049
              ],
              [
                -123.38892129107616,
                48.46642113635779
              ],
              [
                -123.38886746082035,
                48.466452557620386
              ],
              [
                -123.38884752791667,
                48.466466639680775
              ],
              [
                -123.38882006093006,
                48.46648316364456
              ],
              [
                -123.38880312983373,
                48.466493697241106
              ],
              [
                -123.38883432185659,
                48.466411216508966
              ],
              [
                -123.3880206824854,
                48.466511695709634
              ]
            ]
          ],
          [
            [
              [
                -123.3843023952299,
                48.465816495785404
              ],
              [
                -123.38442939575987,
                48.466269212583235
              ],
              [
                -123.38450493825898,
                48.4665384659273
              ],
              [
                -123.38455418388138,
                48.46671636058232
              ],
              [
                -123.38461190974772,
                48.466917407195815
              ],
              [
                -123.38504320407174,
                48.46678981110706
              ],
              [
                -123.38565814296682,
                48.46671270896985
              ],
              [
                -123.38562104376344,
                48.46658151169079
              ],
              [
                -123.3855706564316,
                48.4664035637329
              ],
              [
                -123.38552284989913,
                48.466234275209914
              ],
              [
                -123.38547504504065,
                48.466064986656676
              ],
              [
                -123.38546972104284,
                48.46604613167495
              ],
              [
                -123.38542384904808,
                48.46588426321498
              ],
              [
                -123.38537793704201,
                48.465722252721996
              ],
              [
                -123.38536726247416,
                48.46568458691882
              ],
              [
                -123.3843023952299,
                48.465816495785404
              ]
            ]
          ],
          [
            [
              [
                -123.399074110909,
                48.4670902529959
              ],
              [
                -123.3992993162246,
                48.46718863558517
              ],
              [
                -123.39963990745284,
                48.46733778550551
              ],
              [
                -123.39993797957483,
                48.46703531140068
              ],
              [
                -123.39982516188006,
                48.466986005027216
              ],
              [
                -123.39959814706208,
                48.46688633155395
              ],
              [
                -123.39937122970171,
                48.46678724116517
              ],
              [
                -123.399074110909,
                48.4670902529959
              ]
            ]
          ],
          [
            [
              [
                -123.38880862683804,
                48.467127964553896
              ],
              [
                -123.38842810363963,
                48.467322528829335
              ],
              [
                -123.38828223608624,
                48.46734043910444
              ],
              [
                -123.38833001925431,
                48.467514188787334
              ],
              [
                -123.3885821857183,
                48.467465018512684
              ],
              [
                -123.38882108933942,
                48.46741843399629
              ],
              [
                -123.38902709065192,
                48.467378265832004
              ],
              [
                -123.38899891349809,
                48.46728422283276
              ],
              [
                -123.38894456547317,
                48.467102828806425
              ],
              [
                -123.38880862683804,
                48.467127964553896
              ]
            ]
          ],
          [
            [
              [
                -123.39651550248128,
                48.467703069440184
              ],
              [
                -123.39674285941261,
                48.46780250939206
              ],
              [
                -123.39697021858358,
                48.46790194888603
              ],
              [
                -123.39719757864138,
                48.46800138792672
              ],
              [
                -123.397424939586,
                48.46810082651414
              ],
              [
                -123.39765230141747,
                48.46820026464829
              ],
              [
                -123.39795110314043,
                48.467897941668134
              ],
              [
                -123.3977237144473,
                48.4677986031737
              ],
              [
                -123.39749632528739,
                48.467699264230525
              ],
              [
                -123.39726893836632,
                48.46759992482934
              ],
              [
                -123.39704155097849,
                48.467500584979426
              ],
              [
                -123.3968141658295,
                48.46740124467148
              ],
              [
                -123.39658677886092,
                48.46730190391949
              ],
              [
                -123.39643849103398,
                48.466591665983735
              ],
              [
                -123.39636652255184,
                48.4662469582438
              ],
              [
                -123.3962721475487,
                48.46626978521762
              ],
              [
                -123.39570987310908,
                48.4663418536512
              ],
              [
                -123.39529996285638,
                48.46651450665482
              ],
              [
                -123.39497421153149,
                48.46648969897201
              ],
              [
                -123.39482392836494,
                48.466501419729035
              ],
              [
                -123.3948764112188,
                48.46668163797365
              ],
              [
                -123.39495235886498,
                48.46693697183648
              ],
              [
                -123.39500442776534,
                48.46711201845524
              ],
              [
                -123.39540875394178,
                48.46705882475897
              ],
              [
                -123.39548341076531,
                48.46714517374557
              ],
              [
                -123.39557585781228,
                48.46725209945974
              ],
              [
                -123.39570323011469,
                48.467399418865526
              ],
              [
                -123.39583060451598,
                48.467546739019554
              ],
              [
                -123.39588607330697,
                48.46761089464393
              ],
              [
                -123.3959140897544,
                48.467623136941505
              ],
              [
                -123.39609266148321,
                48.467701165235624
              ],
              [
                -123.39616158228691,
                48.4677312803405
              ],
              [
                -123.39628814508396,
                48.4676036290397
              ],
              [
                -123.39651550248128,
                48.467703069440184
              ]
            ]
          ],
          [
            [
              [
                -123.39787278097191,
                48.46764745183089
              ],
              [
                -123.3980999727193,
                48.46774673943442
              ],
              [
                -123.39832716534443,
                48.46784602568573
              ],
              [
                -123.39855435886142,
                48.46794531238408
              ],
              [
                -123.3987815532632,
                48.468044598629774
              ],
              [
                -123.39892198518321,
                48.46810596814804
              ],
              [
                -123.39900874989561,
                48.468143883518565
              ],
              [
                -123.39923594606704,
                48.46824316885905
              ],
              [
                -123.39938492254578,
                48.46809181075966
              ],
              [
                -123.39953389143247,
                48.46794045968638
              ],
              [
                -123.39933966564536,
                48.467855588048955
              ],
              [
                -123.3993067653209,
                48.467841211571894
              ],
              [
                -123.3990796400935,
                48.46774196300509
              ],
              [
                -123.39937784836498,
                48.467439392742335
              ],
              [
                -123.39915082803337,
                48.46734019792518
              ],
              [
                -123.39885251710312,
                48.467642713981256
              ],
              [
                -123.39862539364414,
                48.467543464509745
              ],
              [
                -123.39839827242216,
                48.46744421458125
              ],
              [
                -123.39817115073156,
                48.46734496420508
              ],
              [
                -123.39794397703965,
                48.467245697365804
              ],
              [
                -123.39771687210373,
                48.467146459527854
              ],
              [
                -123.39749018207783,
                48.46704740243625
              ],
              [
                -123.39726287936098,
                48.46694807621787
              ],
              [
                -123.3970355775297,
                48.46684874954648
              ],
              [
                -123.39673641062554,
                48.46715082136208
              ],
              [
                -123.39741840013158,
                48.46744887526598
              ],
              [
                -123.39764559010936,
                48.46754816377473
              ],
              [
                -123.39787278097191,
                48.46764745183089
              ]
            ]
          ],
          [
            [
              [
                -123.38492655300502,
                48.46907373085209
              ],
              [
                -123.38494592323035,
                48.46906865203774
              ],
              [
                -123.3849656644259,
                48.469065292695255
              ],
              [
                -123.38507816299823,
                48.46905100690785
              ],
              [
                -123.3853394673349,
                48.4690178251099
              ],
              [
                -123.38558239128132,
                48.46898697770579
              ],
              [
                -123.38582531357748,
                48.46895612979408
              ],
              [
                -123.3862707615689,
                48.46889956105801
              ],
              [
                -123.38626122197016,
                48.46886633850581
              ],
              [
                -123.38622503586654,
                48.468739646537315
              ],
              [
                -123.38646413421037,
                48.468709975150404
              ],
              [
                -123.38649566690616,
                48.468706065555644
              ],
              [
                -123.38687628766122,
                48.46865887505838
              ],
              [
                -123.38710893296465,
                48.4686300310058
              ],
              [
                -123.3874303151748,
                48.468590182904094
              ],
              [
                -123.38778526351398,
                48.468546172401176
              ],
              [
                -123.38828876488262,
                48.468483718059005
              ],
              [
                -123.38830091962592,
                48.46848220612855
              ],
              [
                -123.38801874072307,
                48.467475596558586
              ],
              [
                -123.38799102227314,
                48.46737671436339
              ],
              [
                -123.38752190623796,
                48.46743427452233
              ],
              [
                -123.38754955579591,
                48.46753328571047
              ],
              [
                -123.38761879488675,
                48.467781222146584
              ],
              [
                -123.38719140094825,
                48.467992674493544
              ],
              [
                -123.38690777943059,
                48.46816623467105
              ],
              [
                -123.38669305350297,
                48.4681929660204
              ],
              [
                -123.38663312509934,
                48.468175372324296
              ],
              [
                -123.38645926667292,
                48.468124332657816
              ],
              [
                -123.3861175224742,
                48.467899043756
              ],
              [
                -123.38599781653981,
                48.46746724467034
              ],
              [
                -123.3858821233279,
                48.46748202698432
              ],
              [
                -123.38587542003826,
                48.467482741287796
              ],
              [
                -123.38557759263787,
                48.467556014426215
              ],
              [
                -123.38552600406811,
                48.467573581930004
              ],
              [
                -123.38548543625573,
                48.467573542380734
              ],
              [
                -123.38537956516846,
                48.467573437209005
              ],
              [
                -123.38521123181285,
                48.46759114801833
              ],
              [
                -123.38523360785332,
                48.467655331355964
              ],
              [
                -123.38520390098107,
                48.46772935123085
              ],
              [
                -123.3852355096974,
                48.46782009724849
              ],
              [
                -123.38542964930232,
                48.467790062980164
              ],
              [
                -123.38553798046895,
                48.4679384271861
              ],
              [
                -123.38562537521689,
                48.46806049816479
              ],
              [
                -123.38568580070239,
                48.468155536879415
              ],
              [
                -123.38572692462716,
                48.4681924789365
              ],
              [
                -123.38578230466393,
                48.46824222915784
              ],
              [
                -123.38604076017526,
                48.46839162527972
              ],
              [
                -123.38614498825496,
                48.46845187139497
              ],
              [
                -123.38618526159853,
                48.46859665688537
              ],
              [
                -123.38620043805003,
                48.46865121726234
              ],
              [
                -123.38609210803693,
                48.46875617103069
              ],
              [
                -123.38598089889027,
                48.46876999556579
              ],
              [
                -123.38567948368063,
                48.46880746421435
              ],
              [
                -123.3855212995424,
                48.468827126982006
              ],
              [
                -123.3853808725828,
                48.46884458261694
              ],
              [
                -123.38524092534703,
                48.46886197889723
              ],
              [
                -123.38510104288957,
                48.468879366693685
              ],
              [
                -123.38496122926902,
                48.46889674599291
              ],
              [
                -123.38482146691226,
                48.46891411865325
              ],
              [
                -123.38475852549745,
                48.468921941899495
              ],
              [
                -123.38476261277681,
                48.46893557588697
              ],
              [
                -123.38476683335662,
                48.46894168689542
              ],
              [
                -123.38477197018321,
                48.46894705073089
              ],
              [
                -123.384777893082,
                48.468951531466104
              ],
              [
                -123.3847844519583,
                48.468955015552815
              ],
              [
                -123.38479148060073,
                48.468957414699275
              ],
              [
                -123.38479880089346,
                48.468958668107675
              ],
              [
                -123.38480622732978,
                48.468958744014856
              ],
              [
                -123.38481357171315,
                48.46895764049721
              ],
              [
                -123.38482064792638,
                48.46895538551946
              ],
              [
                -123.38483900639697,
                48.46894965725684
              ],
              [
                -123.38492655300502,
                48.46907373085209
              ]
            ]
          ]
        ]
      },
      "properties": {
        "OBJECTID": 220,
        "PARK": "SWAN CREEK PARK",
        "PARKTYPE": "Municipal",
        "PARKADMINISTRATOR": "District of Saanich",
        "LOCATION": null,
        "_crosscheckSource": "https://map.saanich.ca/server/rest/services/MAPS/SaanichBaseMap/MapServer/26"
      }
    },
    {
      "type": "Feature",
      "id": 163,
      "geometry": {
        "type": "MultiPolygon",
        "coordinates": [
          [
            [
              [
                -123.39455949271708,
                48.44471086409014
              ],
              [
                -123.39470036190772,
                48.44515941498531
              ],
              [
                -123.39472414272136,
                48.44522122272151
              ],
              [
                -123.39475417335245,
                48.44528024716176
              ],
              [
                -123.3947901332969,
                48.4453358583634
              ],
              [
                -123.39483163876952,
                48.44538746281179
              ],
              [
                -123.39501546518876,
                48.445598352800424
              ],
              [
                -123.39502283231161,
                48.44560666345586
              ],
              [
                -123.39506675554678,
                48.44565089937309
              ],
              [
                -123.3951139294634,
                48.4456916509197
              ],
              [
                -123.39516407840634,
                48.445728679968894
              ],
              [
                -123.3952169093362,
                48.44576177014585
              ],
              [
                -123.39522785779334,
                48.44576809735316
              ],
              [
                -123.39523331467974,
                48.445771182465194
              ],
              [
                -123.39530737244858,
                48.44580882700601
              ],
              [
                -123.39538396708906,
                48.44584099726606
              ],
              [
                -123.39546269459564,
                48.44586752356033
              ],
              [
                -123.39548235729966,
                48.44587328134456
              ],
              [
                -123.39559217501929,
                48.44577509613282
              ],
              [
                -123.39554075259655,
                48.445764110237484
              ],
              [
                -123.39552600250289,
                48.44576044132516
              ],
              [
                -123.39549955183898,
                48.4457522010668
              ],
              [
                -123.39548251126061,
                48.44574630877313
              ],
              [
                -123.39543674445574,
                48.44572728902172
              ],
              [
                -123.39539094355149,
                48.445703479907465
              ],
              [
                -123.39535727044446,
                48.44568663570725
              ],
              [
                -123.39531678078829,
                48.445668231245506
              ],
              [
                -123.39527056228859,
                48.44563605400639
              ],
              [
                -123.39521391725516,
                48.4455981632223
              ],
              [
                -123.3951901571448,
                48.44558089560543
              ],
              [
                -123.39518372974007,
                48.445569405346475
              ],
              [
                -123.39517646112904,
                48.445554850783665
              ],
              [
                -123.39516741285854,
                48.445541492513655
              ],
              [
                -123.39514037812292,
                48.445517783045005
              ],
              [
                -123.39511918206887,
                48.445492861260995
              ],
              [
                -123.3950916825844,
                48.44546468925085
              ],
              [
                -123.3950641668926,
                48.44543443448462
              ],
              [
                -123.39504362629991,
                48.44541488157898
              ],
              [
                -123.39502762387751,
                48.44539349922657
              ],
              [
                -123.39499829407691,
                48.445359977683914
              ],
              [
                -123.39498206050494,
                48.44534277601044
              ],
              [
                -123.39495992083806,
                48.4453136928933
              ],
              [
                -123.39495086343962,
                48.44529914445473
              ],
              [
                -123.39494766609087,
                48.44529052676018
              ],
              [
                -123.3949308804549,
                48.44527048446961
              ],
              [
                -123.39491999141381,
                48.44523974212552
              ],
              [
                -123.39490090392997,
                48.445200532112885
              ],
              [
                -123.39488778704435,
                48.445181534485386
              ],
              [
                -123.39487465410768,
                48.445160454106286
              ],
              [
                -123.39486332381838,
                48.44514115278596
              ],
              [
                -123.3948597531376,
                48.445123337041935
              ],
              [
                -123.39485730474662,
                48.445114692259374
              ],
              [
                -123.39485274725003,
                48.445103698863925
              ],
              [
                -123.39484764573348,
                48.44508021056017
              ],
              [
                -123.39484166357758,
                48.44505851057925
              ],
              [
                -123.39483474782355,
                48.44503175556794
              ],
              [
                -123.39482745863376,
                48.445014523127966
              ],
              [
                -123.39481750923647,
                48.44500027529816
              ],
              [
                -123.39481283817105,
                48.44498367718188
              ],
              [
                -123.39480580137037,
                48.44496687177118
              ],
              [
                -123.39479749789253,
                48.4449341707183
              ],
              [
                -123.39478922440242,
                48.444905337556314
              ],
              [
                -123.39477915743677,
                48.444875915482854
              ],
              [
                -123.39476694382013,
                48.444835861551944
              ],
              [
                -123.39476846108384,
                48.444822989815364
              ],
              [
                -123.39477283406863,
                48.44481018047961
              ],
              [
                -123.39478115815892,
                48.44478783635494
              ],
              [
                -123.39480635167983,
                48.44474936703484
              ],
              [
                -123.39482359694041,
                48.44472401687295
              ],
              [
                -123.39484279261134,
                48.44470759732154
              ],
              [
                -123.39486677337318,
                48.444697685057676
              ],
              [
                -123.3948930988341,
                48.44468985868166
              ],
              [
                -123.394916432109,
                48.44468565809765
              ],
              [
                -123.3949301666284,
                48.44468318556152
              ],
              [
                -123.39497035790244,
                48.44467560908665
              ],
              [
                -123.39500379364904,
                48.444671330347575
              ],
              [
                -123.39502845833721,
                48.44467064899279
              ],
              [
                -123.39505036701556,
                48.44466997872411
              ],
              [
                -123.39507136976438,
                48.444667823819124
              ],
              [
                -123.39508610459988,
                48.44466479780598
              ],
              [
                -123.39509858033728,
                48.44465880411876
              ],
              [
                -123.3951199517656,
                48.444646531584716
              ],
              [
                -123.39514117159793,
                48.44462296500683
              ],
              [
                -123.39515068002642,
                48.44460819016556
              ],
              [
                -123.39515979446043,
                48.444594027483376
              ],
              [
                -123.39517746587083,
                48.44456599787961
              ],
              [
                -123.39518533335867,
                48.44454246505377
              ],
              [
                -123.39519383386468,
                48.444518291469684
              ],
              [
                -123.39519604154667,
                48.44451133127023
              ],
              [
                -123.39519784078962,
                48.4445056588061
              ],
              [
                -123.39519844952912,
                48.44450373961482
              ],
              [
                -123.39520147383055,
                48.44449004232681
              ],
              [
                -123.395203158731,
                48.444476647198044
              ],
              [
                -123.39521007401262,
                48.44444567909764
              ],
              [
                -123.39521439837871,
                48.444426621607384
              ],
              [
                -123.39521649819126,
                48.444409059442584
              ],
              [
                -123.39521602927277,
                48.44439015527275
              ],
              [
                -123.39521357949269,
                48.44437872023265
              ],
              [
                -123.39521377511365,
                48.4443462875219
              ],
              [
                -123.3952096602281,
                48.44433469755593
              ],
              [
                -123.39520416909994,
                48.444318649145394
              ],
              [
                -123.39518783645437,
                48.44428865355835
              ],
              [
                -123.39517870360403,
                48.44427702273891
              ],
              [
                -123.39516850269729,
                48.444275330549104
              ],
              [
                -123.39514605782526,
                48.44427450285016
              ],
              [
                -123.39513897786856,
                48.444274241745376
              ],
              [
                -123.39512113575714,
                48.44428025386247
              ],
              [
                -123.39510418340983,
                48.44428566780263
              ],
              [
                -123.39508727951966,
                48.44429732999024
              ],
              [
                -123.39506858454475,
                48.444308700708106
              ],
              [
                -123.39505701447153,
                48.44432317499614
              ],
              [
                -123.39504737006503,
                48.444341205573295
              ],
              [
                -123.3950389584839,
                48.44435224348193
              ],
              [
                -123.39502917066925,
                48.4443588229997
              ],
              [
                -123.39501964673417,
                48.4443625836778
              ],
              [
                -123.39501400714133,
                48.44436423078616
              ],
              [
                -123.39501024608877,
                48.44436454417935
              ],
              [
                -123.39500283386458,
                48.444365161760366
              ],
              [
                -123.39499847860793,
                48.444364212451525
              ],
              [
                -123.39498670673477,
                48.44436164662206
              ],
              [
                -123.39497865079123,
                48.44435905161915
              ],
              [
                -123.3949698734965,
                48.44435622422616
              ],
              [
                -123.3949646732827,
                48.444355003703464
              ],
              [
                -123.39495040446828,
                48.44435165480286
              ],
              [
                -123.3949378803462,
                48.444351400280425
              ],
              [
                -123.39492307530966,
                48.444355030069374
              ],
              [
                -123.39490978705554,
                48.4443619106023
              ],
              [
                -123.39490093051282,
                48.44437324758738
              ],
              [
                -123.39489237033925,
                48.44438561809767
              ],
              [
                -123.3948923219324,
                48.44438650368941
              ],
              [
                -123.39489211778985,
                48.44439023771822
              ],
              [
                -123.39488634797738,
                48.444395910757244
              ],
              [
                -123.39487833506826,
                48.444400698926046
              ],
              [
                -123.39485915126009,
                48.4444067156061
              ],
              [
                -123.3948167564579,
                48.444418465156964
              ],
              [
                -123.39480563963095,
                48.44442047696193
              ],
              [
                -123.39479572788643,
                48.444422270683354
              ],
              [
                -123.3947784072556,
                48.4444328787389
              ],
              [
                -123.39474459460848,
                48.444455607856234
              ],
              [
                -123.39469837543834,
                48.44449325665604
              ],
              [
                -123.39467569914748,
                48.444510294261
              ],
              [
                -123.39466525562088,
                48.44451905866299
              ],
              [
                -123.39465755404899,
                48.4445349334455
              ],
              [
                -123.39464908927384,
                48.444550672635756
              ],
              [
                -123.39464012388686,
                48.44457105523696
              ],
              [
                -123.39463249521387,
                48.444597640116896
              ],
              [
                -123.39462915018954,
                48.44460929718047
              ],
              [
                -123.39462602709403,
                48.44462180466553
              ],
              [
                -123.39461647524776,
                48.44463576233518
              ],
              [
                -123.39460529263785,
                48.44464282858745
              ],
              [
                -123.39459990259417,
                48.44464403134783
              ],
              [
                -123.39458703402967,
                48.44464550366815
              ],
              [
                -123.39456450289339,
                48.44464665206698
              ],
              [
                -123.3945495322195,
                48.44464634775037
              ],
              [
                -123.39454947389532,
                48.44464634654462
              ],
              [
                -123.39451935010023,
                48.44465329161002
              ],
              [
                -123.39451305342614,
                48.444655754680916
              ],
              [
                -123.39450076298374,
                48.44466258074657
              ],
              [
                -123.39447722276715,
                48.44467402437373
              ],
              [
                -123.39435474883004,
                48.44461918084833
              ],
              [
                -123.39431887879054,
                48.44460311824502
              ],
              [
                -123.39401237891624,
                48.44446586693868
              ],
              [
                -123.39394403846354,
                48.44443526366259
              ],
              [
                -123.39378233546493,
                48.44435004797906
              ],
              [
                -123.39325264330152,
                48.44422876258633
              ],
              [
                -123.3931154305265,
                48.444172093679825
              ],
              [
                -123.39300902572107,
                48.444097910079925
              ],
              [
                -123.39292905009553,
                48.444014093655305
              ],
              [
                -123.39281940936513,
                48.44387844617052
              ],
              [
                -123.39281703412199,
                48.44386201669057
              ],
              [
                -123.39280804051899,
                48.443844646386935
              ],
              [
                -123.3927997662794,
                48.44382568473033
              ],
              [
                -123.39279836299357,
                48.443815377659
              ],
              [
                -123.3927933536175,
                48.44379863520647
              ],
              [
                -123.39278680677118,
                48.44378065204023
              ],
              [
                -123.392775454477,
                48.44376494143194
              ],
              [
                -123.39277079340485,
                48.44375251949016
              ],
              [
                -123.39275743637441,
                48.443714642125144
              ],
              [
                -123.39273505504025,
                48.443665224182304
              ],
              [
                -123.3927322325186,
                48.443657609437125
              ],
              [
                -123.39270702308505,
                48.44364212958314
              ],
              [
                -123.39268621645694,
                48.44362665291817
              ],
              [
                -123.39266879733157,
                48.44361050417808
              ],
              [
                -123.3926467010242,
                48.44359332239992
              ],
              [
                -123.39263409074152,
                48.443581227439054
              ],
              [
                -123.39262392092405,
                48.443574932188156
              ],
              [
                -123.39259019464951,
                48.443551983669636
              ],
              [
                -123.39257464302977,
                48.44353987888772
              ],
              [
                -123.39255786357285,
                48.44352653947192
              ],
              [
                -123.39253473650459,
                48.44350420894028
              ],
              [
                -123.3925156995627,
                48.443491295443856
              ],
              [
                -123.39249165351114,
                48.44347568477969
              ],
              [
                -123.39244749689469,
                48.44344858312697
              ],
              [
                -123.39243491525531,
                48.4434405904572
              ],
              [
                -123.39241606587673,
                48.443436572058594
              ],
              [
                -123.39239874983716,
                48.443433786461505
              ],
              [
                -123.39238277754953,
                48.443432340190824
              ],
              [
                -123.39237008261215,
                48.44342858525882
              ],
              [
                -123.39236004716908,
                48.4434272852911
              ],
              [
                -123.39234534865639,
                48.443423370583126
              ],
              [
                -123.3923150904321,
                48.44341548286492
              ],
              [
                -123.39229660089164,
                48.443410230978635
              ],
              [
                -123.3922808867593,
                48.443404576199946
              ],
              [
                -123.39222297207213,
                48.44339000857672
              ],
              [
                -123.39221139355789,
                48.44338553954727
              ],
              [
                -123.39218021297768,
                48.44337536408698
              ],
              [
                -123.39215475074421,
                48.44336466054809
              ],
              [
                -123.39212510394331,
                48.443350283927884
              ],
              [
                -123.3921040763126,
                48.44334020323265
              ],
              [
                -123.39207924169051,
                48.44332810403467
              ],
              [
                -123.39206009151363,
                48.443319681571374
              ],
              [
                -123.39203352941502,
                48.44330841868323
              ],
              [
                -123.39201812343981,
                48.44329902549777
              ],
              [
                -123.39198772222522,
                48.443279502031565
              ],
              [
                -123.39196479790579,
                48.44326478056516
              ],
              [
                -123.39194549949056,
                48.44325544026833
              ],
              [
                -123.39193354911708,
                48.44324828296914
              ],
              [
                -123.39192439680313,
                48.44324277807708
              ],
              [
                -123.39191034246994,
                48.44323485733302
              ],
              [
                -123.39190765705268,
                48.44322984130594
              ],
              [
                -123.39189454017038,
                48.44321193966975
              ],
              [
                -123.39188534675763,
                48.44319960774021
              ],
              [
                -123.39187288270304,
                48.44318308495597
              ],
              [
                -123.39186189822382,
                48.44317043198764
              ],
              [
                -123.39185319375395,
                48.44316079532093
              ],
              [
                -123.39184573776451,
                48.443153628781644
              ],
              [
                -123.39183492146421,
                48.44314034789976
              ],
              [
                -123.39182929887515,
                48.44313320300611
              ],
              [
                -123.39182466382493,
                48.44312731302496
              ],
              [
                -123.39181617952615,
                48.443121357767076
              ],
              [
                -123.39181585417442,
                48.443121129407416
              ],
              [
                -123.39180055846136,
                48.44311409374762
              ],
              [
                -123.39179393829943,
                48.44310914593634
              ],
              [
                -123.39178171917254,
                48.44310001356407
              ],
              [
                -123.39176178460328,
                48.44308259000862
              ],
              [
                -123.39174500394313,
                48.443069519304714
              ],
              [
                -123.39170474947288,
                48.44304983694724
              ],
              [
                -123.39170078759125,
                48.44304858675929
              ],
              [
                -123.39167081967265,
                48.44303913024045
              ],
              [
                -123.39162303705729,
                48.443026748114285
              ],
              [
                -123.39159938856953,
                48.44304910412914
              ],
              [
                -123.39179434958481,
                48.443145227816224
              ],
              [
                -123.39189255597722,
                48.443259482719846
              ],
              [
                -123.39200729674637,
                48.44333129908438
              ],
              [
                -123.39220158134525,
                48.44341026887165
              ],
              [
                -123.39222056388176,
                48.443392289528944
              ],
              [
                -123.39244515095274,
                48.443450836376016
              ],
              [
                -123.39268594246224,
                48.44362882302526
              ],
              [
                -123.39273137608633,
                48.44366645829531
              ],
              [
                -123.39281579635987,
                48.443879751470895
              ],
              [
                -123.39292551523889,
                48.444015495067426
              ],
              [
                -123.39300577832988,
                48.44409961234582
              ],
              [
                -123.39311280852213,
                48.444174232504935
              ],
              [
                -123.393250861592,
                48.44423124833883
              ],
              [
                -123.39378032044392,
                48.444352480277814
              ],
              [
                -123.39394163580839,
                48.44443749177699
              ],
              [
                -123.39449543102121,
                48.444685481655995
              ],
              [
                -123.39449773146958,
                48.44468320777335
              ],
              [
                -123.39455949271708,
                48.44471086409014
              ]
            ]
          ],
          [
            [
              [
                -123.39643847418724,
                48.446926164720644
              ],
              [
                -123.39681540087032,
                48.44703451760194
              ],
              [
                -123.39719232881106,
                48.44714286901858
              ],
              [
                -123.39756925834752,
                48.44725121896934
              ],
              [
                -123.39794618914158,
                48.44735956745536
              ],
              [
                -123.39832312186944,
                48.44746791447432
              ],
              [
                -123.398661105771,
                48.44756162224443
              ],
              [
                -123.398769610758,
                48.447587100497174
              ],
              [
                -123.39887951942589,
                48.447605608827466
              ],
              [
                -123.39899038452891,
                48.447617071920305
              ],
              [
                -123.39910175492938,
                48.4476214431295
              ],
              [
                -123.39921317743335,
                48.44761870466751
              ],
              [
                -123.39986237346078,
                48.44758552488489
              ],
              [
                -123.3999127521406,
                48.44758955916565
              ],
              [
                -123.39996319921765,
                48.44758649661463
              ],
              [
                -123.40001271989209,
                48.44757639762435
              ],
              [
                -123.40006033763244,
                48.447559461343594
              ],
              [
                -123.40010511343245,
                48.44753602175026
              ],
              [
                -123.40014616432799,
                48.447506541065465
              ],
              [
                -123.40018268080887,
                48.44747160063864
              ],
              [
                -123.40021394278202,
                48.44743188948359
              ],
              [
                -123.4002393337716,
                48.447388190691264
              ],
              [
                -123.40025835307556,
                48.44734136598755
              ],
              [
                -123.4002706256395,
                48.44729233874027
              ],
              [
                -123.40027590945246,
                48.44724207575068
              ],
              [
                -123.40013498673952,
                48.44658903522396
              ],
              [
                -123.40016011731369,
                48.44648145106272
              ],
              [
                -123.40016644331469,
                48.44645436885354
              ],
              [
                -123.40015523930548,
                48.44645340307005
              ],
              [
                -123.40014814853201,
                48.44645257080754
              ],
              [
                -123.4001395573271,
                48.44645202940078
              ],
              [
                -123.40012796638081,
                48.446452212521244
              ],
              [
                -123.40011337448624,
                48.44645297735258
              ],
              [
                -123.4000755906018,
                48.44645282307213
              ],
              [
                -123.40005517359279,
                48.44644989483645
              ],
              [
                -123.40002854234822,
                48.446448416394226
              ],
              [
                -123.40001736279294,
                48.44644631295967
              ],
              [
                -123.4000014717601,
                48.44644565409633
              ],
              [
                -123.39998171213497,
                48.4464444373981
              ],
              [
                -123.39996365423812,
                48.446441215251376
              ],
              [
                -123.39994819133739,
                48.4464404120731
              ],
              [
                -123.39993250712577,
                48.44643875274417
              ],
              [
                -123.39991676407443,
                48.44643780175545
              ],
              [
                -123.39990506101638,
                48.446435557084676
              ],
              [
                -123.39988063700028,
                48.44642992939428
              ],
              [
                -123.39985706211438,
                48.4464267324171
              ],
              [
                -123.39983555398318,
                48.44642939937778
              ],
              [
                -123.3998249123017,
                48.446433271000494
              ],
              [
                -123.39981422150686,
                48.44643873528779
              ],
              [
                -123.39980314060834,
                48.44644919967211
              ],
              [
                -123.39980079159177,
                48.44645077884846
              ],
              [
                -123.39979822678615,
                48.4464522159548
              ],
              [
                -123.39979416042573,
                48.44645380109707
              ],
              [
                -123.3997852541378,
                48.446467828359225
              ],
              [
                -123.39977587936247,
                48.44647685861779
              ],
              [
                -123.39975794529524,
                48.44651676764458
              ],
              [
                -123.39971489280602,
                48.44654510033148
              ],
              [
                -123.39966755259965,
                48.446576447104654
              ],
              [
                -123.39961593568489,
                48.446609950946744
              ],
              [
                -123.39958928128524,
                48.44663289469294
              ],
              [
                -123.39957923305342,
                48.446644494765295
              ],
              [
                -123.39957541475123,
                48.44664972419979
              ],
              [
                -123.39956099182676,
                48.44665834345286
              ],
              [
                -123.39955796463255,
                48.44666013920819
              ],
              [
                -123.39954010727627,
                48.44666424778044
              ],
              [
                -123.39952545781426,
                48.44666679798211
              ],
              [
                -123.39950830204211,
                48.446669118868634
              ],
              [
                -123.39948739321201,
                48.44667192880852
              ],
              [
                -123.39946363525142,
                48.44667641490053
              ],
              [
                -123.39944507349028,
                48.44668195409916
              ],
              [
                -123.39943331578174,
                48.446687995356584
              ],
              [
                -123.39942494837122,
                48.44669344951911
              ],
              [
                -123.39941035582235,
                48.44670325952409
              ],
              [
                -123.39940182038897,
                48.44670983506458
              ],
              [
                -123.39938884064854,
                48.44671999651847
              ],
              [
                -123.39938600076226,
                48.44672286276626
              ],
              [
                -123.39937960641466,
                48.44672871677656
              ],
              [
                -123.39936466449134,
                48.446739599135206
              ],
              [
                -123.39935364411089,
                48.44674868263853
              ],
              [
                -123.39932911577084,
                48.44676900056784
              ],
              [
                -123.39931863111829,
                48.44677796322997
              ],
              [
                -123.39931331290178,
                48.446784170551524
              ],
              [
                -123.3993060362392,
                48.44679157479401
              ],
              [
                -123.39929127218393,
                48.44680233754696
              ],
              [
                -123.39927011468312,
                48.446819073221604
              ],
              [
                -123.39926373057226,
                48.44682623640703
              ],
              [
                -123.39924294853121,
                48.446845232103136
              ],
              [
                -123.3992269583826,
                48.44685933157741
              ],
              [
                -123.3992015270304,
                48.44687858146458
              ],
              [
                -123.39919584077398,
                48.44688348084007
              ],
              [
                -123.39918443086518,
                48.44688851910394
              ],
              [
                -123.3991817577528,
                48.44688983759324
              ],
              [
                -123.39917764505721,
                48.44689008987258
              ],
              [
                -123.39916910618376,
                48.44688856624275
              ],
              [
                -123.39915865361766,
                48.44688646621972
              ],
              [
                -123.39913033554878,
                48.44687978050473
              ],
              [
                -123.39911437498505,
                48.44687483717187
              ],
              [
                -123.39910470179117,
                48.44687320445249
              ],
              [
                -123.39909057959673,
                48.44687456264423
              ],
              [
                -123.39907127517182,
                48.4468766528465
              ],
              [
                -123.3990630554611,
                48.44687787153167
              ],
              [
                -123.39905912821258,
                48.4468789562968
              ],
              [
                -123.39905359933233,
                48.446881117762565
              ],
              [
                -123.39905164927008,
                48.44688338585356
              ],
              [
                -123.39904987897492,
                48.44688577230005
              ],
              [
                -123.39904703160133,
                48.4468876864534
              ],
              [
                -123.39904203015469,
                48.44688865590763
              ],
              [
                -123.39903507661097,
                48.44689165544548
              ],
              [
                -123.39902920022914,
                48.44689512727591
              ],
              [
                -123.3990231496733,
                48.44689919482911
              ],
              [
                -123.39901904350255,
                48.44690028021325
              ],
              [
                -123.39900733198085,
                48.44690478578732
              ],
              [
                -123.39900245786528,
                48.44690688363548
              ],
              [
                -123.39899727741208,
                48.44690785376461
              ],
              [
                -123.39899244733982,
                48.446907870510564
              ],
              [
                -123.39898688302777,
                48.44690550943771
              ],
              [
                -123.39898148178806,
                48.44690112454027
              ],
              [
                -123.39897369993044,
                48.44688972595074
              ],
              [
                -123.39896037809041,
                48.44687906066439
              ],
              [
                -123.39894096451269,
                48.44686722625564
              ],
              [
                -123.3989172464507,
                48.44685397862471
              ],
              [
                -123.39889637196544,
                48.4468383408246
              ],
              [
                -123.39887406266291,
                48.44682223190963
              ],
              [
                -123.39885424477588,
                48.44680444808936
              ],
              [
                -123.3988196523284,
                48.446775910771095
              ],
              [
                -123.39880655836708,
                48.44676620066875
              ],
              [
                -123.39874711768128,
                48.44673164996908
              ],
              [
                -123.39868665811244,
                48.44668687120542
              ],
              [
                -123.39866715338513,
                48.446663373483396
              ],
              [
                -123.39863475178468,
                48.44663777813801
              ],
              [
                -123.39859256719326,
                48.44659650645428
              ],
              [
                -123.39857176578109,
                48.4465444492286
              ],
              [
                -123.39855804614407,
                48.446506016079894
              ],
              [
                -123.39854508480542,
                48.446454684142054
              ],
              [
                -123.39851880120632,
                48.4464107390399
              ],
              [
                -123.39850144814156,
                48.446364977706224
              ],
              [
                -123.39849675706591,
                48.446337025090045
              ],
              [
                -123.39847059925806,
                48.4463091467473
              ],
              [
                -123.39846154300753,
                48.446294896142334
              ],
              [
                -123.39838804461412,
                48.44627551284584
              ],
              [
                -123.39834683950701,
                48.446267919380446
              ],
              [
                -123.39827866257184,
                48.44626159627257
              ],
              [
                -123.39818848216274,
                48.446255724694616
              ],
              [
                -123.39813400296,
                48.446243535499605
              ],
              [
                -123.3980609564512,
                48.446236171119466
              ],
              [
                -123.39800791590831,
                48.44622492894437
              ],
              [
                -123.39794910624941,
                48.44620799396577
              ],
              [
                -123.39788045619227,
                48.446182936235935
              ],
              [
                -123.39784202085245,
                48.44617907618095
              ],
              [
                -123.39778745490953,
                48.446178669740206
              ],
              [
                -123.39773375558939,
                48.44617468973182
              ],
              [
                -123.3976415857096,
                48.44616965250504
              ],
              [
                -123.39758340951244,
                48.44616509283226
              ],
              [
                -123.3975287878566,
                48.44615754548045
              ],
              [
                -123.39745387563629,
                48.44614386030687
              ],
              [
                -123.39740776752564,
                48.44613243040123
              ],
              [
                -123.39736048498713,
                48.44612545268857
              ],
              [
                -123.39731314127683,
                48.44611062003243
              ],
              [
                -123.39725943556715,
                48.446105806747845
              ],
              [
                -123.39721750868368,
                48.44609738229268
              ],
              [
                -123.3971605941344,
                48.44609400817747
              ],
              [
                -123.39711973504195,
                48.44608486590352
              ],
              [
                -123.39705929280973,
                48.44606014596819
              ],
              [
                -123.39701713798019,
                48.44605025877518
              ],
              [
                -123.39697775455002,
                48.44604682414479
              ],
              [
                -123.39693480265572,
                48.44604459193508
              ],
              [
                -123.39689452482062,
                48.44604116036112
              ],
              [
                -123.39684716737555,
                48.44603882416484
              ],
              [
                -123.39683815165701,
                48.44603837939482
              ],
              [
                -123.39677996177329,
                48.446032034117856
              ],
              [
                -123.39671991810565,
                48.446017364038745
              ],
              [
                -123.3966468281486,
                48.44600137805996
              ],
              [
                -123.39659927429055,
                48.445996951930546
              ],
              [
                -123.3965713454592,
                48.44599419178355
              ],
              [
                -123.39652543132482,
                48.44597911586301
              ],
              [
                -123.39646803128468,
                48.445959318878
              ],
              [
                -123.39642904635414,
                48.4459468576115
              ],
              [
                -123.39641351205228,
                48.445941892193176
              ],
              [
                -123.39634970554603,
                48.445926401805295
              ],
              [
                -123.39630529298734,
                48.44592036588676
              ],
              [
                -123.39625593438942,
                48.4459125176534
              ],
              [
                -123.39614165838265,
                48.44588574796457
              ],
              [
                -123.39609434671314,
                48.44587496127124
              ],
              [
                -123.3960642379209,
                48.44586792391557
              ],
              [
                -123.39603702098262,
                48.44586468510475
              ],
              [
                -123.39600548853076,
                48.44585860474507
              ],
              [
                -123.3959528673825,
                48.44585119246857
              ],
              [
                -123.39589237402005,
                48.44582212306968
              ],
              [
                -123.39505456934002,
                48.446528332327446
              ],
              [
                -123.39530770407681,
                48.446601100654206
              ],
              [
                -123.39568462527903,
                48.44670945568625
              ],
              [
                -123.39606154910167,
                48.44681781059842
              ],
              [
                -123.39643847418724,
                48.446926164720644
              ]
            ]
          ]
        ]
      },
      "properties": {
        "OBJECTID": 163,
        "PARK": "GORGE PARK",
        "PARKTYPE": "Municipal",
        "PARKADMINISTRATOR": "District of Saanich",
        "LOCATION": null,
        "_crosscheckSource": "https://map.saanich.ca/server/rest/services/MAPS/SaanichBaseMap/MapServer/26"
      }
    },
    {
      "type": "Feature",
      "id": 298,
      "geometry": {
        "type": "MultiPolygon",
        "coordinates": [
          [
            [
              [
                -123.31103105894572,
                48.49390962804349
              ],
              [
                -123.31150909810353,
                48.4940377912217
              ],
              [
                -123.31152470853762,
                48.494013884829165
              ],
              [
                -123.31152756840258,
                48.49400612405627
              ],
              [
                -123.31152910921297,
                48.49399799790547
              ],
              [
                -123.31152928877275,
                48.4939897289163
              ],
              [
                -123.31152810216457,
                48.49398154354003
              ],
              [
                -123.31152558188442,
                48.49397366593814
              ],
              [
                -123.3115217969517,
                48.493966311843515
              ],
              [
                -123.31151685101905,
                48.49395968265247
              ],
              [
                -123.31151087953386,
                48.493953959909426
              ],
              [
                -123.31150404602882,
                48.49394930033513
              ],
              [
                -123.31149653764362,
                48.493945831534866
              ],
              [
                -123.31148855999993,
                48.49394364850381
              ],
              [
                -123.31148033157032,
                48.49394281102558
              ],
              [
                -123.3110784886705,
                48.49383514080902
              ],
              [
                -123.31103105894572,
                48.49390962804349
              ]
            ]
          ],
          [
            [
              [
                -123.31123153983516,
                48.493594773036385
              ],
              [
                -123.31118434380349,
                48.49366886206346
              ],
              [
                -123.31158866320922,
                48.49377718779606
              ],
              [
                -123.31160470690735,
                48.49378090802474
              ],
              [
                -123.31162114454735,
                48.4937819299555
              ],
              [
                -123.31163752549448,
                48.49378022557231
              ],
              [
                -123.31165340066823,
                48.4937758416005
              ],
              [
                -123.31166833485382,
                48.49376889822582
              ],
              [
                -123.3116819186334,
                48.49375958579953
              ],
              [
                -123.31169377961028,
                48.49374815962001
              ],
              [
                -123.31170975020196,
                48.49372305901844
              ],
              [
                -123.31171011669252,
                48.49372248298561
              ],
              [
                -123.3112369652878,
                48.49359574167618
              ],
              [
                -123.31123180369222,
                48.49359435899336
              ],
              [
                -123.31123153983516,
                48.493594773036385
              ]
            ]
          ]
        ]
      },
      "properties": {
        "OBJECTID": 298,
        "PARK": "BALMACARRA PARK",
        "PARKTYPE": "Neighbourhood",
        "PARKADMINISTRATOR": "District of Saanich",
        "LOCATION": null,
        "_crosscheckSource": "https://map.saanich.ca/server/rest/services/MAPS/SaanichBaseMap/MapServer/26"
      }
    },
    {
      "type": "Feature",
      "id": 209,
      "geometry": {
        "type": "MultiPolygon",
        "coordinates": [
          [
            [
              [
                -123.32210696295127,
                48.48557732510391
              ],
              [
                -123.32195761774068,
                48.4858233349709
              ],
              [
                -123.32184811358964,
                48.486003714638315
              ],
              [
                -123.32174432980763,
                48.48617467062847
              ],
              [
                -123.32164120364052,
                48.48634454263519
              ],
              [
                -123.32155007505794,
                48.486494650487685
              ],
              [
                -123.32153496001895,
                48.486519548299064
              ],
              [
                -123.3216166175516,
                48.48654123189193
              ],
              [
                -123.32223698741286,
                48.48551933379019
              ],
              [
                -123.32264191863324,
                48.48562773134343
              ],
              [
                -123.32295545136617,
                48.48511349443382
              ],
              [
                -123.32327008863304,
                48.484599438395094
              ],
              [
                -123.32447619514812,
                48.48492465187744
              ],
              [
                -123.32463157168084,
                48.484670775212535
              ],
              [
                -123.32475587788,
                48.48446766250622
              ],
              [
                -123.3248801834296,
                48.48426454988465
              ],
              [
                -123.32504559818031,
                48.483994262896324
              ],
              [
                -123.3238244277349,
                48.48366471870131
              ],
              [
                -123.32170915183451,
                48.48310745829019
              ],
              [
                -123.32115258312761,
                48.48403954105446
              ],
              [
                -123.3211648567961,
                48.48404278083897
              ],
              [
                -123.321582394999,
                48.48415300562686
              ],
              [
                -123.32191966525315,
                48.4842420072512
              ],
              [
                -123.32181307092823,
                48.48442031231574
              ],
              [
                -123.32171154677735,
                48.484590134978326
              ],
              [
                -123.32159907288154,
                48.48477827205924
              ],
              [
                -123.32142699521125,
                48.485066106941055
              ],
              [
                -123.3213051688911,
                48.48526988383283
              ],
              [
                -123.32141108422752,
                48.48529823796721
              ],
              [
                -123.32181900783124,
                48.48540744086592
              ],
              [
                -123.32186041583469,
                48.48541852587883
              ],
              [
                -123.3221554226639,
                48.48549749900959
              ],
              [
                -123.32210696295127,
                48.48557732510391
              ]
            ]
          ],
          [
            [
              [
                -123.32177779914308,
                48.483029218194424
              ],
              [
                -123.32387257175557,
                48.48358112908051
              ],
              [
                -123.32390775682732,
                48.48352363028396
              ],
              [
                -123.32346906985532,
                48.48340805434732
              ],
              [
                -123.32344365710681,
                48.48340135908596
              ],
              [
                -123.32318814599648,
                48.483334041194304
              ],
              [
                -123.32298371393529,
                48.48328017956508
              ],
              [
                -123.32277928196856,
                48.48322631779716
              ],
              [
                -123.32257220887112,
                48.48317175932084
              ],
              [
                -123.32233079161455,
                48.48310815176812
              ],
              [
                -123.32195287876527,
                48.48300857949695
              ],
              [
                -123.32181323765502,
                48.48297178657372
              ],
              [
                -123.32177779914308,
                48.483029218194424
              ]
            ]
          ]
        ]
      },
      "properties": {
        "OBJECTID": 209,
        "PARK": "TYNDALL PARK",
        "PARKTYPE": "Community",
        "PARKADMINISTRATOR": "District of Saanich",
        "LOCATION": null,
        "_crosscheckSource": "https://map.saanich.ca/server/rest/services/MAPS/SaanichBaseMap/MapServer/26"
      }
    },
    {
      "type": "Feature",
      "id": 282,
      "geometry": {
        "type": "MultiPolygon",
        "coordinates": [
          [
            [
              [
                -123.36601992192068,
                48.50706657617155
              ],
              [
                -123.36604406584561,
                48.50711249518475
              ],
              [
                -123.36607301467221,
                48.507155546901586
              ],
              [
                -123.36610643165575,
                48.50719523052662
              ],
              [
                -123.36614392807599,
                48.50723108444347
              ],
              [
                -123.36618506775902,
                48.5072626915845
              ],
              [
                -123.36622937215098,
                48.507289684282334
              ],
              [
                -123.3663849117173,
                48.50738095498366
              ],
              [
                -123.36680821344564,
                48.507132969832725
              ],
              [
                -123.36709369088524,
                48.50736445349192
              ],
              [
                -123.36710837253564,
                48.50737635823609
              ],
              [
                -123.36746437225908,
                48.50728277478992
              ],
              [
                -123.36729770243312,
                48.5070050775947
              ],
              [
                -123.36728826587742,
                48.5069893547609
              ],
              [
                -123.36728067808221,
                48.50698926853976
              ],
              [
                -123.36655240724068,
                48.506980989382185
              ],
              [
                -123.3660111484349,
                48.506974831441674
              ],
              [
                -123.36601992192068,
                48.50706657617155
              ]
            ]
          ],
          [
            [
              [
                -123.37030402746188,
                48.50736358069466
              ],
              [
                -123.37071889225601,
                48.50765995487862
              ],
              [
                -123.37109396563274,
                48.507927899204326
              ],
              [
                -123.37136615642153,
                48.507525057916105
              ],
              [
                -123.37138627989243,
                48.50749841859193
              ],
              [
                -123.37140888735611,
                48.5074738521461
              ],
              [
                -123.37122622531382,
                48.507212080327406
              ],
              [
                -123.37123076691327,
                48.50703212910537
              ],
              [
                -123.37088094806919,
                48.50702846409485
              ],
              [
                -123.37031986428117,
                48.507022587306885
              ],
              [
                -123.37030402746188,
                48.50736358069466
              ]
            ]
          ],
          [
            [
              [
                -123.36788868021529,
                48.50755277695767
              ],
              [
                -123.36830307239094,
                48.50739941250835
              ],
              [
                -123.3686220027249,
                48.507281917359755
              ],
              [
                -123.3687937039888,
                48.50721878610965
              ],
              [
                -123.3692165493578,
                48.50718948913997
              ],
              [
                -123.36926518167107,
                48.50718611962732
              ],
              [
                -123.36963043328429,
                48.507189760686714
              ],
              [
                -123.37006820608566,
                48.507194608243594
              ],
              [
                -123.37007625384139,
                48.507020034873825
              ],
              [
                -123.36955070045805,
                48.506959809729416
              ],
              [
                -123.3695332911753,
                48.50695962046522
              ],
              [
                -123.36879969130274,
                48.506951643199535
              ],
              [
                -123.36803688706759,
                48.50694334282295
              ],
              [
                -123.36803598808966,
                48.50698222290687
              ],
              [
                -123.36803562690662,
                48.50699784262095
              ],
              [
                -123.36755231852693,
                48.5069923552224
              ],
              [
                -123.36788868021529,
                48.50755277695767
              ]
            ]
          ],
          [
            [
              [
                -123.37126904300455,
                48.508063786391986
              ],
              [
                -123.37161692389962,
                48.50831939805211
              ],
              [
                -123.37210486355173,
                48.50875590564045
              ],
              [
                -123.37242999327182,
                48.508984806721664
              ],
              [
                -123.37278486918498,
                48.50875774086634
              ],
              [
                -123.37280804266962,
                48.50874254441437
              ],
              [
                -123.3728283951032,
                48.50872373694273
              ],
              [
                -123.37284536999076,
                48.50870183270261
              ],
              [
                -123.37285850318929,
                48.50867743061994
              ],
              [
                -123.37286743559878,
                48.508651197918915
              ],
              [
                -123.37287192298108,
                48.508623851878205
              ],
              [
                -123.37287345763963,
                48.508534066327655
              ],
              [
                -123.37241333922708,
                48.50853059113662
              ],
              [
                -123.37241756710307,
                48.508283302784854
              ],
              [
                -123.37229541752312,
                48.50819916132282
              ],
              [
                -123.37183383002676,
                48.50788119719349
              ],
              [
                -123.37153263611428,
                48.507673715865856
              ],
              [
                -123.37126904300455,
                48.508063786391986
              ]
            ]
          ],
          [
            [
              [
                -123.37243295834526,
                48.50920827334524
              ],
              [
                -123.3726743442594,
                48.50937491306188
              ],
              [
                -123.37267125127894,
                48.50956497581836
              ],
              [
                -123.37266671513211,
                48.50984373905877
              ],
              [
                -123.37293663817083,
                48.50984641871421
              ],
              [
                -123.37327459090396,
                48.50984977252942
              ],
              [
                -123.37361254367596,
                48.50985312535241
              ],
              [
                -123.37402484354467,
                48.50985721445202
              ],
              [
                -123.3740177227648,
                48.51013282209767
              ],
              [
                -123.37403739994983,
                48.510143163129605
              ],
              [
                -123.3740550316272,
                48.510156700208505
              ],
              [
                -123.37407010401297,
                48.51017303886631
              ],
              [
                -123.37408217790053,
                48.51019170299745
              ],
              [
                -123.37409090145894,
                48.51021214873247
              ],
              [
                -123.37409602048527,
                48.51023378028631
              ],
              [
                -123.37409738581201,
                48.510255967319345
              ],
              [
                -123.37409495765375,
                48.5102780633054
              ],
              [
                -123.37408880676664,
                48.510299424371375
              ],
              [
                -123.3740791123864,
                48.510319428059624
              ],
              [
                -123.37406615700554,
                48.510337491466245
              ],
              [
                -123.37405031814156,
                48.5103530882268
              ],
              [
                -123.37403205733611,
                48.51036576385446
              ],
              [
                -123.37401190670582,
                48.5103751489837
              ],
              [
                -123.37399045343645,
                48.510380970133525
              ],
              [
                -123.37396832267244,
                48.51038305767668
              ],
              [
                -123.3739461593003,
                48.510381350782524
              ],
              [
                -123.37392460915676,
                48.51037589918964
              ],
              [
                -123.37391726309752,
                48.510660201720015
              ],
              [
                -123.37406914039165,
                48.510661708137356
              ],
              [
                -123.37406919337077,
                48.51066170875239
              ],
              [
                -123.3740702621814,
                48.510661721641476
              ],
              [
                -123.37407073704838,
                48.510661727351724
              ],
              [
                -123.37426989835922,
                48.51066369879641
              ],
              [
                -123.37428916061674,
                48.509680316537626
              ],
              [
                -123.37429910686599,
                48.50885964969479
              ],
              [
                -123.37429940545107,
                48.50884399418269
              ],
              [
                -123.37430561677954,
                48.50851832719871
              ],
              [
                -123.37433298791856,
                48.50708320330648
              ],
              [
                -123.37433327226728,
                48.50706760485047
              ],
              [
                -123.37431596135916,
                48.5070673952979
              ],
              [
                -123.37372605814805,
                48.50706027812212
              ],
              [
                -123.37365569343436,
                48.50705952053905
              ],
              [
                -123.37360190736825,
                48.50705894166528
              ],
              [
                -123.37296842771813,
                48.50705212205027
              ],
              [
                -123.37258413246478,
                48.50704798329969
              ],
              [
                -123.37220518215612,
                48.50704390087923
              ],
              [
                -123.37220432452553,
                48.50707085555596
              ],
              [
                -123.37266440028993,
                48.507075812071946
              ],
              [
                -123.3731150005389,
                48.50708066454029
              ],
              [
                -123.3736116079175,
                48.50708601030166
              ],
              [
                -123.37366122522073,
                48.50711658459884
              ],
              [
                -123.37405755440184,
                48.50736079536011
              ],
              [
                -123.37405564328671,
                48.5074776948829
              ],
              [
                -123.37404932130944,
                48.50786436277933
              ],
              [
                -123.37404586633245,
                48.50807568127478
              ],
              [
                -123.37404064689383,
                48.50839490800114
              ],
              [
                -123.37403608041492,
                48.5086736712312
              ],
              [
                -123.37391885148905,
                48.508748355457676
              ],
              [
                -123.37363807677082,
                48.508927230079536
              ],
              [
                -123.37344861403044,
                48.508925858249164
              ],
              [
                -123.37288022484124,
                48.50892174044038
              ],
              [
                -123.37243295834526,
                48.50920827334524
              ]
            ]
          ]
        ]
      },
      "properties": {
        "OBJECTID": 282,
        "PARK": "GRANT PARK",
        "PARKTYPE": "Neighbourhood",
        "PARKADMINISTRATOR": "District of Saanich",
        "LOCATION": null,
        "_crosscheckSource": "https://map.saanich.ca/server/rest/services/MAPS/SaanichBaseMap/MapServer/26"
      }
    },
    {
      "type": "Feature",
      "id": 45,
      "geometry": {
        "type": "MultiPolygon",
        "coordinates": [
          [
            [
              [
                -123.41303171411519,
                48.4501130561524
              ],
              [
                -123.41304467157869,
                48.45011343585756
              ],
              [
                -123.41310197979888,
                48.45011748323593
              ],
              [
                -123.41315910649249,
                48.45012357866475
              ],
              [
                -123.41319958908107,
                48.45012966924379
              ],
              [
                -123.41323970885112,
                48.4501378141307
              ],
              [
                -123.41330280133488,
                48.45015529269009
              ],
              [
                -123.4134178900512,
                48.450195938473456
              ],
              [
                -123.41345693892005,
                48.45021339539451
              ],
              [
                -123.41349352047204,
                48.45023556177228
              ],
              [
                -123.41353956752737,
                48.45027127985653
              ],
              [
                -123.4135818201543,
                48.45031141498282
              ],
              [
                -123.41455632839885,
                48.45098563425418
              ],
              [
                -123.41495154420826,
                48.451173929829274
              ],
              [
                -123.41515383136463,
                48.45131295627622
              ],
              [
                -123.41532557435468,
                48.451397742684755
              ],
              [
                -123.41660495292547,
                48.45174625155726
              ],
              [
                -123.41714290705636,
                48.45198478444996
              ],
              [
                -123.4173692739374,
                48.45208515618987
              ],
              [
                -123.41790973923344,
                48.45232479667214
              ],
              [
                -123.41793253643293,
                48.452301963525954
              ],
              [
                -123.41800306441931,
                48.452231323228794
              ],
              [
                -123.41798642894193,
                48.45222025233061
              ],
              [
                -123.4178509741242,
                48.452129950481165
              ],
              [
                -123.41774552445489,
                48.452058612206685
              ],
              [
                -123.41764084113169,
                48.45199674442981
              ],
              [
                -123.41757125209658,
                48.45196783848549
              ],
              [
                -123.41756648885863,
                48.45196585854405
              ],
              [
                -123.41750816468846,
                48.451946308425356
              ],
              [
                -123.41750810408426,
                48.45194628795327
              ],
              [
                -123.41750804399042,
                48.45194626787292
              ],
              [
                -123.41749615135697,
                48.45194236739862
              ],
              [
                -123.417421100658,
                48.45192397188858
              ],
              [
                -123.4173451475089,
                48.45190765779488
              ],
              [
                -123.41729732349089,
                48.4518994105415
              ],
              [
                -123.41726225641288,
                48.451894769541184
              ],
              [
                -123.4172373094003,
                48.45189030151549
              ],
              [
                -123.4172228377556,
                48.451887744825854
              ],
              [
                -123.41718284408047,
                48.45187916246863
              ],
              [
                -123.41714346183416,
                48.451869274062815
              ],
              [
                -123.41710220940759,
                48.45185878065923
              ],
              [
                -123.41706995184157,
                48.451846923161
              ],
              [
                -123.41704579200457,
                48.451837968495404
              ],
              [
                -123.41701227302629,
                48.45182731208726
              ],
              [
                -123.41698106886606,
                48.45181514486588
              ],
              [
                -123.41696170177707,
                48.45180683029304
              ],
              [
                -123.4169243295686,
                48.45179464879884
              ],
              [
                -123.41688870370623,
                48.45178268644138
              ],
              [
                -123.41685066278446,
                48.45177295501352
              ],
              [
                -123.41681254033453,
                48.45175999412298
              ],
              [
                -123.41677758440271,
                48.45174891101849
              ],
              [
                -123.4167418512456,
                48.45173361068213
              ],
              [
                -123.4167046384577,
                48.451719422993285
              ],
              [
                -123.41667130485347,
                48.45170330487963
              ],
              [
                -123.41665421000607,
                48.451697150298415
              ],
              [
                -123.41665413803173,
                48.45169712441288
              ],
              [
                -123.41665406588838,
                48.45169709852798
              ],
              [
                -123.41663545593636,
                48.451690398674415
              ],
              [
                -123.41660090050439,
                48.451676992405666
              ],
              [
                -123.41656435879088,
                48.45166547409174
              ],
              [
                -123.4165301440778,
                48.45165063668635
              ],
              [
                -123.41649159627345,
                48.45163854094958
              ],
              [
                -123.41645509598042,
                48.45162546611186
              ],
              [
                -123.41642273997397,
                48.451612997082044
              ],
              [
                -123.41638380640778,
                48.45160003836572
              ],
              [
                -123.41638331808247,
                48.451599860202414
              ],
              [
                -123.41634332946079,
                48.45158522350539
              ],
              [
                -123.41619191484038,
                48.451528849501514
              ],
              [
                -123.41614998877546,
                48.45151376103441
              ],
              [
                -123.41611344161852,
                48.451499894452695
              ],
              [
                -123.41606723495649,
                48.451488797888146
              ],
              [
                -123.41601975922124,
                48.45147810168259
              ],
              [
                -123.41597721973572,
                48.45146904297241
              ],
              [
                -123.41593667718627,
                48.451459301729074
              ],
              [
                -123.41588663098166,
                48.45144683339434
              ],
              [
                -123.4158829722502,
                48.45144593796891
              ],
              [
                -123.41580399813228,
                48.451426718794245
              ],
              [
                -123.41573029893185,
                48.45140601408008
              ],
              [
                -123.41572383345034,
                48.45140423819076
              ],
              [
                -123.415723344143,
                48.45134415156624
              ],
              [
                -123.4157080611408,
                48.451339060771
              ],
              [
                -123.41567251249602,
                48.451328096482236
              ],
              [
                -123.41563403237774,
                48.45131596417118
              ],
              [
                -123.41561120453468,
                48.45130776083082
              ],
              [
                -123.41556718404057,
                48.45129285958865
              ],
              [
                -123.41555187025372,
                48.45128719310747
              ],
              [
                -123.41552009126248,
                48.4512709155433
              ],
              [
                -123.41548887682043,
                48.45125586901573
              ],
              [
                -123.41545369409954,
                48.45123998224952
              ],
              [
                -123.41542038627003,
                48.45122362083025
              ],
              [
                -123.41539199909225,
                48.45120698979467
              ],
              [
                -123.41536206654737,
                48.451189797549745
              ],
              [
                -123.41532847047964,
                48.45117125099313
              ],
              [
                -123.41529673036108,
                48.45115462298157
              ],
              [
                -123.41526847197561,
                48.45113718114657
              ],
              [
                -123.41523804617434,
                48.45111766044157
              ],
              [
                -123.41520736253932,
                48.4510995532226
              ],
              [
                -123.41517847297351,
                48.4510793522775
              ],
              [
                -123.41514775640789,
                48.451060642395454
              ],
              [
                -123.41512043678425,
                48.45104045376544
              ],
              [
                -123.4150999880406,
                48.4510272757829
              ],
              [
                -123.4150999064697,
                48.451027223391335
              ],
              [
                -123.41509982498381,
                48.45102717105569
              ],
              [
                -123.41509157394673,
                48.451021854136286
              ],
              [
                -123.41506251732558,
                48.45100094304046
              ],
              [
                -123.41503397837026,
                48.4509822426486
              ],
              [
                -123.41500289772098,
                48.45096365987928
              ],
              [
                -123.41497200239436,
                48.450947766501095
              ],
              [
                -123.41493985877918,
                48.450929844348664
              ],
              [
                -123.41490515462759,
                48.450914675409166
              ],
              [
                -123.41487126115311,
                48.4508992965609
              ],
              [
                -123.4148379416538,
                48.45088144165065
              ],
              [
                -123.41480587469385,
                48.45086616415721
              ],
              [
                -123.41477255334036,
                48.450848065710474
              ],
              [
                -123.41473943292671,
                48.45083307083065
              ],
              [
                -123.41472042130484,
                48.45082317565565
              ],
              [
                -123.41472032708658,
                48.45082312702044
              ],
              [
                -123.41472023176773,
                48.45082307816428
              ],
              [
                -123.41472019366074,
                48.450823059071595
              ],
              [
                -123.4147065158489,
                48.45081615990855
              ],
              [
                -123.41467568149245,
                48.450801399846874
              ],
              [
                -123.41464213836626,
                48.45078613746654
              ],
              [
                -123.41461171659942,
                48.450770566215546
              ],
              [
                -123.41457844231515,
                48.450751775317904
              ],
              [
                -123.4145432955877,
                48.4507388930884
              ],
              [
                -123.41444088355894,
                48.45069838265627
              ],
              [
                -123.41439467950708,
                48.45067949449163
              ],
              [
                -123.4143481372216,
                48.450662361844934
              ],
              [
                -123.41430814676646,
                48.45064587200904
              ],
              [
                -123.4142638435592,
                48.45062622129833
              ],
              [
                -123.41422557052293,
                48.450606530816955
              ],
              [
                -123.41418686105146,
                48.45058289310186
              ],
              [
                -123.41414979385159,
                48.45055999549902
              ],
              [
                -123.41412188075383,
                48.450538567360944
              ],
              [
                -123.41408229727354,
                48.45050723107098
              ],
              [
                -123.41404733375248,
                48.4504802511229
              ],
              [
                -123.41401740940442,
                48.450456077264136
              ],
              [
                -123.4139804438183,
                48.450427358557114
              ],
              [
                -123.41394989919947,
                48.45039994890035
              ],
              [
                -123.41394317796636,
                48.4503949799583
              ],
              [
                -123.4138363557291,
                48.45031603383482
              ],
              [
                -123.41382662479525,
                48.45031028418465
              ],
              [
                -123.41381822660212,
                48.45030532137782
              ],
              [
                -123.41379762557769,
                48.450293151094144
              ],
              [
                -123.41376968911442,
                48.450280431572715
              ],
              [
                -123.41374269174501,
                48.450270128672535
              ],
              [
                -123.413720859875,
                48.450267931098615
              ],
              [
                -123.41371861309392,
                48.45026770526644
              ],
              [
                -123.41371019680177,
                48.45026715074901
              ],
              [
                -123.41370775854854,
                48.450265163189194
              ],
              [
                -123.41369939982351,
                48.45025835572291
              ],
              [
                -123.41369379141783,
                48.45025385890604
              ],
              [
                -123.41367454741687,
                48.450219777283486
              ],
              [
                -123.41367043128264,
                48.45021264800888
              ],
              [
                -123.41361439659127,
                48.45015170009594
              ],
              [
                -123.4135840769149,
                48.45007831659294
              ],
              [
                -123.4135709382665,
                48.45004744275703
              ],
              [
                -123.41356040607184,
                48.450022668181674
              ],
              [
                -123.4135228942424,
                48.450001346361844
              ],
              [
                -123.41347670152007,
                48.44997507154126
              ],
              [
                -123.41337486117446,
                48.449947394544836
              ],
              [
                -123.41327253598587,
                48.44993495096136
              ],
              [
                -123.41317045726305,
                48.449932888371784
              ],
              [
                -123.41305815770565,
                48.4499463356947
              ],
              [
                -123.41294472221718,
                48.449963008352086
              ],
              [
                -123.41284584031153,
                48.44999342938852
              ],
              [
                -123.41282871584771,
                48.450001344769355
              ],
              [
                -123.41278895729886,
                48.45001971430763
              ],
              [
                -123.41275460050797,
                48.450035590362866
              ],
              [
                -123.41267393222411,
                48.450080735508884
              ],
              [
                -123.41260552691675,
                48.450132323845416
              ],
              [
                -123.4125427243193,
                48.45018262349313
              ],
              [
                -123.41253345301604,
                48.450190051800135
              ],
              [
                -123.41246353770559,
                48.45025383567454
              ],
              [
                -123.41246127931312,
                48.450253834772084
              ],
              [
                -123.41237882422016,
                48.450267093496066
              ],
              [
                -123.41237547646746,
                48.45026785220199
              ],
              [
                -123.41229949122213,
                48.450285019834084
              ],
              [
                -123.41227990625718,
                48.450287703538606
              ],
              [
                -123.412279461987,
                48.450287764450884
              ],
              [
                -123.4122190735326,
                48.45029603995437
              ],
              [
                -123.41209882320102,
                48.450309641387534
              ],
              [
                -123.41203795597333,
                48.45032174360004
              ],
              [
                -123.4120236977556,
                48.45032457456857
              ],
              [
                -123.41182860028083,
                48.45035075914813
              ],
              [
                -123.41166272036007,
                48.45037773848226
              ],
              [
                -123.41146743274174,
                48.45039884909945
              ],
              [
                -123.41146693244798,
                48.45039885988468
              ],
              [
                -123.4114314386466,
                48.45039961648102
              ],
              [
                -123.41139382842563,
                48.45040121730711
              ],
              [
                -123.41135218669712,
                48.45040084362831
              ],
              [
                -123.41130988358488,
                48.450397405220436
              ],
              [
                -123.41127193228021,
                48.45039192697506
              ],
              [
                -123.41122867541957,
                48.450387484280725
              ],
              [
                -123.41119071952997,
                48.45038312164799
              ],
              [
                -123.41114835234784,
                48.450376758814066
              ],
              [
                -123.41106830339352,
                48.45036803015523
              ],
              [
                -123.41102985773112,
                48.45036162701183
              ],
              [
                -123.41102852072906,
                48.45036118645993
              ],
              [
                -123.41102836352094,
                48.45036113484168
              ],
              [
                -123.41102820614284,
                48.45036108311156
              ],
              [
                -123.41099351853244,
                48.45034965643569
              ],
              [
                -123.41095827969743,
                48.450331717291085
              ],
              [
                -123.41092458572346,
                48.45031571580872
              ],
              [
                -123.41089346353432,
                48.45030011829886
              ],
              [
                -123.41086149126983,
                48.45028464150097
              ],
              [
                -123.41082623198507,
                48.450269185424645
              ],
              [
                -123.41078953672059,
                48.450256649275126
              ],
              [
                -123.41075083743617,
                48.450245613686604
              ],
              [
                -123.41071187563507,
                48.450238906397914
              ],
              [
                -123.4106719005742,
                48.45023387600582
              ],
              [
                -123.41062835399637,
                48.450230504029264
              ],
              [
                -123.41062537372515,
                48.45023036076651
              ],
              [
                -123.41062495973578,
                48.450230340652034
              ],
              [
                -123.41058975579124,
                48.45022864451902
              ],
              [
                -123.4105551226192,
                48.45022697771437
              ],
              [
                -123.41040085539294,
                48.45021988007345
              ],
              [
                -123.41035429711847,
                48.45021883876353
              ],
              [
                -123.41031654685263,
                48.45021799448652
              ],
              [
                -123.41024417442551,
                48.45021868421673
              ],
              [
                -123.41018468108453,
                48.45022006509348
              ],
              [
                -123.41012175854397,
                48.450222034611194
              ],
              [
                -123.4101073295391,
                48.45022214000938
              ],
              [
                -123.41009035829687,
                48.45022226346126
              ],
              [
                -123.41006318592737,
                48.45022187441608
              ],
              [
                -123.41002419335776,
                48.45022141057988
              ],
              [
                -123.41002400696948,
                48.45022138785303
              ],
              [
                -123.41002382091976,
                48.4502213651812
              ],
              [
                -123.41002344611475,
                48.450221319734716
              ],
              [
                -123.40998265493711,
                48.45021652586386
              ],
              [
                -123.40994212014719,
                48.450211146461
              ],
              [
                -123.40990496995178,
                48.45020284906088
              ],
              [
                -123.40986592387905,
                48.45019424357932
              ],
              [
                -123.40985356400441,
                48.45019051390037
              ],
              [
                -123.40979033042117,
                48.45017262691766
              ],
              [
                -123.40976344286887,
                48.45016495068547
              ],
              [
                -123.40976308527384,
                48.450164848555076
              ],
              [
                -123.4097138551463,
                48.450150794055844
              ],
              [
                -123.4097075780417,
                48.45014882187734
              ],
              [
                -123.40970722799406,
                48.450148712297825
              ],
              [
                -123.40963744348693,
                48.45012678443684
              ],
              [
                -123.40956539061467,
                48.45010677090981
              ],
              [
                -123.40952377732981,
                48.450094755607076
              ],
              [
                -123.40951676927023,
                48.45009272939746
              ],
              [
                -123.40948472886686,
                48.450083973749635
              ],
              [
                -123.40948435894012,
                48.45008387256192
              ],
              [
                -123.40934035850155,
                48.45004452216464
              ],
              [
                -123.40928909866284,
                48.450025919602865
              ],
              [
                -123.40928874754444,
                48.45002579225776
              ],
              [
                -123.40925816637018,
                48.45001469400844
              ],
              [
                -123.4092206118889,
                48.45000131406763
              ],
              [
                -123.40909041432052,
                48.44995494282638
              ],
              [
                -123.40909005491285,
                48.44995481461049
              ],
              [
                -123.40890692914697,
                48.44988959215394
              ],
              [
                -123.40890070152949,
                48.44988705921693
              ],
              [
                -123.40883899573004,
                48.44986198015409
              ],
              [
                -123.40880078781204,
                48.449846362267174
              ],
              [
                -123.40873350819766,
                48.44981763231563
              ],
              [
                -123.40866695467216,
                48.449785147640554
              ],
              [
                -123.40863409021549,
                48.449769718261464
              ],
              [
                -123.40861168810767,
                48.44975723075108
              ],
              [
                -123.40861136471716,
                48.44975705084459
              ],
              [
                -123.40860107255881,
                48.449751741774726
              ],
              [
                -123.40857126277305,
                48.44973459236445
              ],
              [
                -123.40854274808497,
                48.44971536982696
              ],
              [
                -123.40851388209349,
                48.44969630979178
              ],
              [
                -123.40848301694433,
                48.44967573643546
              ],
              [
                -123.40845519171305,
                48.44965647476819
              ],
              [
                -123.40841450783975,
                48.449628718174885
              ],
              [
                -123.40835837634606,
                48.4495930870849
              ],
              [
                -123.40831305709139,
                48.44956418910906
              ],
              [
                -123.40825902927743,
                48.4495336756482
              ],
              [
                -123.40823606413983,
                48.44952010587006
              ],
              [
                -123.40820293839532,
                48.44950053282812
              ],
              [
                -123.40820261747507,
                48.44950032327945
              ],
              [
                -123.40817676841061,
                48.44948342432751
              ],
              [
                -123.40813451384116,
                48.449459942948025
              ],
              [
                -123.40808970932683,
                48.449435043861435
              ],
              [
                -123.40800838974437,
                48.44938577031979
              ],
              [
                -123.40799876768698,
                48.449380677322814
              ],
              [
                -123.40799842110931,
                48.44938049333591
              ],
              [
                -123.40796687233852,
                48.449363794360835
              ],
              [
                -123.40796120882882,
                48.44936077361793
              ],
              [
                -123.4079129674082,
                48.449335052613165
              ],
              [
                -123.40786547891216,
                48.44930879812575
              ],
              [
                -123.40783465294633,
                48.44929286586649
              ],
              [
                -123.40777182101279,
                48.44925705744292
              ],
              [
                -123.40770807377602,
                48.449220190639586
              ],
              [
                -123.40764732967904,
                48.44918513872335
              ],
              [
                -123.40758540413614,
                48.449147752598016
              ],
              [
                -123.40752313455114,
                48.44911119528
              ],
              [
                -123.40746082370309,
                48.44907634679224
              ],
              [
                -123.40742757384749,
                48.44905829150772
              ],
              [
                -123.40739624474028,
                48.44904196574018
              ],
              [
                -123.4073612963575,
                48.44902796487786
              ],
              [
                -123.40732481436405,
                48.44901495904882
              ],
              [
                -123.40728951657648,
                48.449004611308936
              ],
              [
                -123.40725128149963,
                48.448990541076355
              ],
              [
                -123.40721346861815,
                48.448980211828356
              ],
              [
                -123.40717213191648,
                48.448973861820825
              ],
              [
                -123.40713227720177,
                48.44897033219018
              ],
              [
                -123.40709492987136,
                48.448967485676334
              ],
              [
                -123.40704757102081,
                48.448965817792505
              ],
              [
                -123.40700914717468,
                48.448963640800066
              ],
              [
                -123.40695805527609,
                48.448961878067415
              ],
              [
                -123.40690760906321,
                48.4489612819567
              ],
              [
                -123.40684468562573,
                48.448961404615886
              ],
              [
                -123.40678226801609,
                48.44896051784385
              ],
              [
                -123.40677045124606,
                48.44896085644004
              ],
              [
                -123.40669211462081,
                48.448963102634245
              ],
              [
                -123.40667754525414,
                48.44896421565138
              ],
              [
                -123.40631040699415,
                48.44898032524703
              ],
              [
                -123.40623246765674,
                48.44898660915776
              ],
              [
                -123.40603841990084,
                48.44901358878467
              ],
              [
                -123.40599787577442,
                48.449018571159215
              ],
              [
                -123.40593755901371,
                48.44901997962354
              ],
              [
                -123.4058633318059,
                48.44902021353339
              ],
              [
                -123.40579692242174,
                48.449020734763245
              ],
              [
                -123.40573011172064,
                48.44902180677511
              ],
              [
                -123.4057036862683,
                48.44902224551377
              ],
              [
                -123.40570305759536,
                48.4490222558831
              ],
              [
                -123.40567722861951,
                48.44902268509082
              ],
              [
                -123.40562232968487,
                48.44902006196157
              ],
              [
                -123.40556687444716,
                48.449015381128575
              ],
              [
                -123.40552050095599,
                48.449010082876384
              ],
              [
                -123.40547029959424,
                48.44900298141604
              ],
              [
                -123.40542718674457,
                48.44899616922128
              ],
              [
                -123.40537539274852,
                48.44898605955627
              ],
              [
                -123.4053178363013,
                48.44897576256861
              ],
              [
                -123.40526440210863,
                48.44896334579676
              ],
              [
                -123.40521890948773,
                48.4489531599482
              ],
              [
                -123.40517334723414,
                48.44894273968666
              ],
              [
                -123.4051285660196,
                48.448935268186915
              ],
              [
                -123.40507475268419,
                48.44893310868084
              ],
              [
                -123.40502312695232,
                48.448933937962536
              ],
              [
                -123.4049955606218,
                48.4489349339515
              ],
              [
                -123.40495561049224,
                48.448936378859386
              ],
              [
                -123.40493021024277,
                48.448929036331826
              ],
              [
                -123.40488843091154,
                48.44892116833858
              ],
              [
                -123.4048879061774,
                48.44892106942382
              ],
              [
                -123.40484103146211,
                48.448912506647694
              ],
              [
                -123.40470894079479,
                48.44889198098033
              ],
              [
                -123.4047074202762,
                48.448891579235465
              ],
              [
                -123.40469712696186,
                48.44888885952125
              ],
              [
                -123.40467898391935,
                48.448884024946864
              ],
              [
                -123.4046623165777,
                48.448879365673136
              ],
              [
                -123.40463641524828,
                48.44887127537729
              ],
              [
                -123.40462320402405,
                48.448867503596894
              ],
              [
                -123.4046099240148,
                48.448863712208265
              ],
              [
                -123.4046011234813,
                48.448861199723424
              ],
              [
                -123.40459156573904,
                48.448857997674885
              ],
              [
                -123.40457827380115,
                48.44885354457515
              ],
              [
                -123.40455789737504,
                48.4488461432012
              ],
              [
                -123.40452585299353,
                48.448838393457564
              ],
              [
                -123.40446144065236,
                48.448895772193914
              ],
              [
                -123.40453687169689,
                48.448918226623704
              ],
              [
                -123.40464344992452,
                48.448948380236395
              ],
              [
                -123.40480612810308,
                48.448991495400385
              ],
              [
                -123.40513197188407,
                48.4490753992993
              ],
              [
                -123.40523200839091,
                48.449098725429224
              ],
              [
                -123.40533295216511,
                48.44911774556293
              ],
              [
                -123.40543461794714,
                48.44913242479325
              ],
              [
                -123.40553681915233,
                48.44914273617975
              ],
              [
                -123.40556537642364,
                48.449145040086755
              ],
              [
                -123.40564007983288,
                48.449151289373546
              ],
              [
                -123.40587736236625,
                48.44915090192248
              ],
              [
                -123.40645017291,
                48.44911870917411
              ],
              [
                -123.40678010459027,
                48.44910867335108
              ],
              [
                -123.40710149263921,
                48.449147441597816
              ],
              [
                -123.40735032870917,
                48.449232837374666
              ],
              [
                -123.40755056136341,
                48.44931167917949
              ],
              [
                -123.40776843013616,
                48.44942334758059
              ],
              [
                -123.40788762577031,
                48.44948520418083
              ],
              [
                -123.40802302948265,
                48.44956530591331
              ],
              [
                -123.40809384671897,
                48.4496071996275
              ],
              [
                -123.40812463715224,
                48.44962541430036
              ],
              [
                -123.40830629946645,
                48.4497328807286
              ],
              [
                -123.4085107994456,
                48.4498538563782
              ],
              [
                -123.40893570436566,
                48.45010521799053
              ],
              [
                -123.40913964025732,
                48.450170417305266
              ],
              [
                -123.40933164611532,
                48.45023180211406
              ],
              [
                -123.40954937757579,
                48.45030141075166
              ],
              [
                -123.40961136747644,
                48.45031161640881
              ],
              [
                -123.40971135987417,
                48.45032807808959
              ],
              [
                -123.40988349187255,
                48.450356415913156
              ],
              [
                -123.41016689093716,
                48.450403070604864
              ],
              [
                -123.41040808009241,
                48.4504427759898
              ],
              [
                -123.41087009633917,
                48.45051883297089
              ],
              [
                -123.41110046295574,
                48.45055734549509
              ],
              [
                -123.411349010278,
                48.4505785147857
              ],
              [
                -123.41181571882638,
                48.45057641451742
              ],
              [
                -123.41210710618327,
                48.45045787595677
              ],
              [
                -123.41288902815285,
                48.450139776331135
              ],
              [
                -123.41293642819801,
                48.450126656799114
              ],
              [
                -123.41298462032053,
                48.45011683815717
              ],
              [
                -123.41300808532503,
                48.45011392741932
              ],
              [
                -123.41303171411519,
                48.4501130561524
              ]
            ]
          ],
          [
            [
              [
                -123.40221886865515,
                48.448031400342515
              ],
              [
                -123.40229671174993,
                48.44805292544503
              ],
              [
                -123.40265014430655,
                48.448150655282255
              ],
              [
                -123.40285163931783,
                48.44822364412517
              ],
              [
                -123.40305313456524,
                48.44829663238905
              ],
              [
                -123.40302782171902,
                48.44831867499389
              ],
              [
                -123.40322276920563,
                48.448395538870095
              ],
              [
                -123.40342698470268,
                48.448488226273014
              ],
              [
                -123.40367306524834,
                48.448599914640795
              ],
              [
                -123.40374159512567,
                48.44863050280185
              ],
              [
                -123.40381082943132,
                48.44866038087488
              ],
              [
                -123.4038805755042,
                48.44868946969078
              ],
              [
                -123.40395098974193,
                48.44871783774782
              ],
              [
                -123.40402205484554,
                48.44874547813323
              ],
              [
                -123.40409375385752,
                48.448772384382934
              ],
              [
                -123.40416606914411,
                48.448798550035185
              ],
              [
                -123.40423898612116,
                48.448823969517214
              ],
              [
                -123.4043124820729,
                48.448848635035795
              ],
              [
                -123.40438654275835,
                48.448872541691756
              ],
              [
                -123.40445202614572,
                48.44881442084464
              ],
              [
                -123.40442690151637,
                48.44880726329632
              ],
              [
                -123.40439829211499,
                48.44879993890114
              ],
              [
                -123.40437615696199,
                48.44879428663601
              ],
              [
                -123.40437425941896,
                48.44879380209414
              ],
              [
                -123.40437302661617,
                48.44879337909174
              ],
              [
                -123.40434823597779,
                48.44878487278823
              ],
              [
                -123.40433716521241,
                48.44878187851223
              ],
              [
                -123.4043150577849,
                48.44877512805789
              ],
              [
                -123.40430097181127,
                48.4487706848567
              ],
              [
                -123.40429953075285,
                48.448770230310146
              ],
              [
                -123.40429073542073,
                48.448766963594736
              ],
              [
                -123.40426510779287,
                48.44875744518261
              ],
              [
                -123.40423568415096,
                48.44874890474906
              ],
              [
                -123.40422537520446,
                48.448745912509544
              ],
              [
                -123.40418144792406,
                48.448731438246014
              ],
              [
                -123.40415058646099,
                48.44872194184461
              ],
              [
                -123.40412394029524,
                48.44870510224581
              ],
              [
                -123.40409001156462,
                48.44868516215034
              ],
              [
                -123.40408541177044,
                48.448682552726666
              ],
              [
                -123.40405710042461,
                48.44866649198408
              ],
              [
                -123.40403818167034,
                48.44865669868267
              ],
              [
                -123.40402432392666,
                48.44865449944379
              ],
              [
                -123.4040226512651,
                48.44865423395883
              ],
              [
                -123.40400922428468,
                48.44864593469777
              ],
              [
                -123.40398780375675,
                48.44863345953994
              ],
              [
                -123.40395718239763,
                48.44862147622732
              ],
              [
                -123.40395312649592,
                48.44861899320189
              ],
              [
                -123.4039387402535,
                48.448610186016865
              ],
              [
                -123.40391241986032,
                48.448594634143916
              ],
              [
                -123.40389799923082,
                48.44858739359148
              ],
              [
                -123.40389484698605,
                48.448585810866845
              ],
              [
                -123.40388094910001,
                48.44857735237462
              ],
              [
                -123.40386614217303,
                48.44856801670628
              ],
              [
                -123.40385196266611,
                48.4485592268341
              ],
              [
                -123.40383426298452,
                48.44854825472686
              ],
              [
                -123.40382436291189,
                48.44854115613471
              ],
              [
                -123.40381980411327,
                48.448537936087185
              ],
              [
                -123.4038121976737,
                48.44853256335408
              ],
              [
                -123.4038085037222,
                48.448530402477985
              ],
              [
                -123.4037995803116,
                48.448525182526325
              ],
              [
                -123.40378457599849,
                48.448515135578795
              ],
              [
                -123.40376521816384,
                48.4485000195267
              ],
              [
                -123.40372385050559,
                48.44846591416035
              ],
              [
                -123.40369153518236,
                48.448439289897344
              ],
              [
                -123.40365087816849,
                48.44837539535862
              ],
              [
                -123.40365237451624,
                48.44836627670313
              ],
              [
                -123.40365828440608,
                48.448357772997454
              ],
              [
                -123.40363866621696,
                48.44833683878261
              ],
              [
                -123.40361389939551,
                48.44832427627341
              ],
              [
                -123.40360525136036,
                48.448309440153295
              ],
              [
                -123.40358047387222,
                48.448244072553074
              ],
              [
                -123.40357735219547,
                48.44823583690662
              ],
              [
                -123.40354679547157,
                48.44817663609238
              ],
              [
                -123.40354418158614,
                48.44817440445259
              ],
              [
                -123.40350906149932,
                48.44814442061086
              ],
              [
                -123.40350130123848,
                48.44812877353947
              ],
              [
                -123.40349700392213,
                48.448117530993535
              ],
              [
                -123.40349255634774,
                48.44810087065792
              ],
              [
                -123.40349039424862,
                48.44808868735004
              ],
              [
                -123.40348677809835,
                48.44807905762618
              ],
              [
                -123.40347889852916,
                48.44807092395622
              ],
              [
                -123.40347619236869,
                48.44806331643697
              ],
              [
                -123.4034773549919,
                48.44805496877335
              ],
              [
                -123.40347569432807,
                48.4480482875465
              ],
              [
                -123.40347196075801,
                48.448033074156726
              ],
              [
                -123.40346770576785,
                48.44802287308821
              ],
              [
                -123.4034580907694,
                48.448016468557384
              ],
              [
                -123.40345418593301,
                48.44801209133182
              ],
              [
                -123.4034516546267,
                48.44800459812931
              ],
              [
                -123.40344819634032,
                48.44799990462891
              ],
              [
                -123.40344171479809,
                48.447990923757075
              ],
              [
                -123.4034378106601,
                48.44797758566785
              ],
              [
                -123.40343845750981,
                48.447961091561645
              ],
              [
                -123.40341008845665,
                48.44798579561874
              ],
              [
                -123.40340655833323,
                48.44797694024632
              ],
              [
                -123.40340465388317,
                48.44796236740399
              ],
              [
                -123.40340180549981,
                48.44794154945724
              ],
              [
                -123.40339624777292,
                48.447917468133426
              ],
              [
                -123.40339606161159,
                48.44789396298732
              ],
              [
                -123.40339194221788,
                48.44788207577574
              ],
              [
                -123.40338733550153,
                48.447865132040945
              ],
              [
                -123.40338765080746,
                48.44784846861296
              ],
              [
                -123.4033852778953,
                48.447831219544746
              ],
              [
                -123.40337927999245,
                48.44780803232876
              ],
              [
                -123.4033760504265,
                48.44779554693459
              ],
              [
                -123.40337551833379,
                48.4477848373304
              ],
              [
                -123.40337124865809,
                48.4477711652873
              ],
              [
                -123.40336492788083,
                48.44774649157289
              ],
              [
                -123.40336478244699,
                48.44774416800308
              ],
              [
                -123.40336390384232,
                48.44773013039862
              ],
              [
                -123.40335797664814,
                48.447715869157754
              ],
              [
                -123.40335101542307,
                48.44770690919167
              ],
              [
                -123.40334668027369,
                48.4477013292314
              ],
              [
                -123.40333405162359,
                48.44768798415515
              ],
              [
                -123.40332094046053,
                48.44767017760004
              ],
              [
                -123.40330692771212,
                48.447651481580515
              ],
              [
                -123.40326880966491,
                48.44761248039663
              ],
              [
                -123.40326228119721,
                48.44761816550776
              ],
              [
                -123.40325795854199,
                48.4476131045989
              ],
              [
                -123.40324200978313,
                48.447587131555885
              ],
              [
                -123.4032262199826,
                48.44756992949451
              ],
              [
                -123.40320686403813,
                48.447554227610745
              ],
              [
                -123.40318703022528,
                48.44753465934844
              ],
              [
                -123.40316407282664,
                48.447515994647816
              ],
              [
                -123.40315104890311,
                48.44750919685277
              ],
              [
                -123.40313756586156,
                48.44750091292295
              ],
              [
                -123.40312543167492,
                48.447493516889104
              ],
              [
                -123.40310563559294,
                48.44747870915237
              ],
              [
                -123.40306114275982,
                48.44745149119671
              ],
              [
                -123.40303509489127,
                48.44743789546936
              ],
              [
                -123.40300589754325,
                48.44742193051355
              ],
              [
                -123.40298119140424,
                48.44740833013161
              ],
              [
                -123.40294484771537,
                48.44739462300537
              ],
              [
                -123.40291259830312,
                48.44738264651903
              ],
              [
                -123.40285978896706,
                48.44736474087542
              ],
              [
                -123.40280958735178,
                48.44735082502887
              ],
              [
                -123.40276972312711,
                48.4473410623756
              ],
              [
                -123.40273034846848,
                48.44733288408003
              ],
              [
                -123.40269897816685,
                48.447332606049486
              ],
              [
                -123.40268265250455,
                48.44733133017345
              ],
              [
                -123.40266780516178,
                48.447330385985644
              ],
              [
                -123.40265743498635,
                48.44733113636768
              ],
              [
                -123.4026402556161,
                48.44733048237629
              ],
              [
                -123.4026130431317,
                48.447327959203086
              ],
              [
                -123.40258010978187,
                48.447325932120215
              ],
              [
                -123.40255182770761,
                48.44732388875821
              ],
              [
                -123.40253571605541,
                48.44732251691841
              ],
              [
                -123.40252138199085,
                48.44731971066298
              ],
              [
                -123.40250525717369,
                48.44731667259881
              ],
              [
                -123.40249416575595,
                48.44731671139071
              ],
              [
                -123.40247030047573,
                48.447313824095055
              ],
              [
                -123.40245799174146,
                48.44731207722876
              ],
              [
                -123.40244221716551,
                48.447308085818996
              ],
              [
                -123.40243432137356,
                48.44730501902418
              ],
              [
                -123.40241783692818,
                48.44730174419143
              ],
              [
                -123.40240351603919,
                48.44730060408514
              ],
              [
                -123.40238813495687,
                48.44730113395022
              ],
              [
                -123.40237988517215,
                48.44729854441723
              ],
              [
                -123.4023669691599,
                48.447294066974514
              ],
              [
                -123.40234799896889,
                48.44729318118683
              ],
              [
                -123.40233118489311,
                48.447293477984104
              ],
              [
                -123.402309314788,
                48.44728784165605
              ],
              [
                -123.40229677722172,
                48.44728598120431
              ],
              [
                -123.4022835334567,
                48.44728531340186
              ],
              [
                -123.40227172465082,
                48.447285116666116
              ],
              [
                -123.40225848652577,
                48.447285162939075
              ],
              [
                -123.40224668899812,
                48.447286394301095
              ],
              [
                -123.40221927815271,
                48.44728652052566
              ],
              [
                -123.40220535367538,
                48.44728514628077
              ],
              [
                -123.40219370452563,
                48.44728250912547
              ],
              [
                -123.4021789269898,
                48.44728018046129
              ],
              [
                -123.40216192515389,
                48.44727934725357
              ],
              [
                -123.40214983805927,
                48.447277901750056
              ],
              [
                -123.40213547733363,
                48.44727170357423
              ],
              [
                -123.40212339493978,
                48.447270853170686
              ],
              [
                -123.40210909529041,
                48.44727239082106
              ],
              [
                -123.40209345151125,
                48.44727363566262
              ],
              [
                -123.40207869755432,
                48.447274282330284
              ],
              [
                -123.40207063555077,
                48.447272822755494
              ],
              [
                -123.40205675254347,
                48.44727049095038
              ],
              [
                -123.40203885619249,
                48.44726966084957
              ],
              [
                -123.40202094809987,
                48.44726734304533
              ],
              [
                -123.40199765444044,
                48.4472626637429
              ],
              [
                -123.4019651924311,
                48.44726103265207
              ],
              [
                -123.40195291235709,
                48.44726043971523
              ],
              [
                -123.40193591522687,
                48.447260201520606
              ],
              [
                -123.40192113301362,
                48.44725727777674
              ],
              [
                -123.40190633679991,
                48.44725256877868
              ],
              [
                -123.40189065780703,
                48.44724935054692
              ],
              [
                -123.40185619508387,
                48.44724619796134
              ],
              [
                -123.40184007361565,
                48.44724357638692
              ],
              [
                -123.40182662137123,
                48.447239160245374
              ],
              [
                -123.40181587138072,
                48.447237114975195
              ],
              [
                -123.4018006560878,
                48.447235977916755
              ],
              [
                -123.40178410144777,
                48.44723514309188
              ],
              [
                -123.40177604423745,
                48.447234278598856
              ],
              [
                -123.40176706903874,
                48.447230441882986
              ],
              [
                -123.4017513853679,
                48.44722662858568
              ],
              [
                -123.40172585238754,
                48.447223454402284
              ],
              [
                -123.40169763033573,
                48.44724794695235
              ],
              [
                -123.40167266871929,
                48.44724028538396
              ],
              [
                -123.4016477323229,
                48.44723599263405
              ],
              [
                -123.40162252009978,
                48.4472330337868
              ],
              [
                -123.40160303859066,
                48.44723081665908
              ],
              [
                -123.40157665449277,
                48.44722443422085
              ],
              [
                -123.40154967086717,
                48.44721462619803
              ],
              [
                -123.40151780497547,
                48.447202740534166
              ],
              [
                -123.40147734767055,
                48.44719031349911
              ],
              [
                -123.40144349611214,
                48.44718071985541
              ],
              [
                -123.40142018428655,
                48.44717422775883
              ],
              [
                -123.40141108026386,
                48.44717169241618
              ],
              [
                -123.40138209916174,
                48.44716265304453
              ],
              [
                -123.4013525486432,
                48.447153996484914
              ],
              [
                -123.40131956931853,
                48.447146113598066
              ],
              [
                -123.40130406951094,
                48.447140645252816
              ],
              [
                -123.4012899978167,
                48.44713479109217
              ],
              [
                -123.40127507194364,
                48.44712951124285
              ],
              [
                -123.40126798011006,
                48.44712623065274
              ],
              [
                -123.40119136483966,
                48.44706374075333
              ],
              [
                -123.40109688717699,
                48.44703715172715
              ],
              [
                -123.40099949368705,
                48.447011050273225
              ],
              [
                -123.40089525466685,
                48.4469829836801
              ],
              [
                -123.40085267215068,
                48.44696078462142
              ],
              [
                -123.40081663456814,
                48.44694199947537
              ],
              [
                -123.40080951939021,
                48.44693829070435
              ],
              [
                -123.40080073882345,
                48.44693088117062
              ],
              [
                -123.40076235601596,
                48.44686839018621
              ],
              [
                -123.4006957082952,
                48.446821084696985
              ],
              [
                -123.40068151358828,
                48.44681819226027
              ],
              [
                -123.40061781886887,
                48.44675431392397
              ],
              [
                -123.40057211864227,
                48.44669158812302
              ],
              [
                -123.40051308466039,
                48.44662536340836
              ],
              [
                -123.40049461225408,
                48.44659265346132
              ],
              [
                -123.40047699021513,
                48.44656146096235
              ],
              [
                -123.40045489702939,
                48.44654990529729
              ],
              [
                -123.40045527211039,
                48.4465526349393
              ],
              [
                -123.40049123518904,
                48.446814335250174
              ],
              [
                -123.40075184477715,
                48.44757446295249
              ],
              [
                -123.40076388074279,
                48.44756369180195
              ],
              [
                -123.40086973775318,
                48.4476519099488
              ],
              [
                -123.40089623388312,
                48.4476739911237
              ],
              [
                -123.4011165896087,
                48.44775218161135
              ],
              [
                -123.40119123690563,
                48.447774856884116
              ],
              [
                -123.40133525768533,
                48.44781081150375
              ],
              [
                -123.40155535908852,
                48.447865759330774
              ],
              [
                -123.4017763091862,
                48.447920918790295
              ],
              [
                -123.40199709749814,
                48.447976037006626
              ],
              [
                -123.40221886865515,
                48.448031400342515
              ]
            ]
          ]
        ]
      },
      "properties": {
        "OBJECTID": 45,
        "PARK": "GORGE WATERWAY PARK",
        "PARKTYPE": "Municipal",
        "PARKADMINISTRATOR": "District of Saanich",
        "LOCATION": null,
        "_crosscheckSource": "https://map.saanich.ca/server/rest/services/MAPS/SaanichBaseMap/MapServer/26"
      }
    },
    {
      "type": "Feature",
      "id": 214,
      "geometry": {
        "type": "MultiPolygon",
        "coordinates": [
          [
            [
              [
                -123.33287225009194,
                48.490917553233224
              ],
              [
                -123.33325540438896,
                48.491019463448815
              ],
              [
                -123.3332553877483,
                48.491019492904094
              ],
              [
                -123.33317357065083,
                48.49117219680735
              ],
              [
                -123.33309055068105,
                48.491327122649324
              ],
              [
                -123.33300753079966,
                48.491482048426654
              ],
              [
                -123.3329245104205,
                48.4916369750407
              ],
              [
                -123.33284148844015,
                48.49179190193239
              ],
              [
                -123.33275846595643,
                48.491946828817376
              ],
              [
                -123.33267544271482,
                48.49210175558395
              ],
              [
                -123.33259241888527,
                48.492256682344085
              ],
              [
                -123.33250938101718,
                48.49241163494513
              ],
              [
                -123.33242632843137,
                48.49256661305164
              ],
              [
                -123.332343303176,
                48.49272153979142
              ],
              [
                -123.33226022200418,
                48.492876569524896
              ],
              [
                -123.33217718625035,
                48.49303149369214
              ],
              [
                -123.33217717020058,
                48.49303152314555
              ],
              [
                -123.33213481448247,
                48.49311057251243
              ],
              [
                -123.33211570065193,
                48.493146244923075
              ],
              [
                -123.3320672680508,
                48.49323661845364
              ],
              [
                -123.33436276074052,
                48.49385090499038
              ],
              [
                -123.33445007290307,
                48.49387378064675
              ],
              [
                -123.33453530257182,
                48.4939034894493
              ],
              [
                -123.3346179158924,
                48.49393984531055
              ],
              [
                -123.33469739539849,
                48.49398262050774
              ],
              [
                -123.33477324325312,
                48.494031547109216
              ],
              [
                -123.33484498436694,
                48.494086318652684
              ],
              [
                -123.33491216937401,
                48.4941465920648
              ],
              [
                -123.33497437744661,
                48.49421198981008
              ],
              [
                -123.33503121893109,
                48.49428210225567
              ],
              [
                -123.33522283440814,
                48.49457320274039
              ],
              [
                -123.33523993390398,
                48.49458884671131
              ],
              [
                -123.335259437459,
                48.49460136621311
              ],
              [
                -123.33528078073604,
                48.49461039899283
              ],
              [
                -123.33530334616536,
                48.49461568368615
              ],
              [
                -123.33532648081417,
                48.49461706737996
              ],
              [
                -123.33534951527923,
                48.49461451003697
              ],
              [
                -123.33537178305616,
                48.49460808565412
              ],
              [
                -123.33539263982473,
                48.49459798012154
              ],
              [
                -123.33541148209241,
                48.49458448584375
              ],
              [
                -123.3354277646564,
                48.49456799327895
              ],
              [
                -123.33633586364377,
                48.49283931905802
              ],
              [
                -123.3364444840399,
                48.49264004795952
              ],
              [
                -123.33655821080092,
                48.49244364636841
              ],
              [
                -123.33667696817342,
                48.49225024510773
              ],
              [
                -123.33680067705319,
                48.49205997300199
              ],
              [
                -123.33692925503779,
                48.491872956791376
              ],
              [
                -123.33706261648146,
                48.4916893210473
              ],
              [
                -123.33720067255219,
                48.49150918808949
              ],
              [
                -123.33770218552843,
                48.49086872160307
              ],
              [
                -123.33784235586455,
                48.49054275776627
              ],
              [
                -123.3373133629353,
                48.49039791520291
              ],
              [
                -123.33696619083506,
                48.49030285626254
              ],
              [
                -123.33668399835838,
                48.49022558846972
              ],
              [
                -123.33627602555475,
                48.49011387850927
              ],
              [
                -123.33601248561504,
                48.49004195603436
              ],
              [
                -123.33567083123228,
                48.48994718959042
              ],
              [
                -123.33527130739124,
                48.48983637052527
              ],
              [
                -123.33504297374908,
                48.48977303507042
              ],
              [
                -123.33521960566578,
                48.489491731298614
              ],
              [
                -123.33514659308831,
                48.48948700171764
              ],
              [
                -123.33497827410753,
                48.48975508836235
              ],
              [
                -123.33474878345628,
                48.48969142321609
              ],
              [
                -123.33451943241805,
                48.489627715428966
              ],
              [
                -123.33428734313024,
                48.48956324689755
              ],
              [
                -123.33407336099128,
                48.48950380287837
              ],
              [
                -123.33407334198279,
                48.489503832284406
              ],
              [
                -123.33398939961563,
                48.48965922515396
              ],
              [
                -123.33390567123274,
                48.48981421502769
              ],
              [
                -123.33382194267891,
                48.48996920466784
              ],
              [
                -123.33372717549913,
                48.49014462566384
              ],
              [
                -123.33357136614765,
                48.49043303827344
              ],
              [
                -123.33341679934176,
                48.49072024704555
              ],
              [
                -123.33332567574129,
                48.49088954776656
              ],
              [
                -123.33294284217173,
                48.49078769696282
              ],
              [
                -123.33287225009194,
                48.490917553233224
              ]
            ]
          ],
          [
            [
              [
                -123.33287151892522,
                48.49671650575896
              ],
              [
                -123.33287831306036,
                48.49671909383757
              ],
              [
                -123.33288267469761,
                48.49672075534637
              ],
              [
                -123.33290562768266,
                48.496729498827435
              ],
              [
                -123.33293845488234,
                48.496756490767844
              ],
              [
                -123.33295971448867,
                48.49678527968355
              ],
              [
                -123.33298466856006,
                48.496808023781206
              ],
              [
                -123.33305139204259,
                48.49684599425195
              ],
              [
                -123.33319501093554,
                48.49689832954782
              ],
              [
                -123.33331658317917,
                48.496921796736736
              ],
              [
                -123.33350698233552,
                48.49695269725144
              ],
              [
                -123.33364474682311,
                48.49698343481363
              ],
              [
                -123.33386383805079,
                48.49702902279872
              ],
              [
                -123.33405182023353,
                48.49708587449092
              ],
              [
                -123.33424230842202,
                48.497124326984576
              ],
              [
                -123.33436069018232,
                48.49715373699444
              ],
              [
                -123.33446115054585,
                48.49718200490607
              ],
              [
                -123.33457744110127,
                48.497219136945695
              ],
              [
                -123.3346830352164,
                48.49726453192121
              ],
              [
                -123.33487063359608,
                48.49736253112146
              ],
              [
                -123.33496338739864,
                48.497408413126536
              ],
              [
                -123.3351596053563,
                48.49751736223905
              ],
              [
                -123.33533223895878,
                48.4976268297131
              ],
              [
                -123.33548105672693,
                48.49770923082161
              ],
              [
                -123.33555429810292,
                48.49775473120174
              ],
              [
                -123.33574213479727,
                48.4978698545464
              ],
              [
                -123.33582842914825,
                48.4979210174867
              ],
              [
                -123.33594704759197,
                48.497988491455324
              ],
              [
                -123.33604619194759,
                48.49803035221181
              ],
              [
                -123.33620564310267,
                48.498095583094425
              ],
              [
                -123.3362843642572,
                48.49814245447579
              ],
              [
                -123.33641706476894,
                48.498220645639186
              ],
              [
                -123.33653358661594,
                48.498293142489295
              ],
              [
                -123.33661334127426,
                48.498330042080795
              ],
              [
                -123.33669206691425,
                48.49837084834308
              ],
              [
                -123.33686542357674,
                48.49842927761083
              ],
              [
                -123.33696021145201,
                48.49846470478397
              ],
              [
                -123.3370485243831,
                48.49849586629214
              ],
              [
                -123.3371110791225,
                48.49853138771718
              ],
              [
                -123.33718453943268,
                48.49859115636998
              ],
              [
                -123.33725859073783,
                48.49865901620016
              ],
              [
                -123.33728292777344,
                48.49868334307654
              ],
              [
                -123.33737285280915,
                48.49874368760254
              ],
              [
                -123.33746812179022,
                48.49879526984484
              ],
              [
                -123.33761008152986,
                48.498868643122904
              ],
              [
                -123.33779147765601,
                48.49895737485628
              ],
              [
                -123.33796983117618,
                48.49905408454742
              ],
              [
                -123.33814158506954,
                48.49915684381787
              ],
              [
                -123.33829765151287,
                48.49923116862791
              ],
              [
                -123.33841115149058,
                48.49927939330103
              ],
              [
                -123.33858248058718,
                48.49936566856745
              ],
              [
                -123.3386958120815,
                48.49942899152948
              ],
              [
                -123.33878934497233,
                48.499490604236776
              ],
              [
                -123.3388900793142,
                48.499557908449724
              ],
              [
                -123.3389663703062,
                48.49961195483991
              ],
              [
                -123.33903292337746,
                48.49966266761706
              ],
              [
                -123.33912623034624,
                48.49973716426295
              ],
              [
                -123.33917378030206,
                48.49977796546981
              ],
              [
                -123.33926021904531,
                48.49984130497791
              ],
              [
                -123.33933217064158,
                48.49989746615128
              ],
              [
                -123.33948294289469,
                48.5000014005896
              ],
              [
                -123.33954388091111,
                48.50006346337452
              ],
              [
                -123.33960871221467,
                48.50011754313751
              ],
              [
                -123.3396905269277,
                48.500180063905226
              ],
              [
                -123.33972377535233,
                48.50018480434
              ],
              [
                -123.33977179862555,
                48.50018744541691
              ],
              [
                -123.33980850493442,
                48.50021502219739
              ],
              [
                -123.3398590675878,
                48.500277713028595
              ],
              [
                -123.33995631788447,
                48.50037051833615
              ],
              [
                -123.34002771247431,
                48.50043050678032
              ],
              [
                -123.34008528603506,
                48.500470325894845
              ],
              [
                -123.34015294554173,
                48.50051868420992
              ],
              [
                -123.34027306382818,
                48.50059723645256
              ],
              [
                -123.34037606498025,
                48.500676077083924
              ],
              [
                -123.34042501119406,
                48.50071116091363
              ],
              [
                -123.34048261726606,
                48.50075574029932
              ],
              [
                -123.3405298523193,
                48.500786826582406
              ],
              [
                -123.34064248464064,
                48.50088094757466
              ],
              [
                -123.34071884329158,
                48.50094451378425
              ],
              [
                -123.3408056898441,
                48.50102254032301
              ],
              [
                -123.34090052752019,
                48.50111821440125
              ],
              [
                -123.3409625601034,
                48.501181822872766
              ],
              [
                -123.34104215915609,
                48.501243179361424
              ],
              [
                -123.34115419803398,
                48.50134406809223
              ],
              [
                -123.34123627599847,
                48.50140571279951
              ],
              [
                -123.34133457527109,
                48.50148107274333
              ],
              [
                -123.3414293482996,
                48.501567953303606
              ],
              [
                -123.3414841611838,
                48.501623013815916
              ],
              [
                -123.34156341946772,
                48.50169133147956
              ],
              [
                -123.34166349472629,
                48.50178032803724
              ],
              [
                -123.34174371483033,
                48.50187074759283
              ],
              [
                -123.34182015965575,
                48.501946690415274
              ],
              [
                -123.34188356952518,
                48.50200172520538
              ],
              [
                -123.3419389814482,
                48.502046667865756
              ],
              [
                -123.34203904369241,
                48.502111709596115
              ],
              [
                -123.3421324830506,
                48.5021580859277
              ],
              [
                -123.34222448982496,
                48.502204466442215
              ],
              [
                -123.34230060260639,
                48.50223238469409
              ],
              [
                -123.3424055551655,
                48.50228485841182
              ],
              [
                -123.34249470990095,
                48.50233315145345
              ],
              [
                -123.3426140543142,
                48.502396588487606
              ],
              [
                -123.34274921007705,
                48.50246759536068
              ],
              [
                -123.34282371139452,
                48.5025054154155
              ],
              [
                -123.3428743116091,
                48.5025348235022
              ],
              [
                -123.343062232766,
                48.502652889561496
              ],
              [
                -123.34306906872968,
                48.502655801457806
              ],
              [
                -123.34328183343806,
                48.5022969838768
              ],
              [
                -123.34328185824366,
                48.50229694849189
              ],
              [
                -123.34343521634635,
                48.50203833121136
              ],
              [
                -123.34344511228242,
                48.50202162474625
              ],
              [
                -123.34344513220107,
                48.50202159241216
              ],
              [
                -123.34273667929622,
                48.50147803035531
              ],
              [
                -123.34220447743324,
                48.50102752323376
              ],
              [
                -123.34150738837478,
                48.50060375537609
              ],
              [
                -123.34055837028738,
                48.500026819036094
              ],
              [
                -123.33904379107975,
                48.49893589525952
              ],
              [
                -123.33840002178323,
                48.498425207899075
              ],
              [
                -123.33674359926536,
                48.49671720542402
              ],
              [
                -123.33547783223028,
                48.49541192930927
              ],
              [
                -123.3351062515101,
                48.49484743586255
              ],
              [
                -123.33510620314337,
                48.494847362345126
              ],
              [
                -123.33510355666061,
                48.49484334178669
              ],
              [
                -123.33509595919922,
                48.49483179983991
              ],
              [
                -123.33508490277435,
                48.494815003027476
              ],
              [
                -123.33478186357641,
                48.49435462488132
              ],
              [
                -123.33476118493962,
                48.49432526767391
              ],
              [
                -123.33473876659092,
                48.494297216483425
              ],
              [
                -123.33473530293176,
                48.49429316556805
              ],
              [
                -123.33469194122611,
                48.494247473352374
              ],
              [
                -123.33469169963237,
                48.49424724413984
              ],
              [
                -123.33469166660674,
                48.49424721342312
              ],
              [
                -123.33467493788483,
                48.49423166011932
              ],
              [
                -123.33467465644082,
                48.494231404370716
              ],
              [
                -123.3346269789236,
                48.49419197016637
              ],
              [
                -123.33457655320005,
                48.49415611701413
              ],
              [
                -123.33452364767383,
                48.49412403575143
              ],
              [
                -123.3344606402253,
                48.49409157824233
              ],
              [
                -123.3343957205089,
                48.49406313779778
              ],
              [
                -123.33432914432464,
                48.494038826480306
              ],
              [
                -123.33426117399954,
                48.49401874008264
              ],
              [
                -123.33205539995627,
                48.49342887091465
              ],
              [
                -123.3320394367416,
                48.493425819450586
              ],
              [
                -123.33202320582872,
                48.49342498691072
              ],
              [
                -123.33202291940685,
                48.49342498959239
              ],
              [
                -123.33200668237168,
                48.493426377943315
              ],
              [
                -123.33199079950562,
                48.49343002532522
              ],
              [
                -123.3319902051061,
                48.49343021455891
              ],
              [
                -123.33198063966509,
                48.49343375268643
              ],
              [
                -123.3319715627715,
                48.493438403063934
              ],
              [
                -123.33196310320827,
                48.493444099711894
              ],
              [
                -123.3319571178946,
                48.49344944029431
              ],
              [
                -123.33195193150247,
                48.493455559700905
              ],
              [
                -123.33195018968203,
                48.49345813798405
              ],
              [
                -123.33194945715437,
                48.49345931463663
              ],
              [
                -123.33194928399824,
                48.49345960133489
              ],
              [
                -123.33194908243337,
                48.49345996812707
              ],
              [
                -123.33194850008653,
                48.49346104482358
              ],
              [
                -123.33194848177743,
                48.49346107810692
              ],
              [
                -123.33174440122632,
                48.49384736705086
              ],
              [
                -123.33110279609117,
                48.495061708586206
              ],
              [
                -123.33110278003943,
                48.49506173792698
              ],
              [
                -123.33089874316103,
                48.49544592536449
              ],
              [
                -123.33081674222633,
                48.495600319097754
              ],
              [
                -123.33073116919266,
                48.495761437345344
              ],
              [
                -123.33087149426373,
                48.4958240840063
              ],
              [
                -123.33116515379716,
                48.49593646707591
              ],
              [
                -123.33140510144267,
                48.49605857388303
              ],
              [
                -123.33172655361265,
                48.49624537793034
              ],
              [
                -123.33197771105172,
                48.49636396123899
              ],
              [
                -123.33207626290928,
                48.4963849495217
              ],
              [
                -123.33229165014012,
                48.49649205187205
              ],
              [
                -123.33249467889118,
                48.49661153249869
              ],
              [
                -123.33260631081382,
                48.49668870867969
              ],
              [
                -123.33266560586092,
                48.49671948137685
              ],
              [
                -123.33271262347408,
                48.49672391887416
              ],
              [
                -123.33275548842502,
                48.49672559599621
              ],
              [
                -123.33281416247519,
                48.496708340525686
              ],
              [
                -123.33287151892522,
                48.49671650575896
              ]
            ]
          ],
          [
            [
              [
                -123.34563527013522,
                48.5016374259966
              ],
              [
                -123.34584821412423,
                48.50169354211184
              ],
              [
                -123.34610181110682,
                48.50176008188561
              ],
              [
                -123.34602644915024,
                48.50188767433848
              ],
              [
                -123.34595108647227,
                48.502015265841486
              ],
              [
                -123.34650395060831,
                48.50215864050092
              ],
              [
                -123.34657926834214,
                48.50203118192068
              ],
              [
                -123.34665458637816,
                48.50190372351208
              ],
              [
                -123.34670485425433,
                48.5018186344638
              ],
              [
                -123.34675406403919,
                48.50173533571801
              ],
              [
                -123.34683901587708,
                48.501591571165854
              ],
              [
                -123.34691433260328,
                48.50146411078137
              ],
              [
                -123.34698964962703,
                48.501336649893815
              ],
              [
                -123.34706496594075,
                48.50120918963077
              ],
              [
                -123.3471402818767,
                48.50108172909163
              ],
              [
                -123.34721559743645,
                48.500954268501275
              ],
              [
                -123.34729091262155,
                48.50082680808459
              ],
              [
                -123.34736622709198,
                48.500699347617726
              ],
              [
                -123.34744154186156,
                48.500571886872685
              ],
              [
                -123.3475168555796,
                48.500444426303396
              ],
              [
                -123.34759216925988,
                48.50031696568184
              ],
              [
                -123.3476674818887,
                48.50018950523605
              ],
              [
                -123.34774279481661,
                48.50006204451211
              ],
              [
                -123.34781810669307,
                48.49993458396388
              ],
              [
                -123.34789341751959,
                48.49980712381632
              ],
              [
                -123.34873435479543,
                48.500029023498236
              ],
              [
                -123.34918316621396,
                48.49926702062805
              ],
              [
                -123.3483413634097,
                48.49904995835052
              ],
              [
                -123.34835097454149,
                48.49903346873559
              ],
              [
                -123.34842548320341,
                48.49890563886857
              ],
              [
                -123.34850463812619,
                48.49876983642259
              ],
              [
                -123.34896655326443,
                48.49889009315912
              ],
              [
                -123.34975018729605,
                48.497152071100494
              ],
              [
                -123.34976516337085,
                48.49711885487418
              ],
              [
                -123.34984189035332,
                48.49694867539897
              ],
              [
                -123.34876761842824,
                48.49665919681639
              ],
              [
                -123.34837203843954,
                48.49655259907553
              ],
              [
                -123.34825401281483,
                48.496520793991294
              ],
              [
                -123.34826173861663,
                48.496507764483134
              ],
              [
                -123.34880316852765,
                48.49559462845217
              ],
              [
                -123.34913736522425,
                48.495680455770085
              ],
              [
                -123.34957919980188,
                48.49496277842597
              ],
              [
                -123.34930536392119,
                48.494892341596724
              ],
              [
                -123.34973617014444,
                48.49415414781536
              ],
              [
                -123.35014067107424,
                48.49425823547469
              ],
              [
                -123.35047343466597,
                48.49368607244075
              ],
              [
                -123.35063048830655,
                48.49341602484404
              ],
              [
                -123.35102886252157,
                48.492731133979376
              ],
              [
                -123.350773211616,
                48.49266581518797
              ],
              [
                -123.3517254032887,
                48.492357201757855
              ],
              [
                -123.35276305764734,
                48.49189943003056
              ],
              [
                -123.3542182965961,
                48.492277378431865
              ],
              [
                -123.3556214835151,
                48.49264178533835
              ],
              [
                -123.35561930196327,
                48.492583290407595
              ],
              [
                -123.35561777155397,
                48.49254225419281
              ],
              [
                -123.35546994075291,
                48.49252134417498
              ],
              [
                -123.35534440654503,
                48.49238012527
              ],
              [
                -123.35538443105219,
                48.492312026335405
              ],
              [
                -123.35510151889875,
                48.49223856361759
              ],
              [
                -123.35508746451062,
                48.491861288195864
              ],
              [
                -123.35454562816811,
                48.491720562850304
              ],
              [
                -123.35231492283555,
                48.49114117018492
              ],
              [
                -123.35352150658095,
                48.49073925155595
              ],
              [
                -123.35599959306644,
                48.48991186131037
              ],
              [
                -123.3560124129071,
                48.48990758073931
              ],
              [
                -123.35606574357061,
                48.48934639518958
              ],
              [
                -123.3560835738719,
                48.489162665362635
              ],
              [
                -123.35595704401659,
                48.48874111955744
              ],
              [
                -123.35595338912131,
                48.48872894276476
              ],
              [
                -123.35594796320802,
                48.48871086584826
              ],
              [
                -123.3559369800948,
                48.48871321813813
              ],
              [
                -123.35572176337372,
                48.4879980972613
              ],
              [
                -123.35558536350298,
                48.48804825295204
              ],
              [
                -123.35539314163248,
                48.48817876915972
              ],
              [
                -123.35533906038911,
                48.48836856107159
              ],
              [
                -123.3554405436275,
                48.4886313146618
              ],
              [
                -123.35535840136801,
                48.48872740510936
              ],
              [
                -123.35521514259423,
                48.48872428043575
              ],
              [
                -123.3551047782753,
                48.48858387841891
              ],
              [
                -123.35510706832353,
                48.48841462020526
              ],
              [
                -123.35486748048774,
                48.48819957341628
              ],
              [
                -123.35483880050641,
                48.488286519540615
              ],
              [
                -123.35477067101037,
                48.4884930615506
              ],
              [
                -123.35412924884922,
                48.48863499389785
              ],
              [
                -123.35358882700831,
                48.48843259399508
              ],
              [
                -123.35353301030551,
                48.488431402934204
              ],
              [
                -123.35327988917518,
                48.48843420317101
              ],
              [
                -123.3531268217318,
                48.4884202724904
              ],
              [
                -123.35309894461427,
                48.48839693060688
              ],
              [
                -123.3526401477508,
                48.48827604333909
              ],
              [
                -123.35251260158479,
                48.48826511335661
              ],
              [
                -123.35231021037438,
                48.48828957560283
              ],
              [
                -123.35208226685415,
                48.48833014461243
              ],
              [
                -123.35179848027315,
                48.48836459889049
              ],
              [
                -123.35130203100877,
                48.48799596094908
              ],
              [
                -123.35116035257316,
                48.48801357517784
              ],
              [
                -123.35137452594113,
                48.48875242424969
              ],
              [
                -123.34999037794762,
                48.48914285061133
              ],
              [
                -123.34910657800661,
                48.49017586495833
              ],
              [
                -123.34864628727662,
                48.49027441298202
              ],
              [
                -123.34761375719978,
                48.48688056133846
              ],
              [
                -123.34689191549796,
                48.48444577863339
              ],
              [
                -123.34657754706421,
                48.48338489714693
              ],
              [
                -123.34625713566416,
                48.48227970504223
              ],
              [
                -123.34624578542252,
                48.48224055436715
              ],
              [
                -123.34624572523316,
                48.48224055865283
              ],
              [
                -123.34624566382527,
                48.482240557881674
              ],
              [
                -123.34623318992107,
                48.48224039096054
              ],
              [
                -123.3460833275629,
                48.482238385292874
              ],
              [
                -123.34602844384177,
                48.48223765043309
              ],
              [
                -123.34511684855283,
                48.48222544273249
              ],
              [
                -123.34498158797084,
                48.48222363075973
              ],
              [
                -123.34498157505656,
                48.48222365953084
              ],
              [
                -123.34497983022528,
                48.48222756089741
              ],
              [
                -123.34494518720925,
                48.48230501736884
              ],
              [
                -123.34494343204106,
                48.48230894176296
              ],
              [
                -123.3448511288057,
                48.48251531927332
              ],
              [
                -123.34478063533338,
                48.48267293124022
              ],
              [
                -123.3447042674499,
                48.48284367740396
              ],
              [
                -123.34462789863329,
                48.48301442345822
              ],
              [
                -123.34455152998493,
                48.483185169680816
              ],
              [
                -123.34446989240678,
                48.483367702735585
              ],
              [
                -123.34439357156255,
                48.48353834484641
              ],
              [
                -123.3443137275129,
                48.48371686252734
              ],
              [
                -123.34423505720201,
                48.48389275484749
              ],
              [
                -123.34419689614462,
                48.48397807582564
              ],
              [
                -123.34415873462201,
                48.48406339684741
              ],
              [
                -123.34414110081794,
                48.48410275903453
              ],
              [
                -123.3441028945472,
                48.48418804424004
              ],
              [
                -123.34406468781151,
                48.48427332954539
              ],
              [
                -123.34398827412664,
                48.48444390005838
              ],
              [
                -123.34394728188907,
                48.48453573186775
              ],
              [
                -123.34390628942084,
                48.48462756383037
              ],
              [
                -123.34382404055361,
                48.48481156265718
              ],
              [
                -123.34374179109228,
                48.484995561083366
              ],
              [
                -123.34365954129252,
                48.48517955938926
              ],
              [
                -123.34357729064719,
                48.48536355763265
              ],
              [
                -123.34347975502628,
                48.485581943434156
              ],
              [
                -123.34339749543891,
                48.48576612418982
              ],
              [
                -123.34330348404299,
                48.48597661589757
              ],
              [
                -123.34320947162135,
                48.48618710780453
              ],
              [
                -123.34319772004463,
                48.48621341909023
              ],
              [
                -123.34312653127382,
                48.48637328994744
              ],
              [
                -123.34305534205909,
                48.48653316092591
              ],
              [
                -123.3430357775333,
                48.486576887174785
              ],
              [
                -123.3430162125561,
                48.48662061415231
              ],
              [
                -123.34295689755642,
                48.48675318236224
              ],
              [
                -123.3428975822523,
                48.486885750989074
              ],
              [
                -123.34285778928509,
                48.48697469206326
              ],
              [
                -123.34281799745048,
                48.48706363345622
              ],
              [
                -123.34281025316305,
                48.4870809315991
              ],
              [
                -123.34260677417427,
                48.487535699335716
              ],
              [
                -123.3422991920483,
                48.487456552931086
              ],
              [
                -123.34048787672496,
                48.48699046238864
              ],
              [
                -123.3404878850873,
                48.48699049857457
              ],
              [
                -123.34048799305074,
                48.486990958479375
              ],
              [
                -123.3406768080681,
                48.487795266744264
              ],
              [
                -123.34056198926919,
                48.48795470180015
              ],
              [
                -123.34054412240837,
                48.487979275356345
              ],
              [
                -123.33983690492624,
                48.48896342100859
              ],
              [
                -123.33898458487985,
                48.48974775317432
              ],
              [
                -123.33828336621629,
                48.49057147002076
              ],
              [
                -123.33822544331629,
                48.490647723083995
              ],
              [
                -123.33794220040885,
                48.490951753071116
              ],
              [
                -123.33772606751516,
                48.491227774558155
              ],
              [
                -123.33744069200849,
                48.49159221945743
              ],
              [
                -123.33730510394247,
                48.49176913282816
              ],
              [
                -123.33717412652778,
                48.49194948631783
              ],
              [
                -123.33704784700598,
                48.492133159796474
              ],
              [
                -123.33692634948935,
                48.49232003092278
              ],
              [
                -123.33680971490506,
                48.492509975225495
              ],
              [
                -123.33669802094113,
                48.49270286618643
              ],
              [
                -123.33659134199473,
                48.49289857532466
              ],
              [
                -123.33569636787094,
                48.494602224118324
              ],
              [
                -123.33566669197305,
                48.494664977131265
              ],
              [
                -123.33564328384722,
                48.49473032741201
              ],
              [
                -123.33562636710487,
                48.49479765068716
              ],
              [
                -123.33561610334704,
                48.49486630383584
              ],
              [
                -123.33561485441973,
                48.494881439412474
              ],
              [
                -123.3356151603941,
                48.49495343174506
              ],
              [
                -123.33562229385883,
                48.49502507044446
              ],
              [
                -123.33563619048506,
                48.49509570948006
              ],
              [
                -123.33565672495439,
                48.49516471183611
              ],
              [
                -123.33568371208905,
                48.49523145525627
              ],
              [
                -123.33571690852175,
                48.495295337855055
              ],
              [
                -123.33575601489036,
                48.495355783545584
              ],
              [
                -123.33580067853761,
                48.495412247234675
              ],
              [
                -123.33585049669118,
                48.49546421973843
              ],
              [
                -123.33860856216225,
                48.49830823822812
              ],
              [
                -123.33861830762285,
                48.49831828673438
              ],
              [
                -123.33862557469755,
                48.49832405157443
              ],
              [
                -123.33924706155987,
                48.49881706089302
              ],
              [
                -123.34074947634221,
                48.49989921233158
              ],
              [
                -123.34172822779402,
                48.50049422283918
              ],
              [
                -123.34240356143168,
                48.500904764122616
              ],
              [
                -123.34294239979282,
                48.501360892665915
              ],
              [
                -123.34357641219933,
                48.50179974506024
              ],
              [
                -123.34393737473532,
                48.50119033549563
              ],
              [
                -123.34393739442233,
                48.5011903065358
              ],
              [
                -123.34393771523472,
                48.501190390874534
              ],
              [
                -123.34478203646192,
                48.50141266665269
              ],
              [
                -123.34455461289895,
                48.5017949495811
              ],
              [
                -123.34476854487099,
                48.5018513069068
              ],
              [
                -123.34498246867108,
                48.50190766172252
              ],
              [
                -123.34519536436497,
                48.50196394404719
              ],
              [
                -123.34522380653134,
                48.50191599218613
              ],
              [
                -123.34522382655706,
                48.50191596333753
              ],
              [
                -123.34542232661147,
                48.50158130903599
              ],
              [
                -123.34563527013522,
                48.5016374259966
              ]
            ]
          ]
        ]
      },
      "properties": {
        "OBJECTID": 214,
        "PARK": "PKOLS (MOUNT DOUGLAS PARK)",
        "PARKTYPE": "Municipal",
        "PARKADMINISTRATOR": "District of Saanich",
        "LOCATION": null,
        "_crosscheckSource": "https://map.saanich.ca/server/rest/services/MAPS/SaanichBaseMap/MapServer/26"
      }
    },
    {
      "type": "Feature",
      "id": 84,
      "geometry": {
        "type": "MultiPolygon",
        "coordinates": [
          [
            [
              [
                -123.3687664521806,
                48.51717419564105
              ],
              [
                -123.36891901045358,
                48.51717634256014
              ],
              [
                -123.36912283151564,
                48.51717921061186
              ],
              [
                -123.36932665259862,
                48.51718207830264
              ],
              [
                -123.36930252707215,
                48.517058946447065
              ],
              [
                -123.36950753470138,
                48.517061874784915
              ],
              [
                -123.36948340950367,
                48.51693874723663
              ],
              [
                -123.36968717917341,
                48.51694165763626
              ],
              [
                -123.36968423243248,
                48.516926985878726
              ],
              [
                -123.36958843655546,
                48.51672300597999
              ],
              [
                -123.36957536144476,
                48.51669515012833
              ],
              [
                -123.36956228634682,
                48.51666729405009
              ],
              [
                -123.3690673556477,
                48.51665985194362
              ],
              [
                -123.36849432924956,
                48.51665123269111
              ],
              [
                -123.36850769211907,
                48.516679078972736
              ],
              [
                -123.36852134683103,
                48.516707533374536
              ],
              [
                -123.36862712092915,
                48.516927950112276
              ],
              [
                -123.36868053549873,
                48.517022351882275
              ],
              [
                -123.3687664521806,
                48.51717419564105
              ]
            ]
          ],
          [
            [
              [
                -123.36674122312914,
                48.5163813550537
              ],
              [
                -123.36685640816793,
                48.51662853741379
              ],
              [
                -123.36688241250816,
                48.51668373110458
              ],
              [
                -123.36697902721896,
                48.51688879200561
              ],
              [
                -123.36698196162979,
                48.51690355248575
              ],
              [
                -123.36700643467069,
                48.51702665403104
              ],
              [
                -123.3670309078302,
                48.517149755343276
              ],
              [
                -123.36748464664397,
                48.517156091707974
              ],
              [
                -123.36768965407914,
                48.517158954236656
              ],
              [
                -123.3678946615337,
                48.517161816175275
              ],
              [
                -123.36809967036342,
                48.51716467774445
              ],
              [
                -123.36818537680857,
                48.517165873783995
              ],
              [
                -123.36830467954942,
                48.51716753849756
              ],
              [
                -123.36847252017911,
                48.517169881140994
              ],
              [
                -123.3684048695959,
                48.51704697535257
              ],
              [
                -123.368339420095,
                48.516922883462975
              ],
              [
                -123.36823357997831,
                48.516702479267664
              ],
              [
                -123.36820707206373,
                48.5166472789454
              ],
              [
                -123.36807532440251,
                48.51637289765323
              ],
              [
                -123.3675808518157,
                48.51636569329433
              ],
              [
                -123.36717939788825,
                48.516360122134586
              ],
              [
                -123.36672841329313,
                48.51635386148749
              ],
              [
                -123.36674122312914,
                48.5163813550537
              ]
            ]
          ]
        ]
      },
      "properties": {
        "OBJECTID": 84,
        "PARK": "DORIS PAGE PARK",
        "PARKTYPE": "Neighbourhood",
        "PARKADMINISTRATOR": "District of Saanich",
        "LOCATION": null,
        "_crosscheckSource": "https://map.saanich.ca/server/rest/services/MAPS/SaanichBaseMap/MapServer/26"
      }
    },
    {
      "type": "Feature",
      "id": 56,
      "geometry": {
        "type": "MultiPolygon",
        "coordinates": [
          [
            [
              [
                -123.37010915128594,
                48.52875950415057
              ],
              [
                -123.37022052810987,
                48.52876166142336
              ],
              [
                -123.37086791600456,
                48.528774199080374
              ],
              [
                -123.37087264403738,
                48.52866632963637
              ],
              [
                -123.36999989867377,
                48.52864942680491
              ],
              [
                -123.37010915128594,
                48.52875950415057
              ]
            ]
          ],
          [
            [
              [
                -123.3711385769079,
                48.5287794394312
              ],
              [
                -123.37165512734032,
                48.52878945054112
              ],
              [
                -123.3721090307262,
                48.52880947306609
              ],
              [
                -123.37226783067867,
                48.528852561303516
              ],
              [
                -123.37252079168171,
                48.528816075554865
              ],
              [
                -123.37237235217576,
                48.52877705896458
              ],
              [
                -123.37222235281143,
                48.52874455093564
              ],
              [
                -123.37207107882328,
                48.52871861328438
              ],
              [
                -123.37191881786964,
                48.52869929533312
              ],
              [
                -123.37176585948563,
                48.52868663381632
              ],
              [
                -123.37161249453261,
                48.52868065281076
              ],
              [
                -123.37114330470648,
                48.52867157020143
              ],
              [
                -123.3711385769079,
                48.5287794394312
              ]
            ]
          ]
        ]
      },
      "properties": {
        "OBJECTID": 56,
        "PARK": "MATTICK'S WOOD PARK",
        "PARKTYPE": "Neighbourhood",
        "PARKADMINISTRATOR": "District of Saanich",
        "LOCATION": null,
        "_crosscheckSource": "https://map.saanich.ca/server/rest/services/MAPS/SaanichBaseMap/MapServer/26"
      }
    },
    {
      "type": "Feature",
      "id": 283,
      "geometry": {
        "type": "MultiPolygon",
        "coordinates": [
          [
            [
              [
                -123.44498533717133,
                48.50676089899159
              ],
              [
                -123.44498249629221,
                48.50678079836623
              ],
              [
                -123.44497613456772,
                48.50682535570267
              ],
              [
                -123.44500009521424,
                48.506795507408945
              ],
              [
                -123.44500279222922,
                48.50679219214676
              ],
              [
                -123.44506404058988,
                48.50671690674367
              ],
              [
                -123.44506205376477,
                48.50660159894478
              ],
              [
                -123.44512299674793,
                48.50643694421521
              ],
              [
                -123.44521457096309,
                48.50626931754063
              ],
              [
                -123.44517270863689,
                48.506066962736156
              ],
              [
                -123.445088390255,
                48.506039111313264
              ],
              [
                -123.44498533717133,
                48.50676089899159
              ]
            ]
          ],
          [
            [
              [
                -123.44546569556472,
                48.507816194279094
              ],
              [
                -123.44546764556615,
                48.50790421042078
              ],
              [
                -123.44561457277676,
                48.50791321753579
              ],
              [
                -123.4456657343775,
                48.508069746805084
              ],
              [
                -123.44569360727957,
                48.50812805220404
              ],
              [
                -123.44574516019128,
                48.50817098660697
              ],
              [
                -123.44581508452069,
                48.508211837114196
              ],
              [
                -123.44588403470593,
                48.5083439996271
              ],
              [
                -123.44604922924329,
                48.50843475585246
              ],
              [
                -123.44612210805231,
                48.5084545064386
              ],
              [
                -123.44627439747902,
                48.508514934588895
              ],
              [
                -123.44644065435126,
                48.5086063001381
              ],
              [
                -123.4466337797397,
                48.50863724852328
              ],
              [
                -123.44685106465838,
                48.50869130524712
              ],
              [
                -123.44702346405803,
                48.50879792630379
              ],
              [
                -123.44713537567229,
                48.508991923418876
              ],
              [
                -123.44713809527907,
                48.50899641117759
              ],
              [
                -123.44724118122781,
                48.50892755751441
              ],
              [
                -123.44811255026588,
                48.50834558116508
              ],
              [
                -123.44798577057871,
                48.507915268044165
              ],
              [
                -123.44792881116888,
                48.507772758315404
              ],
              [
                -123.44548783902144,
                48.507734782732875
              ],
              [
                -123.44540936967988,
                48.507733560533225
              ],
              [
                -123.44546569556472,
                48.507816194279094
              ]
            ]
          ],
          [
            [
              [
                -123.44532233318151,
                48.506184417083695
              ],
              [
                -123.44537406832362,
                48.50626077177634
              ],
              [
                -123.44528104537244,
                48.506398151458306
              ],
              [
                -123.44522906307378,
                48.50652306589994
              ],
              [
                -123.44520478816953,
                48.50659502501818
              ],
              [
                -123.44522751848628,
                48.5065988219856
              ],
              [
                -123.445240881908,
                48.5067136946598
              ],
              [
                -123.44524590458131,
                48.50678862870842
              ],
              [
                -123.44522353746527,
                48.506870355736424
              ],
              [
                -123.44522171838184,
                48.506873546831194
              ],
              [
                -123.44520314719766,
                48.50690612655756
              ],
              [
                -123.44519950251554,
                48.50695651365009
              ],
              [
                -123.4452189832379,
                48.506973785884036
              ],
              [
                -123.44523771266192,
                48.507038865762645
              ],
              [
                -123.44521262019379,
                48.50705689021026
              ],
              [
                -123.44520561681524,
                48.50711361072857
              ],
              [
                -123.44523370202603,
                48.507125022697906
              ],
              [
                -123.4452818940243,
                48.50723682578372
              ],
              [
                -123.44524531347514,
                48.5073205501169
              ],
              [
                -123.44526348464888,
                48.50737833537355
              ],
              [
                -123.44535423008392,
                48.507401452171486
              ],
              [
                -123.44539377074771,
                48.50745681183642
              ],
              [
                -123.44542943016353,
                48.50754464829572
              ],
              [
                -123.44543084636,
                48.50755309866531
              ],
              [
                -123.44550931566177,
                48.50755430943606
              ],
              [
                -123.44684740868207,
                48.50757493647347
              ],
              [
                -123.44757259656954,
                48.507586108973925
              ],
              [
                -123.44785607853629,
                48.507590475002075
              ],
              [
                -123.44778054662244,
                48.50740166640054
              ],
              [
                -123.44767758315547,
                48.50714428562366
              ],
              [
                -123.44669351212684,
                48.50693968094884
              ],
              [
                -123.4459162187076,
                48.506312545061
              ],
              [
                -123.44537022423924,
                48.50613220368219
              ],
              [
                -123.44525510074259,
                48.506094177629045
              ],
              [
                -123.44532233318151,
                48.506184417083695
              ]
            ]
          ],
          [
            [
              [
                -123.44727784607362,
                48.51124024870978
              ],
              [
                -123.44733187445293,
                48.51126655348873
              ],
              [
                -123.44738789812857,
                48.51128828721672
              ],
              [
                -123.44744553116143,
                48.5113053001732
              ],
              [
                -123.44750437652577,
                48.51131747515833
              ],
              [
                -123.44756402884421,
                48.511324728300366
              ],
              [
                -123.44789106168348,
                48.51135437904756
              ],
              [
                -123.44798928717374,
                48.51136584003228
              ],
              [
                -123.4480867543086,
                48.51138256602189
              ],
              [
                -123.44818318108584,
                48.51140450862296
              ],
              [
                -123.44844571581173,
                48.51147214278491
              ],
              [
                -123.4486409166618,
                48.51128240436142
              ],
              [
                -123.44864598652421,
                48.51118391702117
              ],
              [
                -123.44975072016682,
                48.51120871946005
              ],
              [
                -123.44975099305192,
                48.511208725591
              ],
              [
                -123.4499853209948,
                48.51043707886713
              ],
              [
                -123.45001216704723,
                48.51012778613593
              ],
              [
                -123.44998333460485,
                48.510126679606344
              ],
              [
                -123.44997485970624,
                48.510060827115794
              ],
              [
                -123.44996022146225,
                48.5099960652734
              ],
              [
                -123.44993954996002,
                48.509932969604655
              ],
              [
                -123.44991302890305,
                48.50987210082813
              ],
              [
                -123.44988089397867,
                48.509813999872435
              ],
              [
                -123.4498434307635,
                48.509759183069114
              ],
              [
                -123.4498009721856,
                48.509708137564104
              ],
              [
                -123.44975389556586,
                48.50966131698858
              ],
              [
                -123.44970261926477,
                48.509619137427606
              ],
              [
                -123.44964759896452,
                48.50958197372248
              ],
              [
                -123.44958932361949,
                48.5095501561396
              ],
              [
                -123.449528311111,
                48.50952396743545
              ],
              [
                -123.44946510364495,
                48.509503640343794
              ],
              [
                -123.44940026293347,
                48.50948935550741
              ],
              [
                -123.4493343652029,
                48.50948123987278
              ],
              [
                -123.4493438627168,
                48.50946311662272
              ],
              [
                -123.4492539955621,
                48.50944153856312
              ],
              [
                -123.44916582992055,
                48.509413816048855
              ],
              [
                -123.44907978536655,
                48.50938008100954
              ],
              [
                -123.44899627138047,
                48.509340493987985
              ],
              [
                -123.44891568539978,
                48.509295243376194
              ],
              [
                -123.44883841092785,
                48.509244544518836
              ],
              [
                -123.44876481570877,
                48.50918863868841
              ],
              [
                -123.44869524997728,
                48.50912779193704
              ],
              [
                -123.4483716132139,
                48.50880210078707
              ],
              [
                -123.44831842144713,
                48.50874514331243
              ],
              [
                -123.44826982967368,
                48.5086842141936
              ],
              [
                -123.44822613338678,
                48.50861968394889
              ],
              [
                -123.44818759830957,
                48.508551944995595
              ],
              [
                -123.44731435500037,
                48.50913517697653
              ],
              [
                -123.44687942080624,
                48.509318818942106
              ],
              [
                -123.44608469201248,
                48.50930035136331
              ],
              [
                -123.44596656707328,
                48.50929760565567
              ],
              [
                -123.44596566964462,
                48.50929758467341
              ],
              [
                -123.44596625535516,
                48.509299113313745
              ],
              [
                -123.44587107411274,
                48.50941381638757
              ],
              [
                -123.44586583087771,
                48.50950729712109
              ],
              [
                -123.44586837885075,
                48.509515804836774
              ],
              [
                -123.445898129957,
                48.50951657619576
              ],
              [
                -123.44671766737291,
                48.509537818426445
              ],
              [
                -123.44676511389568,
                48.50964920270962
              ],
              [
                -123.44665419799165,
                48.509798983577184
              ],
              [
                -123.44667733523542,
                48.510032919435545
              ],
              [
                -123.44662004355492,
                48.510347237049785
              ],
              [
                -123.44666118156289,
                48.51053747492167
              ],
              [
                -123.4467996619668,
                48.5107691730579
              ],
              [
                -123.44711591263916,
                48.51114955156309
              ],
              [
                -123.44727784607362,
                48.51124024870978
              ]
            ]
          ]
        ]
      },
      "properties": {
        "OBJECTID": 283,
        "PARK": "SOUTH PROSPECT LAKE PARK",
        "PARKTYPE": "Neighbourhood",
        "PARKADMINISTRATOR": "District of Saanich",
        "LOCATION": null,
        "_crosscheckSource": "https://map.saanich.ca/server/rest/services/MAPS/SaanichBaseMap/MapServer/26"
      }
    },
    {
      "type": "Feature",
      "id": 299,
      "geometry": {
        "type": "Polygon",
        "coordinates": [
          [
            [
              -123.3790239448478,
              48.429541888879356
            ],
            [
              -123.37893736487402,
              48.429615408513136
            ],
            [
              -123.37900115363183,
              48.42964867814856
            ],
            [
              -123.37918661284489,
              48.42949119100032
            ],
            [
              -123.3788795508264,
              48.42933112662364
            ],
            [
              -123.37882955717818,
              48.429373604621254
            ],
            [
              -123.37901042647145,
              48.42946788741844
            ],
            [
              -123.3790239448478,
              48.429541888879356
            ]
          ]
        ]
      },
      "properties": {
        "OBJECTID": 299,
        "Park_Name": "Saghalie Park",
        "Alias_Name": "Saghalie Park",
        "ParkClassCode": "NP",
        "_crosscheckSource": "https://maps.victoria.ca/server/rest/services/OpenData/OpenData_Parks/MapServer/50"
      }
    },
    {
      "type": "Feature",
      "id": 258,
      "geometry": {
        "type": "MultiPolygon",
        "coordinates": [
          [
            [
              [
                -123.35235931356839,
                48.43572696688881
              ],
              [
                -123.35237430820389,
                48.435742761153094
              ],
              [
                -123.35236892658538,
                48.43575556438925
              ],
              [
                -123.35235653679098,
                48.43590706957769
              ],
              [
                -123.35235562584968,
                48.43590730897541
              ],
              [
                -123.35235433321003,
                48.43590768089106
              ],
              [
                -123.35235306105517,
                48.43590808243251
              ],
              [
                -123.35235181073087,
                48.43590851269595
              ],
              [
                -123.35235058358897,
                48.43590897167729
              ],
              [
                -123.35234938232732,
                48.43590945846858
              ],
              [
                -123.35234820559386,
                48.435909973074
              ],
              [
                -123.35234705608633,
                48.43591051458559
              ],
              [
                -123.35234593650246,
                48.43591108209547
              ],
              [
                -123.352344846836,
                48.435911674704016
              ],
              [
                -123.3523437897971,
                48.43591229330256
              ],
              [
                -123.35234276401518,
                48.43591293519633
              ],
              [
                -123.35234177354609,
                48.435913600372935
              ],
              [
                -123.35234081838361,
                48.43591428793275
              ],
              [
                -123.35233989852779,
                48.435914997875756
              ],
              [
                -123.3523390180158,
                48.43591572749067
              ],
              [
                -123.35233817414996,
                48.435916477685346
              ],
              [
                -123.35233737097998,
                48.4359172475478
              ],
              [
                -123.35233660848716,
                48.435918034379064
              ],
              [
                -123.35233588667771,
                48.43591883907884
              ],
              [
                -123.35233520824319,
                48.435919659839506
              ],
              [
                -123.35233457317106,
                48.43592049486189
              ],
              [
                -123.35233398146767,
                48.43592134504556
              ],
              [
                -123.35233343447247,
                48.43592220858711
              ],
              [
                -123.35233293352495,
                48.43592308368316
              ],
              [
                -123.35233247726698,
                48.43592396943822
              ],
              [
                -123.35233206840248,
                48.43592486584397
              ],
              [
                -123.35233170691906,
                48.43592577110123
              ],
              [
                -123.35233139145843,
                48.435926684314445
              ],
              [
                -123.35233112471221,
                48.43592760367604
              ],
              [
                -123.35233090668031,
                48.435928529186064
              ],
              [
                -123.35233073599835,
                48.43592945904941
              ],
              [
                -123.35233061401208,
                48.43593039236224
              ],
              [
                -123.35229122072559,
                48.4363089570606
              ],
              [
                -123.35230575969797,
                48.436343300855995
              ],
              [
                -123.35231298521289,
                48.43636036942755
              ],
              [
                -123.35234056483947,
                48.43636799950672
              ],
              [
                -123.35240590171402,
                48.436377544476365
              ],
              [
                -123.352421997802,
                48.43639344151878
              ],
              [
                -123.35248070551539,
                48.436407436634404
              ],
              [
                -123.35254479657488,
                48.436429387945694
              ],
              [
                -123.35262452734116,
                48.43646144117473
              ],
              [
                -123.3526421699085,
                48.43644740291996
              ],
              [
                -123.3526450796594,
                48.436440402806525
              ],
              [
                -123.35264434849982,
                48.43642969828676
              ],
              [
                -123.35243987042303,
                48.435705249102284
              ],
              [
                -123.35237805224757,
                48.43571349029807
              ],
              [
                -123.3523684502491,
                48.43568668127315
              ],
              [
                -123.35240609461064,
                48.43568388233786
              ],
              [
                -123.35241945245978,
                48.43567042221791
              ],
              [
                -123.35242737381989,
                48.435648927757484
              ],
              [
                -123.35238745766615,
                48.435517543320614
              ],
              [
                -123.35236594824885,
                48.43551939859213
              ],
              [
                -123.35234576392348,
                48.43571269400854
              ],
              [
                -123.35235931356839,
                48.43572696688881
              ]
            ]
          ],
          [
            [
              [
                -123.3522050638368,
                48.437136883625186
              ],
              [
                -123.35276592049827,
                48.437064876816294
              ],
              [
                -123.35268825566754,
                48.436797019445386
              ],
              [
                -123.3526639882171,
                48.436800135540224
              ],
              [
                -123.35259629545735,
                48.436566670925025
              ],
              [
                -123.35259581858928,
                48.43656516456913
              ],
              [
                -123.35259526338709,
                48.436563670148736
              ],
              [
                -123.35259463256102,
                48.43656218855519
              ],
              [
                -123.3525939261297,
                48.43656072248737
              ],
              [
                -123.35259314410563,
                48.43655927374452
              ],
              [
                -123.35259228919898,
                48.43655784321804
              ],
              [
                -123.35259136007642,
                48.43655643361096
              ],
              [
                -123.35259035944824,
                48.436555045814586
              ],
              [
                -123.35258928732678,
                48.436553681628176
              ],
              [
                -123.35258814642235,
                48.43655234194315
              ],
              [
                -123.35258693675351,
                48.43655102945832
              ],
              [
                -123.35258565968475,
                48.43654974596891
              ],
              [
                -123.35258431927207,
                48.43654849146238
              ],
              [
                -123.35258291283013,
                48.43654726864599
              ],
              [
                -123.3525814457731,
                48.43654607840277
              ],
              [
                -123.35257991811345,
                48.436544922531965
              ],
              [
                -123.35257833120936,
                48.43654380192912
              ],
              [
                -123.35257668912301,
                48.43654271748139
              ],
              [
                -123.35257499052112,
                48.43654167189181
              ],
              [
                -123.35257323945959,
                48.43654066514797
              ],
              [
                -123.3525714386611,
                48.43653969994051
              ],
              [
                -123.35256958811944,
                48.43653877536977
              ],
              [
                -123.35256769190296,
                48.436537893222564
              ],
              [
                -123.35256575137612,
                48.43653705529404
              ],
              [
                -123.35256376789714,
                48.436536262479684
              ],
              [
                -123.35256174552187,
                48.43653551476706
              ],
              [
                -123.35255968560864,
                48.43653481305166
              ],
              [
                -123.35255759088004,
                48.43653416002412
              ],
              [
                -123.35255546402757,
                48.43653355387683
              ],
              [
                -123.35255330777383,
                48.43653299730048
              ],
              [
                -123.35255112346462,
                48.43653248939124
              ],
              [
                -123.35254891381639,
                48.4365320319401
              ],
              [
                -123.35254668289124,
                48.43653162583426
              ],
              [
                -123.35254443203496,
                48.43653127016998
              ],
              [
                -123.35254216395768,
                48.43653096583858
              ],
              [
                -123.35253988136343,
                48.43653071283178
              ],
              [
                -123.35253758696855,
                48.43653051294056
              ],
              [
                -123.35253528482282,
                48.43653036525285
              ],
              [
                -123.35231005623321,
                48.43651848596268
              ],
              [
                -123.35226683746319,
                48.436543268735875
              ],
              [
                -123.3522050638368,
                48.437136883625186
              ]
            ]
          ]
        ]
      },
      "properties": {
        "OBJECTID": 258,
        "Park_Name": "Blackwood Green",
        "Alias_Name": "Blackwood Green",
        "ParkClassCode": "NP",
        "_crosscheckSource": "https://maps.victoria.ca/server/rest/services/OpenData/OpenData_Parks/MapServer/50"
      }
    },
    {
      "type": "Feature",
      "id": 278,
      "geometry": {
        "type": "MultiPolygon",
        "coordinates": [
          [
            [
              [
                -123.35068660967869,
                48.42659616356479
              ],
              [
                -123.35067253663321,
                48.4265941958683
              ],
              [
                -123.35065833308943,
                48.42659462222772
              ],
              [
                -123.35064440340827,
                48.426597430505026
              ],
              [
                -123.3506311441541,
                48.426602540751325
              ],
              [
                -123.35061893280485,
                48.42660980748292
              ],
              [
                -123.35060811700565,
                48.42661902382309
              ],
              [
                -123.35059900467168,
                48.42662992739169
              ],
              [
                -123.35059185522215,
                48.42664220777482
              ],
              [
                -123.35053388503573,
                48.42690180670169
              ],
              [
                -123.35053505263444,
                48.42691252262338
              ],
              [
                -123.35053800536555,
                48.42692288966941
              ],
              [
                -123.35054265915562,
                48.42693261265776
              ],
              [
                -123.35054888149679,
                48.42694141474471
              ],
              [
                -123.35055649521966,
                48.4269490453075
              ],
              [
                -123.35056528353786,
                48.42695528708029
              ],
              [
                -123.35057499622067,
                48.42695996234039
              ],
              [
                -123.35058535671781,
                48.426962937968625
              ],
              [
                -123.35059607003373,
                48.4269641292396
              ],
              [
                -123.35060683112701,
                48.42696350223414
              ],
              [
                -123.3509842780774,
                48.42698720454474
              ],
              [
                -123.35274978356175,
                48.42709336583487
              ],
              [
                -123.35277153742057,
                48.4271040321271
              ],
              [
                -123.3527947627349,
                48.42711093031074
              ],
              [
                -123.35281881205188,
                48.42711386808488
              ],
              [
                -123.35284301494784,
                48.4271127635531
              ],
              [
                -123.35286669671784,
                48.42710764750645
              ],
              [
                -123.35288919718435,
                48.427098662565164
              ],
              [
                -123.35290988910113,
                48.42708605920275
              ],
              [
                -123.35292819563885,
                48.427070188763565
              ],
              [
                -123.35294360646557,
                48.427051493668394
              ],
              [
                -123.35295569197312,
                48.42703049508104
              ],
              [
                -123.35296411525341,
                48.42700777837986
              ],
              [
                -123.35296864149036,
                48.4269839768391
              ],
              [
                -123.3529691445059,
                48.426959753975126
              ],
              [
                -123.35296561027747,
                48.42693578504956
              ],
              [
                -123.35295813732886,
                48.42691273824496
              ],
              [
                -123.3529469339837,
                48.42689125603788
              ],
              [
                -123.35293231255805,
                48.42687193728855
              ],
              [
                -123.3529146806539,
                48.426855320546416
              ],
              [
                -123.35289452979642,
                48.426841869036956
              ],
              [
                -123.35287242173179,
                48.42683195774837
              ],
              [
                -123.35284897276725,
                48.426825862977985
              ],
              [
                -123.35282483659043,
                48.42682375462992
              ],
              [
                -123.35280068604632,
                48.42682569147869
              ],
              [
                -123.35068660967869,
                48.42659616356479
              ]
            ]
          ],
          [
            [
              [
                -123.35298043528746,
                48.42679090483216
              ],
              [
                -123.35297794336552,
                48.42678909336764
              ],
              [
                -123.35297517635071,
                48.42678773885378
              ],
              [
                -123.35297221717992,
                48.42678688188998
              ],
              [
                -123.35296915454958,
                48.42678654816237
              ],
              [
                -123.35296608025718,
                48.426786747673894
              ],
              [
                -123.3529630864497,
                48.42678747444452
              ],
              [
                -123.35296026286179,
                48.426788706690445
              ],
              [
                -123.352957694126,
                48.42679040747707
              ],
              [
                -123.35295545723609,
                48.426792525826016
              ],
              [
                -123.35295361923929,
                48.426794998243146
              ],
              [
                -123.35295223522661,
                48.42679775062168
              ],
              [
                -123.35295134668165,
                48.42680070046347
              ],
              [
                -123.35295098023711,
                48.426803759351685
              ],
              [
                -123.35295114687659,
                48.42680683560102
              ],
              [
                -123.35295184160535,
                48.426809837005806
              ],
              [
                -123.35295304359998,
                48.4268126736037
              ],
              [
                -123.35295471683263,
                48.426815260372194
              ],
              [
                -123.35295681115078,
                48.426817519777025
              ],
              [
                -123.35297910957304,
                48.426828763324544
              ],
              [
                -123.35299925223254,
                48.42684352510848
              ],
              [
                -123.3530166892343,
                48.42686140213189
              ],
              [
                -123.35303094454788,
                48.42688190635172
              ],
              [
                -123.35304162900299,
                48.42690447800242
              ],
              [
                -123.35304845091382,
                48.42692850087754
              ],
              [
                -123.35305122404208,
                48.426953319152176
              ],
              [
                -123.35304987268132,
                48.42697825528701
              ],
              [
                -123.35304443372371,
                48.42700262852514
              ],
              [
                -123.3530350556529,
                48.42702577347673
              ],
              [
                -123.35302199449038,
                48.42704705828422
              ],
              [
                -123.3530056068061,
                48.427065901871984
              ],
              [
                -123.35298633998411,
                48.427081789809776
              ],
              [
                -123.35296472000901,
                48.427094288356614
              ],
              [
                -123.35296386280218,
                48.427095020115736
              ],
              [
                -123.35296314039074,
                48.42709588521495
              ],
              [
                -123.35296257321926,
                48.427096859171556
              ],
              [
                -123.35296217733895,
                48.42709791442212
              ],
              [
                -123.35296196395345,
                48.42709902110255
              ],
              [
                -123.35296193910163,
                48.42710014789328
              ],
              [
                -123.35296210348682,
                48.427101262905595
              ],
              [
                -123.35296245245685,
                48.42710233458413
              ],
              [
                -123.3529629761357,
                48.42710333259987
              ],
              [
                -123.35296365970301,
                48.42710422870851
              ],
              [
                -123.3529644838135,
                48.42710499754975
              ],
              [
                -123.35296542514446,
                48.42710561736502
              ],
              [
                -123.35296645705579,
                48.42710607061326
              ],
              [
                -123.3529675503439,
                48.42710634446733
              ],
              [
                -123.35296867406824,
                48.427106431177044
              ],
              [
                -123.35296979642688,
                48.42710632828845
              ],
              [
                -123.35297088565652,
                48.42710603871336
              ],
              [
                -123.35310566941922,
                48.42711476209001
              ],
              [
                -123.35311509157951,
                48.42711602609878
              ],
              [
                -123.35312459184459,
                48.4271156799977
              ],
              [
                -123.35313389705263,
                48.427113733738246
              ],
              [
                -123.3531427396503,
                48.42711024328135
              ],
              [
                -123.35315086538567,
                48.42710530898839
              ],
              [
                -123.35315804061892,
                48.42709907273546
              ],
              [
                -123.35316405903998,
                48.42709171383401
              ],
              [
                -123.35316874760076,
                48.4270834438751
              ],
              [
                -123.35317197149071,
                48.42707450064547
              ],
              [
                -123.35317259172061,
                48.42678650971227
              ],
              [
                -123.35317182860611,
                48.426784842738634
              ],
              [
                -123.35317079312846,
                48.42678332981733
              ],
              [
                -123.35316951545224,
                48.4267820150214
              ],
              [
                -123.35316803279756,
                48.42678093665229
              ],
              [
                -123.35316638835575,
                48.426780126124065
              ],
              [
                -123.35316463003122,
                48.426779607048296
              ],
              [
                -123.35316280904584,
                48.426779394546216
              ],
              [
                -123.35316097844694,
                48.42677949480825
              ],
              [
                -123.35315919156183,
                48.42677990491366
              ],
              [
                -123.35315750044442,
                48.42678061291562
              ],
              [
                -123.3531142422836,
                48.42679268325744
              ],
              [
                -123.35306970721841,
                48.42679847891097
              ],
              [
                -123.35302480058864,
                48.426797882058125
              ],
              [
                -123.35298043528746,
                48.42679090483216
              ]
            ]
          ]
        ]
      },
      "properties": {
        "OBJECTID": 278,
        "Park_Name": "Harris Green",
        "Alias_Name": "Harris Green",
        "ParkClassCode": "GRN",
        "_crosscheckSource": "https://maps.victoria.ca/server/rest/services/OpenData/OpenData_Parks/MapServer/50"
      }
    },
    {
      "type": "Feature",
      "id": 301,
      "geometry": {
        "type": "MultiPolygon",
        "coordinates": [
          [
            [
              [
                -123.35348873089755,
                48.44470088243891
              ],
              [
                -123.35454203441081,
                48.4445673980331
              ],
              [
                -123.35441686081579,
                48.444135615574204
              ],
              [
                -123.35437004749659,
                48.4439741293383
              ],
              [
                -123.35427643562248,
                48.4436512062317
              ],
              [
                -123.35268512794221,
                48.443852764911334
              ],
              [
                -123.35348873089755,
                48.44470088243891
              ]
            ]
          ],
          [
            [
              [
                -123.35131233056016,
                48.445856819241094
              ],
              [
                -123.35133198280799,
                48.4459254196864
              ],
              [
                -123.35142430193305,
                48.446247886578135
              ],
              [
                -123.35147803134792,
                48.44624059006534
              ],
              [
                -123.35171478915117,
                48.446208438343746
              ],
              [
                -123.35200543668277,
                48.44616896729356
              ],
              [
                -123.3520979461968,
                48.446492080800404
              ],
              [
                -123.35258236023607,
                48.44642629339605
              ],
              [
                -123.35279904463084,
                48.446521571673216
              ],
              [
                -123.3529310580015,
                48.44667732104825
              ],
              [
                -123.35342071689966,
                48.44661563083386
              ],
              [
                -123.35345829332752,
                48.44675038204687
              ],
              [
                -123.3534866213788,
                48.4468519654468
              ],
              [
                -123.35374973708494,
                48.44681732471417
              ],
              [
                -123.35401305238875,
                48.44678265757531
              ],
              [
                -123.35423678978933,
                48.446753200087535
              ],
              [
                -123.35441866481783,
                48.44672925460263
              ],
              [
                -123.35462074993518,
                48.44670264836544
              ],
              [
                -123.35486716264109,
                48.446595687750865
              ],
              [
                -123.35508523660535,
                48.44656815063542
              ],
              [
                -123.3553033130361,
                48.44654061309882
              ],
              [
                -123.35552138653692,
                48.44651307695707
              ],
              [
                -123.35573946113946,
                48.446485538599056
              ],
              [
                -123.3560066343369,
                48.44645186887561
              ],
              [
                -123.35623723199491,
                48.446422807309624
              ],
              [
                -123.35646782803514,
                48.44639374528625
              ],
              [
                -123.35610168637295,
                48.44510141766054
              ],
              [
                -123.35564059406497,
                48.445159858865765
              ],
              [
                -123.35537348006362,
                48.44519371199685
              ],
              [
                -123.35532769628385,
                48.44503209704733
              ],
              [
                -123.35500068417444,
                48.44507354286303
              ],
              [
                -123.35467367151543,
                48.44511498595124
              ],
              [
                -123.3544555299272,
                48.44514263136369
              ],
              [
                -123.35419183748768,
                48.44517527917595
              ],
              [
                -123.35374589443445,
                48.44523200000787
              ],
              [
                -123.35305682295197,
                48.44531964133226
              ],
              [
                -123.35314421508183,
                48.44562439888053
              ],
              [
                -123.35189490737181,
                48.44578290715868
              ],
              [
                -123.35131233056016,
                48.445856819241094
              ]
            ]
          ]
        ]
      },
      "properties": {
        "OBJECTID": 301,
        "Park_Name": "Summit Park",
        "Alias_Name": "Summit Park",
        "ParkClassCode": "NP",
        "_crosscheckSource": "https://maps.victoria.ca/server/rest/services/OpenData/OpenData_Parks/MapServer/50"
      }
    },
    {
      "type": "Feature",
      "id": 173,
      "geometry": {
        "type": "Polygon",
        "coordinates": [
          [
            [
              -123.38030477134694,
              48.4415188562173
            ],
            [
              -123.38020920806775,
              48.441484914145725
            ],
            [
              -123.38019545018524,
              48.44149997658477
            ],
            [
              -123.37967547667273,
              48.442067713583675
            ],
            [
              -123.37949483445686,
              48.44237894740664
            ],
            [
              -123.37943181608476,
              48.44236270777028
            ],
            [
              -123.37934933966538,
              48.44246698658625
            ],
            [
              -123.3792285031214,
              48.44242467748465
            ],
            [
              -123.37917807125825,
              48.44248843912877
            ],
            [
              -123.37905484064008,
              48.442445292060754
            ],
            [
              -123.37890776899287,
              48.442631235951104
            ],
            [
              -123.37905351150495,
              48.44268227184385
            ],
            [
              -123.37914040930711,
              48.44270909633542
            ],
            [
              -123.37922889133797,
              48.44273011327113
            ],
            [
              -123.37931856992357,
              48.44274523056768
            ],
            [
              -123.3793924369866,
              48.44275526109218
            ],
            [
              -123.37959629311224,
              48.442405095832655
            ],
            [
              -123.37977387106164,
              48.44210006336598
            ],
            [
              -123.38030477134694,
              48.4415188562173
            ]
          ]
        ]
      },
      "properties": {
        "OBJECTID": 173,
        "Park_Name": "Viaduct Park",
        "Alias_Name": "Viaduct Park",
        "ParkClassCode": "CP",
        "_crosscheckSource": "https://maps.victoria.ca/server/rest/services/OpenData/OpenData_Parks/MapServer/50"
      }
    },
    {
      "type": "Feature",
      "id": 343,
      "geometry": {
        "type": "MultiPolygon",
        "coordinates": [
          [
            [
              [
                -123.3792970080421,
                48.44475453343149
              ],
              [
                -123.37927252630857,
                48.44494982492338
              ],
              [
                -123.37949616880563,
                48.445057500119006
              ],
              [
                -123.37967461888805,
                48.44475078902697
              ],
              [
                -123.3794294400116,
                48.44463289047231
              ],
              [
                -123.3792970080421,
                48.44475453343149
              ]
            ]
          ],
          [
            [
              [
                -123.37929844090152,
                48.445822291297986
              ],
              [
                -123.38000424610628,
                48.44616168093038
              ],
              [
                -123.3800088550255,
                48.44615375777974
              ],
              [
                -123.37947295727238,
                48.44589606944016
              ],
              [
                -123.37965631891956,
                48.44571996705999
              ],
              [
                -123.37982591176328,
                48.44555452840686
              ],
              [
                -123.3796598501105,
                48.44547437226726
              ],
              [
                -123.3797769662555,
                48.44536162661886
              ],
              [
                -123.37972688613621,
                48.445337545377306
              ],
              [
                -123.37925164846764,
                48.44510902042037
              ],
              [
                -123.37923912949911,
                48.44520820052859
              ],
              [
                -123.37922976622009,
                48.44527136259978
              ],
              [
                -123.37921764414259,
                48.44533431694433
              ],
              [
                -123.37920277501793,
                48.44539700864393
              ],
              [
                -123.37918765844604,
                48.445450079388095
              ],
              [
                -123.37916995910054,
                48.44550279428075
              ],
              [
                -123.37914969685518,
                48.4455550992761
              ],
              [
                -123.37912689021857,
                48.445606938533516
              ],
              [
                -123.37910156583288,
                48.44565825888424
              ],
              [
                -123.37907375031395,
                48.44570900356102
              ],
              [
                -123.37902878459361,
                48.4457816290648
              ],
              [
                -123.3789798609886,
                48.445851649495225
              ],
              [
                -123.37892713003883,
                48.44591884939658
              ],
              [
                -123.3788707539996,
                48.445983021992014
              ],
              [
                -123.379044309194,
                48.446066478792936
              ],
              [
                -123.37929844090152,
                48.445822291297986
              ]
            ]
          ],
          [
            [
              [
                -123.3782058650747,
                48.44617059645317
              ],
              [
                -123.37825255562524,
                48.44614211299358
              ],
              [
                -123.37829790577253,
                48.44611268478924
              ],
              [
                -123.37834187247879,
                48.446082343470984
              ],
              [
                -123.37838441401878,
                48.44605111526749
              ],
              [
                -123.37843721273184,
                48.44608163055108
              ],
              [
                -123.37848373525347,
                48.44604257305227
              ],
              [
                -123.37852838040227,
                48.4460025572835
              ],
              [
                -123.37857110520298,
                48.44596162297296
              ],
              [
                -123.37861186399654,
                48.44591981255657
              ],
              [
                -123.37865061922425,
                48.4458771666443
              ],
              [
                -123.37868404078407,
                48.445837755421245
              ],
              [
                -123.37871574978347,
                48.445797724566425
              ],
              [
                -123.37874571940158,
                48.445757103858014
              ],
              [
                -123.37877392692131,
                48.44571592935816
              ],
              [
                -123.37880034959912,
                48.445674233530454
              ],
              [
                -123.37882887437797,
                48.4456250006976
              ],
              [
                -123.37885491049869,
                48.44557516068863
              ],
              [
                -123.37887842728823,
                48.44552477028419
              ],
              [
                -123.37889939946938,
                48.44547388444778
              ],
              [
                -123.37891780314433,
                48.445422561736784
              ],
              [
                -123.3789336170932,
                48.445370857101025
              ],
              [
                -123.37894682418643,
                48.44531882997489
              ],
              [
                -123.37895740999248,
                48.445266538884184
              ],
              [
                -123.37896536277113,
                48.445214040546254
              ],
              [
                -123.37898863989518,
                48.44502951112477
              ],
              [
                -123.37899422514576,
                48.44498523259484
              ],
              [
                -123.37901527573328,
                48.444826253388655
              ],
              [
                -123.37910775263701,
                48.44408862343932
              ],
              [
                -123.3791777749673,
                48.44353009702985
              ],
              [
                -123.37919413513389,
                48.443421455204124
              ],
              [
                -123.37918651450309,
                48.44342622417549
              ],
              [
                -123.37918274591267,
                48.44343330605316
              ],
              [
                -123.37918177596738,
                48.44343960770829
              ],
              [
                -123.37918292423602,
                48.44344763511269
              ],
              [
                -123.37918359130177,
                48.44345296154988
              ],
              [
                -123.37918365053774,
                48.443453653186594
              ],
              [
                -123.37918367732182,
                48.44345434493025
              ],
              [
                -123.37918367166067,
                48.44345503768046
              ],
              [
                -123.37918363262402,
                48.44345578811834
              ],
              [
                -123.37918356112209,
                48.443456536863856
              ],
              [
                -123.37918345850701,
                48.44345728391262
              ],
              [
                -123.37918326911343,
                48.443458362318985
              ],
              [
                -123.37918304724111,
                48.44345943723378
              ],
              [
                -123.37918280076872,
                48.44346047714321
              ],
              [
                -123.37918252181763,
                48.443461513561054
              ],
              [
                -123.37918100339236,
                48.443466612390154
              ],
              [
                -123.37917931892525,
                48.443471748652016
              ],
              [
                -123.3791778399843,
                48.4434759755888
              ],
              [
                -123.3791766293789,
                48.4434795565914
              ],
              [
                -123.37917807737826,
                48.44347171765632
              ],
              [
                -123.37917850212642,
                48.44346719730801
              ],
              [
                -123.37917708031209,
                48.44344857920926
              ],
              [
                -123.37917682501984,
                48.44343771586039
              ],
              [
                -123.3791766116307,
                48.443429212159025
              ],
              [
                -123.37917626559556,
                48.44342577753054
              ],
              [
                -123.37917176520725,
                48.44341574775084
              ],
              [
                -123.37916635795644,
                48.443406142895334
              ],
              [
                -123.3791620901222,
                48.44339847123495
              ],
              [
                -123.37916137827311,
                48.44339711960497
              ],
              [
                -123.37916072986182,
                48.443395752471865
              ],
              [
                -123.37915879551791,
                48.443391115744156
              ],
              [
                -123.37915840069118,
                48.44339002756715
              ],
              [
                -123.3791580558408,
                48.44338893202829
              ],
              [
                -123.3791577623257,
                48.44338783002273
              ],
              [
                -123.37915752015255,
                48.4433867224501
              ],
              [
                -123.37915746217622,
                48.44338638167325
              ],
              [
                -123.37915742041247,
                48.44338603904365
              ],
              [
                -123.37915739623345,
                48.443385697255785
              ],
              [
                -123.379157388267,
                48.44338535361522
              ],
              [
                -123.37915739788534,
                48.44338501081636
              ],
              [
                -123.3791574237363,
                48.44338466886365
              ],
              [
                -123.37915746581318,
                48.44338432685751
              ],
              [
                -123.3791584567129,
                48.443378296828186
              ],
              [
                -123.3791596810788,
                48.44337129620545
              ],
              [
                -123.37915634464598,
                48.44336358908868
              ],
              [
                -123.37915613983917,
                48.44336296000748
              ],
              [
                -123.3791558800751,
                48.44336203242307
              ],
              [
                -123.37915565679258,
                48.44336110111989
              ],
              [
                -123.37915546863277,
                48.44336016520272
              ],
              [
                -123.3791553436901,
                48.44335936582425
              ],
              [
                -123.37915525389025,
                48.44335856453073
              ],
              [
                -123.37915520193744,
                48.443357761313216
              ],
              [
                -123.37915512725438,
                48.443354812502015
              ],
              [
                -123.37915515656199,
                48.44335257317314
              ],
              [
                -123.37915536796379,
                48.44334772965323
              ],
              [
                -123.37915543902413,
                48.44334383302893
              ],
              [
                -123.37915504390956,
                48.44333943593505
              ],
              [
                -123.37915489852666,
                48.44333679863617
              ],
              [
                -123.37915488012192,
                48.44333523420305
              ],
              [
                -123.37915492103924,
                48.44333419137225
              ],
              [
                -123.37915501470418,
                48.44333315016702
              ],
              [
                -123.37915520933838,
                48.44333168579294
              ],
              [
                -123.37915545672692,
                48.44333022394402
              ],
              [
                -123.37915645689871,
                48.44332507644213
              ],
              [
                -123.37915759199126,
                48.443319707181466
              ],
              [
                -123.37915835577041,
                48.44331513713493
              ],
              [
                -123.37915876740394,
                48.4433097630606
              ],
              [
                -123.37915822411276,
                48.443304715107274
              ],
              [
                -123.37915577085717,
                48.44329957718397
              ],
              [
                -123.37914939665626,
                48.443294131003036
              ],
              [
                -123.37914775698017,
                48.443292567413074
              ],
              [
                -123.37914648158421,
                48.44329125812392
              ],
              [
                -123.3791433635203,
                48.443287818233486
              ],
              [
                -123.37914162743225,
                48.44328583662315
              ],
              [
                -123.37913978999237,
                48.443283681714
              ],
              [
                -123.37913874065501,
                48.44328240496711
              ],
              [
                -123.37913773177526,
                48.443281113692514
              ],
              [
                -123.37913690944019,
                48.4432799963357
              ],
              [
                -123.37913612757617,
                48.44327886625042
              ],
              [
                -123.37913478562923,
                48.4432767906774
              ],
              [
                -123.37913278577518,
                48.44327352523369
              ],
              [
                -123.37912903708742,
                48.44326711047393
              ],
              [
                -123.37912603204359,
                48.443262685992025
              ],
              [
                -123.37912307578648,
                48.44325918439165
              ],
              [
                -123.37911732404311,
                48.44325470598254
              ],
              [
                -123.37910265101574,
                48.44324574790911
              ],
              [
                -123.37909436212644,
                48.44324084692364
              ],
              [
                -123.37908298248122,
                48.443234539167676
              ],
              [
                -123.37907279669328,
                48.443228940901676
              ],
              [
                -123.37907099748077,
                48.44322792482415
              ],
              [
                -123.3790692345691,
                48.443226880737825
              ],
              [
                -123.37906201971357,
                48.44322239544981
              ],
              [
                -123.37906120984522,
                48.44322186282481
              ],
              [
                -123.37906042688614,
                48.44322131211813
              ],
              [
                -123.37905967084971,
                48.44322074512904
              ],
              [
                -123.3790589430881,
                48.44322016185309
              ],
              [
                -123.37905824495344,
                48.443219562285826
              ],
              [
                -123.37905757645915,
                48.4432189482265
              ],
              [
                -123.37905691444452,
                48.44321829636046
              ],
              [
                -123.37905628342237,
                48.44321762999793
              ],
              [
                -123.37905568341284,
                48.44321695183776
              ],
              [
                -123.37905511711354,
                48.44321626097147
              ],
              [
                -123.37905458453108,
                48.44321555829862
              ],
              [
                -123.37905408567227,
                48.44321484471887
              ],
              [
                -123.3790538408248,
                48.443214467671744
              ],
              [
                -123.37905361217645,
                48.44321408697267
              ],
              [
                -123.37905339836831,
                48.443213701726435
              ],
              [
                -123.37858842565637,
                48.44364045971715
              ],
              [
                -123.37829617590474,
                48.44390868557986
              ],
              [
                -123.37788859221409,
                48.44428275827128
              ],
              [
                -123.37811430050367,
                48.444392991584145
              ],
              [
                -123.37851995451919,
                48.44458806360877
              ],
              [
                -123.3778362404494,
                48.445210615347456
              ],
              [
                -123.37815094218682,
                48.44536195020427
              ],
              [
                -123.37759015165838,
                48.44587451262287
              ],
              [
                -123.3782058650747,
                48.44617059645317
              ]
            ]
          ]
        ]
      },
      "properties": {
        "OBJECTID": 343,
        "Park_Name": "Cecelia Ravine Park",
        "Alias_Name": "Cecelia Ravine Park",
        "ParkClassCode": "NP",
        "_crosscheckSource": "https://maps.victoria.ca/server/rest/services/OpenData/OpenData_Parks/MapServer/50"
      }
    },
    {
      "type": "Feature",
      "id": 275,
      "geometry": {
        "type": "Polygon",
        "coordinates": [
          [
            [
              -123.40287563266665,
              48.45847495187969
            ],
            [
              -123.40285261327028,
              48.45849771992632
            ],
            [
              -123.40359298894738,
              48.45886333249527
            ],
            [
              -123.40364596202033,
              48.45881097200986
            ],
            [
              -123.40417871730264,
              48.45828436984436
            ],
            [
              -123.4043354011842,
              48.4582230970303
            ],
            [
              -123.404742125438,
              48.45811024800584
            ],
            [
              -123.40518365658075,
              48.45811253723833
            ],
            [
              -123.4054679954956,
              48.458185864585126
            ],
            [
              -123.40557939176271,
              48.458241838308595
            ],
            [
              -123.40569078818999,
              48.45829781192333
            ],
            [
              -123.4059551542946,
              48.458458473104194
            ],
            [
              -123.40614261320758,
              48.45872621405272
            ],
            [
              -123.40639921646842,
              48.458791523650625
            ],
            [
              -123.4067736129424,
              48.45874228880819
            ],
            [
              -123.40564660640132,
              48.45817615878919
            ],
            [
              -123.40579996315107,
              48.45802630374448
            ],
            [
              -123.406457238413,
              48.45835646200892
            ],
            [
              -123.4066217826145,
              48.45843911351794
            ],
            [
              -123.40678632726457,
              48.458521764733064
            ],
            [
              -123.40721743895647,
              48.458738310917646
            ],
            [
              -123.40746514793216,
              48.458691376301324
            ],
            [
              -123.40771285644807,
              48.45864444115272
            ],
            [
              -123.40843295948018,
              48.458507994291274
            ],
            [
              -123.40839262273722,
              48.45849966301775
            ],
            [
              -123.40835251516765,
              48.45849647291905
            ],
            [
              -123.4083238554648,
              48.4584927660515
            ],
            [
              -123.40829517086762,
              48.458485964865005
            ],
            [
              -123.40827400150722,
              48.458479137011494
            ],
            [
              -123.4082391798548,
              48.458465692698354
            ],
            [
              -123.40822016723587,
              48.458460047364404
            ],
            [
              -123.40820043886481,
              48.45845440450977
            ],
            [
              -123.40817027135742,
              48.458441181681664
            ],
            [
              -123.40814620292562,
              48.45842984149278
            ],
            [
              -123.40811686684103,
              48.45841650965593
            ],
            [
              -123.4080916339203,
              48.45840837403138
            ],
            [
              -123.40804498943243,
              48.4583933053182
            ],
            [
              -123.4079944028097,
              48.458377536464525
            ],
            [
              -123.40794489171486,
              48.45836200178978
            ],
            [
              -123.40786738525193,
              48.458336330944014
            ],
            [
              -123.40782074670018,
              48.45832197621552
            ],
            [
              -123.40776420706186,
              48.45830835248357
            ],
            [
              -123.40770343936262,
              48.45828668694816
            ],
            [
              -123.4076489412091,
              48.45827402625562
            ],
            [
              -123.40760486685633,
              48.45826704133745
            ],
            [
              -123.40754208529528,
              48.458258348427314
            ],
            [
              -123.4074873143537,
              48.45824579663835
            ],
            [
              -123.40746402842022,
              48.45824278468292
            ],
            [
              -123.40741780504082,
              48.45823556928808
            ],
            [
              -123.40737941089884,
              48.45822285145793
            ],
            [
              -123.40729975966232,
              48.458197425834996
            ],
            [
              -123.40725491445818,
              48.45818354061356
            ],
            [
              -123.40724041451779,
              48.4581824161932
            ],
            [
              -123.40722337685577,
              48.45817793937917
            ],
            [
              -123.40720076302141,
              48.458169450232205
            ],
            [
              -123.40716626543374,
              48.45815171986727
            ],
            [
              -123.40708683712687,
              48.45810939294445
            ],
            [
              -123.4070454831942,
              48.458084545771705
            ],
            [
              -123.40700484306522,
              48.4580594580462
            ],
            [
              -123.40697967096291,
              48.45804431296272
            ],
            [
              -123.40693333559128,
              48.458023053904704
            ],
            [
              -123.40689400449763,
              48.45800461599311
            ],
            [
              -123.4068349587978,
              48.457987364675105
            ],
            [
              -123.40685553044638,
              48.45796729212803
            ],
            [
              -123.40687721100986,
              48.45794613849527
            ],
            [
              -123.40679386847907,
              48.457930094801625
            ],
            [
              -123.406735110835,
              48.45792173325578
            ],
            [
              -123.40670870230066,
              48.45791306697818
            ],
            [
              -123.40668255271429,
              48.45790097211522
            ],
            [
              -123.40661085144382,
              48.457858165371384
            ],
            [
              -123.40656775138594,
              48.45783867992083
            ],
            [
              -123.40653230977321,
              48.45782185594815
            ],
            [
              -123.4065160500231,
              48.457806430584085
            ],
            [
              -123.40647281703076,
              48.45777028332887
            ],
            [
              -123.40643290992882,
              48.457732157509554
            ],
            [
              -123.40638870247962,
              48.4577026554944
            ],
            [
              -123.40637870503329,
              48.45769335918207
            ],
            [
              -123.40637580431029,
              48.457679658710695
            ],
            [
              -123.40637286603895,
              48.45766857241572
            ],
            [
              -123.40634464712583,
              48.457649919421726
            ],
            [
              -123.40629635592666,
              48.45762566774911
            ],
            [
              -123.40627222467351,
              48.45761532712457
            ],
            [
              -123.40624211694781,
              48.457595422332076
            ],
            [
              -123.40622633918152,
              48.45758621281519
            ],
            [
              -123.40621417566949,
              48.45757911298113
            ],
            [
              -123.40616660971544,
              48.45756499892435
            ],
            [
              -123.40615401199597,
              48.45756429431259
            ],
            [
              -123.40612563270746,
              48.4575627070565
            ],
            [
              -123.40609446551869,
              48.45756525351139
            ],
            [
              -123.40605882622376,
              48.457565807718964
            ],
            [
              -123.40601264810314,
              48.45756562877043
            ],
            [
              -123.40601088015343,
              48.457565621906305
            ],
            [
              -123.40600389835978,
              48.457568019024734
            ],
            [
              -123.4059933928734,
              48.457571625950436
            ],
            [
              -123.40597411056831,
              48.45757824622995
            ],
            [
              -123.40594971157755,
              48.45758818688643
            ],
            [
              -123.40593069419361,
              48.45759982233221
            ],
            [
              -123.40591854011811,
              48.45761359250177
            ],
            [
              -123.40591644965063,
              48.45762129305853
            ],
            [
              -123.4059143921981,
              48.457628872214784
            ],
            [
              -123.40591134567237,
              48.45765073437663
            ],
            [
              -123.40591130287814,
              48.45767230030567
            ],
            [
              -123.40591139457177,
              48.457688881308734
            ],
            [
              -123.40590867264163,
              48.457697602945366
            ],
            [
              -123.40590401380358,
              48.457705760079556
            ],
            [
              -123.40590536699112,
              48.4577138960099
            ],
            [
              -123.40590866172545,
              48.4577231677035
            ],
            [
              -123.40590400060803,
              48.45773103920704
            ],
            [
              -123.40589530088346,
              48.45774406645038
            ],
            [
              -123.40588421993107,
              48.45775467421827
            ],
            [
              -123.40586130713011,
              48.45776059290444
            ],
            [
              -123.40583508530224,
              48.45775927489167
            ],
            [
              -123.40580171098716,
              48.45774768133174
            ],
            [
              -123.40577538945935,
              48.457732420102765
            ],
            [
              -123.40572345617159,
              48.457708681855
            ],
            [
              -123.40565768893629,
              48.457686350366636
            ],
            [
              -123.4055987853916,
              48.457665132820566
            ],
            [
              -123.40556825709128,
              48.457660384547744
            ],
            [
              -123.40554317101753,
              48.45766329576656
            ],
            [
              -123.40552710793034,
              48.45767009850167
            ],
            [
              -123.40550489886499,
              48.45768695797305
            ],
            [
              -123.40548096140621,
              48.4576993962985
            ],
            [
              -123.40545923837763,
              48.45770624303078
            ],
            [
              -123.40545161138422,
              48.45770778322345
            ],
            [
              -123.40542820733855,
              48.45770786567264
            ],
            [
              -123.40541582857968,
              48.45770594483858
            ],
            [
              -123.40540522913393,
              48.457704300056726
            ],
            [
              -123.40538727188515,
              48.45770132170851
            ],
            [
              -123.40534328208997,
              48.45769402564082
            ],
            [
              -123.40532208255237,
              48.45769329781678
            ],
            [
              -123.40528988613298,
              48.457702782907205
            ],
            [
              -123.40527536271318,
              48.457712545766974
            ],
            [
              -123.40525768647689,
              48.45772997163885
            ],
            [
              -123.4052453242906,
              48.45774235802166
            ],
            [
              -123.40523509857005,
              48.457752534257544
            ],
            [
              -123.40522018965933,
              48.45775917651538
            ],
            [
              -123.4052136838562,
              48.457759750625755
            ],
            [
              -123.40519886394293,
              48.45775923152678
            ],
            [
              -123.40518610464056,
              48.45775453270961
            ],
            [
              -123.4051846505869,
              48.45775399725197
            ],
            [
              -123.40516599544833,
              48.4577459252059
            ],
            [
              -123.40513089777792,
              48.457744903170074
            ],
            [
              -123.40512147189045,
              48.45774764991805
            ],
            [
              -123.4051141984899,
              48.45775493749101
            ],
            [
              -123.40510077167377,
              48.45776371860585
            ],
            [
              -123.4050898598164,
              48.457768612871874
            ],
            [
              -123.40505751608512,
              48.457778581246195
            ],
            [
              -123.40503568694207,
              48.45778272679332
            ],
            [
              -123.4050204054286,
              48.45778313930846
            ],
            [
              -123.40498603617011,
              48.45778140360464
            ],
            [
              -123.40493214353046,
              48.457781736055
            ],
            [
              -123.40490383514754,
              48.45778612023341
            ],
            [
              -123.40487770903636,
              48.45779492412739
            ],
            [
              -123.40486178418305,
              48.45780325506859
            ],
            [
              -123.40484517228312,
              48.457811945416495
            ],
            [
              -123.40482001733548,
              48.45783054632435
            ],
            [
              -123.40481275779157,
              48.45783571335575
            ],
            [
              -123.40480304353993,
              48.45784994646596
            ],
            [
              -123.40480154350054,
              48.45785098476452
            ],
            [
              -123.40478644777144,
              48.45785997790093
            ],
            [
              -123.40475747247864,
              48.457861508058286
            ],
            [
              -123.40473865353209,
              48.45785764665348
            ],
            [
              -123.40472785529973,
              48.45784982956396
            ],
            [
              -123.40472831829912,
              48.45784054467843
            ],
            [
              -123.4047368104345,
              48.45782837511364
            ],
            [
              -123.40474018035103,
              48.45782670149753
            ],
            [
              -123.40477156558843,
              48.45781111456202
            ],
            [
              -123.40478488704272,
              48.45780573430615
            ],
            [
              -123.40478761817243,
              48.457804631232655
            ],
            [
              -123.40481435268329,
              48.457791326353586
            ],
            [
              -123.40483468821186,
              48.457783399759165
            ],
            [
              -123.40485445580077,
              48.45777154757081
            ],
            [
              -123.40490247726908,
              48.45773495964284
            ],
            [
              -123.4049173994476,
              48.45772133930492
            ],
            [
              -123.40493717551178,
              48.45771055821747
            ],
            [
              -123.40495751382859,
              48.457702988639774
            ],
            [
              -123.40497895135837,
              48.45769862862579
            ],
            [
              -123.40500933335576,
              48.45769371353554
            ],
            [
              -123.40503309886854,
              48.45768986885873
            ],
            [
              -123.40509207176972,
              48.45768037804116
            ],
            [
              -123.40512156109506,
              48.45767598965928
            ],
            [
              -123.40516761696479,
              48.45766225963473
            ],
            [
              -123.40522114529661,
              48.45764314761234
            ],
            [
              -123.40527413103213,
              48.45762332332271
            ],
            [
              -123.40531677292263,
              48.45760782007462
            ],
            [
              -123.40534244024995,
              48.45759535196226
            ],
            [
              -123.40536308236625,
              48.45758099726726
            ],
            [
              -123.4053688519315,
              48.45757275791686
            ],
            [
              -123.40537511306026,
              48.45756381657006
            ],
            [
              -123.40538713624993,
              48.45754568373149
            ],
            [
              -123.40540207909005,
              48.45753468157464
            ],
            [
              -123.40542061950748,
              48.457526047102775
            ],
            [
              -123.40544919506041,
              48.45751928149566
            ],
            [
              -123.40549495542624,
              48.45751340750122
            ],
            [
              -123.40556216826097,
              48.45750507753365
            ],
            [
              -123.4056136202421,
              48.45749489885445
            ],
            [
              -123.40564931499692,
              48.45748334749897
            ],
            [
              -123.40566428431183,
              48.45747567768493
            ],
            [
              -123.40567066884587,
              48.45746851415654
            ],
            [
              -123.40566409087788,
              48.45745139902029
            ],
            [
              -123.40563526508322,
              48.45742674519239
            ],
            [
              -123.40559069730664,
              48.457402622919005
            ],
            [
              -123.40553754489463,
              48.457379006961695
            ],
            [
              -123.40545570326496,
              48.45734787500443
            ],
            [
              -123.4054125860753,
              48.45732612791154
            ],
            [
              -123.40539170149889,
              48.45731001520945
            ],
            [
              -123.4053584906886,
              48.45727395120903
            ],
            [
              -123.40532882813459,
              48.45723406620475
            ],
            [
              -123.40529001217865,
              48.45718586676021
            ],
            [
              -123.40527653502342,
              48.457156704680735
            ],
            [
              -123.40526667248243,
              48.457137936398404
            ],
            [
              -123.4052418190384,
              48.457111362687655
            ],
            [
              -123.40523278071967,
              48.45710436144616
            ],
            [
              -123.40523271063078,
              48.45710430715168
            ],
            [
              -123.40522996210922,
              48.457102178081335
            ],
            [
              -123.40519797133427,
              48.45708771380902
            ],
            [
              -123.40516243570497,
              48.457074271020524
            ],
            [
              -123.40512682709515,
              48.45706487043463
            ],
            [
              -123.40508206912821,
              48.45705554488742
            ],
            [
              -123.4050785404582,
              48.45705480964246
            ],
            [
              -123.40502930984525,
              48.4570475550665
            ],
            [
              -123.40501094659943,
              48.45704472844218
            ],
            [
              -123.4050104644142,
              48.457044654231105
            ],
            [
              -123.40497821801075,
              48.45703969059028
            ],
            [
              -123.40495327046084,
              48.457038875688625
            ],
            [
              -123.40495290280775,
              48.457038863656194
            ],
            [
              -123.40491416903556,
              48.45703759834211
            ],
            [
              -123.40482288824853,
              48.457037618695246
            ],
            [
              -123.40477565521378,
              48.45703826091148
            ],
            [
              -123.40474440739693,
              48.45703790636482
            ],
            [
              -123.40473449428778,
              48.457037453504576
            ],
            [
              -123.40471943036225,
              48.457033221898634
            ],
            [
              -123.40468538493015,
              48.457027152760325
            ],
            [
              -123.40464990631156,
              48.4570208506375
            ],
            [
              -123.40460653586044,
              48.45701219588855
            ],
            [
              -123.40457639905772,
              48.45700702702055
            ],
            [
              -123.40454019283614,
              48.45699481470005
            ],
            [
              -123.40451202732451,
              48.45698345402032
            ],
            [
              -123.4044780817028,
              48.45696956347906
            ],
            [
              -123.40444542054543,
              48.45695753861657
            ],
            [
              -123.40442201011568,
              48.456945364677004
            ],
            [
              -123.40437560303765,
              48.45693212324636
            ],
            [
              -123.40436485228567,
              48.45692405787655
            ],
            [
              -123.40434509491836,
              48.456914783645274
            ],
            [
              -123.4043320586032,
              48.45690738771344
            ],
            [
              -123.40430787310652,
              48.45689432767607
            ],
            [
              -123.40430364869188,
              48.45689190435376
            ],
            [
              -123.40428827287808,
              48.45688257929653
            ],
            [
              -123.4042669023461,
              48.456872375982734
            ],
            [
              -123.4042511945098,
              48.45686178594249
            ],
            [
              -123.40424928713556,
              48.456853786829534
            ],
            [
              -123.40424559026502,
              48.45684673711601
            ],
            [
              -123.40423672308937,
              48.456841081295615
            ],
            [
              -123.40421268719308,
              48.45683339915509
            ],
            [
              -123.40419595518523,
              48.45682389841272
            ],
            [
              -123.4041854753918,
              48.45681881160125
            ],
            [
              -123.40418361646962,
              48.45681747922629
            ],
            [
              -123.40417373651232,
              48.45680161211185
            ],
            [
              -123.40417051020704,
              48.45679880506501
            ],
            [
              -123.40416755565448,
              48.456797517696415
            ],
            [
              -123.40413356533973,
              48.45678525372037
            ],
            [
              -123.40411542310977,
              48.45677583185819
            ],
            [
              -123.40410448987012,
              48.45676722731491
            ],
            [
              -123.40408889231676,
              48.45675410007829
            ],
            [
              -123.40407585044915,
              48.45674643131807
            ],
            [
              -123.40406224183802,
              48.45673848188746
            ],
            [
              -123.4040487469013,
              48.456721314077996
            ],
            [
              -123.40403549372657,
              48.45670466637149
            ],
            [
              -123.40402963984548,
              48.45670129327553
            ],
            [
              -123.4040279869141,
              48.45670102277345
            ],
            [
              -123.40400978546192,
              48.45669785310468
            ],
            [
              -123.40398664984703,
              48.45667177790699
            ],
            [
              -123.40397829193834,
              48.456661057725796
            ],
            [
              -123.40396047922057,
              48.45665187145892
            ],
            [
              -123.4039408517381,
              48.456640991952106
            ],
            [
              -123.40392080392765,
              48.45662293662521
            ],
            [
              -123.40391487629806,
              48.45661722323135
            ],
            [
              -123.40391192075964,
              48.4566147011468
            ],
            [
              -123.4038920678119,
              48.456599703264786
            ],
            [
              -123.40387210437488,
              48.456585065851826
            ],
            [
              -123.40385618268029,
              48.456565844145
            ],
            [
              -123.40384921825405,
              48.4565582334826
            ],
            [
              -123.40383950671426,
              48.45655077027442
            ],
            [
              -123.40382408538312,
              48.456540809093504
            ],
            [
              -123.4038163693956,
              48.45653425646762
            ],
            [
              -123.40380387839005,
              48.45651797812104
            ],
            [
              -123.40379684208065,
              48.45651123603815
            ],
            [
              -123.40378191017075,
              48.45650399744204
            ],
            [
              -123.40377221297555,
              48.45649886297703
            ],
            [
              -123.40376352167503,
              48.45648658896152
            ],
            [
              -123.40375886060518,
              48.456476562975205
            ],
            [
              -123.40375248249667,
              48.45646955543292
            ],
            [
              -123.40373073966897,
              48.4564538036116
            ],
            [
              -123.40371253844252,
              48.45643812123081
            ],
            [
              -123.40369992318867,
              48.456428821497035
            ],
            [
              -123.40367725868181,
              48.45641651923132
            ],
            [
              -123.40367198266883,
              48.45641339424892
            ],
            [
              -123.40365386436825,
              48.4563986459103
            ],
            [
              -123.40363162850782,
              48.456371066643854
            ],
            [
              -123.40362250940889,
              48.4563606338451
            ],
            [
              -123.40360765389435,
              48.4563445426309
            ],
            [
              -123.40359684494041,
              48.45632737558132
            ],
            [
              -123.40358673832108,
              48.4563112458378
            ],
            [
              -123.40357753312145,
              48.45630005819388
            ],
            [
              -123.40356309332864,
              48.45628831279173
            ],
            [
              -123.40355777974514,
              48.45628461519635
            ],
            [
              -123.40355553983528,
              48.45628216964986
            ],
            [
              -123.40354983209691,
              48.456264705029525
            ],
            [
              -123.40354881108775,
              48.456262804782334
            ],
            [
              -123.40353074436541,
              48.45624860143083
            ],
            [
              -123.40351248449339,
              48.45623855817127
            ],
            [
              -123.4035077997709,
              48.45623229071241
            ],
            [
              -123.40351062954156,
              48.456212429909115
            ],
            [
              -123.40349468608603,
              48.45619661728121
            ],
            [
              -123.40348120986503,
              48.45618198230177
            ],
            [
              -123.40347456186163,
              48.4561758212482
            ],
            [
              -123.40346222296147,
              48.45616914468475
            ],
            [
              -123.40345805435862,
              48.45616554827353
            ],
            [
              -123.40345662916924,
              48.456158853803714
            ],
            [
              -123.40345531051035,
              48.45615499949176
            ],
            [
              -123.40344348451194,
              48.456143813770986
            ],
            [
              -123.4034295607241,
              48.45613127102771
            ],
            [
              -123.40341738091956,
              48.45611677195399
            ],
            [
              -123.40340432952796,
              48.456107045989
            ],
            [
              -123.40338614157375,
              48.456095518091416
            ],
            [
              -123.4033833780293,
              48.456092030895725
            ],
            [
              -123.40337238560346,
              48.45607389335188
            ],
            [
              -123.40337015307261,
              48.45607095774792
            ],
            [
              -123.40336719586139,
              48.456067310024615
            ],
            [
              -123.40335064170576,
              48.45604984916574
            ],
            [
              -123.40333471225729,
              48.456037883818
            ],
            [
              -123.40332532220624,
              48.45602648296582
            ],
            [
              -123.40330837693767,
              48.45600914942238
            ],
            [
              -123.40329794199235,
              48.45599780294737
            ],
            [
              -123.40328727162105,
              48.45598638099481
            ],
            [
              -123.40326873078467,
              48.45597155158864
            ],
            [
              -123.40325877011843,
              48.455964542795904
            ],
            [
              -123.40325272910054,
              48.45595900935727
            ],
            [
              -123.40325211519828,
              48.455955825511424
            ],
            [
              -123.40325193767764,
              48.45595452310333
            ],
            [
              -123.40324206162882,
              48.45594110895671
            ],
            [
              -123.40323350551793,
              48.45593192635379
            ],
            [
              -123.40322006465739,
              48.45592023318625
            ],
            [
              -123.40319183680359,
              48.45590565879548
            ],
            [
              -123.40318053860183,
              48.45589495678415
            ],
            [
              -123.40317425281404,
              48.45588607362226
            ],
            [
              -123.40316566803338,
              48.45587857351579
            ],
            [
              -123.40315074965174,
              48.4558685671862
            ],
            [
              -123.40313597877554,
              48.455858858515626
            ],
            [
              -123.40312095980337,
              48.45584754849227
            ],
            [
              -123.40311274919092,
              48.45583594956041
            ],
            [
              -123.40311037797326,
              48.455832245911346
            ],
            [
              -123.40309452879144,
              48.455815742865546
            ],
            [
              -123.40308527192073,
              48.45580955702121
            ],
            [
              -123.40308048940834,
              48.45580780747803
            ],
            [
              -123.40306359055567,
              48.45580162545576
            ],
            [
              -123.40305501956324,
              48.455798074023896
            ],
            [
              -123.40304335220753,
              48.45578961881744
            ],
            [
              -123.40302709563034,
              48.45577228490059
            ],
            [
              -123.40301732657892,
              48.45576339526032
            ],
            [
              -123.40300249054411,
              48.45575470689094
            ],
            [
              -123.40298392814422,
              48.45573788996282
            ],
            [
              -123.40298187065358,
              48.455736046419055
            ],
            [
              -123.40297866325382,
              48.45573367802012
            ],
            [
              -123.40295842970203,
              48.455717464644124
            ],
            [
              -123.40295016007477,
              48.455707833159885
            ],
            [
              -123.40292940281377,
              48.45569324801038
            ],
            [
              -123.40291769489389,
              48.45568893357092
            ],
            [
              -123.40289378727223,
              48.455675969985926
            ],
            [
              -123.40287572083157,
              48.455663675811046
            ],
            [
              -123.40287401460333,
              48.455662422780314
            ],
            [
              -123.40285522097112,
              48.45565200247546
            ],
            [
              -123.40283594668904,
              48.455644797679845
            ],
            [
              -123.40282682769896,
              48.45563964143088
            ],
            [
              -123.40281036693716,
              48.455629019303565
            ],
            [
              -123.40278967504084,
              48.45561418188556
            ],
            [
              -123.40277969882847,
              48.45560749883484
            ],
            [
              -123.40277598800877,
              48.45560643898952
            ],
            [
              -123.40276446640824,
              48.455603596440284
            ],
            [
              -123.40274656510066,
              48.45558899176018
            ],
            [
              -123.40273541560342,
              48.455579531656845
            ],
            [
              -123.40272736015841,
              48.45557512625936
            ],
            [
              -123.4027102936367,
              48.45556801526496
            ],
            [
              -123.40267786317257,
              48.45555294866912
            ],
            [
              -123.40266227410882,
              48.45553760492011
            ],
            [
              -123.40265583075849,
              48.45553196585541
            ],
            [
              -123.40264442048485,
              48.45552624436282
            ],
            [
              -123.402630168062,
              48.45552170865455
            ],
            [
              -123.40261482679865,
              48.455515357661895
            ],
            [
              -123.40259156352047,
              48.455501929789584
            ],
            [
              -123.40256528830636,
              48.45549036493934
            ],
            [
              -123.40255930363728,
              48.45548655336515
            ],
            [
              -123.40254148021606,
              48.45547465610131
            ],
            [
              -123.40252271637077,
              48.455463505909336
            ],
            [
              -123.4025128574916,
              48.455458151713714
            ],
            [
              -123.4024956625255,
              48.45545314434902
            ],
            [
              -123.40249077043309,
              48.455450390087044
            ],
            [
              -123.40246617321706,
              48.45543659878519
            ],
            [
              -123.40245836905083,
              48.45543349861285
            ],
            [
              -123.40244168225566,
              48.45542686986855
            ],
            [
              -123.40243732508131,
              48.45542444632303
            ],
            [
              -123.40243044773037,
              48.4554200735021
            ],
            [
              -123.40240581344236,
              48.45540498873304
            ],
            [
              -123.40238659254713,
              48.455390185683314
            ],
            [
              -123.40238238484369,
              48.45538809532693
            ],
            [
              -123.40236743117634,
              48.455385588555146
            ],
            [
              -123.40235271188334,
              48.45538475700954
            ],
            [
              -123.4023355388214,
              48.45537896482481
            ],
            [
              -123.40231483671755,
              48.45537101119545
            ],
            [
              -123.40228818799068,
              48.45536269757226
            ],
            [
              -123.40228050995333,
              48.455359520589184
            ],
            [
              -123.40227429930908,
              48.4553576705204
            ],
            [
              -123.40225103902111,
              48.455349287579494
            ],
            [
              -123.40223628647414,
              48.455338690830644
            ],
            [
              -123.40221810434439,
              48.4553275001519
            ],
            [
              -123.40219014764773,
              48.4553156168811
            ],
            [
              -123.40217700858611,
              48.4553103075192
            ],
            [
              -123.40216610483937,
              48.455304520839896
            ],
            [
              -123.40214542711395,
              48.45528970321689
            ],
            [
              -123.40212559137943,
              48.45528365749468
            ],
            [
              -123.40212266310031,
              48.45528262868708
            ],
            [
              -123.40209811682544,
              48.45526762220751
            ],
            [
              -123.40208514178934,
              48.4552580857636
            ],
            [
              -123.4020742158251,
              48.45524854052888
            ],
            [
              -123.40205467773606,
              48.455237728647035
            ],
            [
              -123.40204329258093,
              48.45523210956699
            ],
            [
              -123.4020252048124,
              48.4552224213367
            ],
            [
              -123.40201129265022,
              48.455218362920505
            ],
            [
              -123.40199170693558,
              48.45521634527088
            ],
            [
              -123.40199093202851,
              48.45521610917679
            ],
            [
              -123.40198741594816,
              48.45521376662487
            ],
            [
              -123.40195386773506,
              48.4551913748441
            ],
            [
              -123.40194188244952,
              48.45518740792017
            ],
            [
              -123.4019054239504,
              48.45515699669013
            ],
            [
              -123.40188938106337,
              48.45515160426596
            ],
            [
              -123.40184836332449,
              48.45513768894845
            ],
            [
              -123.40175348706921,
              48.455085871313
            ],
            [
              -123.40167402454055,
              48.45504575288466
            ],
            [
              -123.40165056670023,
              48.45503390961504
            ],
            [
              -123.40159416702757,
              48.455004872201776
            ],
            [
              -123.40157525613346,
              48.45499513594256
            ],
            [
              -123.40156725020123,
              48.4549910140179
            ],
            [
              -123.40152736803012,
              48.4549945628989
            ],
            [
              -123.40142556473629,
              48.45501516268671
            ],
            [
              -123.4013165758858,
              48.455035799755095
            ],
            [
              -123.40129367746428,
              48.45504718803054
            ],
            [
              -123.4012389773847,
              48.4550768940666
            ],
            [
              -123.40121232699806,
              48.45509822827116
            ],
            [
              -123.40117677983301,
              48.45515905054767
            ],
            [
              -123.40114563225272,
              48.45521967439872
            ],
            [
              -123.4011309081333,
              48.45525888005208
            ],
            [
              -123.40113169570358,
              48.45530483777042
            ],
            [
              -123.40113306425243,
              48.45534982825171
            ],
            [
              -123.40110950380337,
              48.45543402222143
            ],
            [
              -123.40107956843342,
              48.455535826104004
            ],
            [
              -123.40106768203637,
              48.45556529017787
            ],
            [
              -123.40101403244621,
              48.45565271346185
            ],
            [
              -123.4009820784582,
              48.45571164355856
            ],
            [
              -123.40095434496078,
              48.45573673784921
            ],
            [
              -123.40093870624138,
              48.45574464886032
            ],
            [
              -123.40092866937485,
              48.455755850952706
            ],
            [
              -123.40092450763542,
              48.45577554838011
            ],
            [
              -123.40093446896341,
              48.45579556979301
            ],
            [
              -123.40094303784733,
              48.45584112766379
            ],
            [
              -123.4009513237105,
              48.45588019880857
            ],
            [
              -123.40096031410854,
              48.45592070080846
            ],
            [
              -123.40099440722415,
              48.45597374412148
            ],
            [
              -123.4009012506036,
              48.456057659499386
            ],
            [
              -123.40078147099976,
              48.45616555630538
            ],
            [
              -123.40082249210516,
              48.45621553742408
            ],
            [
              -123.40086870137445,
              48.456293458417406
            ],
            [
              -123.40096479094105,
              48.45640705508077
            ],
            [
              -123.40104338754749,
              48.45647403677692
            ],
            [
              -123.40108450764954,
              48.45652512413634
            ],
            [
              -123.40116827828955,
              48.45660820487978
            ],
            [
              -123.40118950205381,
              48.45664689848274
            ],
            [
              -123.40120271330872,
              48.4566904672694
            ],
            [
              -123.40119291672495,
              48.45668545747908
            ],
            [
              -123.39950236842743,
              48.45582091649908
            ],
            [
              -123.39950233634679,
              48.45582094337503
            ],
            [
              -123.39900613465957,
              48.45625002897816
            ],
            [
              -123.39893187237541,
              48.45631424576922
            ],
            [
              -123.39838820450719,
              48.45603628851732
            ],
            [
              -123.39817381139854,
              48.45592667595602
            ],
            [
              -123.39822477333391,
              48.45556530885105
            ],
            [
              -123.39752258346671,
              48.45520595022877
            ],
            [
              -123.39752255155399,
              48.45520597704734
            ],
            [
              -123.39744345771952,
              48.45527497699043
            ],
            [
              -123.39744342648602,
              48.45527500420024
            ],
            [
              -123.39727202769707,
              48.45542452545623
            ],
            [
              -123.39641130614476,
              48.455276369271054
            ],
            [
              -123.39641128100781,
              48.4552763978653
            ],
            [
              -123.39614905722276,
              48.45561005161798
            ],
            [
              -123.3958653201327,
              48.4559710681606
            ],
            [
              -123.39586528090133,
              48.455971088875046
            ],
            [
              -123.3955539289935,
              48.45611494644538
            ],
            [
              -123.39555390571097,
              48.45611497447077
            ],
            [
              -123.39518902118088,
              48.45664468295882
            ],
            [
              -123.39518900086784,
              48.45664471243586
            ],
            [
              -123.3950340956285,
              48.45686959061575
            ],
            [
              -123.39503428314495,
              48.45686977827998
            ],
            [
              -123.39513597025201,
              48.456966601382575
            ],
            [
              -123.39524151116822,
              48.45705920859583
            ],
            [
              -123.39535073123794,
              48.457147446667605
            ],
            [
              -123.39546344971704,
              48.45723116957609
            ],
            [
              -123.39557948007206,
              48.45731023877145
            ],
            [
              -123.39569863028878,
              48.457384523405096
            ],
            [
              -123.39578605955214,
              48.45743600439479
            ],
            [
              -123.39596258961272,
              48.45753742101052
            ],
            [
              -123.396014082517,
              48.45747197472698
            ],
            [
              -123.3961165892053,
              48.45734169049459
            ],
            [
              -123.39633916999293,
              48.45741901365091
            ],
            [
              -123.39656365699787,
              48.45749061436416
            ],
            [
              -123.3967899031257,
              48.45755644571818
            ],
            [
              -123.3970177601293,
              48.457616464577164
            ],
            [
              -123.39724707870607,
              48.45767063161394
            ],
            [
              -123.39866569059409,
              48.45795154741095
            ],
            [
              -123.3987252539245,
              48.457963341771794
            ],
            [
              -123.39878960634003,
              48.457976084381265
            ],
            [
              -123.40254119306428,
              48.458718875493375
            ],
            [
              -123.40318205845179,
              48.45880752475631
            ],
            [
              -123.40253828354301,
              48.45848911418136
            ],
            [
              -123.40095764499657,
              48.45770811014977
            ],
            [
              -123.4009113349166,
              48.45768522735555
            ],
            [
              -123.4009725908972,
              48.45760280888425
            ],
            [
              -123.40106139279446,
              48.45753254114858
            ],
            [
              -123.401119848836,
              48.45756290728692
            ],
            [
              -123.40287563266665,
              48.45847495187969
            ]
          ]
        ]
      },
      "properties": {
        "OBJECTID": 275,
        "PARK": "CUTHBERT HOLMES PARK",
        "PARKTYPE": "Municipal",
        "PARKADMINISTRATOR": "District of Saanich",
        "LOCATION": null,
        "_crosscheckSource": "https://map.saanich.ca/server/rest/services/MAPS/SaanichBaseMap/MapServer/26"
      }
    },
    {
      "type": "Feature",
      "id": 303,
      "geometry": {
        "type": "MultiPolygon",
        "coordinates": [
          [
            [
              [
                -123.41407738316134,
                48.470438466390505
              ],
              [
                -123.41410359699827,
                48.47044446763967
              ],
              [
                -123.41413588506427,
                48.47042282559731
              ],
              [
                -123.41422628855032,
                48.470362505022585
              ],
              [
                -123.41435851276576,
                48.47039276395543
              ],
              [
                -123.41456605620746,
                48.4704402588307
              ],
              [
                -123.41458242809061,
                48.47037730684633
              ],
              [
                -123.41412386451638,
                48.47027236635654
              ],
              [
                -123.4140690528817,
                48.470378513483304
              ],
              [
                -123.41299769288091,
                48.470133229930845
              ],
              [
                -123.4129780916271,
                48.470157766968526
              ],
              [
                -123.41295842656332,
                48.47018238300713
              ],
              [
                -123.41352729939152,
                48.47031262849196
              ],
              [
                -123.41358458536138,
                48.47032574373444
              ],
              [
                -123.41407738316134,
                48.470438466390505
              ]
            ]
          ],
          [
            [
              [
                -123.41668311310248,
                48.47037829218243
              ],
              [
                -123.41702758257722,
                48.47042378243874
              ],
              [
                -123.41702792193375,
                48.47042382725986
              ],
              [
                -123.41748298210877,
                48.470528288421704
              ],
              [
                -123.41775312072706,
                48.470590298011935
              ],
              [
                -123.41777889146363,
                48.47059621372259
              ],
              [
                -123.41818560779882,
                48.470689573756204
              ],
              [
                -123.41870406370317,
                48.47080857987028
              ],
              [
                -123.41925376952351,
                48.47093475550222
              ],
              [
                -123.41908395093445,
                48.471253057000894
              ],
              [
                -123.41903733630056,
                48.47134042843185
              ],
              [
                -123.41905572479287,
                48.47134195346411
              ],
              [
                -123.41910200718537,
                48.47127815965354
              ],
              [
                -123.41915039310125,
                48.471215946204275
              ],
              [
                -123.41922769782954,
                48.47112705797228
              ],
              [
                -123.41930938958531,
                48.47104218397249
              ],
              [
                -123.41939526021139,
                48.470961540470704
              ],
              [
                -123.41948509090247,
                48.470885332953074
              ],
              [
                -123.4195786527627,
                48.470813755602514
              ],
              [
                -123.41967570738889,
                48.47074699080389
              ],
              [
                -123.41977600747805,
                48.470685208679306
              ],
              [
                -123.41940316241906,
                48.47065455025432
              ],
              [
                -123.41979844499186,
                48.46991312945718
              ],
              [
                -123.4199768648426,
                48.469578464693896
              ],
              [
                -123.41997739999888,
                48.46957746092709
              ],
              [
                -123.41997745753568,
                48.469577352928084
              ],
              [
                -123.41998367298753,
                48.46956569448457
              ],
              [
                -123.42002231338847,
                48.46949321538559
              ],
              [
                -123.42021592308637,
                48.46913005219873
              ],
              [
                -123.42022188230507,
                48.469118874132974
              ],
              [
                -123.42022696372464,
                48.4691192950017
              ],
              [
                -123.42022702405366,
                48.46911930001064
              ],
              [
                -123.42023392033246,
                48.46911987118502
              ],
              [
                -123.42045877003835,
                48.46913849368319
              ],
              [
                -123.42047090224854,
                48.46913949846322
              ],
              [
                -123.42047107214901,
                48.4691391745316
              ],
              [
                -123.42047113316625,
                48.46913905814165
              ],
              [
                -123.42047676723857,
                48.46912831263165
              ],
              [
                -123.42048382185487,
                48.469114857871254
              ],
              [
                -123.4204907950565,
                48.469101558484624
              ],
              [
                -123.4205865428687,
                48.46891894514778
              ],
              [
                -123.42003495794467,
                48.468766466152886
              ],
              [
                -123.42017749815328,
                48.46832941239246
              ],
              [
                -123.41998940180837,
                48.468285705689865
              ],
              [
                -123.42012860797458,
                48.467960330570406
              ],
              [
                -123.42021023617468,
                48.467773680093565
              ],
              [
                -123.42027065425606,
                48.467635527582765
              ],
              [
                -123.41980538317732,
                48.46752699803037
              ],
              [
                -123.41975901438327,
                48.467516181830874
              ],
              [
                -123.41995287241322,
                48.467143218521734
              ],
              [
                -123.42014390265028,
                48.46677568989261
              ],
              [
                -123.42056728903611,
                48.46596110462829
              ],
              [
                -123.42046005475589,
                48.46591500912684
              ],
              [
                -123.42045406029698,
                48.4659124323354
              ],
              [
                -123.42045400777428,
                48.46591240975495
              ],
              [
                -123.42044967384453,
                48.46591054644704
              ],
              [
                -123.42044961460591,
                48.465910529682574
              ],
              [
                -123.42038960048322,
                48.46589323983897
              ],
              [
                -123.42022137655196,
                48.465844775040786
              ],
              [
                -123.41988386882419,
                48.465767270069534
              ],
              [
                -123.41986358557442,
                48.46576261236531
              ],
              [
                -123.41969972681542,
                48.46573236624624
              ],
              [
                -123.41915034449832,
                48.46566068938247
              ],
              [
                -123.41872464641459,
                48.46647637319307
              ],
              [
                -123.41872462932,
                48.466476402156445
              ],
              [
                -123.41848503647851,
                48.46693543742428
              ],
              [
                -123.41848502099423,
                48.466935466887854
              ],
              [
                -123.41837757708002,
                48.467141405521915
              ],
              [
                -123.41829246343943,
                48.46730452792109
              ],
              [
                -123.41817942089354,
                48.46752117187961
              ],
              [
                -123.41809962649177,
                48.46767409786623
              ],
              [
                -123.41801983263183,
                48.467827024297186
              ],
              [
                -123.41801096503056,
                48.46784401616254
              ],
              [
                -123.41793116995697,
                48.467996941631846
              ],
              [
                -123.41785137381648,
                48.468149867270206
              ],
              [
                -123.41777157829685,
                48.468302792677825
              ],
              [
                -123.41769960737687,
                48.46844086680475
              ],
              [
                -123.41759596991957,
                48.4686396914332
              ],
              [
                -123.41744804030135,
                48.46892348681467
              ],
              [
                -123.41741558787601,
                48.468985742685994
              ],
              [
                -123.41707072943242,
                48.46890633298745
              ],
              [
                -123.41704365140612,
                48.46890009719379
              ],
              [
                -123.41661031313411,
                48.46880031068399
              ],
              [
                -123.41630499250682,
                48.468730000291764
              ],
              [
                -123.41627164959023,
                48.46879452544424
              ],
              [
                -123.41616617941551,
                48.468998638578455
              ],
              [
                -123.41607608786339,
                48.46917298480849
              ],
              [
                -123.41599456621755,
                48.469330747649586
              ],
              [
                -123.41591524157666,
                48.46948425716373
              ],
              [
                -123.41583613638157,
                48.46963734136087
              ],
              [
                -123.41575702021804,
                48.469790424245545
              ],
              [
                -123.41517346366393,
                48.46965660619422
              ],
              [
                -123.41513744076815,
                48.469709331112824
              ],
              [
                -123.41510571446007,
                48.46976474778395
              ],
              [
                -123.41508367606596,
                48.46980724700427
              ],
              [
                -123.41500461348159,
                48.46996034536569
              ],
              [
                -123.41492790733665,
                48.469942748175825
              ],
              [
                -123.41484376738812,
                48.47026992494824
              ],
              [
                -123.41503031153202,
                48.47042068672672
              ],
              [
                -123.41529364646873,
                48.470633432825885
              ],
              [
                -123.41531410011991,
                48.47064995661916
              ],
              [
                -123.41551589212521,
                48.4705767232142
              ],
              [
                -123.41580716916458,
                48.47049584172168
              ],
              [
                -123.4158866387311,
                48.470507557464146
              ],
              [
                -123.41589574530508,
                48.47054804828301
              ],
              [
                -123.41594552070883,
                48.47076935983621
              ],
              [
                -123.41597214764457,
                48.47076564454784
              ],
              [
                -123.41590668119919,
                48.470474452455264
              ],
              [
                -123.41591957790475,
                48.47047102340089
              ],
              [
                -123.41604335046334,
                48.47043811159708
              ],
              [
                -123.41635682737545,
                48.47029354787231
              ],
              [
                -123.41668311310248,
                48.47037829218243
              ]
            ]
          ]
        ]
      },
      "properties": {
        "OBJECTID": 303,
        "PARK": "KNOCKAN HILL PARK",
        "PARKTYPE": "Community",
        "PARKADMINISTRATOR": "District of Saanich",
        "LOCATION": null,
        "_crosscheckSource": "https://map.saanich.ca/server/rest/services/MAPS/SaanichBaseMap/MapServer/26"
      }
    },
    {
      "type": "Feature",
      "id": 241,
      "geometry": {
        "type": "MultiPolygon",
        "coordinates": [
          [
            [
              [
                -123.37347459210453,
                48.52874147959413
              ],
              [
                -123.37347401961733,
                48.52874149494591
              ],
              [
                -123.37346415717577,
                48.52873952900938
              ],
              [
                -123.37345410405027,
                48.52873926953406
              ],
              [
                -123.37344415332453,
                48.52874072408456
              ],
              [
                -123.37343459509697,
                48.528743850255644
              ],
              [
                -123.37342570802328,
                48.52874855690851
              ],
              [
                -123.37341775119272,
                48.5287547068278
              ],
              [
                -123.37341095657466,
                48.52876212072188
              ],
              [
                -123.37340552225598,
                48.52877058244985
              ],
              [
                -123.37340160666601,
                48.528779845322795
              ],
              [
                -123.3733993239579,
                48.52878963929562
              ],
              [
                -123.37339874068054,
                48.528799678839796
              ],
              [
                -123.37339987383852,
                48.528809671267574
              ],
              [
                -123.37340269039632,
                48.528819325264784
              ],
              [
                -123.37375752856046,
                48.52924963631319
              ],
              [
                -123.37403780444474,
                48.5295895194204
              ],
              [
                -123.37421679758432,
                48.529869067846356
              ],
              [
                -123.3743161035537,
                48.52984101592238
              ],
              [
                -123.37432288484325,
                48.52984022189317
              ],
              [
                -123.37432944180554,
                48.52983831857602
              ],
              [
                -123.37433559427988,
                48.52983535826693
              ],
              [
                -123.37434117321945,
                48.52983142230405
              ],
              [
                -123.37434602533598,
                48.52982661883283
              ],
              [
                -123.37435001731156,
                48.52982107983459
              ],
              [
                -123.37435303946171,
                48.52981495750016
              ],
              [
                -123.37435500874913,
                48.52980842004824
              ],
              [
                -123.37435587106522,
                48.52980164710342
              ],
              [
                -123.37435560271676,
                48.52979482476074
              ],
              [
                -123.37435421107696,
                48.52978814047251
              ],
              [
                -123.37435173438286,
                48.52978177789781
              ],
              [
                -123.37427676975665,
                48.52966673710338
              ],
              [
                -123.37425407351559,
                48.52962913671524
              ],
              [
                -123.37423627383284,
                48.52958898600117
              ],
              [
                -123.3742236519774,
                48.52954691941928
              ],
              [
                -123.37421640739878,
                48.52950360170204
              ],
              [
                -123.37421465457517,
                48.52945971735226
              ],
              [
                -123.37421842120452,
                48.52941595982662
              ],
              [
                -123.37422764776689,
                48.52937302057776
              ],
              [
                -123.37424218846495,
                48.529331578127945
              ],
              [
                -123.37393216944905,
                48.52927422037658
              ],
              [
                -123.37363949115534,
                48.52891929234502
              ],
              [
                -123.37374230009475,
                48.528776729476235
              ],
              [
                -123.3736799312666,
                48.52875868403966
              ],
              [
                -123.37361673680367,
                48.52874378543701
              ],
              [
                -123.37347990452977,
                48.52874146258489
              ],
              [
                -123.37347459210453,
                48.52874147959413
              ]
            ]
          ],
          [
            [
              [
                -123.38112356631929,
                48.529621596384956
              ],
              [
                -123.38263434108723,
                48.529660226450694
              ],
              [
                -123.3825827440763,
                48.530541660196484
              ],
              [
                -123.38302376725312,
                48.530552990478704
              ],
              [
                -123.38302377267674,
                48.530552912642
              ],
              [
                -123.38309317000339,
                48.529368591275734
              ],
              [
                -123.38309316970091,
                48.52936851750645
              ],
              [
                -123.38309317132423,
                48.52936844091936
              ],
              [
                -123.38310065957613,
                48.52924052408839
              ],
              [
                -123.38310824371021,
                48.52911105910783
              ],
              [
                -123.38310824991323,
                48.52911098363003
              ],
              [
                -123.38310825396111,
                48.529110914232014
              ],
              [
                -123.38312326318061,
                48.52885372930044
              ],
              [
                -123.38289118919872,
                48.52884814870527
              ],
              [
                -123.3824821918523,
                48.52883832620792
              ],
              [
                -123.38229497691846,
                48.52883404411989
              ],
              [
                -123.3818598314407,
                48.52882376690599
              ],
              [
                -123.38157568860058,
                48.52881705514218
              ],
              [
                -123.38129154582974,
                48.52881034245195
              ],
              [
                -123.381007402793,
                48.528803629286244
              ],
              [
                -123.38094656898298,
                48.52880218921174
              ],
              [
                -123.3808647192465,
                48.52880006856054
              ],
              [
                -123.38072303699809,
                48.52879668697314
              ],
              [
                -123.38013331201068,
                48.52878261001501
              ],
              [
                -123.37988969619859,
                48.52877679338721
              ],
              [
                -123.37917871179486,
                48.52875981477357
              ],
              [
                -123.37882700134871,
                48.52875108607301
              ],
              [
                -123.37856991223758,
                48.52874489771558
              ],
              [
                -123.37803774148622,
                48.528732747269515
              ],
              [
                -123.37776608995308,
                48.52872650170182
              ],
              [
                -123.37712180649928,
                48.528704270728745
              ],
              [
                -123.3765605622716,
                48.528684901829585
              ],
              [
                -123.37610993446299,
                48.5286763295489
              ],
              [
                -123.3754897445186,
                48.528664536715965
              ],
              [
                -123.37520104215952,
                48.5286590457989
              ],
              [
                -123.37511584294376,
                48.528657425203356
              ],
              [
                -123.37510253053782,
                48.52897056101997
              ],
              [
                -123.37518427061936,
                48.52898288636402
              ],
              [
                -123.37526470052204,
                48.52900197525586
              ],
              [
                -123.37534326160724,
                48.52902769511059
              ],
              [
                -123.37541940821654,
                48.5290598672869
              ],
              [
                -123.37548060956513,
                48.529004144966926
              ],
              [
                -123.37535722306075,
                48.528879266226475
              ],
              [
                -123.37554826967612,
                48.528902917426244
              ],
              [
                -123.37579093234119,
                48.52890982805458
              ],
              [
                -123.3768533354126,
                48.529084588809305
              ],
              [
                -123.37805166983964,
                48.528849529305276
              ],
              [
                -123.37919021143772,
                48.52886874104913
              ],
              [
                -123.37934686791156,
                48.52920902827693
              ],
              [
                -123.37972987711682,
                48.52954037993576
              ],
              [
                -123.37977907080274,
                48.529624257222586
              ],
              [
                -123.37997147898888,
                48.529952318289865
              ],
              [
                -123.38041526118933,
                48.530041761126995
              ],
              [
                -123.38045605635284,
                48.52964890544676
              ],
              [
                -123.38083392102482,
                48.52967327805546
              ],
              [
                -123.38091248567235,
                48.529678345398125
              ],
              [
                -123.38093039196295,
                48.52961692578725
              ],
              [
                -123.38112356631929,
                48.529621596384956
              ]
            ]
          ]
        ]
      },
      "properties": {
        "OBJECTID": 241,
        "PARK": "SAYWARD HILL PARK",
        "PARKTYPE": "Neighbourhood",
        "PARKADMINISTRATOR": "District of Saanich",
        "LOCATION": null,
        "_crosscheckSource": "https://map.saanich.ca/server/rest/services/MAPS/SaanichBaseMap/MapServer/26"
      }
    }
  ]
}
