objectId,name,normalizedName,type,jurisdiction,lifeCycleStatus,genericName,geometryType,geometryValid,polygonParts,representativePoint
13,Gladys Pringle Linear Park,gladys pringle linear park,Community Park,Salt Spring Island Electoral Area,ACT,False,Polygon,True,1,"[-123.584089, 48.909986]"
15,Butterfield Park,butterfield park,Municipal Park,District of Central Saanich,ACT,False,Polygon,True,1,"[-123.451187, 48.600107]"
16,Blossom Park,blossom park,Municipal Park,District of Central Saanich,ACT,False,Polygon,True,1,"[-123.41964, 48.590682]"
17,Brooks Park,brooks park,Municipal Park,District of Central Saanich,ACT,False,Polygon,True,1,"[-123.464662, 48.574365]"
18,Amwell Park,amwell park,Municipal Park,District of Central Saanich,ACT,False,Polygon,True,1,"[-123.459563, 48.564782]"
19,Tanner Park,tanner park,Municipal Park,District of Central Saanich,ACT,False,Polygon,True,1,"[-123.401216, 48.552016]"
20,Cordova Spit Park,cordova spit park,Municipal Park,District of Central Saanich,ACT,False,Polygon,True,1,"[-123.371419, 48.59501]"
21,Cordova Spit Park,cordova spit park,Municipal Park,District of Central Saanich,ACT,False,Polygon,True,1,"[-123.372874, 48.595006]"
22,Cordova Spit Park,cordova spit park,Municipal Park,District of Central Saanich,ACT,False,Polygon,True,1,"[-123.371908, 48.596535]"
23,Cordova Spit Park,cordova spit park,Municipal Park,District of Central Saanich,ACT,False,Polygon,True,1,"[-123.370711, 48.596484]"
24,Park,park,Municipal Park,District of Saanich,ACT,True,Polygon,True,1,"[-123.436904, 48.546526]"
25,South Valley Park,south valley park,Municipal Park,District of Saanich,ACT,False,Polygon,True,1,"[-123.409924, 48.471199]"
26,Lambrick Park,lambrick park,Municipal Park,District of Saanich,ACT,False,Polygon,True,1,"[-123.327505, 48.47828]"
27,Quick's Bottom Park,quick s bottom park,Municipal Park,District of Saanich,ACT,False,Polygon,True,1,"[-123.398839, 48.493328]"
28,Colquitz Park,colquitz park,Municipal Park,District of Saanich,ACT,False,Polygon,True,1,"[-123.401222, 48.492582]"
29,Colquitz Park,colquitz park,Municipal Park,District of Saanich,ACT,False,Polygon,True,1,"[-123.405972, 48.483411]"
30,Gordon Head North Park,gordon head north park,Municipal Park,District of Saanich,ACT,False,Polygon,True,1,"[-123.302172, 48.484091]"
31,Blenkinsop Lake Park,blenkinsop lake park,Municipal Park,District of Saanich,ACT,False,Polygon,True,1,"[-123.360779, 48.484071]"
32,Bisley Park,bisley park,Municipal Park,District of Saanich,ACT,False,Polygon,True,1,"[-123.32863, 48.485749]"
33,King Alfred Park,king alfred park,Municipal Park,District of Saanich,ACT,False,Polygon,True,1,"[-123.317995, 48.485632]"
34,Ferndale Forest Park,ferndale forest park,Municipal Park,District of Saanich,ACT,False,Polygon,True,1,"[-123.307455, 48.490833]"
35,Park,park,Municipal Park,District of North Saanich,ACT,True,Polygon,True,1,"[-123.447028, 48.684495]"
36,Woodcreek Park,woodcreek park,Municipal Park,District of North Saanich,ACT,False,Polygon,True,1,"[-123.462535, 48.694577]"
37,Kanishay Park,kanishay park,Municipal Park,District of North Saanich,ACT,False,Polygon,True,1,"[-123.462837, 48.692731]"
38,Park,park,Municipal Park,District of North Saanich,ACT,True,Polygon,True,1,"[-123.45454, 48.693791]"
39,Bluebell Park,bluebell park,Municipal Park,District of North Saanich,ACT,False,Polygon,True,1,"[-123.451676, 48.694936]"
40,Highview Park North,highview park north,Municipal Park,District of North Saanich,ACT,False,Polygon,True,1,"[-123.450888, 48.691411]"
41,Readings Park,readings park,Municipal Park,District of North Saanich,ACT,False,Polygon,True,1,"[-123.44416, 48.689165]"
42,Park,park,Municipal Park,District of North Saanich,ACT,True,Polygon,True,1,"[-123.443987, 48.690892]"
43,Sumac Park,sumac park,Municipal Park,District of North Saanich,ACT,False,Polygon,True,1,"[-123.443216, 48.692711]"
44,Pat Thomson Park,pat thomson park,Municipal Park,District of Central Saanich,ACT,False,Polygon,True,1,"[-123.458303, 48.603963]"
45,Island Parks,island parks,Community Park,Southern Gulf Islands Electoral Area,ACT,False,Polygon,True,1,"[-123.583658, 48.955991]"
46,Island Parks,island parks,Community Park,Southern Gulf Islands Electoral Area,ACT,False,Polygon,True,1,"[-123.580415, 48.955945]"
47,Island Parks,island parks,Community Park,Southern Gulf Islands Electoral Area,ACT,False,Polygon,True,1,"[-123.594394, 48.96084]"
48,Island Parks,island parks,Community Park,Southern Gulf Islands Electoral Area,ACT,False,Polygon,True,1,"[-123.596267, 48.96207]"
49,Island Parks,island parks,Community Park,Southern Gulf Islands Electoral Area,ACT,False,Polygon,True,1,"[-123.607593, 48.964567]"
50,Island Parks,island parks,Community Park,Southern Gulf Islands Electoral Area,ACT,False,Polygon,True,1,"[-123.600131, 48.96486]"
51,Island Parks,island parks,Community Park,Southern Gulf Islands Electoral Area,ACT,False,Polygon,True,1,"[-123.61022, 48.96684]"
52,Mount Tolmie Park,mount tolmie park,Municipal Park,District of Saanich,ACT,False,Polygon,True,1,"[-123.324034, 48.458261]"
53,Gore-Peace Memorial Park,gore peace memorial park,Municipal Park,District of Saanich,ACT,False,Polygon,True,1,"[-123.333273, 48.460697]"
54,Cedar Hill Park,cedar hill park,Municipal Park,District of Saanich,ACT,False,Polygon,True,1,"[-123.345457, 48.454999]"
58,Entrance Park,entrance park,Municipal Park,District of Oak Bay,ACT,False,Polygon,True,1,"[-123.322532, 48.426174]"
59,Arbutus Park,arbutus park,Municipal Park,City of Victoria,ACT,False,Polygon,True,1,"[-123.382033, 48.441964]"
61,Avalon Green,avalon green,Municipal Park,City of Victoria,ACT,False,Polygon,True,1,"[-123.369085, 48.415274]"
62,Songhees Point Park,songhees point park,Municipal Park,City of Victoria,ACT,False,Polygon,True,1,"[-123.377, 48.426269]"
64,Doumac Park,doumac park,Municipal Park,District of Saanich,ACT,False,Polygon,True,1,"[-123.378324, 48.52413]"
68,Green Park,green park,Municipal Park,District of North Saanich,ACT,False,Polygon,True,1,"[-123.41887, 48.681514]"
69,Swimming Hole Park,swimming hole park,Community Park,Southern Gulf Islands Electoral Area (North Pender Island),ACT,False,Polygon,True,1,"[-123.279844, 48.759528]"
70,Park,park,Municipal Park,City of Langford,ACT,True,Polygon,True,1,"[-123.512314, 48.473141]"
71,Park,park,Municipal Park,City of Langford,ACT,True,Polygon,True,1,"[-123.512865, 48.472002]"
72,Park,park,Municipal Park,District of North Saanich,ACT,True,Polygon,True,1,"[-123.404241, 48.68578]"
73,Turtle Island,turtle island,Community Park,Southern Gulf Islands Electoral Area,ACT,False,Polygon,True,1,"[-123.43894, 48.897822]"
74,Cordova Spit Park,cordova spit park,Municipal Park,District of Central Saanich,ACT,False,Polygon,True,1,"[-123.371744, 48.597628]"
75,Jalan Park,jalan park,Municipal Park,Town of View Royal,ACT,False,Polygon,True,1,"[-123.459716, 48.457953]"
76,Knollwood Park,knollwood park,Municipal Park,Town of View Royal,ACT,False,Polygon,True,1,"[-123.45262, 48.459706]"
77,Newstead Park,newstead park,Municipal Park,Town of View Royal,ACT,False,Polygon,True,1,"[-123.445685, 48.456067]"
78,Pondwood Park,pondwood park,Municipal Park,District of Saanich,ACT,False,Polygon,True,1,"[-123.365291, 48.499128]"
79,Rithetwood Park,rithetwood park,Municipal Park,District of Saanich,ACT,False,Polygon,True,1,"[-123.362792, 48.498068]"
80,Commonwealth Place,commonwealth place,Municipal Park,District of Saanich,ACT,False,Polygon,True,1,"[-123.389659, 48.501471]"
81,Park,park,Municipal Park,District of Saanich,ACT,True,Polygon,True,1,"[-123.394362, 48.503881]"
82,Blenkinsop Lake Park,blenkinsop lake park,Municipal Park,District of Saanich,ACT,False,Polygon,True,1,"[-123.358987, 48.481465]"
83,Industrial Buffer Park,industrial buffer park,Municipal Park,District of Saanich,ACT,False,Polygon,True,1,"[-123.396613, 48.481376]"
84,Green Park,green park,Municipal Park,District of North Saanich,ACT,False,Polygon,True,1,"[-123.419147, 48.683731]"
85,Calvert Park,calvert park,Municipal Park,District of Saanich,ACT,False,Polygon,True,1,"[-123.442534, 48.495453]"
86,Portage Park,portage park,Municipal Park,Town of View Royal,ACT,False,Polygon,True,1,"[-123.4311, 48.450541]"
87,Craigflower Farm Historic Site,craigflower farm historic site,Municipal Park,Town of View Royal,ACT,False,Polygon,True,1,"[-123.424611, 48.45205]"
88,Danbrook Park,danbrook park,Municipal Park,City of Langford,ACT,False,Polygon,True,1,"[-123.497851, 48.449677]"
89,Park,park,Municipal Park,District of North Saanich,ACT,True,Polygon,True,1,"[-123.426887, 48.687266]"
90,Eugene Bailin Memorial Trail,eugene bailin memorial trail,Municipal Park,District of North Saanich,ACT,False,Polygon,True,1,"[-123.441128, 48.693368]"
91,Park,park,Municipal Park,District of North Saanich,ACT,True,Polygon,True,1,"[-123.426307, 48.689523]"
92,Park,park,Municipal Park,District of North Saanich,ACT,True,Polygon,True,1,"[-123.433389, 48.688605]"
93,Park,park,Municipal Park,District of North Saanich,ACT,True,Polygon,True,1,"[-123.425434, 48.685605]"
94,Sir Echoes Linear Park,sir echoes linear park,Community Park,Salt Spring Island Electoral Area,ACT,False,Polygon,True,1,"[-123.587679, 48.90836]"
103,Park,park,Community Park,Southern Gulf Islands Electoral Area,ACT,True,Polygon,True,1,"[-123.589458, 48.960385]"
104,Maynard Park,maynard park,Municipal Park,District of Saanich,ACT,False,Polygon,True,1,"[-123.296034, 48.462795]"
105,Colquitz Park,colquitz park,Municipal Park,District of Saanich,ACT,False,Polygon,True,1,"[-123.395979, 48.486389]"
106,Valewood Park,valewood park,Municipal Park,District of Saanich,ACT,False,Polygon,True,1,"[-123.371115, 48.484987]"
107,Brydon Park,brydon park,Municipal Park,District of Saanich,ACT,False,Polygon,True,1,"[-123.391027, 48.489052]"
108,Taylor Park,taylor park,Municipal Park,District of Saanich,ACT,False,Polygon,True,1,"[-123.380333, 48.454735]"
109,Montague Park,montague park,Municipal Park,District of Saanich,ACT,False,Polygon,True,1,"[-123.309478, 48.473721]"
110,Cormorant Crescent Park Reserve,cormorant crescent park reserve,Community Park,Salt Spring Island Electoral Area,ACT,False,Polygon,True,1,"[-123.553868, 48.886593]"
111,Teal Place Park Reserve,teal place park reserve,Community Park,Salt Spring Island Electoral Area,ACT,False,Polygon,True,1,"[-123.553133, 48.884293]"
113,Long Harbour Islands Park,long harbour islands park,Community Park,Islands Trust,ACT,False,Polygon,True,1,"[-123.426104, 48.846211]"
114,Lively Peak Park,lively peak park,Community Park,Southern Gulf Islands Electoral Area (North Pender Island),ACT,False,Polygon,True,1,"[-123.282232, 48.771704]"
115,Century Park,century park,Municipal Park,District of Saanich,ACT,False,Polygon,True,1,"[-123.355403, 48.472878]"
116,Ambassador Park,ambassador park,Municipal Park,District of Saanich,ACT,False,Polygon,True,1,"[-123.365064, 48.477226]"
117,Priest Cabin Park,priest cabin park,Community Park,Juan de Fuca Electoral Area,ACT,False,Polygon,True,1,"[-123.958355, 48.402403]"
118,Parkcrest Park,parkcrest park,Municipal Park,Town of View Royal,ACT,False,Polygon,True,1,"[-123.436514, 48.460925]"
119,Parkcrest Park,parkcrest park,Municipal Park,Town of View Royal,ACT,False,Polygon,True,1,"[-123.435194, 48.461234]"
120,Aldersmith Park,aldersmith park,Municipal Park,Town of View Royal,ACT,False,Polygon,True,1,"[-123.441345, 48.467009]"
123,Craigflower Kosapsom Park,craigflower kosapsom park,Municipal Park,District of Saanich,ACT,False,Polygon,True,1,"[-123.421183, 48.452782]"
124,Camrose Park,camrose park,Municipal Park,District of Saanich,ACT,False,Polygon,True,1,"[-123.351731, 48.45373]"
125,Maltwood Park,maltwood park,Municipal Park,District of Saanich,ACT,False,Polygon,True,1,"[-123.377176, 48.485615]"
126,Brodick Park,brodick park,Municipal Park,District of Saanich,ACT,False,Polygon,True,1,"[-123.339392, 48.474909]"
127,Disc Park,disc park,Community Park,Southern Gulf Islands Electoral Area (North Pender Island),ACT,False,Polygon,True,1,"[-123.286374, 48.768719]"
128,Shingle Bay Park,shingle bay park,Community Park,Southern Gulf Islands Electoral Area (North Pender Island),ACT,False,Polygon,True,1,"[-123.307238, 48.778546]"
129,Park,park,Municipal Park,District of Saanich,ACT,True,Polygon,True,1,"[-123.368547, 48.462571]"
130,Swan Creek Park,swan creek park,Municipal Park,District of Saanich,ACT,False,Polygon,True,1,"[-123.383207, 48.46328]"
131,Park,park,Municipal Park,District of Saanich,ACT,True,Polygon,True,1,"[-123.367537, 48.463795]"
132,Leeds Park,leeds park,Municipal Park,District of Saanich,ACT,False,Polygon,True,1,"[-123.362236, 48.463603]"
133,Swan Creek Park,swan creek park,Municipal Park,District of Saanich,ACT,False,Polygon,True,1,"[-123.383744, 48.464322]"
135,Wetherby Park,wetherby park,Municipal Park,District of Saanich,ACT,False,Polygon,True,1,"[-123.340626, 48.450985]"
136,Park,park,Municipal Park,District of Saanich,ACT,True,Polygon,True,1,"[-123.35942, 48.45139]"
137,Onyx Park,onyx park,Municipal Park,District of Saanich,ACT,False,Polygon,True,1,"[-123.326314, 48.46555]"
138,Rowan Park,rowan park,Municipal Park,District of Saanich,ACT,False,Polygon,True,1,"[-123.334853, 48.457308]"
139,Wedgewood Park,wedgewood park,Municipal Park,District of Saanich,ACT,False,Polygon,True,1,"[-123.277472, 48.457581]"
140,Colquitz Park,colquitz park,Municipal Park,District of Saanich,ACT,False,Polygon,True,1,"[-123.408651, 48.458177]"
141,Regina Park,regina park,Municipal Park,District of Saanich,ACT,False,Polygon,True,1,"[-123.379646, 48.455233]"
142,Rudd Park,rudd park,Municipal Park,District of Saanich,ACT,False,Polygon,True,1,"[-123.381141, 48.45074]"
143,Allenby Park,allenby park,Municipal Park,District of Saanich,ACT,False,Polygon,True,1,"[-123.32358, 48.440744]"
144,Gorge Park,gorge park,Municipal Park,District of Saanich,ACT,False,Polygon,True,1,"[-123.391894, 48.443212]"
145,Gorge Park,gorge park,Municipal Park,District of Saanich,ACT,False,Polygon,True,1,"[-123.393532, 48.444296]"
146,Gorge Park,gorge park,Municipal Park,District of Saanich,ACT,False,Polygon,True,1,"[-123.395915, 48.445948]"
147,Masthead Crescent/Shingle Bay Community Park,masthead crescent shingle bay community park,Community Park,Southern Gulf Islands Electoral Area (North Pender Island),ACT,False,Polygon,True,1,"[-123.302782, 48.77722]"
148,Sandy Sievert Park,sandy sievert park,Community Park,Southern Gulf Islands Electoral Area (North Pender Island),ACT,False,Polygon,True,1,"[-123.305254, 48.773406]"
149,Cordova Bay Park,cordova bay park,Municipal Park,District of Saanich,ACT,False,Polygon,True,1,"[-123.36616, 48.516558]"
150,Faithwood Park,faithwood park,Municipal Park,District of Saanich,ACT,False,Polygon,True,1,"[-123.36587, 48.492242]"
151,Donwood Park,donwood park,Municipal Park,District of Saanich,ACT,False,Polygon,True,1,"[-123.361164, 48.492815]"
152,Balmacarra Park,balmacarra park,Municipal Park,District of Saanich,ACT,False,Polygon,True,1,"[-123.311463, 48.493701]"
153,Balmacarra Park,balmacarra park,Municipal Park,District of Saanich,ACT,False,Polygon,True,1,"[-123.311267, 48.493931]"
154,Rithet's Bog Conservation Area,rithet s bog conservation area,Municipal Park,District of Saanich,ACT,False,Polygon,True,1,"[-123.378817, 48.491308]"
155,Lohbrunner Park,lohbrunner park,Municipal Park,District of Saanich,ACT,False,Polygon,True,1,"[-123.363578, 48.493918]"
156,Perez Park,perez park,Municipal Park,District of Saanich,ACT,False,Polygon,True,1,"[-123.37227, 48.502798]"
157,Swan Lake Park,swan lake park,Municipal Park,District of Saanich,ACT,False,Polygon,True,1,"[-123.374928, 48.465721]"
158,Swan Creek Park,swan creek park,Municipal Park,District of Saanich,ACT,False,Polygon,True,1,"[-123.394472, 48.465453]"
159,Rutledge Park,rutledge park,Municipal Park,District of Saanich,ACT,False,Polygon,True,1,"[-123.364861, 48.451896]"
160,Glen Cove Park,glen cove park,Municipal Park,City of Langford,ACT,False,Polygon,True,1,"[-123.516464, 48.435757]"
161,Balsam Park,balsam park,Municipal Park,District of North Saanich,ACT,False,Polygon,True,1,"[-123.423399, 48.632573]"
163,Gulf View Park,gulf view park,Municipal Park,District of North Saanich,ACT,False,Polygon,True,1,"[-123.415943, 48.617611]"
164,Majestic Park,majestic park,Municipal Park,District of Saanich,ACT,False,Polygon,True,1,"[-123.332872, 48.487231]"
165,Swan Creek Park,swan creek park,Municipal Park,District of Saanich,ACT,False,Polygon,True,1,"[-123.39149, 48.465758]"
166,Swan Creek Park,swan creek park,Municipal Park,District of Saanich,ACT,False,Polygon,True,1,"[-123.390456, 48.466256]"
167,Colquitz Park,colquitz park,Municipal Park,District of Saanich,ACT,False,Polygon,True,1,"[-123.404578, 48.482653]"
168,Swan Creek Park,swan creek park,Municipal Park,District of Saanich,ACT,False,Polygon,True,1,"[-123.397278, 48.467204]"
170,Colquitz Park,colquitz park,Municipal Park,District of Saanich,ACT,False,Polygon,True,1,"[-123.404337, 48.474116]"
171,Christmas Hill Nature Sanctuary,christmas hill nature sanctuary,Municipal Park,District of Saanich,ACT,False,Polygon,True,1,"[-123.373362, 48.469803]"
172,Edge Park,edge park,Municipal Park,District of Saanich,ACT,False,Polygon,True,1,"[-123.405208, 48.470453]"
173,Rainbow Ridge Park,rainbow ridge park,Municipal Park,District of Saanich,ACT,False,Polygon,True,1,"[-123.378147, 48.47094]"
174,Camas Park,camas park,Municipal Park,District of Saanich,ACT,False,Polygon,True,1,"[-123.356872, 48.471251]"
175,Idol Island Park,idol island park,Community Park,Salt Spring Island Electoral Area,ACT,False,Polygon,True,1,"[-123.595219, 48.919269]"
177,Park,park,Community Park,Salt Spring Island Electoral Area,ACT,True,Polygon,True,1,"[-123.601593, 48.940021]"
178,Seabrook Park,seabrook park,Municipal Park,District of Central Saanich,ACT,False,Polygon,True,1,"[-123.416403, 48.578519]"
179,Galbraith Park,galbraith park,Municipal Park,District of Central Saanich,ACT,False,Polygon,True,1,"[-123.421713, 48.60017]"
180,Rodolph Park,rodolph park,Municipal Park,District of Central Saanich,ACT,False,Polygon,True,1,"[-123.399436, 48.557315]"
181,Brentwood Heights Park,brentwood heights park,Municipal Park,District of Central Saanich,ACT,False,Polygon,True,1,"[-123.465626, 48.568383]"
182,Hardy Park,hardy park,Municipal Park,District of Central Saanich,ACT,False,Polygon,True,1,"[-123.462142, 48.567915]"
183,Happy Day Park,happy day park,Municipal Park,District of Central Saanich,ACT,False,Polygon,True,1,"[-123.456642, 48.571397]"
184,Dawson Park,dawson park,Municipal Park,District of Central Saanich,ACT,False,Polygon,True,1,"[-123.456179, 48.573814]"
185,Damelart Park,damelart park,Municipal Park,District of Central Saanich,ACT,False,Polygon,True,1,"[-123.457355, 48.576758]"
186,Verdier Park,verdier park,Municipal Park,District of Central Saanich,ACT,False,Polygon,True,1,"[-123.465359, 48.577679]"
192,Brooks Road Park,brooks road park,Municipal Park,District of Sooke,ACT,False,Polygon,True,1,"[-123.738397, 48.366294]"
193,Raynor Park,raynor park,Municipal Park,City of Victoria,ACT,False,Polygon,True,1,"[-123.388417, 48.435932]"
194,Copley West Park,copley west park,Municipal Park,District of Saanich,ACT,False,Polygon,True,1,"[-123.400956, 48.484609]"
195,Rainbow Park,rainbow park,Municipal Park,District of Saanich,ACT,False,Polygon,True,1,"[-123.377683, 48.467578]"
199,Emily Carr Park,emily carr park,Municipal Park,District of Saanich,ACT,False,Polygon,True,1,"[-123.367227, 48.496486]"
204,Conconi Reef Community Park,conconi reef community park,Community Park,Southern Gulf Islands Electoral Area (Mayne Island),ACT,False,Polygon,True,1,"[-123.294119, 48.827701]"
211,Park,park,Municipal Park,City of Langford,ACT,True,Polygon,True,1,"[-123.476419, 48.453229]"
212,Whitehead Park,whitehead park,Municipal Park,District of Saanich,ACT,False,Polygon,True,1,"[-123.439801, 48.520914]"
213,Colquitz Park,colquitz park,Municipal Park,District of Saanich,ACT,False,Polygon,True,1,"[-123.399659, 48.46471]"
214,Copley East Park,copley east park,Municipal Park,District of Saanich,ACT,False,Polygon,True,1,"[-123.396838, 48.485142]"
215,Colquitz Park,colquitz park,Municipal Park,District of Saanich,ACT,False,Polygon,True,1,"[-123.396307, 48.500507]"
216,Colquitz Park,colquitz park,Municipal Park,District of Saanich,ACT,False,Polygon,True,1,"[-123.395399, 48.501571]"
217,Springridge Park,springridge park,Municipal Park,District of Saanich,ACT,False,Polygon,True,1,"[-123.398928, 48.482765]"
218,Tyndall Park,tyndall park,Municipal Park,District of Saanich,ACT,False,Polygon,True,1,"[-123.32277, 48.483259]"
219,Park,park,Municipal Park,District of Saanich,ACT,True,Polygon,True,1,"[-123.409647, 48.484367]"
220,Cadboro Gyro Park,cadboro gyro park,Municipal Park,District of Saanich,ACT,False,Polygon,True,1,"[-123.294544, 48.45985]"
221,South Valley Park,south valley park,Municipal Park,District of Saanich,ACT,False,Polygon,True,1,"[-123.409077, 48.473385]"
222,Tyndall Park,tyndall park,Municipal Park,District of Saanich,ACT,False,Polygon,True,1,"[-123.322351, 48.484857]"
223,Harvest Lane Park,harvest lane park,Municipal Park,District of Saanich,ACT,False,Polygon,True,1,"[-123.341558, 48.486488]"
224,Grant Park,grant park,Municipal Park,District of Saanich,ACT,False,Polygon,True,1,"[-123.374074, 48.508818]"
225,Grant Park,grant park,Municipal Park,District of Saanich,ACT,False,Polygon,True,1,"[-123.372091, 48.508432]"
226,Grant Park,grant park,Municipal Park,District of Saanich,ACT,False,Polygon,True,1,"[-123.370949, 48.507481]"
227,Swan Lake Park,swan lake park,Municipal Park,District of Saanich,ACT,False,Polygon,True,1,"[-123.365476, 48.464361]"
228,Annie Park,annie park,Municipal Park,District of Saanich,ACT,False,Polygon,True,1,"[-123.36852, 48.468361]"
229,Hyacinth Park,hyacinth park,Municipal Park,District of Saanich,ACT,False,Polygon,True,1,"[-123.401368, 48.468239]"
230,Swan Creek Park,swan creek park,Municipal Park,District of Saanich,ACT,False,Polygon,True,1,"[-123.387006, 48.468223]"
231,Colquitz Park,colquitz park,Municipal Park,District of Saanich,ACT,False,Polygon,True,1,"[-123.400217, 48.46694]"
232,Gorge Waterway Park,gorge waterway park,Municipal Park,District of Saanich,ACT,False,Polygon,True,1,"[-123.414092, 48.450586]"
233,Qu'appelle Park,qu appelle park,Municipal Park,District of Saanich,ACT,False,Polygon,True,1,"[-123.386521, 48.449433]"
234,Peacock Hill Park,peacock hill park,Municipal Park,District of Saanich,ACT,False,Polygon,True,1,"[-123.353352, 48.450374]"
236,Kanaka Road Skateboard Park,kanaka road skateboard park,Community Park,Salt Spring Island Electoral Area,ACT,False,Polygon,True,1,"[-123.504012, 48.856151]"
238,Glencoe Cove - Kwatsech Park,glencoe cove kwatsech park,Municipal Park,District of Saanich,ACT,False,Polygon,True,1,"[-123.301348, 48.488319]"
239,Island Parks,island parks,Community Park,Southern Gulf Islands Electoral Area,ACT,False,Polygon,True,1,"[-123.611675, 48.967675]"
240,Island Parks,island parks,Community Park,Southern Gulf Islands Electoral Area,ACT,False,Polygon,True,1,"[-123.613127, 48.9683]"
241,Island Parks,island parks,Community Park,Southern Gulf Islands Electoral Area,ACT,False,Polygon,True,1,"[-123.608624, 48.970241]"
242,Island Parks,island parks,Community Park,Southern Gulf Islands Electoral Area,ACT,False,Polygon,True,1,"[-123.608693, 48.970808]"
243,Island Parks,island parks,Community Park,Southern Gulf Islands Electoral Area,ACT,False,Polygon,True,1,"[-123.609328, 48.973715]"
244,PKOLS (Mount Douglas Park),pkols mount douglas park,Municipal Park,District of Saanich,ACT,False,Polygon,True,1,"[-123.337122, 48.498101]"
245,Parkwood Park,parkwood park,Municipal Park,District of Saanich,ACT,False,Polygon,True,1,"[-123.369873, 48.491392]"
246,Chatterton Hill Park,chatterton hill park,Municipal Park,District of Saanich,ACT,False,Polygon,True,1,"[-123.384763, 48.491472]"
247,Autumnwood Park,autumnwood park,Municipal Park,District of Saanich,ACT,False,Polygon,True,1,"[-123.36817, 48.493145]"
248,Grant Park,grant park,Municipal Park,District of Saanich,ACT,False,Polygon,True,1,"[-123.368223, 48.507256]"
249,Grant Park,grant park,Municipal Park,District of Saanich,ACT,False,Polygon,True,1,"[-123.366428, 48.507181]"
252,Denham Till Park,denham till park,Municipal Park,District of North Saanich,ACT,False,Polygon,True,1,"[-123.468051, 48.679815]"
253,R.O. Bull Park,r o bull park,Municipal Park,District of North Saanich,ACT,False,Polygon,True,1,"[-123.479654, 48.676697]"
254,Christmas Hill Nature Sanctuary,christmas hill nature sanctuary,Municipal Park,District of Saanich,ACT,False,Polygon,True,1,"[-123.374025, 48.472454]"
255,Hutchenson Park,hutchenson park,Municipal Park,District of Saanich,ACT,False,Polygon,True,1,"[-123.377396, 48.478156]"
256,Baxter Park,baxter park,Municipal Park,District of Saanich,ACT,False,Polygon,True,1,"[-123.385704, 48.477122]"
257,Sandhill Park,sandhill park,Municipal Park,District of Central Saanich,ACT,False,Polygon,True,1,"[-123.406015, 48.566008]"
258,Seamount Park,seamount park,Municipal Park,District of Central Saanich,ACT,False,Polygon,True,1,"[-123.414604, 48.578415]"
259,Otter Point Access Park,otter point access park,Community Park,Juan de Fuca Electoral Area,ACT,False,MultiPolygon,True,3,"[-123.819511, 48.359312]"
260,Duck Bay Island Parks,duck bay island parks,Community Park,Salt Spring Island Electoral Area,ACT,False,Polygon,True,1,"[-123.582067, 48.887859]"
261,Duck Bay Island Parks,duck bay island parks,Community Park,Salt Spring Island Electoral Area,ACT,False,Polygon,True,1,"[-123.583311, 48.88843]"
263,Churchill Road Linear Park,churchill road linear park,Community Park,Salt Spring Island Electoral Area,ACT,False,Polygon,True,1,"[-123.49639, 48.863816]"
264,Churchill Road Linear Park,churchill road linear park,Community Park,Salt Spring Island Electoral Area,ACT,False,Polygon,True,1,"[-123.497249, 48.862751]"
265,Saanichton Bay Park,saanichton bay park,Municipal Park,District of Central Saanich,ACT,False,Polygon,True,1,"[-123.391276, 48.596847]"
266,Fentress Park,fentress park,Municipal Park,District of Central Saanich,ACT,False,Polygon,True,1,"[-123.401399, 48.611555]"
277,Kings Pond Park,kings pond park,Municipal Park,District of Saanich,ACT,False,Polygon,True,1,"[-123.345209, 48.462019]"
278,Swan Creek Park,swan creek park,Municipal Park,District of Saanich,ACT,False,Polygon,True,1,"[-123.381157, 48.462062]"
279,Jennifer Park,jennifer park,Municipal Park,District of Saanich,ACT,False,Polygon,True,1,"[-123.341847, 48.461977]"
280,Playfair Park,playfair park,Municipal Park,District of Saanich,ACT,False,Polygon,True,1,"[-123.356869, 48.461899]"
281,Arbutus Cove Park,arbutus cove park,Municipal Park,District of Saanich,ACT,False,Polygon,True,1,"[-123.302987, 48.479334]"
282,Pioneer Square,pioneer square,Municipal Park,City of Victoria,ACT,False,Polygon,True,1,"[-123.359176, 48.423099]"
283,Coffin Island,coffin island,Municipal Park,City of Victoria,ACT,False,Polygon,True,1,"[-123.389561, 48.428134]"
284,Coffin Island,coffin island,Municipal Park,City of Victoria,ACT,False,Polygon,True,1,"[-123.389559, 48.427825]"
285,Swan Creek Park,swan creek park,Municipal Park,District of Saanich,ACT,False,Polygon,True,1,"[-123.388751, 48.467309]"
286,Marigold Park,marigold park,Municipal Park,District of Saanich,ACT,False,Polygon,True,1,"[-123.411114, 48.465359]"
287,Bernard Park,bernard park,Municipal Park,District of Saanich,ACT,False,Polygon,True,1,"[-123.382864, 48.480213]"
288,Oakview Park,oakview park,Municipal Park,District of Saanich,ACT,False,Polygon,True,1,"[-123.331684, 48.480876]"
289,Gordon Head East Park,gordon head east park,Municipal Park,District of Saanich,ACT,False,Polygon,True,1,"[-123.301607, 48.481044]"
290,Adam Kerr Park,adam kerr park,Municipal Park,District of Central Saanich,ACT,False,Polygon,True,1,"[-123.404835, 48.564533]"
291,Park,park,Municipal Park,District of Central Saanich,ACT,True,Polygon,True,1,"[-123.458193, 48.570029]"
292,George May Park,george may park,Municipal Park,District of Central Saanich,ACT,False,Polygon,True,1,"[-123.426623, 48.591188]"
293,Gore Park,gore park,Municipal Park,District of Central Saanich,ACT,False,Polygon,True,1,"[-123.454802, 48.566006]"
294,Queen Mary Bay Park,queen mary bay park,Municipal Park,District of North Saanich,ACT,False,Polygon,True,1,"[-123.426224, 48.692976]"
295,Green Park,green park,Municipal Park,District of North Saanich,ACT,False,Polygon,True,1,"[-123.419357, 48.685098]"
296,Mouat Park,mouat park,Community Park,Salt Spring Island Electoral Area,ACT,False,Polygon,True,1,"[-123.505568, 48.85115]"
297,Park,park,Municipal Park,District of Saanich,ACT,True,Polygon,True,1,"[-123.369666, 48.511623]"
298,Quick's Bottom Park,quick s bottom park,Municipal Park,District of Saanich,ACT,False,Polygon,True,1,"[-123.401421, 48.496481]"
299,Casa Marcia Park,casa marcia park,Municipal Park,District of Saanich,ACT,False,Polygon,True,1,"[-123.308555, 48.487347]"
300,Stoneywood Park,stoneywood park,Municipal Park,District of Saanich,ACT,False,Polygon,True,1,"[-123.373555, 48.486853]"
301,Doumac Park,doumac park,Municipal Park,District of Saanich,ACT,False,Polygon,True,1,"[-123.376455, 48.521683]"
304,Park,park,Municipal Park,District of North Saanich,ACT,True,Polygon,True,1,"[-123.42328, 48.68669]"
305,Sycamore Park,sycamore park,Municipal Park,District of North Saanich,ACT,False,Polygon,True,1,"[-123.450235, 48.692152]"
308,Shirley Pioneer Park,shirley pioneer park,Community Park,Juan de Fuca Electoral Area,ACT,False,Polygon,True,1,"[-123.904145, 48.388885]"
312,Park,park,Municipal Park,Township of Esquimalt,ACT,True,Polygon,True,1,"[-123.414229, 48.449723]"
322,Corby Park,corby park,Community Park,Juan de Fuca Electoral Area,ACT,False,Polygon,True,1,"[-123.812212, 48.366522]"
339,Claremont Park,claremont park,Municipal Park,District of Saanich,ACT,False,Polygon,True,1,"[-123.377636, 48.515543]"
340,Doris Page Park,doris page park,Municipal Park,District of Saanich,ACT,False,Polygon,True,1,"[-123.367595, 48.516744]"
342,Kenmore Park,kenmore park,Municipal Park,District of Saanich,ACT,False,Polygon,True,1,"[-123.324823, 48.481643]"
343,Beckwith Park,beckwith park,Municipal Park,District of Saanich,ACT,False,Polygon,True,1,"[-123.37093, 48.480523]"
344,Strawberry Knoll Park,strawberry knoll park,Municipal Park,District of Saanich,ACT,False,Polygon,True,1,"[-123.418879, 48.48127]"
345,Moor Park,moor park,Municipal Park,District of Saanich,ACT,False,Polygon,True,1,"[-123.392826, 48.484566]"
346,Christmas Hill Park,christmas hill park,Municipal Park,District of Saanich,ACT,False,Polygon,True,1,"[-123.380669, 48.473333]"
347,PKOLS (Mount Douglas Park),pkols mount douglas park,Municipal Park,District of Saanich,ACT,False,Polygon,True,1,"[-123.334766, 48.492063]"
348,Layritz Park,layritz park,Municipal Park,District of Saanich,ACT,False,Polygon,True,1,"[-123.410651, 48.491488]"
349,Shadywood Park,shadywood park,Municipal Park,District of Saanich,ACT,False,Polygon,True,1,"[-123.373101, 48.493927]"
350,Musgrave Rock Park,musgrave rock park,Community Park,Salt Spring Island Electoral Area,ACT,False,Polygon,True,1,"[-123.543679, 48.742821]"
351,Park,park,Community Park,Southern Gulf Islands Electoral Area,ACT,True,Polygon,True,1,"[-123.352892, 48.826331]"
352,Park,park,Community Park,Islands Trust,ACT,True,Polygon,True,1,"[-123.419236, 48.844009]"
353,Blythwood Park,blythwood park,Municipal Park,District of Sooke,ACT,False,Polygon,True,1,"[-123.676893, 48.39249]"
354,Long Harbour Road Park Reserve,long harbour road park reserve,Community Park,Salt Spring Island Electoral Area,ACT,False,Polygon,True,1,"[-123.479541, 48.856713]"
355,Portlock Park,portlock park,Community Park,Salt Spring Island Electoral Area,ACT,False,Polygon,True,1,"[-123.531046, 48.872746]"
357,Pondwood Park,pondwood park,Municipal Park,District of Saanich,ACT,False,Polygon,True,1,"[-123.364321, 48.500642]"
358,Vantreight Park,vantreight park,Municipal Park,District of Saanich,ACT,False,Polygon,True,1,"[-123.308347, 48.492641]"
363,Strom Ness Park,strom ness park,Municipal Park,District of Saanich,ACT,False,Polygon,True,1,"[-123.394611, 48.495829]"
364,Knockan Hill,knockan hill,Municipal Park,District of Saanich,ACT,False,Polygon,True,1,"[-123.413582, 48.470298]"
365,Lively Peak Park,lively peak park,Community Park,Southern Gulf Islands Electoral Area (North Pender Island),ACT,False,Polygon,True,1,"[-123.285494, 48.772248]"
371,Centennial Park,centennial park,Municipal Park,District of Central Saanich,ACT,False,Polygon,True,1,"[-123.423605, 48.587866]"
373,Park Heights Park,park heights park,Community Park,Juan de Fuca Electoral Area,ACT,False,Polygon,True,1,"[-123.657098, 48.357762]"
376,Park,park,Municipal Park,City of Langford,ACT,True,Polygon,True,1,"[-123.476597, 48.452497]"
377,Oak Haven Park,oak haven park,Municipal Park,District of Central Saanich,ACT,False,MultiPolygon,True,4,"[-123.447284, 48.564163]"
378,Cooperidge Park,cooperidge park,Municipal Park,District of Central Saanich,ACT,False,Polygon,True,1,"[-123.406203, 48.570051]"
379,Braefoot Park,braefoot park,Municipal Park,District of Saanich,ACT,False,Polygon,True,1,"[-123.348315, 48.470604]"
380,Cooperidge Park,cooperidge park,Municipal Park,District of Central Saanich,ACT,False,Polygon,True,1,"[-123.407108, 48.572909]"
381,Cooperidge Park,cooperidge park,Municipal Park,District of Central Saanich,ACT,False,Polygon,True,1,"[-123.407554, 48.574878]"
389,Island Parks,island parks,Community Park,Southern Gulf Islands Electoral Area,ACT,False,Polygon,True,1,"[-123.585955, 48.953947]"
390,Island Parks,island parks,Community Park,Southern Gulf Islands Electoral Area,ACT,False,Polygon,True,1,"[-123.581973, 48.955414]"
391,Sunshine Park,sunshine park,Municipal Park,City of Langford,ACT,False,Polygon,True,1,"[-123.496902, 48.461296]"
404,Allman Park,allman park,Municipal Park,District of Sooke,ACT,False,Polygon,True,1,"[-123.656561, 48.402478]"
405,The Park in Port Renfrew,the park in port renfrew,Community Park,Juan de Fuca Electoral Area,ACT,False,Polygon,True,1,"[-124.405215, 48.557234]"
406,Kaulitz Park,kaulitz park,Community Park,Juan de Fuca Electoral Area,ACT,False,Polygon,True,1,"[-123.932225, 48.393857]"
407,Elrose Park,elrose park,Community Park,Juan de Fuca Electoral Area,ACT,False,Polygon,True,1,"[-123.814955, 48.360995]"
408,Sayward Hill Park,sayward hill park,Municipal Park,District of Saanich,ACT,False,Polygon,True,1,"[-123.381692, 48.529582]"
409,Gorge Waterway Park,gorge waterway park,Municipal Park,District of Saanich,ACT,False,Polygon,True,1,"[-123.402154, 48.447693]"
410,Swan Lake Park,swan lake park,Municipal Park,District of Saanich,ACT,False,Polygon,True,1,"[-123.36384, 48.466164]"
411,Swan Creek Park,swan creek park,Municipal Park,District of Saanich,ACT,False,Polygon,True,1,"[-123.384878, 48.465856]"
412,Swan Creek Park,swan creek park,Municipal Park,District of Saanich,ACT,False,Polygon,True,1,"[-123.399521, 48.467069]"
413,Reynolds Park,reynolds park,Municipal Park,District of Saanich,ACT,False,Polygon,True,1,"[-123.353688, 48.46672]"
414,Goward Park,goward park,Municipal Park,District of Saanich,ACT,False,Polygon,True,1,"[-123.297309, 48.466471]"
415,McMinn Park,mcminn park,Municipal Park,District of Saanich,ACT,False,Polygon,True,1,"[-123.364601, 48.507633]"
416,Rosedale Park,rosedale park,Municipal Park,District of Saanich,ACT,False,Polygon,True,1,"[-123.417491, 48.476179]"
417,McBriar Park,mcbriar park,Municipal Park,District of Saanich,ACT,False,Polygon,True,1,"[-123.360049, 48.477266]"
418,Panama Hill Park,panama hill park,Municipal Park,District of Saanich,ACT,False,Polygon,True,1,"[-123.404255, 48.477185]"
419,Dunbar Park,dunbar park,Municipal Park,District of Saanich,ACT,False,Polygon,True,1,"[-123.397841, 48.479339]"
420,Broadmead Park,broadmead park,Municipal Park,District of Saanich,ACT,False,Polygon,True,1,"[-123.369598, 48.497031]"
421,Beckton Park,beckton park,Municipal Park,District of Saanich,ACT,False,Polygon,True,1,"[-123.376159, 48.526634]"
422,Mattick's Wood Park,mattick s wood park,Municipal Park,District of Saanich,ACT,False,Polygon,True,1,"[-123.37174, 48.528768]"
423,Kentwood Park,kentwood park,Municipal Park,District of Saanich,ACT,False,Polygon,True,1,"[-123.367331, 48.502069]"
424,Sayward Hill,sayward hill,Municipal Park,District of Saanich,ACT,False,Polygon,True,1,"[-123.37396, 48.529308]"
425,Park,park,Municipal Park,District of North Saanich,ACT,True,Polygon,True,1,"[-123.42912, 48.687968]"
426,Park,park,Municipal Park,District of North Saanich,ACT,True,Polygon,True,1,"[-123.453893, 48.692702]"
427,Prentice Pond Park,prentice pond park,Municipal Park,District of North Saanich,ACT,False,Polygon,True,1,"[-123.408201, 48.679124]"
428,Park,park,Municipal Park,District of Central Saanich,ACT,True,Polygon,True,1,"[-123.390796, 48.597942]"
429,Ludlow Road Park,ludlow road park,Municipal Park,District of Sooke,ACT,False,Polygon,True,1,"[-123.661404, 48.396111]"
430,Parker Park,parker park,Municipal Park,District of Saanich,ACT,False,Polygon,True,1,"[-123.366203, 48.534629]"
431,Lochside Park,lochside park,Municipal Park,District of Saanich,ACT,False,Polygon,True,1,"[-123.375881, 48.534809]"
436,St. Giles Park,st giles park,Municipal Park,Town of View Royal,ACT,False,Polygon,True,1,"[-123.428721, 48.462749]"
437,Thomas Drive Park,thomas drive park,Municipal Park,Town of View Royal,ACT,False,Polygon,True,1,"[-123.429811, 48.459118]"
438,Chu An Community Park,chu an community park,Community Park,Southern Gulf Islands Electoral Area (Mayne Island),ACT,False,Polygon,True,1,"[-123.287648, 48.865544]"
439,Danny Martin Ball Park,danny martin ball park,Community Park,Southern Gulf Islands Electoral Area (North Pender Island),ACT,False,Polygon,True,1,"[-123.285671, 48.765658]"
440,Park,park,Community Park,Southern Gulf Islands Electoral Area (North Pender Island),ACT,True,Polygon,True,1,"[-123.282159, 48.766154]"
445,Seabird Park,seabird park,Municipal Park,Town of View Royal,ACT,False,Polygon,True,1,"[-123.429687, 48.456101]"
446,Caton Lane Park,caton lane park,Municipal Park,Town of View Royal,ACT,False,Polygon,True,1,"[-123.43242, 48.45665]"
447,Glenairlie Park,glenairlie park,Municipal Park,Town of View Royal,ACT,False,Polygon,True,1,"[-123.431676, 48.455301]"
449,Elrose II Park,elrose ii park,Community Park,Juan de Fuca Electoral Area,ACT,False,Polygon,True,1,"[-123.818279, 48.364325]"
450,Eaglecrest Park,eaglecrest park,Community Park,Juan de Fuca Electoral Area,ACT,False,Polygon,True,1,"[-123.808229, 48.385596]"
453,Stevenson Memorial Park,stevenson memorial park,Municipal Park,City of Victoria,ACT,False,Polygon,True,1,"[-123.347927, 48.431133]"
454,Ursula Poepel Community Park,ursula poepel community park,Community Park,Southern Gulf Islands Electoral Area,ACT,False,Polygon,True,1,"[-123.31554, 48.776972]"
458,Wedgepoint Park,wedgepoint park,Municipal Park,District of Saanich,ACT,False,Polygon,True,1,"[-123.276444, 48.45912]"
459,Viewpoint Park,viewpoint park,Municipal Park,District of Saanich,ACT,False,Polygon,True,1,"[-123.278276, 48.459881]"
460,Arbutus Park,arbutus park,Municipal Park,District of Saanich,ACT,False,Polygon,True,1,"[-123.279557, 48.458653]"
461,View Royal Park,view royal park,Municipal Park,Town of View Royal,ACT,False,Polygon,True,1,"[-123.438809, 48.460507]"
462,Tolmie Park,tolmie park,Municipal Park,District of Saanich,ACT,False,Polygon,True,1,"[-123.365024, 48.458637]"
463,Blair Park,blair park,Municipal Park,District of Saanich,ACT,False,Polygon,True,1,"[-123.326319, 48.474046]"
464,Holleydene Park,holleydene park,Municipal Park,District of Saanich,ACT,False,Polygon,True,1,"[-123.300779, 48.475586]"
465,Rogers Court,rogers court,Municipal Park,District of Saanich,ACT,False,Polygon,True,1,"[-123.376496, 48.475982]"
466,Rogers Park,rogers park,Municipal Park,District of Saanich,ACT,False,Polygon,True,1,"[-123.382971, 48.476962]"
467,Park,park,Municipal Park,District of Saanich,ACT,True,Polygon,True,1,"[-123.28257, 48.460023]"
468,Long Harbour Islands Park,long harbour islands park,Community Park,Islands Trust,ACT,False,Polygon,True,1,"[-123.426408, 48.845361]"
469,Long Harbour Islands Park,long harbour islands park,Community Park,Islands Trust,ACT,False,Polygon,True,1,"[-123.425133, 48.845819]"
471,Porcher Park,porcher park,Municipal Park,City of Langford,ACT,False,Polygon,True,1,"[-123.501255, 48.452371]"
472,Long Harbour Islands Park,long harbour islands park,Community Park,Islands Trust,ACT,False,Polygon,True,1,"[-123.426255, 48.846994]"
475,Doris Page Park,doris page park,Municipal Park,District of Saanich,ACT,False,Polygon,True,1,"[-123.369122, 48.516831]"
476,Prospect Lake Park,prospect lake park,Municipal Park,District of Saanich,ACT,False,Polygon,True,1,"[-123.432274, 48.522747]"
477,Park,park,Municipal Park,District of Saanich,ACT,True,Polygon,True,1,"[-123.422958, 48.525972]"
481,Ludlow Road Park,ludlow road park,Municipal Park,District of Sooke,ACT,False,Polygon,True,1,"[-123.659915, 48.399728]"
484,Park,park,Municipal Park,District of North Saanich,ACT,True,Polygon,True,1,"[-123.426261, 48.681905]"
485,Park,park,Municipal Park,District of North Saanich,ACT,True,Polygon,True,1,"[-123.426197, 48.683619]"
486,Park,park,Municipal Park,District of North Saanich,ACT,True,Polygon,True,1,"[-123.421179, 48.684378]"
487,Pachena Park,pachena park,Municipal Park,District of North Saanich,ACT,False,Polygon,True,1,"[-123.417671, 48.689699]"
488,Quarry Park,quarry park,Municipal Park,District of North Saanich,ACT,False,Polygon,True,1,"[-123.415424, 48.612849]"
489,Park,park,Municipal Park,District of North Saanich,ACT,True,Polygon,True,1,"[-123.450677, 48.680503]"
490,Saanichton Bay Park,saanichton bay park,Municipal Park,District of Central Saanich,ACT,False,Polygon,True,1,"[-123.391248, 48.59425]"
492,Park,park,Municipal Park,District of Saanich,ACT,True,Polygon,True,1,"[-123.295536, 48.473186]"
493,Park,park,Community Park,Islands Trust,ACT,True,Polygon,True,1,"[-123.385737, 48.753389]"
496,Secret Island Park,secret island park,Community Park,Southern Gulf Islands Electoral Area,ACT,False,Polygon,True,1,"[-123.394787, 48.824245]"
499,Browning Park,browning park,Municipal Park,District of Saanich,ACT,False,Polygon,True,1,"[-123.334091, 48.451697]"
500,Knockan Hill Park,knockan hill park,Municipal Park,District of Saanich,ACT,False,Polygon,True,1,"[-123.418379, 48.468546]"
505,Mattick's Wood Park,mattick s wood park,Municipal Park,District of Saanich,ACT,False,Polygon,True,1,"[-123.370482, 48.528718]"
506,Agate Park,agate park,Municipal Park,District of Saanich,ACT,False,Polygon,True,1,"[-123.366366, 48.52473]"
507,Boulderwood Hill Park,boulderwood hill park,Municipal Park,District of Saanich,ACT,False,Polygon,True,1,"[-123.374401, 48.504144]"
508,Sierra Park,sierra park,Municipal Park,District of Saanich,ACT,False,Polygon,True,1,"[-123.316963, 48.480666]"
509,Francisco Park,francisco park,Municipal Park,District of Saanich,ACT,False,Polygon,True,1,"[-123.320779, 48.481164]"
510,Houlihan Park,houlihan park,Municipal Park,District of Saanich,ACT,False,Polygon,True,1,"[-123.307741, 48.484048]"
511,Industrial Buffer Park,industrial buffer park,Municipal Park,District of Saanich,ACT,False,Polygon,True,1,"[-123.392976, 48.483935]"
512,Wildflower Park,wildflower park,Municipal Park,District of Saanich,ACT,False,Polygon,True,1,"[-123.370982, 48.487669]"
520,Park,park,Community Park,Southern Gulf Islands Electoral Area,ACT,True,Polygon,True,1,"[-123.303015, 48.774768]"
526,Chatterton Park,chatterton park,Municipal Park,District of Central Saanich,ACT,False,Polygon,True,1,"[-123.461232, 48.564572]"
528,South Valley Park,south valley park,Municipal Park,District of Saanich,ACT,False,MultiPolygon,True,2,"[-123.410076, 48.471214]"
529,South Valley Park,south valley park,Municipal Park,District of Saanich,ACT,False,Polygon,True,1,"[-123.409693, 48.472413]"
530,Swan Creek Park,swan creek park,Municipal Park,District of Saanich,ACT,False,Polygon,True,1,"[-123.381388, 48.462268]"
531,Swan Creek Park,swan creek park,Municipal Park,District of Saanich,ACT,False,Polygon,True,1,"[-123.380097, 48.461719]"
532,Swan Creek Park,swan creek park,Municipal Park,District of Saanich,ACT,False,Polygon,True,1,"[-123.381287, 48.462895]"
533,Swan Creek Park,swan creek park,Municipal Park,District of Saanich,ACT,False,Polygon,True,1,"[-123.382916, 48.463327]"
534,Swan Creek Park,swan creek park,Municipal Park,District of Saanich,ACT,False,Polygon,True,1,"[-123.380096, 48.4616]"
535,Amanda Place Park,amanda place park,Community Park,Juan de Fuca Electoral Area,ACT,False,Polygon,True,1,"[-123.811314, 48.380441]"
536,Aspen Road Park,aspen road park,Community Park,Juan de Fuca Electoral Area,ACT,False,Polygon,True,1,"[-123.552316, 48.514092]"
537,Knockan Hill Park,knockan hill park,Municipal Park,Town of View Royal,ACT,False,Polygon,True,1,"[-123.419869, 48.467761]"
539,Fairburn Park,fairburn park,Municipal Park,District of Saanich,ACT,False,Polygon,True,1,"[-123.319373, 48.47368]"
540,South Valley Park,south valley park,Municipal Park,District of Saanich,ACT,False,Polygon,True,1,"[-123.411841, 48.467705]"
541,Park,park,Municipal Park,District of Saanich,ACT,True,Polygon,True,1,"[-123.387649, 48.489203]"
542,Colquitz Park,colquitz park,Municipal Park,District of Saanich,ACT,False,Polygon,True,1,"[-123.394268, 48.490218]"
543,Outerbridge Park,outerbridge park,Municipal Park,District of Saanich,ACT,False,Polygon,True,1,"[-123.357156, 48.502229]"
544,Park,park,Municipal Park,District of Saanich,ACT,True,Polygon,True,1,"[-123.378839, 48.51108]"
545,Fowler Park,fowler park,Municipal Park,District of Saanich,ACT,False,Polygon,True,1,"[-123.380091, 48.537796]"
546,Park,park,Municipal Park,District of Saanich,ACT,True,Polygon,True,1,"[-123.425575, 48.519531]"
547,South Prospect Lake Park,south prospect lake park,Municipal Park,District of Saanich,ACT,False,Polygon,True,1,"[-123.448341, 48.510014]"
548,Park,park,Municipal Park,District of Saanich,ACT,True,Polygon,True,1,"[-123.441228, 48.492513]"
549,PKOLS (Mount Douglas Park),pkols mount douglas park,Municipal Park,District of Saanich,ACT,False,Polygon,True,1,"[-123.344722, 48.492094]"
550,Christmas Hill Nature Sanctuary,christmas hill nature sanctuary,Municipal Park,District of Saanich,ACT,False,Polygon,True,1,"[-123.376865, 48.473793]"
551,Meadow Park,meadow park,Municipal Park,District of Saanich,ACT,False,Polygon,True,1,"[-123.405068, 48.455753]"
552,Horner Park,horner park,Municipal Park,District of Saanich,ACT,False,Polygon,True,1,"[-123.327684, 48.461453]"
553,Park,park,Municipal Park,District of Saanich,ACT,True,Polygon,True,1,"[-123.36687, 48.521341]"
554,Park,park,Municipal Park,District of Saanich,ACT,True,Polygon,True,1,"[-123.371938, 48.521599]"
555,Open Space,open space,Municipal Park,District of Saanich,ACT,True,Polygon,True,1,"[-123.437309, 48.536285]"
556,Carpenter Road Park,carpenter road park,Community Park,Juan de Fuca Electoral Area,ACT,False,Polygon,True,1,"[-123.786284, 48.368643]"
557,Seagirt Ponds Park,seagirt ponds park,Community Park,Juan de Fuca Electoral Area,ACT,False,Polygon,True,1,"[-123.687275, 48.372169]"
558,Island View Park,island view park,Municipal Park,District of Central Saanich,ACT,False,Polygon,True,1,"[-123.370093, 48.573711]"
560,Carlton Cosh Nature Park,carlton cosh nature park,Municipal Park,District of Metchosin,ACT,False,Polygon,True,1,"[-123.589368, 48.389027]"
561,Wayne's Rock Trail Park,wayne s rock trail park,Municipal Park,District of Metchosin,ACT,False,Polygon,True,1,"[-123.588188, 48.365961]"
562,Buckbrush Swamp Park,buckbrush swamp park,Municipal Park,District of Metchosin,ACT,False,Polygon,True,1,"[-123.583101, 48.369767]"
563,Park,park,Municipal Park,District of Metchosin,ACT,True,Polygon,True,1,"[-123.593004, 48.365582]"
564,Lusse Way Trail Park,lusse way trail park,Municipal Park,District of Metchosin,ACT,False,Polygon,True,1,"[-123.563456, 48.372169]"
565,Windover Terrace Park,windover terrace park,Municipal Park,District of Metchosin,ACT,False,Polygon,True,1,"[-123.559693, 48.366108]"
567,Park,park,Municipal Park,District of Metchosin,ACT,True,Polygon,True,1,"[-123.544863, 48.354236]"
568,Park,park,Municipal Park,District of Metchosin,ACT,True,Polygon,True,1,"[-123.535861, 48.379116]"
570,Park,park,Municipal Park,District of Metchosin,ACT,True,MultiPolygon,True,2,"[-123.537527, 48.395656]"
572,Park,park,Municipal Park,District of Metchosin,ACT,True,Polygon,True,1,"[-123.530669, 48.397979]"
573,Graceland Drive Trail Park,graceland drive trail park,Municipal Park,District of Metchosin,ACT,False,Polygon,True,1,"[-123.50377, 48.391656]"
574,Ferncliffe Place Park,ferncliffe place park,Municipal Park,District of Metchosin,ACT,False,Polygon,True,1,"[-123.546582, 48.404404]"
577,Muirfield Park,muirfield park,Municipal Park,City of Langford,ACT,False,Polygon,True,1,"[-123.52345, 48.474787]"
578,Hannington Stormwater Pond Park,hannington stormwater pond park,Municipal Park,City of Langford,ACT,False,Polygon,True,1,"[-123.524792, 48.477986]"
579,Troon Park,troon park,Municipal Park,City of Langford,ACT,False,Polygon,True,1,"[-123.525587, 48.475838]"
580,Hannington Park,hannington park,Municipal Park,City of Langford,ACT,False,Polygon,True,1,"[-123.52491, 48.475693]"
581,Rockhampton Park,rockhampton park,Municipal Park,City of Langford,ACT,False,Polygon,True,1,"[-123.527563, 48.469857]"
582,Nicklaus Park,nicklaus park,Municipal Park,City of Langford,ACT,False,Polygon,True,1,"[-123.527599, 48.472707]"
583,Nicklaus Park,nicklaus park,Municipal Park,City of Langford,ACT,False,Polygon,True,1,"[-123.526591, 48.471557]"
584,Nicklaus East Park,nicklaus east park,Municipal Park,City of Langford,ACT,False,Polygon,True,1,"[-123.524502, 48.473475]"
585,Spirit Ridge Park,spirit ridge park,Municipal Park,City of Langford,ACT,False,Polygon,True,1,"[-123.522633, 48.474032]"
586,Spirit Ridge Park,spirit ridge park,Municipal Park,City of Langford,ACT,False,Polygon,True,1,"[-123.519933, 48.473009]"
587,Quails Run Park,quails run park,Municipal Park,City of Langford,ACT,False,Polygon,True,1,"[-123.519313, 48.473498]"
588,Deerview Park,deerview park,Municipal Park,City of Langford,ACT,False,Polygon,True,1,"[-123.522149, 48.472787]"
589,Players Drive Park,players drive park,Municipal Park,City of Langford,ACT,False,Polygon,True,1,"[-123.519604, 48.471761]"
590,Mini Skirt Park,mini skirt park,Municipal Park,City of Langford,ACT,False,Polygon,True,1,"[-123.52373, 48.469125]"
591,Blue Grouse Plateau Park,blue grouse plateau park,Municipal Park,City of Langford,ACT,False,Polygon,True,1,"[-123.516767, 48.471457]"
592,Players Drive Park,players drive park,Municipal Park,City of Langford,ACT,False,Polygon,True,1,"[-123.518298, 48.473265]"
593,Quails Run Park,quails run park,Municipal Park,City of Langford,ACT,False,Polygon,True,1,"[-123.518402, 48.474354]"
594,Bear Mountain Parkway Park,bear mountain parkway park,Municipal Park,City of Langford,ACT,False,Polygon,True,1,"[-123.517151, 48.474775]"
595,Skyline Park,skyline park,Municipal Park,City of Langford,ACT,False,Polygon,True,1,"[-123.51498, 48.47485]"
596,Arngask South Park,arngask south park,Municipal Park,City of Langford,ACT,False,Polygon,True,1,"[-123.511317, 48.465786]"
597,Echo Valley Park / Setchfield Park,echo valley park setchfield park,Municipal Park,City of Langford,ACT,False,MultiPolygon,True,2,"[-123.509722, 48.468915]"
598,Harrow Gate Park,harrow gate park,Municipal Park,City of Langford,ACT,False,Polygon,True,1,"[-123.511436, 48.470031]"
599,Stone Gate Park,stone gate park,Municipal Park,City of Langford,ACT,False,Polygon,True,1,"[-123.512526, 48.47015]"
600,Arngask Park,arngask park,Municipal Park,City of Langford,ACT,False,Polygon,True,1,"[-123.51214, 48.466571]"
601,Graphite-Echo Valley,graphite echo valley,Municipal Park,City of Langford,ACT,False,Polygon,True,1,"[-123.512849, 48.46628]"
602,Ironwood Park,ironwood park,Municipal Park,City of Langford,ACT,False,MultiPolygon,True,2,"[-123.512476, 48.464056]"
603,Sparrow Crt-Millstream Rd,sparrow crt millstream rd,Municipal Park,City of Langford,ACT,False,Polygon,True,1,"[-123.502437, 48.468141]"
604,Bishop's Gate Park,bishop s gate park,Municipal Park,City of Langford,ACT,False,Polygon,True,1,"[-123.50911, 48.474086]"
605,Alton Lane Park,alton lane park,Municipal Park,City of Langford,ACT,False,Polygon,True,1,"[-123.512488, 48.471211]"
606,Alton Lane Park,alton lane park,Municipal Park,City of Langford,ACT,False,Polygon,True,1,"[-123.511352, 48.4713]"
607,Setchfield - Camli Pl,setchfield camli pl,Municipal Park,City of Langford,ACT,False,Polygon,True,1,"[-123.505465, 48.464403]"
608,Amy Pond Park / Turner's Bog,amy pond park turner s bog,Municipal Park,City of Langford,ACT,False,Polygon,True,1,"[-123.545509, 48.455938]"
609,Goldstream Meadows Park,goldstream meadows park,Municipal Park,City of Langford,ACT,False,Polygon,True,1,"[-123.539359, 48.453097]"
610,Ed Nixon Trail,ed nixon trail,Municipal Park,City of Langford,ACT,False,Polygon,True,1,"[-123.539425, 48.451954]"
611,Ed Nixon Trail,ed nixon trail,Municipal Park,City of Langford,ACT,False,Polygon,True,1,"[-123.536979, 48.449506]"
612,Harlequin Park,harlequin park,Municipal Park,City of Langford,ACT,False,Polygon,True,1,"[-123.548903, 48.453483]"
613,Cressida Park,cressida park,Municipal Park,City of Langford,ACT,False,Polygon,True,1,"[-123.553448, 48.455009]"
614,Cressida Park,cressida park,Municipal Park,City of Langford,ACT,False,Polygon,True,1,"[-123.553274, 48.456866]"
615,Elegante-Andre,elegante andre,Municipal Park,City of Langford,ACT,False,Polygon,True,1,"[-123.554628, 48.456317]"
616,Santana-Willway Elementary,santana willway elementary,Municipal Park,City of Langford,ACT,False,Polygon,True,1,"[-123.548485, 48.45613]"
617,Santana-Willway Elementary,santana willway elementary,Municipal Park,City of Langford,ACT,False,Polygon,True,1,"[-123.549609, 48.455955]"
618,Rolabee-Willway Elementary,rolabee willway elementary,Municipal Park,City of Langford,ACT,False,Polygon,True,1,"[-123.549821, 48.456481]"
619,Guyton Way Park,guyton way park,Municipal Park,City of Langford,ACT,False,Polygon,True,1,"[-123.532193, 48.452015]"
620,Lakeshore Place Park,lakeshore place park,Municipal Park,City of Langford,ACT,False,Polygon,True,1,"[-123.531434, 48.453209]"
621,Ravensview Park,ravensview park,Municipal Park,City of Langford,ACT,False,Polygon,True,1,"[-123.550108, 48.439749]"
622,Jordien Lunn Bike Park,jordien lunn bike park,Municipal Park,City of Langford,ACT,False,Polygon,True,1,"[-123.540987, 48.442796]"
623,Leigh Road Park,leigh road park,Municipal Park,City of Langford,ACT,False,Polygon,True,1,"[-123.528813, 48.445174]"
624,LeQuesne Park,lequesne park,Municipal Park,City of Langford,ACT,False,Polygon,True,1,"[-123.524504, 48.44458]"
625,Dorothy Eng Park,dorothy eng park,Municipal Park,City of Langford,ACT,False,Polygon,True,1,"[-123.523602, 48.444349]"
626,Glen Lake Trail,glen lake trail,Municipal Park,City of Langford,ACT,False,Polygon,True,1,"[-123.526528, 48.443311]"
627,Shoreview Park,shoreview park,Municipal Park,City of Langford,ACT,False,Polygon,True,1,"[-123.524584, 48.441911]"
628,Glen Lake Beach Park,glen lake beach park,Municipal Park,City of Langford,ACT,False,Polygon,True,1,"[-123.525936, 48.440934]"
629,Glen Lake Park,glen lake park,Municipal Park,City of Langford,ACT,False,Polygon,True,1,"[-123.526762, 48.439956]"
630,Glen Lake Fishing Pier,glen lake fishing pier,Municipal Park,City of Langford,ACT,False,Polygon,True,1,"[-123.52588, 48.439888]"
631,Reginald Park,reginald park,Municipal Park,City of Langford,ACT,False,Polygon,True,1,"[-123.537343, 48.432401]"
632,Chan Hillside Park,chan hillside park,Municipal Park,City of Langford,ACT,False,Polygon,True,1,"[-123.535195, 48.433282]"
633,Fisher's Field,fisher s field,Municipal Park,City of Langford,ACT,False,Polygon,True,1,"[-123.528886, 48.436086]"
634,Firehall Creek Bio Swale,firehall creek bio swale,Municipal Park,City of Langford,ACT,False,Polygon,True,1,"[-123.525269, 48.432045]"
635,Isabell-Galloping Goose Trail,isabell galloping goose trail,Municipal Park,City of Langford,ACT,False,Polygon,True,1,"[-123.527783, 48.432388]"
636,Ronald-Sooke,ronald sooke,Municipal Park,City of Langford,ACT,False,Polygon,True,1,"[-123.532593, 48.431917]"
637,Monnington Park,monnington park,Municipal Park,City of Langford,ACT,False,Polygon,True,1,"[-123.523269, 48.436215]"
638,Glen Willow-Jacklin,glen willow jacklin,Municipal Park,City of Langford,ACT,False,Polygon,True,1,"[-123.51458, 48.437499]"
639,Sybronden Lane,sybronden lane,Municipal Park,City of Langford,ACT,False,Polygon,True,1,"[-123.51236, 48.449163]"
640,Sanderling Way Park,sanderling way park,Municipal Park,City of Langford,ACT,False,Polygon,True,1,"[-123.528162, 48.424414]"
641,Loma Linda Park,loma linda park,Municipal Park,City of Langford,ACT,False,Polygon,True,1,"[-123.540654, 48.414263]"
642,Willing Park,willing park,Municipal Park,City of Langford,ACT,False,Polygon,True,1,"[-123.531313, 48.408481]"
643,Valley View Pond 1,valley view pond 1,Municipal Park,City of Langford,ACT,False,Polygon,True,1,"[-123.536545, 48.409347]"
644,Valley View Ponds 2 - 5,valley view ponds 2 5,Municipal Park,City of Langford,ACT,False,Polygon,True,1,"[-123.536461, 48.408254]"
645,Valley View Pond 6,valley view pond 6,Municipal Park,City of Langford,ACT,False,Polygon,True,1,"[-123.536458, 48.407674]"
646,Moss Ridge/Strm pond 7,moss ridge strm pond 7,Municipal Park,City of Langford,ACT,False,Polygon,True,1,"[-123.532997, 48.406948]"
647,Park,park,Municipal Park,City of Langford,ACT,True,Polygon,True,1,"[-123.532941, 48.407614]"
648,Desmond South Park,desmond south park,Municipal Park,City of Langford,ACT,False,Polygon,True,1,"[-123.516467, 48.412398]"
649,Sun Estates Park,sun estates park,Municipal Park,City of Langford,ACT,False,Polygon,True,1,"[-123.513866, 48.41657]"
650,Sun Grove Park,sun grove park,Municipal Park,City of Langford,ACT,False,Polygon,True,1,"[-123.511552, 48.413831]"
651,Park,park,Municipal Park,City of Langford,ACT,True,Polygon,True,1,"[-123.528272, 48.429962]"
652,Ed Fisher Memorial Park,ed fisher memorial park,Municipal Park,City of Langford,ACT,False,Polygon,True,1,"[-123.52354, 48.430557]"
653,Wilfred,wilfred,Municipal Park,City of Langford,ACT,False,Polygon,True,1,"[-123.523646, 48.429163]"
654,Park,park,Municipal Park,City of Langford,ACT,True,Polygon,True,1,"[-123.523685, 48.428238]"
655,Isabell Avenue-Ernhill Drive,isabell avenue ernhill drive,Municipal Park,City of Langford,ACT,False,Polygon,True,1,"[-123.521032, 48.430484]"
656,Glen Cove Park,glen cove park,Municipal Park,City of Langford,ACT,False,Polygon,True,1,"[-123.515305, 48.435359]"
657,Ayton-Galloping Goose,ayton galloping goose,Municipal Park,City of Langford,ACT,False,Polygon,True,1,"[-123.519301, 48.434623]"
658,Langford Lake Park,langford lake park,Municipal Park,City of Langford,ACT,False,Polygon,True,1,"[-123.522669, 48.448718]"
659,Flute Lane Park,flute lane park,Municipal Park,City of Langford,ACT,False,Polygon,True,1,"[-123.51974, 48.447766]"
660,Karr-Goldstream,karr goldstream,Municipal Park,City of Langford,ACT,False,Polygon,True,1,"[-123.510172, 48.450147]"
661,Knotty Pine Park,knotty pine park,Municipal Park,City of Langford,ACT,False,Polygon,True,1,"[-123.509642, 48.44752]"
662,Savory Park,savory park,Municipal Park,City of Langford,ACT,False,Polygon,True,1,"[-123.514072, 48.456851]"
663,Florence Lake Road Park,florence lake road park,Municipal Park,City of Langford,ACT,False,Polygon,True,1,"[-123.510085, 48.458027]"
664,Strachan Park,strachan park,Municipal Park,City of Langford,ACT,False,Polygon,True,1,"[-123.510327, 48.459978]"
665,Costco Park,costco park,Municipal Park,City of Langford,ACT,False,Polygon,True,1,"[-123.500609, 48.457547]"
666,Toth Park,toth park,Municipal Park,City of Langford,ACT,False,Polygon,True,1,"[-123.49327, 48.455235]"
667,McCallum Rd Park,mccallum rd park,Municipal Park,City of Langford,ACT,False,Polygon,True,1,"[-123.493829, 48.459588]"
668,Arncote Park,arncote park,Municipal Park,City of Langford,ACT,False,Polygon,True,1,"[-123.501045, 48.45493]"
669,Lake Ida Ann Park,lake ida ann park,Municipal Park,City of Langford,ACT,False,Polygon,True,1,"[-123.504325, 48.466056]"
670,Ashley Pl-Millstream Rd,ashley pl millstream rd,Municipal Park,City of Langford,ACT,False,Polygon,True,1,"[-123.502528, 48.466861]"
671,Millstream Creek Park,millstream creek park,Municipal Park,City of Langford,ACT,False,Polygon,True,1,"[-123.496797, 48.466762]"
672,Millstream Creek Park,millstream creek park,Municipal Park,City of Langford,ACT,False,Polygon,True,1,"[-123.495271, 48.465834]"
673,Millstream Creek Park,millstream creek park,Municipal Park,City of Langford,ACT,False,Polygon,True,1,"[-123.493055, 48.461887]"
674,Millstream Creek Park,millstream creek park,Municipal Park,City of Langford,ACT,False,Polygon,True,1,"[-123.493962, 48.463761]"
675,Millstream Creek Park,millstream creek park,Municipal Park,City of Langford,ACT,False,Polygon,True,1,"[-123.493609, 48.46241]"
676,Bellamy Park (by TCH),bellamy park by tch,Municipal Park,City of Langford,ACT,False,Polygon,True,1,"[-123.490908, 48.460916]"
677,Tacon Park,tacon park,Municipal Park,City of Langford,ACT,False,Polygon,True,1,"[-123.492217, 48.461935]"
678,Sunkist Park,sunkist park,Municipal Park,City of Langford,ACT,False,Polygon,True,1,"[-123.489312, 48.463523]"
679,Hansen Park,hansen park,Municipal Park,City of Langford,ACT,False,Polygon,True,1,"[-123.487619, 48.464238]"
680,Jeanine Park,jeanine park,Municipal Park,City of Langford,ACT,False,Polygon,True,1,"[-123.487016, 48.460066]"
681,Carmanagh-Phelps Rd,carmanagh phelps rd,Municipal Park,City of Langford,ACT,False,Polygon,True,1,"[-123.486624, 48.466712]"
682,Goldie Park,goldie park,Municipal Park,City of Langford,ACT,False,Polygon,True,1,"[-123.497346, 48.46831]"
683,Haley Rae Pl -Thetis Lake Regional Park,haley rae pl thetis lake regional park,Municipal Park,City of Langford,ACT,False,Polygon,True,1,"[-123.485281, 48.4706]"
684,Gourman Park,gourman park,Municipal Park,City of Langford,ACT,False,Polygon,True,1,"[-123.485035, 48.468765]"
685,Glacier Ridge Park,glacier ridge park,Municipal Park,City of Langford,ACT,False,Polygon,True,1,"[-123.483751, 48.459376]"
686,Cedar Vale North Park,cedar vale north park,Municipal Park,City of Langford,ACT,False,Polygon,True,1,"[-123.488896, 48.457644]"
687,Rainville Leckfield Trail,rainville leckfield trail,Municipal Park,City of Langford,ACT,False,Polygon,True,1,"[-123.487864, 48.454984]"
688,Windman Park,windman park,Municipal Park,City of Langford,ACT,False,Polygon,True,1,"[-123.491786, 48.451103]"
689,Selwyn Falls Park North,selwyn falls park north,Municipal Park,District of Langford,ACT,False,Polygon,True,1,"[-123.487335, 48.452918]"
690,Wynwood Park,wynwood park,Municipal Park,City of Langford,ACT,False,Polygon,True,1,"[-123.484297, 48.452954]"
691,Crossroad Park,crossroad park,Municipal Park,City of Langford,ACT,False,Polygon,True,1,"[-123.49498, 48.447588]"
692,Veteran's Park,veteran s park,Municipal Park,City of Langford,ACT,False,Polygon,True,1,"[-123.495336, 48.446532]"
693,Leggett Park,leggett park,Municipal Park,City of Langford,ACT,False,Polygon,True,1,"[-123.483375, 48.451641]"
694,Leggett Park,leggett park,Municipal Park,City of Langford,ACT,False,Polygon,True,1,"[-123.482475, 48.451089]"
695,Millstream South Park,millstream south park,Municipal Park,City of Langford,ACT,False,Polygon,True,1,"[-123.479293, 48.44906]"
696,Chan Streamside Park,chan streamside park,Municipal Park,City of Langford,ACT,False,Polygon,True,1,"[-123.479466, 48.449638]"
697,Millpond Park,millpond park,Municipal Park,City of Langford,ACT,False,Polygon,True,1,"[-123.478648, 48.452505]"
698,Millwright Park,millwright park,Municipal Park,City of Langford,ACT,False,Polygon,True,1,"[-123.480467, 48.450799]"
699,VMP East Park,vmp east park,Municipal Park,City of Langford,ACT,False,Polygon,True,1,"[-123.500391, 48.442054]"
700,VMP East Park,vmp east park,Municipal Park,City of Langford,ACT,False,Polygon,True,1,"[-123.503181, 48.440096]"
701,Park (Trail Access),park trail access,Municipal Park,City of Colwood,ACT,False,Polygon,True,1,"[-123.513953, 48.43493]"
702,Colwood Creek Park,colwood creek park,Municipal Park,City of Colwood,ACT,False,Polygon,True,1,"[-123.50256, 48.434132]"
703,Girou Park,girou park,Municipal Park,City of Colwood,ACT,False,Polygon,True,1,"[-123.497429, 48.424729]"
704,Oceanview Park,oceanview park,Municipal Park,City of Colwood,ACT,False,Polygon,True,1,"[-123.502859, 48.41846]"
705,Outlook Park,outlook park,Municipal Park,City of Colwood,ACT,False,MultiPolygon,True,2,"[-123.497225, 48.415134]"
706,Madronna Bank,madronna bank,Municipal Park,City of Colwood,ACT,False,Polygon,True,1,"[-123.505855, 48.407163]"
707,Madronna Bank,madronna bank,Municipal Park,City of Colwood,ACT,False,Polygon,True,1,"[-123.505599, 48.405949]"
708,Pondside Park,pondside park,Municipal Park,City of Colwood,ACT,False,Polygon,True,1,"[-123.504177, 48.40356]"
709,Latoria Creek Park,latoria creek park,Municipal Park,City of Colwood,ACT,False,Polygon,True,1,"[-123.5004, 48.402562]"
710,Pelican Park,pelican park,Municipal Park,City of Colwood,ACT,False,Polygon,True,1,"[-123.504454, 48.401015]"
711,Seashell Prk,seashell prk,Municipal Park,City of Colwood,ACT,False,Polygon,True,1,"[-123.502353, 48.401508]"
712,Pelican Park,pelican park,Municipal Park,City of Colwood,ACT,False,Polygon,True,1,"[-123.502888, 48.400181]"
713,Park (Trail Access),park trail access,Municipal Park,City of Colwood,ACT,False,Polygon,True,1,"[-123.497136, 48.398712]"
714,Promenade Park,promenade park,Municipal Park,City of Colwood,ACT,False,Polygon,True,1,"[-123.496539, 48.40962]"
715,Perimeter Park 3,perimeter park 3,Municipal Park,City of Colwood,ACT,False,Polygon,True,1,"[-123.494388, 48.408911]"
716,Terrahue Park,terrahue park,Municipal Park,City of Colwood,ACT,False,Polygon,True,1,"[-123.490205, 48.424846]"
717,Glencairn Park,glencairn park,Municipal Park,City of Colwood,ACT,False,Polygon,True,1,"[-123.488288, 48.438604]"
718,Evans Park,evans park,Municipal Park,City of Colwood,ACT,False,Polygon,True,1,"[-123.4922, 48.436364]"
719,Ruby Crt Park,ruby crt park,Municipal Park,City of Langford,ACT,False,Polygon,True,1,"[-123.476084, 48.453071]"
720,Crystalview Park,crystalview park,Municipal Park,City of Langford,ACT,False,Polygon,True,1,"[-123.473723, 48.452984]"
721,Nugget Park,nugget park,Municipal Park,City of Langford,ACT,False,Polygon,True,1,"[-123.475579, 48.451633]"
722,Tanzanite Park,tanzanite park,Municipal Park,City of Langford,ACT,False,Polygon,True,1,"[-123.471696, 48.452127]"
723,Country Terrace Park,country terrace park,Municipal Park,City of Langford,ACT,False,Polygon,True,1,"[-123.470691, 48.450591]"
724,Millstream Galloping Goose,millstream galloping goose,Municipal Park,City of Langford,ACT,False,Polygon,True,1,"[-123.474231, 48.447554]"
725,Hartwig-Saunders Park,hartwig saunders park,Municipal Park,City of Colwood,ACT,False,Polygon,True,1,"[-123.470696, 48.447685]"
727,Parsons Bridge Park,parsons bridge park,Municipal Park,Town of View Royal,ACT,False,Polygon,True,1,"[-123.45573, 48.456654]"
729,Chilco Park,chilco park,Municipal Park,Town of View Royal,ACT,False,Polygon,True,1,"[-123.467803, 48.459063]"
730,Chilco Park,chilco park,Municipal Park,Town of View Royal,ACT,False,Polygon,True,1,"[-123.465888, 48.459283]"
731,Chilco Park,chilco park,Municipal Park,Town of View Royal,ACT,False,Polygon,True,1,"[-123.466387, 48.458948]"
732,Chalmers Court Park,chalmers court park,Municipal Park,Town of View Royal,ACT,False,Polygon,True,1,"[-123.457163, 48.465915]"
733,Craigflower Creek Park,craigflower creek park,Municipal Park,Town of View Royal,ACT,False,Polygon,True,1,"[-123.452744, 48.463286]"
736,Portage Park,portage park,Municipal Park,Town of View Royal,ACT,False,Polygon,True,1,"[-123.433098, 48.450747]"
739,Chow Nicoll Park,chow nicoll park,Municipal Park,District of Highlands,ACT,False,Polygon,True,1,"[-123.510925, 48.476786]"
740,Park,park,Municipal Park,District of Highlands,ACT,True,Polygon,True,1,"[-123.510773, 48.500271]"
741,Park,park,Municipal Park,District of Highlands,ACT,True,Polygon,True,1,"[-123.499946, 48.499806]"
742,Park,park,Municipal Park,District of Highlands,ACT,True,Polygon,True,1,"[-123.50297, 48.497304]"
743,Park,park,Municipal Park,District of Highlands,ACT,True,Polygon,True,1,"[-123.496775, 48.496643]"
744,Park,park,Municipal Park,District of Highlands,ACT,True,Polygon,True,1,"[-123.503479, 48.495722]"
745,Pike Hill Park,pike hill park,Municipal Park,District of Highlands,ACT,False,Polygon,True,1,"[-123.53041, 48.510136]"
746,Twinflower Park,twinflower park,Municipal Park,District of Highlands,ACT,False,Polygon,True,1,"[-123.526607, 48.509832]"
747,Riding Ring,riding ring,Municipal Park,District of Highlands,ACT,False,Polygon,True,1,"[-123.526516, 48.508007]"
748,Park,park,Municipal Park,District of Highlands,ACT,True,Polygon,True,1,"[-123.525622, 48.505927]"
749,Caleb Pike Homestead,caleb pike homestead,Municipal Park,District of Highlands,ACT,False,Polygon,True,1,"[-123.522497, 48.50782]"
750,Park,park,Municipal Park,District of Highlands,ACT,True,Polygon,True,1,"[-123.505846, 48.506627]"
751,Park,park,Municipal Park,District of Highlands,ACT,True,Polygon,True,1,"[-123.502364, 48.506336]"
752,Park,park,Municipal Park,District of Highlands,ACT,True,Polygon,True,1,"[-123.533019, 48.503622]"
753,Park,park,Municipal Park,District of Highlands,ACT,True,Polygon,True,1,"[-123.532695, 48.502184]"
754,Hazlitt Creek Park,hazlitt creek park,Municipal Park,District of Highlands,ACT,False,Polygon,True,1,"[-123.510285, 48.525682]"
755,Park,park,Municipal Park,District of Highlands,ACT,True,Polygon,True,1,"[-123.496402, 48.535519]"
756,Cal Revelle Nature Sanctuary,cal revelle nature sanctuary,Municipal Park,District of Highlands,ACT,False,Polygon,True,1,"[-123.508756, 48.539021]"
760,Yarrow Water Access,yarrow water access,Municipal Park,Township of Esquimalt,ACT,False,Polygon,True,1,"[-123.422283, 48.450745]"
761,Yarrow Water Access,yarrow water access,Municipal Park,Township of Esquimalt,ACT,False,Polygon,True,1,"[-123.420644, 48.451041]"
762,Park,park,Municipal Park,Township of Esquimalt,ACT,True,Polygon,True,1,"[-123.417665, 48.450882]"
763,Dellwood Water Access,dellwood water access,Municipal Park,Township of Esquimalt,ACT,False,Polygon,True,1,"[-123.415667, 48.450572]"
764,Glenvale Water Access,glenvale water access,Municipal Park,Township of Esquimalt,ACT,False,Polygon,True,1,"[-123.413012, 48.449165]"
765,Glenvale Water Access,glenvale water access,Municipal Park,Township of Esquimalt,ACT,False,Polygon,True,1,"[-123.411508, 48.449194]"
766,Colville Park,colville park,Municipal Park,Township of Esquimalt,ACT,False,Polygon,True,1,"[-123.418468, 48.43737]"
767,Esquimalt Gorge Park,esquimalt gorge park,Municipal Park,Township of Esquimalt,ACT,False,Polygon,True,1,"[-123.406489, 48.445394]"
768,Rockcrest Park,rockcrest park,Municipal Park,Township of Esquimalt,ACT,False,Polygon,True,1,"[-123.413392, 48.434257]"
769,Highrock Cairn Park,highrock cairn park,Municipal Park,Township of Esquimalt,ACT,False,Polygon,True,1,"[-123.411575, 48.433886]"
770,Lugrin Park,lugrin park,Municipal Park,Township of Esquimalt,ACT,False,Polygon,True,1,"[-123.411975, 48.436612]"
771,Propeller Park,propeller park,Municipal Park,Township of Esquimalt,ACT,False,Polygon,True,1,"[-123.424108, 48.429803]"
772,Park,park,Municipal Park,Township of Esquimalt,ACT,True,Polygon,True,1,"[-123.423826, 48.428677]"
773,Foster Water Access,foster water access,Municipal Park,Township of Esquimalt,ACT,False,Polygon,True,1,"[-123.421822, 48.42623]"
774,Sturdee Water Access,sturdee water access,Municipal Park,Township of Esquimalt,ACT,False,Polygon,True,1,"[-123.420505, 48.426324]"
775,Nelson Water Access,nelson water access,Municipal Park,Township of Esquimalt,ACT,False,Polygon,True,1,"[-123.419177, 48.42629]"
776,Town Square Park,town square park,Municipal Park,Township of Esquimalt,ACT,False,Polygon,True,1,"[-123.414079, 48.429278]"
777,Memorial Park,memorial park,Municipal Park,Township of Esquimalt,ACT,False,Polygon,True,1,"[-123.413357, 48.430738]"
778,Bullen Field,bullen field,Municipal Park,Township of Esquimalt,ACT,False,Polygon,True,1,"[-123.4112, 48.428529]"
779,Kinver Water Access,kinver water access,Municipal Park,Township of Esquimalt,ACT,False,Polygon,True,1,"[-123.411531, 48.420961]"
780,Hither Green Park,hither green park,Municipal Park,Township of Esquimalt,ACT,False,Polygon,True,1,"[-123.407406, 48.423706]"
781,Fleming Beach,fleming beach,Municipal Park,Township of Esquimalt,ACT,False,Polygon,True,1,"[-123.410996, 48.420613]"
782,Fleming Beach,fleming beach,Municipal Park,Township of Esquimalt,ACT,False,Polygon,True,1,"[-123.410238, 48.420871]"
783,Buxton Green,buxton green,Municipal Park,Township of Esquimalt,ACT,False,Polygon,True,1,"[-123.411074, 48.419321]"
784,Park,park,Municipal Park,Township of Esquimalt,ACT,True,Polygon,True,1,"[-123.41501, 48.420416]"
785,Captain Jacobson Park,captain jacobson park,Municipal Park,Township of Esquimalt,ACT,False,Polygon,True,1,"[-123.398764, 48.427409]"
786,West Bay Walkway,west bay walkway,Municipal Park,Township of Esquimalt,ACT,False,Polygon,True,1,"[-123.398545, 48.428446]"
787,Highrock Park,highrock park,Municipal Park,Township of Esquimalt,ACT,False,Polygon,True,1,"[-123.406538, 48.434489]"
788,Phil Ross Park,phil ross park,Municipal Park,Township of Esquimalt,ACT,False,Polygon,True,1,"[-123.407396, 48.431844]"
789,L'ecole Brodeur Field,l ecole brodeur field,Municipal Park,Township of Esquimalt,ACT,False,Polygon,True,1,"[-123.399871, 48.432193]"
790,Paradise Park,paradise park,Municipal Park,Township of Esquimalt,ACT,False,Polygon,True,1,"[-123.400738, 48.427588]"
791,Transfer St. Lineal Park,transfer st lineal park,Municipal Park,Township of Esquimalt,ACT,False,Polygon,True,1,"[-123.402481, 48.439812]"
792,Lampson Park,lampson park,Municipal Park,Township of Esquimalt,ACT,False,Polygon,True,1,"[-123.400681, 48.439568]"
793,McNaughton Water Access,mcnaughton water access,Municipal Park,Township of Esquimalt,ACT,False,Polygon,True,1,"[-123.398705, 48.444782]"
794,Arm Street Promenade,arm street promenade,Municipal Park,Township of Esquimalt,ACT,False,Polygon,True,1,"[-123.392793, 48.442182]"
795,Arm Street Park,arm street park,Municipal Park,City of Victoria,ACT,False,Polygon,True,1,"[-123.392414, 48.441936]"
796,Burleith Park,burleith park,Municipal Park,City of Victoria,ACT,False,Polygon,True,1,"[-123.39081, 48.441122]"
797,Anderson Park,anderson park,Municipal Park,Township of Esquimalt,ACT,False,Polygon,True,1,"[-123.395332, 48.438502]"
798,Halkett Island,halkett island,Municipal Park,City of Victoria,ACT,False,Polygon,True,1,"[-123.381364, 48.439107]"
799,Banfield Park,banfield park,Municipal Park,City of Victoria,ACT,False,Polygon,True,1,"[-123.38837, 48.438206]"
801,Victoria West Park,victoria west park,Municipal Park,City of Victoria,ACT,False,Polygon,True,1,"[-123.382166, 48.431491]"
802,Triangle Park,triangle park,Municipal Park,City of Victoria,ACT,False,Polygon,True,1,"[-123.3794, 48.431668]"
803,Saghalie Park,saghalie park,Municipal Park,City of Victoria,ACT,False,Polygon,True,1,"[-123.379089, 48.429479]"
804,Saghalie Park,saghalie park,Municipal Park,City of Victoria,ACT,False,Polygon,True,1,"[-123.37785, 48.42944]"
805,Tenus Park,tenus park,Municipal Park,City of Victoria,ACT,False,Polygon,True,1,"[-123.37752, 48.42874]"
806,Vista Park,vista park,Municipal Park,City of Victoria,ACT,False,Polygon,True,1,"[-123.380902, 48.428646]"
807,Sitkum Park,sitkum park,Municipal Park,City of Victoria,ACT,False,Polygon,True,1,"[-123.382154, 48.429003]"
808,Barnard Park,barnard park,Municipal Park,City of Victoria,ACT,False,Polygon,True,1,"[-123.393677, 48.429949]"
811,West-song Walkway,west song walkway,Municipal Park,City of Victoria,ACT,False,Polygon,True,1,"[-123.394071, 48.429309]"
813,Mary Street Park,mary street park,Municipal Park,City of Victoria,ACT,False,Polygon,True,1,"[-123.385197, 48.428512]"
814,West-song Walkway,west song walkway,Municipal Park,City of Victoria,ACT,False,Polygon,True,1,"[-123.386802, 48.428016]"
815,West-song Walkway,west song walkway,Municipal Park,City of Victoria,ACT,False,Polygon,True,1,"[-123.384164, 48.428987]"
816,Lime Bay Park,lime bay park,Municipal Park,City of Victoria,ACT,False,Polygon,True,1,"[-123.383538, 48.428296]"
817,Songhees Point Park,songhees point park,Municipal Park,City of Victoria,ACT,False,Polygon,True,1,"[-123.374537, 48.426703]"
818,Rainbow Park,rainbow park,Municipal Park,City of Victoria,ACT,False,Polygon,True,1,"[-123.387974, 48.42799]"
819,Colville Island,colville island,Municipal Park,City of Victoria,ACT,False,Polygon,True,1,"[-123.388379, 48.426982]"
820,Reeson Park,reeson park,Municipal Park,City of Victoria,ACT,False,Polygon,True,1,"[-123.370937, 48.427228]"
821,Laurel Point Walkway,laurel point walkway,Municipal Park,City of Victoria,ACT,False,Polygon,True,1,"[-123.376063, 48.423251]"
822,Bellville Street Green,bellville street green,Municipal Park,City of Victoria,ACT,False,Polygon,True,1,"[-123.375294, 48.422625]"
823,Bellville Street Green,bellville street green,Municipal Park,City of Victoria,ACT,False,Polygon,True,1,"[-123.374507, 48.421998]"
824,Charles Redfern Park,charles redfern park,Municipal Park,City of Victoria,ACT,False,Polygon,True,1,"[-123.377164, 48.422266]"
825,Fisherman's Wharf Park,fisherman s wharf park,Municipal Park,City of Victoria,ACT,False,Polygon,True,1,"[-123.382798, 48.421808]"
826,Community Garden,community garden,Municipal Park,City of Victoria,ACT,False,Polygon,True,1,"[-123.381671, 48.418373]"
827,Ernest Todd Playground,ernest todd playground,Municipal Park,City of Victoria,ACT,False,Polygon,True,1,"[-123.382395, 48.417699]"
828,Macdonald Park,macdonald park,Municipal Park,City of Victoria,ACT,False,Polygon,True,1,"[-123.38074, 48.417607]"
829,South Park,south park,Municipal Park,City of Victoria,ACT,False,Polygon,True,1,"[-123.366554, 48.416545]"
830,Irving Park,irving park,Municipal Park,City of Victoria,ACT,False,Polygon,True,1,"[-123.374035, 48.416784]"
831,Lewis Park,lewis park,Municipal Park,City of Victoria,ACT,False,Polygon,True,1,"[-123.377663, 48.413333]"
832,Holland Point Park,holland point park,Municipal Park,City of Victoria,ACT,False,Polygon,True,1,"[-123.376319, 48.41043]"
833,Chapman Street Playlot,chapman street playlot,Municipal Park,City of Victoria,ACT,False,Polygon,True,1,"[-123.352512, 48.412999]"
834,Clover Point Park,clover point park,Municipal Park,City of Victoria,ACT,False,Polygon,True,1,"[-123.351456, 48.405929]"
835,Ross Bay Park,ross bay park,Municipal Park,City of Victoria,ACT,False,Polygon,True,1,"[-123.346234, 48.409341]"
836,Moss Rocks Park,moss rocks park,Municipal Park,City of Victoria,ACT,False,Polygon,True,1,"[-123.346513, 48.411855]"
837,Robert J. Porter Park,robert j porter park,Municipal Park,City of Victoria,ACT,False,Polygon,True,1,"[-123.346415, 48.414819]"
838,Brooke St. Park,brooke st park,Municipal Park,City of Victoria,ACT,False,Polygon,True,1,"[-123.343469, 48.414262]"
839,Ross Bay Cemetery,ross bay cemetery,Municipal Park,City of Victoria,ACT,False,Polygon,True,1,"[-123.340645, 48.41078]"
840,Little Ross Bay Green,little ross bay green,Municipal Park,City of Victoria,ACT,False,Polygon,True,1,"[-123.336525, 48.40979]"
841,Hollywood Park,hollywood park,Municipal Park,City of Victoria,ACT,False,Polygon,True,1,"[-123.335442, 48.413279]"
842,Gonzales Beach Area,gonzales beach area,Municipal Park,City of Victoria,ACT,False,Polygon,True,1,"[-123.330195, 48.411324]"
843,Gonzales Green,gonzales green,Municipal Park,City of Victoria,ACT,False,Polygon,True,1,"[-123.328024, 48.411866]"
844,Walbran Park,walbran park,Municipal Park,District of Oak Bay,ACT,False,Polygon,True,1,"[-123.320834, 48.41184]"
845,Walbran Park,walbran park,Municipal Park,District of Oak Bay,ACT,False,Polygon,True,1,"[-123.320241, 48.410698]"
846,Trafalgar Park,trafalgar park,Municipal Park,District of Oak Bay,ACT,False,Polygon,True,1,"[-123.319808, 48.408083]"
847,Quimper Park,quimper park,Municipal Park,District of Oak Bay,ACT,False,Polygon,True,1,"[-123.322719, 48.408027]"
848,Traffic Corner,traffic corner,Municipal Park,District of Oak Bay,ACT,False,Polygon,True,1,"[-123.323432, 48.408868]"
849,Central Park,central park,Municipal Park,City of Victoria,ACT,False,Polygon,True,1,"[-123.356887, 48.433006]"
850,Queens Avenue Playground,queens avenue playground,Municipal Park,City of Victoria,ACT,False,Polygon,True,1,"[-123.3501, 48.433428]"
852,Mason Street Playlot,mason street playlot,Municipal Park,City of Victoria,ACT,False,Polygon,True,1,"[-123.354374, 48.427933]"
853,Blackwood Green,blackwood green,Municipal Park,City of Victoria,ACT,False,Polygon,True,1,"[-123.352477, 48.436932]"
854,King's Playlot,king s playlot,Municipal Park,City of Victoria,ACT,False,Polygon,True,1,"[-123.350614, 48.430526]"
855,Haegert Park,haegert park,Municipal Park,City of Victoria,ACT,False,Polygon,True,1,"[-123.349851, 48.428935]"
856,Wesley Place Park,wesley place park,Municipal Park,City of Victoria,ACT,False,Polygon,True,1,"[-123.350009, 48.435426]"
857,Blackwood Green,blackwood green,Municipal Park,City of Victoria,ACT,False,Polygon,True,1,"[-123.352389, 48.436119]"
858,Harris Green,harris green,Municipal Park,City of Victoria,ACT,False,Polygon,True,1,"[-123.351254, 48.426715]"
859,Harris Green,harris green,Municipal Park,City of Victoria,ACT,False,Polygon,True,1,"[-123.353958, 48.426991]"
860,Harris Green,harris green,Municipal Park,City of Victoria,ACT,False,Polygon,True,1,"[-123.35777, 48.427363]"
861,Gower Park,gower park,Municipal Park,City of Victoria,ACT,False,Polygon,True,1,"[-123.345396, 48.431272]"
862,Alexander Park,alexander park,Municipal Park,City of Victoria,ACT,False,Polygon,True,1,"[-123.34362, 48.434073]"
863,David Spencer Park,david spencer park,Municipal Park,City of Victoria,ACT,False,Polygon,True,1,"[-123.337863, 48.439352]"
864,Oaklands Park,oaklands park,Municipal Park,City of Victoria,ACT,False,Polygon,True,1,"[-123.336119, 48.438685]"
865,Connector,connector,Municipal Park,District of Oak Bay,ACT,False,Polygon,True,1,"[-123.321326, 48.432089]"
866,Bay and Government Park,bay and government park,Municipal Park,City of Victoria,ACT,False,Polygon,True,1,"[-123.367682, 48.435656]"
868,Sumas Playground,sumas playground,Municipal Park,City of Victoria,ACT,False,Polygon,True,1,"[-123.373527, 48.443324]"
869,Jackson Street Playground,jackson street playground,Municipal Park,City of Victoria,ACT,False,Polygon,True,1,"[-123.358222, 48.449008]"
870,Quadra Heights Playground,quadra heights playground,Municipal Park,City of Victoria,ACT,False,Polygon,True,1,"[-123.365309, 48.4472]"
871,Topaz Park,topaz park,Municipal Park,City of Victoria,ACT,False,Polygon,True,1,"[-123.363542, 48.444074]"
872,Summit Park,summit park,Municipal Park,City of Victoria,ACT,False,Polygon,True,1,"[-123.354403, 48.445982]"
873,Smith Hill Reservoir,smith hill reservoir,Municipal Park,City of Victoria,ACT,False,Polygon,True,1,"[-123.352371, 48.444884]"
874,Summit Park,summit park,Municipal Park,City of Victoria,ACT,False,Polygon,True,1,"[-123.353752, 48.444244]"
875,Highview Street Park,highview street park,Municipal Park,City of Victoria,ACT,False,Polygon,True,1,"[-123.353648, 48.449591]"
876,Hillside Park,hillside park,Municipal Park,City of Victoria,ACT,False,Polygon,True,1,"[-123.350116, 48.441217]"
877,Mt. Stephen Ryan Park,mt stephen ryan park,Municipal Park,City of Victoria,ACT,False,Polygon,True,1,"[-123.346846, 48.440421]"
878,Ryan St. Green,ryan st green,Municipal Park,City of Victoria,ACT,False,Polygon,True,1,"[-123.344292, 48.440442]"
879,Oakland Green,oakland green,Municipal Park,City of Victoria,ACT,False,Polygon,True,1,"[-123.339357, 48.441155]"
880,Oswald Street Playground,oswald street playground,Municipal Park,City of Victoria,ACT,False,Polygon,True,1,"[-123.344917, 48.445283]"
881,Clawthorpe Playlot,clawthorpe playlot,Municipal Park,City of Victoria,ACT,False,Polygon,True,1,"[-123.339682, 48.447903]"
882,Wark Park,wark park,Municipal Park,City of Victoria,ACT,False,Polygon,True,1,"[-123.359574, 48.437093]"
884,Garbally Landing,garbally landing,Municipal Park,City of Victoria,ACT,False,Polygon,True,1,"[-123.37617, 48.439081]"
885,Selkirk Green,selkirk green,Municipal Park,City of Victoria,ACT,False,Polygon,True,1,"[-123.379024, 48.441206]"
886,Viaduct Park,viaduct park,Municipal Park,City of Victoria,ACT,False,Polygon,True,1,"[-123.379654, 48.442206]"
887,Cecelia Cove Park,cecelia cove park,Municipal Park,City of Victoria,ACT,False,Polygon,True,1,"[-123.380013, 48.441128]"
888,Viaduct Park,viaduct park,Municipal Park,City of Victoria,ACT,False,Polygon,True,1,"[-123.380591, 48.44147]"
889,Mars Street Park,mars street park,Municipal Park,City of Victoria,ACT,False,Polygon,True,1,"[-123.354425, 48.449655]"
890,Highview Playlot,highview playlot,Municipal Park,City of Victoria,ACT,False,Polygon,True,1,"[-123.352701, 48.447936]"
891,Pemberton Park,pemberton park,Municipal Park,City of Victoria,ACT,False,Polygon,True,1,"[-123.328012, 48.418999]"
892,Maddison Green,maddison green,Municipal Park,City of Victoria,ACT,False,Polygon,True,1,"[-123.326477, 48.422573]"
893,Stadacona Park,stadacona park,Municipal Park,City of Victoria,ACT,False,Polygon,True,1,"[-123.339839, 48.42741]"
894,Redfern Park,redfern park,Municipal Park,City of Victoria,ACT,False,Polygon,True,1,"[-123.324696, 48.429266]"
895,Verrinder Park,verrinder park,Municipal Park,City of Victoria,ACT,False,Polygon,True,1,"[-123.336792, 48.426411]"
896,Native Plant Garden,native plant garden,Municipal Park,District of Oak Bay,ACT,False,Polygon,True,1,"[-123.300636, 48.420348]"
897,Lafayette Park,lafayette park,Municipal Park,District of Oak Bay,ACT,False,Polygon,True,1,"[-123.315741, 48.414365]"
898,Marina Park,marina park,Municipal Park,District of Oak Bay,ACT,False,Polygon,True,1,"[-123.301043, 48.422461]"
899,Mcmicking Point Park,mcmicking point park,Municipal Park,District of Oak Bay,ACT,False,Polygon,True,1,"[-123.303628, 48.410007]"
900,Anderson Hill Park,anderson hill park,Municipal Park,District of Oak Bay,ACT,False,Polygon,True,1,"[-123.306528, 48.412897]"
906,Windsor Park,windsor park,Municipal Park,District of Oak Bay,ACT,False,Polygon,True,1,"[-123.307121, 48.4222]"
907,Kitty Islet,kitty islet,Municipal Park,District of Oak Bay,ACT,False,Polygon,True,1,"[-123.307906, 48.411688]"
908,Thompson/Topp Park,thompson topp park,Municipal Park,District of Oak Bay,ACT,False,Polygon,True,1,"[-123.311059, 48.440113]"
909,Lokier Park,lokier park,Municipal Park,District of Oak Bay,ACT,False,Polygon,True,1,"[-123.308949, 48.43811]"
910,Queens' Park,queens park,Municipal Park,District of Oak Bay,ACT,False,Polygon,True,1,"[-123.307257, 48.425581]"
911,Willows Park,willows park,Municipal Park,District of Oak Bay,ACT,False,Polygon,True,1,"[-123.304549, 48.433954]"
912,Firefighter's Park,firefighter s park,Municipal Park,District of Oak Bay,ACT,False,Polygon,True,1,"[-123.311427, 48.429691]"
913,Carnarvon Park,carnarvon park,Municipal Park,District of Oak Bay,ACT,False,Polygon,True,1,"[-123.317306, 48.439781]"
914,Oakdowne Park,oakdowne park,Municipal Park,District of Oak Bay,ACT,False,Polygon,True,1,"[-123.31522, 48.444102]"
915,Nottingham Park,nottingham park,Municipal Park,District of Oak Bay,ACT,False,Polygon,True,1,"[-123.305696, 48.443886]"
916,Uplands Park,uplands park,Municipal Park,District of Oak Bay,ACT,False,Polygon,True,1,"[-123.300107, 48.441372]"
917,Uplands Park (Cattle Point),uplands park cattle point,Municipal Park,District of Oak Bay,ACT,False,Polygon,True,1,"[-123.295109, 48.438433]"
918,Mary Tod Island,mary tod island,Municipal Park,District of Oak Bay,ACT,False,Polygon,True,1,"[-123.298735, 48.427305]"
919,Bowker Creek Walkway,bowker creek walkway,Municipal Park,District of Oak Bay,ACT,False,Polygon,True,1,"[-123.31408, 48.429594]"
920,Bowker Creek Walkway,bowker creek walkway,Municipal Park,District of Oak Bay,ACT,False,Polygon,True,1,"[-123.315431, 48.430588]"
921,Firefighter's Park,firefighter s park,Municipal Park,District of Oak Bay,ACT,False,Polygon,True,1,"[-123.309419, 48.429979]"
922,Haynes Park,haynes park,Municipal Park,District of Oak Bay,ACT,False,Polygon,True,1,"[-123.307731, 48.426949]"
923,Traffic Island,traffic island,Municipal Park,District of Oak Bay,ACT,False,Polygon,True,1,"[-123.301724, 48.447148]"
924,Traffic Island,traffic island,Municipal Park,District of Oak Bay,ACT,False,Polygon,True,1,"[-123.303157, 48.447555]"
925,Traffic Island,traffic island,Municipal Park,District of Oak Bay,ACT,False,Polygon,True,1,"[-123.306873, 48.446814]"
926,Lot J Park,lot j park,Municipal Park,District of Oak Bay,ACT,False,Polygon,True,1,"[-123.298232, 48.438402]"
927,Connector,connector,Municipal Park,District of Oak Bay,ACT,False,Polygon,True,1,"[-123.320038, 48.431489]"
928,Traffic Circle,traffic circle,Municipal Park,District of Oak Bay,ACT,False,Polygon,True,1,"[-123.295974, 48.444576]"
929,Henderson Park,henderson park,Municipal Park,District of Oak Bay,ACT,False,Polygon,True,1,"[-123.312236, 48.456128]"
930,Gyro-henderson Park,gyro henderson park,Municipal Park,District of Oak Bay,ACT,False,Polygon,True,1,"[-123.313809, 48.456532]"
931,Gibbs Traffic Island,gibbs traffic island,Municipal Park,District of Oak Bay,ACT,False,Polygon,True,1,"[-123.31702, 48.4499]"
932,Traffic Island,traffic island,Municipal Park,District of Oak Bay,ACT,False,Polygon,True,1,"[-123.301013, 48.455528]"
933,Traffic Island,traffic island,Municipal Park,District of Oak Bay,ACT,False,Polygon,True,1,"[-123.300793, 48.452772]"
934,Park,park,Municipal Park,District of Oak Bay,ACT,True,Polygon,True,1,"[-123.303063, 48.450826]"
935,Traffic Island,traffic island,Municipal Park,District of Oak Bay,ACT,False,Polygon,True,1,"[-123.303691, 48.450158]"
936,Loon Bay Park,loon bay park,Municipal Park,District of Oak Bay,ACT,False,Polygon,True,1,"[-123.294931, 48.449659]"
937,Loon Bay Park,loon bay park,Municipal Park,District of Oak Bay,ACT,False,Polygon,True,1,"[-123.296173, 48.450302]"
938,Cecelia Ravine Park,cecelia ravine park,Municipal Park,City of Victoria,ACT,False,Polygon,True,1,"[-123.378749, 48.444643]"
941,Cecelia Ravine Park,cecelia ravine park,Municipal Park,City of Victoria,ACT,False,Polygon,True,1,"[-123.37945, 48.444852]"
942,Cecelia Ravine Park,cecelia ravine park,Municipal Park,City of Victoria,ACT,False,Polygon,True,1,"[-123.379413, 48.445423]"
944,Mowich Drive Park,mowich drive park,Municipal Park,District of Sooke,ACT,False,Polygon,True,1,"[-123.672549, 48.393059]"
945,Mowich Drive Park,mowich drive park,Municipal Park,District of Sooke,ACT,False,Polygon,True,1,"[-123.671343, 48.393631]"
946,Ed Macgregor Park,ed macgregor park,Municipal Park,District of Sooke,ACT,False,Polygon,True,1,"[-123.725055, 48.373054]"
947,Broom Hill Park,broom hill park,Municipal Park,District of Sooke,ACT,False,Polygon,True,1,"[-123.734811, 48.385205]"
948,Firwood Park,firwood park,Municipal Park,District of Sooke,ACT,False,Polygon,True,1,"[-123.748669, 48.378662]"
949,Winfield Road Park,winfield road park,Municipal Park,District of Sooke,ACT,False,Polygon,True,1,"[-123.744749, 48.376062]"
950,Cedar Brook Park,cedar brook park,Municipal Park,District of Sooke,ACT,False,Polygon,True,1,"[-123.750262, 48.374121]"
951,Olympic View Park,olympic view park,Municipal Park,District of Sooke,ACT,False,Polygon,True,1,"[-123.752992, 48.376929]"
952,Brooks Road Park,brooks road park,Municipal Park,District of Sooke,ACT,False,Polygon,True,1,"[-123.738397, 48.366294]"
953,Sooke Lions Park,sooke lions park,Municipal Park,District of Sooke,ACT,False,Polygon,True,1,"[-123.723585, 48.376521]"
954,Throup Road Park,throup road park,Municipal Park,District of Sooke,ACT,False,Polygon,True,1,"[-123.711837, 48.38547]"
955,Throup Road Ball Fields,throup road ball fields,Municipal Park,District of Sooke,ACT,False,Polygon,True,1,"[-123.716224, 48.384825]"
956,Banford Park,banford park,Municipal Park,District of Sooke,ACT,False,Polygon,True,1,"[-123.717942, 48.383708]"
957,Helgesen Road (East) Park,helgesen road east park,Municipal Park,District of Sooke,ACT,False,Polygon,True,1,"[-123.722684, 48.390161]"
958,Ella Road Park,ella road park,Municipal Park,District of Sooke,ACT,False,Polygon,True,1,"[-123.752841, 48.37153]"
959,Amethyst Way Park,amethyst way park,Municipal Park,District of Sooke,ACT,False,Polygon,True,1,"[-123.732308, 48.380756]"
960,Talc Place Park,talc place park,Municipal Park,District of Sooke,ACT,False,Polygon,True,1,"[-123.733475, 48.380246]"
963,Burr Drive Park,burr drive park,Municipal Park,District of Sooke,ACT,False,Polygon,True,1,"[-123.740485, 48.389501]"
964,Foreman Heights Park,foreman heights park,Municipal Park,District of Sooke,ACT,False,Polygon,True,1,"[-123.7389, 48.387465]"
965,Charval Place Park,charval place park,Municipal Park,District of Sooke,ACT,False,Polygon,True,1,"[-123.737975, 48.377535]"
966,Ponds Park Corridor,ponds park corridor,Municipal Park,District of Sooke,ACT,False,Polygon,True,1,"[-123.724366, 48.386291]"
967,Eakin Park,eakin park,Municipal Park,District of Sooke,ACT,False,Polygon,True,1,"[-123.74354, 48.356438]"
968,Deerlepe Park,deerlepe park,Municipal Park,District of Sooke,ACT,False,Polygon,True,1,"[-123.735716, 48.358462]"
969,Sea Lion Way Park,sea lion way park,Municipal Park,District of Sooke,ACT,False,Polygon,True,1,"[-123.726671, 48.356905]"
970,Whiffin Spit Park,whiffin spit park,Municipal Park,District of Sooke,ACT,False,Polygon,True,1,"[-123.712079, 48.358288]"
971,Possession Point Park,possession point park,Municipal Park,District of Sooke,ACT,False,Polygon,True,1,"[-123.727837, 48.360591]"
972,Ponds Park Corridor,ponds park corridor,Municipal Park,District of Sooke,ACT,False,Polygon,True,1,"[-123.724662, 48.384885]"
973,Sooke Bluffs Park,sooke bluffs park,Municipal Park,District of Sooke,ACT,False,Polygon,True,1,"[-123.744469, 48.357143]"
974,West Coast Road Shoreline Access,west coast road shoreline access,Municipal Park,District of Sooke,ACT,False,Polygon,True,1,"[-123.769005, 48.371192]"
975,Broom Hill Park,broom hill park,Municipal Park,District of Sooke,ACT,False,Polygon,True,1,"[-123.736703, 48.382665]"
976,Govenlock Park,govenlock park,Municipal Park,District of Sooke,ACT,False,Polygon,True,1,"[-123.739115, 48.379883]"
977,John Phillips Memorial Park,john phillips memorial park,Municipal Park,District of Sooke,ACT,False,Polygon,True,1,"[-123.728729, 48.382791]"
978,Stone Creek Place Park,stone creek place park,Municipal Park,District of Sooke,ACT,False,Polygon,True,1,"[-123.742185, 48.381628]"
979,Stoneridge Estates Rainwater Park,stoneridge estates rainwater park,Municipal Park,District of Sooke,ACT,False,Polygon,True,1,"[-123.739346, 48.380381]"
980,Ponds Park Corridor,ponds park corridor,Municipal Park,District of Sooke,ACT,False,Polygon,True,1,"[-123.726848, 48.382999]"
981,Painters Pond Park,painters pond park,Municipal Park,District of Sooke,ACT,False,Polygon,True,1,"[-123.713047, 48.392266]"
982,Demamiel Creek Park,demamiel creek park,Municipal Park,District of Sooke,ACT,False,Polygon,True,1,"[-123.720695, 48.393556]"
983,Demamiel Creek Park,demamiel creek park,Municipal Park,District of Sooke,ACT,False,Polygon,True,1,"[-123.715841, 48.392075]"
984,Sunriver Stormwater Pond and Trail,sunriver stormwater pond and trail,Municipal Park,District of Sooke,ACT,False,Polygon,True,1,"[-123.710966, 48.393894]"
985,Sunriver Nature Trail Park,sunriver nature trail park,Municipal Park,District of Sooke,ACT,False,Polygon,True,1,"[-123.710099, 48.392311]"
986,Cedarview Place Park,cedarview place park,Municipal Park,District of Sooke,ACT,False,Polygon,True,1,"[-123.715771, 48.396275]"
987,Millenium Memorial Park,millenium memorial park,Municipal Park,District of Sooke,ACT,False,Polygon,True,1,"[-123.733536, 48.372387]"
988,Ella Road Trail,ella road trail,Municipal Park,District of Sooke,ACT,False,Polygon,True,1,"[-123.759072, 48.368749]"
989,Broomstick Avenue Park,broomstick avenue park,Municipal Park,District of Sooke,ACT,False,Polygon,True,1,"[-123.757956, 48.372692]"
990,Spar Tree Way Park,spar tree way park,Municipal Park,District of Sooke,ACT,False,Polygon,True,1,"[-123.758743, 48.374516]"
991,Seabroom Park,seabroom park,Municipal Park,District of Sooke,ACT,False,Polygon,True,1,"[-123.687283, 48.383161]"
992,Kaltasin Park,kaltasin park,Municipal Park,District of Sooke,ACT,False,Polygon,True,1,"[-123.692967, 48.379987]"
993,Riverstone Drive Park,riverstone drive park,Municipal Park,District of Sooke,ACT,False,Polygon,True,1,"[-123.719489, 48.399089]"
994,Driftwood Ponds Park,driftwood ponds park,Municipal Park,District of Sooke,ACT,False,MultiPolygon,True,2,"[-123.722905, 48.395953]"
995,Walkway,walkway,Municipal Park,District of Sooke,ACT,False,Polygon,True,1,"[-123.714106, 48.394208]"
996,Sunriver Place Tot Lot,sunriver place tot lot,Municipal Park,District of Sooke,ACT,False,Polygon,True,1,"[-123.712862, 48.393559]"
997,Walkway,walkway,Municipal Park,District of Sooke,ACT,False,Polygon,True,1,"[-123.738067, 48.380983]"
998,Nott Brook Park,nott brook park,Municipal Park,District of Sooke,ACT,False,Polygon,True,1,"[-123.732781, 48.376761]"
999,Walkway,walkway,Municipal Park,District of Sooke,ACT,False,Polygon,True,1,"[-123.729898, 48.377541]"
1000,Walkway,walkway,Municipal Park,District of Sooke,ACT,False,Polygon,True,1,"[-123.727774, 48.374359]"
1001,Murray Road Park,murray road park,Municipal Park,District of Sooke,ACT,False,Polygon,True,1,"[-123.721788, 48.37384]"
1002,Marine Boardwalk,marine boardwalk,Municipal Park,District of Sooke,ACT,False,Polygon,True,1,"[-123.722827, 48.372942]"
1003,Cains Family Park,cains family park,Municipal Park,District of Sooke,ACT,False,Polygon,True,1,"[-123.712356, 48.379028]"
1004,Walkway,walkway,Municipal Park,District of Sooke,ACT,False,Polygon,True,1,"[-123.733091, 48.386898]"
1005,Walkway,walkway,Municipal Park,District of Sooke,ACT,False,Polygon,True,1,"[-123.737851, 48.384338]"
1006,Walkway,walkway,Municipal Park,District of Sooke,ACT,False,Polygon,True,1,"[-123.74041, 48.388137]"
1007,Walkway,walkway,Municipal Park,District of Sooke,ACT,False,Polygon,True,1,"[-123.741044, 48.375561]"
1008,Ennan Boulevard Park,ennan boulevard park,Municipal Park,District of Sooke,ACT,False,Polygon,True,1,"[-123.753767, 48.372737]"
1009,Walkway,walkway,Municipal Park,District of Sooke,ACT,False,Polygon,True,1,"[-123.755319, 48.374442]"
1010,Rotary Pier,rotary pier,Municipal Park,District of Sooke,ACT,False,Polygon,True,1,"[-123.721902, 48.373303]"
1011,Walkway,walkway,Municipal Park,District of Sooke,ACT,False,Polygon,True,1,"[-123.723748, 48.38808]"
1012,Ponds Park Corridor,ponds park corridor,Municipal Park,District of Sooke,ACT,False,MultiPolygon,True,2,"[-123.722515, 48.386327]"
1013,Walkway,walkway,Municipal Park,District of Sooke,ACT,False,Polygon,True,1,"[-123.755009, 48.373588]"
1019,DeMamiel Park,demamiel park,Community Park,Juan de Fuca Electoral Area,ACT,False,Polygon,True,1,"[-123.752605, 48.403495]"
1028,Hampton Park,hampton park,Municipal Park,District of Saanich,ACT,False,Polygon,True,1,"[-123.39046, 48.454955]"
1031,South Valley Park,south valley park,Municipal Park,District of Saanich,ACT,False,MultiPolygon,True,2,"[-123.410912, 48.469503]"
1032,Park,park,Municipal Park,District of Saanich,ACT,True,Polygon,True,1,"[-123.375542, 48.469432]"
1033,Glanford Park,glanford park,Municipal Park,District of Saanich,ACT,False,Polygon,True,1,"[-123.387456, 48.471319]"
1034,Margaret Wright Park,margaret wright park,Municipal Park,District of Saanich,ACT,False,Polygon,True,1,"[-123.354823, 48.467798]"
1035,Colquitz Park,colquitz park,Municipal Park,District of Saanich,ACT,False,Polygon,True,1,"[-123.404932, 48.48091]"
1036,Colquitz Park,colquitz park,Municipal Park,District of Saanich,ACT,False,Polygon,True,1,"[-123.405562, 48.484504]"
1037,Benson Park,benson park,Municipal Park,District of Saanich,ACT,False,Polygon,True,1,"[-123.281248, 48.458074]"
1038,Konukson Park,konukson park,Municipal Park,District of Saanich,ACT,False,Polygon,True,1,"[-123.274812, 48.455699]"
1039,Saanich Water Access,saanich water access,Municipal Park,District of Saanich,ACT,False,Polygon,True,1,"[-123.269081, 48.455993]"
1040,Saanich Water Access,saanich water access,Municipal Park,District of Saanich,ACT,False,Polygon,True,1,"[-123.265967, 48.455471]"
1041,Saanich Water Access,saanich water access,Municipal Park,District of Saanich,ACT,False,Polygon,True,1,"[-123.265743, 48.453642]"
1042,Saanich Water Access,saanich water access,Municipal Park,District of Saanich,ACT,False,Polygon,True,1,"[-123.267212, 48.451769]"
1043,Saanich Water Access,saanich water access,Municipal Park,District of Saanich,ACT,False,Polygon,True,1,"[-123.273838, 48.451535]"
1044,Saanich Water Access,saanich water access,Municipal Park,District of Saanich,ACT,False,Polygon,True,1,"[-123.278161, 48.450574]"
1045,Saanich Water Access,saanich water access,Municipal Park,District of Saanich,ACT,False,Polygon,True,1,"[-123.283838, 48.455802]"
1046,Saanich Water Access,saanich water access,Municipal Park,District of Saanich,ACT,False,Polygon,True,1,"[-123.285608, 48.454348]"
1047,Saanich Water Access,saanich water access,Municipal Park,District of Saanich,ACT,False,Polygon,True,1,"[-123.282296, 48.452845]"
1048,Saanich Water Access,saanich water access,Municipal Park,District of Saanich,ACT,False,Polygon,True,1,"[-123.299073, 48.456024]"
1049,Saanich Water Access,saanich water access,Municipal Park,District of Saanich,ACT,False,Polygon,True,1,"[-123.280213, 48.46358]"
1050,Park,park,Municipal Park,District of Saanich,ACT,True,Polygon,True,1,"[-123.314332, 48.483065]"
1051,Saanich Water Access,saanich water access,Municipal Park,District of Saanich,ACT,False,Polygon,True,1,"[-123.303539, 48.489775]"
1052,Saanich Water Access,saanich water access,Municipal Park,District of Saanich,ACT,False,Polygon,True,1,"[-123.311309, 48.494598]"
1053,Saanich Water Access,saanich water access,Municipal Park,District of Saanich,ACT,False,Polygon,True,1,"[-123.324605, 48.493565]"
1054,Saanich Water Access,saanich water access,Municipal Park,District of Saanich,ACT,False,Polygon,True,1,"[-123.328731, 48.494675]"
1055,Caldecote Park,caldecote park,Municipal Park,District of Saanich,ACT,False,Polygon,True,1,"[-123.436071, 48.536026]"
1056,Park,park,Municipal Park,District of Saanich,ACT,True,Polygon,True,1,"[-123.447631, 48.511581]"
1057,South Prospect Lake Park,south prospect lake park,Municipal Park,District of Saanich,ACT,False,Polygon,True,1,"[-123.446633, 48.50751]"
1058,Saanich Water Access,saanich water access,Municipal Park,District of Saanich,ACT,False,Polygon,True,1,"[-123.437166, 48.509493]"
1059,Park,park,Municipal Park,District of Saanich,ACT,True,Polygon,True,1,"[-123.424731, 48.496709]"
1060,Park,park,Municipal Park,District of Saanich,ACT,True,Polygon,True,1,"[-123.418385, 48.501044]"
1061,Phyllis Park,phyllis park,Municipal Park,District of Saanich,ACT,False,Polygon,True,1,"[-123.274267, 48.45896]"
1063,Sheringham Point Park,sheringham point park,Community Park,Juan de Fuca Electoral Area,ACT,False,Polygon,True,1,"[-123.92305, 48.381979]"
1064,English Meadow Park,english meadow park,Municipal Park,District of Central Saanich,ACT,False,Polygon,True,1,"[-123.39622, 48.557256]"
1065,Mitchell Park,mitchell park,Municipal Park,District of Central Saanich,ACT,False,Polygon,True,1,"[-123.403337, 48.572613]"
1066,Park,park,Municipal Park,District of Central Saanich,ACT,True,Polygon,True,1,"[-123.406871, 48.576278]"
1067,Centennial Park,centennial park,Municipal Park,District of Central Saanich,ACT,False,Polygon,True,1,"[-123.425959, 48.584639]"
1068,Centennial Park,centennial park,Municipal Park,District of Central Saanich,ACT,False,Polygon,True,1,"[-123.422029, 48.586474]"
1069,Saanichton Green,saanichton green,Municipal Park,District of Central Saanich,ACT,False,Polygon,True,1,"[-123.418237, 48.597228]"
1070,Newman Park,newman park,Municipal Park,District of Central Saanich,ACT,False,MultiPolygon,True,3,"[-123.400018, 48.601718]"
1071,Saanichton Bay Park,saanichton bay park,Municipal Park,District of Central Saanich,ACT,False,Polygon,True,1,"[-123.391027, 48.595309]"
1072,Rom Knott Park,rom knott park,Municipal Park,District of Central Saanich,ACT,False,Polygon,True,1,"[-123.448462, 48.574694]"
1073,Pioneer Park,pioneer park,Municipal Park,District of Central Saanich,ACT,False,Polygon,True,1,"[-123.44729, 48.575764]"
1074,Ravine Park,ravine park,Municipal Park,District of Central Saanich,ACT,False,Polygon,True,1,"[-123.460932, 48.57057]"
1075,Cy Hampson Park,cy hampson park,Municipal Park,District of North Saanich,ACT,False,Polygon,True,1,"[-123.406924, 48.620672]"
1076,Dominion Brook Park,dominion brook park,Municipal Park,District of North Saanich,ACT,False,Polygon,True,1,"[-123.415921, 48.621962]"
1077,Park,park,Municipal Park,District of North Saanich,ACT,True,Polygon,True,1,"[-123.429351, 48.627096]"
1078,Reay Creek Park,reay creek park,Municipal Park,District of North Saanich/Town of Sidney,ACT,False,Polygon,True,1,"[-123.411208, 48.635193]"
1079,Field Of Dreams Little League Park,field of dreams little league park,Municipal Park,District of North Saanich,ACT,False,Polygon,True,1,"[-123.422013, 48.638214]"
1080,Patricia Bay Park,patricia bay park,Municipal Park,District of North Saanich,ACT,False,Polygon,True,1,"[-123.445748, 48.653957]"
1081,Blue Heron Park,blue heron park,Municipal Park,District of North Saanich,ACT,False,Polygon,True,1,"[-123.424198, 48.669571]"
1084,Eugene Bailin Memorial Trail Park,eugene bailin memorial trail park,Municipal Park,District of North Saanich,ACT,False,Polygon,True,1,"[-123.441288, 48.692299]"
1085,Quatsino Park,quatsino park,Municipal Park,District of North Saanich,ACT,False,Polygon,True,1,"[-123.451627, 48.690253]"
1086,Highview Park South,highview park south,Municipal Park,District of North Saanich,ACT,False,Polygon,True,1,"[-123.450746, 48.690777]"
1087,Wain Park,wain park,Municipal Park,District of North Saanich,ACT,False,Polygon,True,1,"[-123.461965, 48.6781]"
1088,Peter Grant Park,peter grant park,Municipal Park,Town of Sidney,ACT,False,Polygon,True,1,"[-123.410509, 48.636436]"
1089,Reay Creek Park,reay creek park,Municipal Park,Town of Sidney,ACT,False,Polygon,True,1,"[-123.413321, 48.637484]"
1090,Reay Creek Park,reay creek park,Municipal Park,Town of Sidney,ACT,False,Polygon,True,1,"[-123.415494, 48.639043]"
1091,Frost Ave. Park,frost ave park,Municipal Park,Town of Sidney,ACT,False,Polygon,True,1,"[-123.408006, 48.637743]"
1092,Maryland Park,maryland park,Municipal Park,Town of Sidney,ACT,False,Polygon,True,1,"[-123.406223, 48.637433]"
1093,Greenglade Road,greenglade road,Municipal Park,Town of Sidney,ACT,False,Polygon,True,1,"[-123.408506, 48.639209]"
1094,Park,park,Municipal Park,Town of Sidney,ACT,True,Polygon,True,1,"[-123.406745, 48.642801]"
1095,Park,park,Municipal Park,Town of Sidney,ACT,True,Polygon,True,1,"[-123.405526, 48.642599]"
1096,Sidney Lawn Bowling Club,sidney lawn bowling club,Municipal Park,Town of Sidney,ACT,False,Polygon,True,1,"[-123.401963, 48.643131]"
1097,Iroquois Park,iroquois park,Municipal Park,Town of Sidney,ACT,False,Polygon,True,1,"[-123.40225, 48.643967]"
1098,Tulista Park,tulista park,Municipal Park,Town of Sidney,ACT,False,Polygon,True,1,"[-123.400141, 48.641642]"
1099,Tulista Park,tulista park,Municipal Park,Town of Sidney,ACT,False,Polygon,True,1,"[-123.399211, 48.642604]"
1100,Waterfront Walkway,waterfront walkway,Municipal Park,Town of Sidney,ACT,False,Polygon,True,1,"[-123.393692, 48.648201]"
1101,Eastview Park,eastview park,Municipal Park,Town of Sidney,ACT,False,Polygon,True,1,"[-123.39382, 48.647187]"
1102,Beacon Ave,beacon ave,Municipal Park,Town of Sidney,ACT,False,Polygon,True,1,"[-123.393712, 48.649415]"
1103,Seaport Park,seaport park,Municipal Park,Town of Sidney,ACT,False,Polygon,True,1,"[-123.394124, 48.649913]"
1104,Community Wellness Park,community wellness park,Municipal Park,Town of Sidney,ACT,False,Polygon,True,1,"[-123.402379, 48.655053]"
1105,Rose Garden,rose garden,Municipal Park,Town of Sidney,ACT,False,Polygon,True,1,"[-123.402262, 48.654135]"
1106,Melissa Playground,melissa playground,Municipal Park,Town of Sidney,ACT,False,Polygon,True,1,"[-123.40797, 48.656636]"
1107,Melissa Playground,melissa playground,Municipal Park,Town of Sidney,ACT,False,Polygon,True,1,"[-123.407972, 48.655777]"
1108,Mermaid Park,mermaid park,Municipal Park,Town of Sidney,ACT,False,Polygon,True,1,"[-123.40187, 48.658406]"
1109,Beaver Park,beaver park,Municipal Park,Town of Sidney,ACT,False,Polygon,True,1,"[-123.411077, 48.66137]"
1110,Rathdown Park,rathdown park,Municipal Park,Town of Sidney,ACT,False,Polygon,True,1,"[-123.407966, 48.661233]"
1111,Swiftsure Park,swiftsure park,Municipal Park,Town of Sidney,ACT,False,Polygon,True,1,"[-123.407418, 48.65203]"
1112,Skateboard Facility,skateboard facility,Municipal Park,Town of Sidney,ACT,False,Polygon,True,1,"[-123.40469, 48.646787]"
1113,Bevan Park,bevan park,Municipal Park,Town of Sidney,ACT,False,Polygon,True,1,"[-123.404309, 48.648572]"
1114,Brethour Park,brethour park,Municipal Park,Town of Sidney,ACT,False,Polygon,True,1,"[-123.412831, 48.643806]"
1115,Park,park,Municipal Park,Town of Sidney,ACT,True,Polygon,True,1,"[-123.410561, 48.652979]"
1116,Melville Park,melville park,Municipal Park,Town of Sidney,ACT,False,Polygon,True,1,"[-123.413874, 48.665486]"
1117,Resthaven Dr. & White Birch Rd.,resthaven dr white birch rd,Municipal Park,Town of Sidney,ACT,False,Polygon,True,1,"[-123.412809, 48.666506]"
1118,Resthaven Park,resthaven park,Municipal Park,Town of Sidney,ACT,False,Polygon,True,1,"[-123.410816, 48.666335]"
1119,Resthaven Linear Park,resthaven linear park,Municipal Park,Town of Sidney,ACT,False,Polygon,True,1,"[-123.409059, 48.669106]"
1120,Park,park,Municipal Park,District of North Saanich,ACT,True,Polygon,True,1,"[-123.429088, 48.626488]"
1123,Mount View Park,mount view park,Municipal Park,District of Saanich,ACT,False,Polygon,True,1,"[-123.382765, 48.458547]"
1164,Enchanted Forest Nature Park,enchanted forest nature park,Community Park,Southern Gulf Islands Electoral Area (South Pender Island),ACT,False,MultiPolygon,True,2,"[-123.22007, 48.747678]"
1165,Lilias Spalding Heritage Park,lilias spalding heritage park,Community Park,Southern Gulf Islands Electoral Area (South Pender Island),ACT,False,Polygon,True,1,"[-123.211249, 48.752019]"
1167,Fawn Creek Trail Park,fawn creek trail park,Community Park,Southern Gulf Islands Electoral Area (South Pender Island),ACT,False,Polygon,True,1,"[-123.253232, 48.762906]"
1182,William Simmons Park,william simmons park,Community Park,Juan de Fuca Electoral Area,ACT,False,MultiPolygon,True,2,"[-123.76813, 48.395131]"
1183,Wieland Trail,wieland trail,Community Park,Juan de Fuca Electoral Area,ACT,False,Polygon,True,1,"[-123.770922, 48.392564]"
1184,Butler Trail,butler trail,Community Park,Juan de Fuca Electoral Area,ACT,False,Polygon,True,1,"[-123.772387, 48.394473]"
1185,Park,park,Community Park,Juan de Fuca Electoral Area,ACT,True,MultiPolygon,True,2,"[-123.771254, 48.396297]"
1187,Park,park,Community Park,Southern Gulf Islands Electoral Area,ACT,True,Polygon,True,1,"[-123.412985, 48.892496]"
1188,Karger Park,karger park,Municipal Park,City of Colwood,ACT,False,Polygon,True,1,"[-123.507467, 48.420001]"
1189,Wickheim Park,wickheim park,Municipal Park,City of Colwood,ACT,False,Polygon,True,1,"[-123.484383, 48.41942]"
1190,Perimeter Park 1,perimeter park 1,Municipal Park,City of Colwood,ACT,False,Polygon,True,1,"[-123.481138, 48.414605]"
1191,Bader's Beach Ravine Park Reserve,bader s beach ravine park reserve,Community Park,Salt Spring Island Electoral Area,ACT,False,Polygon,True,1,"[-123.56256, 48.85024]"
1192,Beddis Beach Park,beddis beach park,Community Park,Salt Spring Island Electoral Area,ACT,False,Polygon,True,1,"[-123.426186, 48.809441]"
1193,Bryant Hill Trail,bryant hill trail,Community Park,Salt Spring Island Electoral Area,ACT,False,MultiPolygon,True,2,"[-123.444174, 48.801902]"
1194,Bullock Lake Linear Park,bullock lake linear park,Community Park,Salt Spring Island Electoral Area,ACT,False,Polygon,True,1,"[-123.515651, 48.874497]"
1195,Bullock Lake Linear Park,bullock lake linear park,Community Park,Salt Spring Island Electoral Area,ACT,False,Polygon,True,1,"[-123.511856, 48.871259]"
1196,Blackburn Road Park Reserve,blackburn road park reserve,Community Park,Salt Spring Island Electoral Area,ACT,False,Polygon,True,1,"[-123.498419, 48.823448]"
1197,Peter Arnell Park,peter arnell park,Community Park,Salt Spring Island Electoral Area,ACT,False,Polygon,True,1,"[-123.443191, 48.802871]"
1198,Peter Arnell Park,peter arnell park,Community Park,Salt Spring Island Electoral Area,ACT,False,MultiPolygon,True,2,"[-123.438368, 48.802146]"
1200,Cudmore Height Park and Wilkie Way,cudmore height park and wilkie way,Community Park,Salt Spring Island Electoral Area,ACT,False,Polygon,True,1,"[-123.502737, 48.845152]"
1201,Cudmore Height Park and Wilkie Way,cudmore height park and wilkie way,Community Park,Salt Spring Island Electoral Area,ACT,False,Polygon,True,1,"[-123.502116, 48.845673]"
1202,Cudmore Height Park and Wilkie Way,cudmore height park and wilkie way,Community Park,Salt Spring Island Electoral Area,ACT,False,Polygon,True,1,"[-123.502681, 48.846845]"
1203,Cudmore Heights Park Reserve,cudmore heights park reserve,Community Park,Salt Spring Island Electoral Area,ACT,False,Polygon,True,1,"[-123.507629, 48.844699]"
1204,Wilkie Way Park Reserve,wilkie way park reserve,Community Park,Salt Spring Island Electoral Area,ACT,False,Polygon,True,1,"[-123.508602, 48.843216]"
1205,Desiree Drive Park Reserve,desiree drive park reserve,Community Park,Salt Spring Island Electoral Area,ACT,False,Polygon,True,1,"[-123.556708, 48.847728]"
1209,Mount Erskine Drive Linear Park Reserve,mount erskine drive linear park reserve,Community Park,Salt Spring Island Electoral Area,ACT,False,Polygon,True,1,"[-123.55619, 48.850393]"
1211,Rainbow Grove Phase II Park Reserve,rainbow grove phase ii park reserve,Community Park,Salt Spring Island Electoral Area,ACT,False,Polygon,True,1,"[-123.538668, 48.852969]"
1212,Mount Erskine Upper Access Park Reserve,mount erskine upper access park reserve,Community Park,Salt Spring Island Electoral Area,ACT,False,Polygon,True,1,"[-123.541743, 48.852697]"
1213,Duck Creek Park,duck creek park,Community Park,Salt Spring Island Electoral Area,ACT,False,MultiPolygon,True,9,"[-123.564847, 48.882575]"
1214,Dunbabin Park,dunbabin park,Community Park,Salt Spring Island Electoral Area,ACT,False,Polygon,True,1,"[-123.512656, 48.882742]"
1215,Eagle Ridge Drive Park Reserve,eagle ridge drive park reserve,Community Park,Salt Spring Island Electoral Area,ACT,False,Polygon,True,1,"[-123.487016, 48.859003]"
1216,Fern Creek Park Reserve,fern creek park reserve,Community Park,Salt Spring Island Electoral Area,ACT,False,Polygon,True,1,"[-123.453538, 48.754891]"
1217,Forest Ridge Park Reserve,forest ridge park reserve,Community Park,Salt Spring Island Electoral Area,ACT,False,Polygon,True,1,"[-123.393409, 48.762677]"
1218,Fulford Ballpark,fulford ballpark,Community Park,Salt Spring Island Electoral Area,ACT,False,Polygon,True,1,"[-123.47106, 48.775202]"
1219,Fulford Tennis Court,fulford tennis court,Community Park,Salt Spring Island Electoral Area,ACT,False,Polygon,True,1,"[-123.47448, 48.773817]"
1220,Harrison Avenue Park Reserve,harrison avenue park reserve,Community Park,Salt Spring Island Electoral Area,ACT,False,Polygon,True,1,"[-123.535576, 48.864104]"
1221,Highbridge Village Park (Channel Ridge),highbridge village park channel ridge,Community Park,Salt Spring Island Electoral Area,ACT,False,Polygon,True,1,"[-123.565426, 48.898924]"
1222,Isabella Point Road Park Reserve,isabella point road park reserve,Community Park,Salt Spring Island Electoral Area,ACT,False,Polygon,True,1,"[-123.446547, 48.752434]"
1223,Linear Park,linear park,Community Park,Salt Spring Island Electoral Area,ACT,False,Polygon,True,1,"[-123.498006, 48.804881]"
1226,Park,park,Community Park,Salt Spring Island Electoral Area,ACT,True,Polygon,True,1,"[-123.574916, 48.879056]"
1227,Lawnhill Drive Park Reserve,lawnhill drive park reserve,Community Park,Salt Spring Island Electoral Area,ACT,False,Polygon,True,1,"[-123.530402, 48.891484]"
1228,Trincomali Heights Linear Park,trincomali heights linear park,Community Park,Salt Spring Island Electoral Area,ACT,False,Polygon,True,1,"[-123.528637, 48.888842]"
1229,Trincomali Heights Linear Park,trincomali heights linear park,Community Park,Salt Spring Island Electoral Area,ACT,False,Polygon,True,1,"[-123.522516, 48.888685]"
1230,Lyonesse Linear Park,lyonesse linear park,Community Park,Salt Spring Island Electoral Area,ACT,False,Polygon,True,1,"[-123.407968, 48.76084]"
1232,Meyer Road Linear Park,meyer road linear park,Community Park,Salt Spring Island Electoral Area,ACT,False,Polygon,True,1,"[-123.410915, 48.795128]"
1233,Buhlman Road Park,buhlman road park,Community Park,Salt Spring Island Electoral Area,ACT,False,Polygon,True,1,"[-123.411726, 48.791874]"
1235,Monteith Drive Park Reserve,monteith drive park reserve,Community Park,Salt Spring Island Electoral Area,ACT,False,Polygon,True,1,"[-123.577605, 48.885637]"
1236,Peck's Cove Park,peck s cove park,Community Park,Salt Spring Island Electoral Area,ACT,False,Polygon,True,1,"[-123.501428, 48.856943]"
1237,Quarry Drive - Baker Road Linear Park Reserve,quarry drive baker road linear park reserve,Community Park,Salt Spring Island Electoral Area,ACT,False,Polygon,True,1,"[-123.549834, 48.870845]"
1238,Quarry Drive Park Reserve,quarry drive park reserve,Community Park,Salt Spring Island Electoral Area,ACT,False,Polygon,True,1,"[-123.555161, 48.871221]"
1239,Rainbow Grove Park,rainbow grove park,Community Park,Salt Spring Island Electoral Area,ACT,False,Polygon,True,1,"[-123.536584, 48.857303]"
1240,Rainbow Grove Park,rainbow grove park,Community Park,Salt Spring Island Electoral Area,ACT,False,Polygon,True,1,"[-123.536649, 48.855547]"
1241,Rainbow Grove Phase II Park Reserve,rainbow grove phase ii park reserve,Community Park,Salt Spring Island Electoral Area,ACT,False,Polygon,True,1,"[-123.537785, 48.853988]"
1242,Reginald Hill Park Reserve,reginald hill park reserve,Community Park,Salt Spring Island Electoral Area,ACT,False,Polygon,True,1,"[-123.432596, 48.766096]"
1243,South Ridge Drive Park Reserve,south ridge drive park reserve,Community Park,Salt Spring Island Electoral Area,ACT,False,Polygon,True,1,"[-123.448014, 48.774054]"
1244,Rainbow Grove Park,rainbow grove park,Community Park,Salt Spring Island Electoral Area,ACT,False,Polygon,True,1,"[-123.53614, 48.851273]"
1245,SunEagle Linear Park,suneagle linear park,Community Park,Salt Spring Island Electoral Area,ACT,False,Polygon,True,1,"[-123.57758, 48.924856]"
1246,Vesuvius Beach Public Access Park,vesuvius beach public access park,Community Park,Salt Spring Island Electoral Area,ACT,False,Polygon,True,1,"[-123.569514, 48.87863]"
1247,Webster Drive Park Reserve,webster drive park reserve,Community Park,Salt Spring Island Electoral Area,ACT,False,Polygon,True,1,"[-123.425717, 48.773007]"
1248,Welbury Bay Park,welbury bay park,Community Park,Salt Spring Island Electoral Area,ACT,False,Polygon,True,1,"[-123.444498, 48.850277]"
1249,Wildwood Crescent Park Reserve,wildwood crescent park reserve,Community Park,Salt Spring Island Electoral Area,ACT,False,Polygon,True,1,"[-123.521618, 48.865696]"
1250,Thompson Park,thompson park,Community Park,Southern Gulf Islands Electoral Area (Saturna Island),ACT,False,MultiPolygon,True,2,"[-123.199968, 48.775985]"
1251,Dinner Bay Park,dinner bay park,Community Park,Southern Gulf Islands Electoral Area (Mayne Island),ACT,False,Polygon,True,1,"[-123.317986, 48.835108]"
1252,Dinner Bay Park,dinner bay park,Community Park,Southern Gulf Islands Electoral Area (Mayne Island),ACT,False,Polygon,True,1,"[-123.317048, 48.833481]"
1253,Henderson Hill Community Park,henderson hill community park,Community Park,Southern Gulf Islands Electoral Area,ACT,False,Polygon,True,1,"[-123.264566, 48.82598]"
1254,Village Bay Park,village bay park,Community Park,Southern Gulf Islands Electoral Area (Mayne Island),ACT,False,Polygon,True,1,"[-123.321085, 48.840735]"
1255,Abbott Hill Park,abbott hill park,Community Park,Southern Gulf Islands Electoral Area (North Pender Island),ACT,False,Polygon,True,1,"[-123.303996, 48.77138]"
1256,Bridge Trail Park,bridge trail park,Community Park,Southern Gulf Islands Electoral Area (South Pender Island),ACT,False,Polygon,True,1,"[-123.25604, 48.764414]"
1259,Mortimer Spit Park,mortimer spit park,Community Park,Southern Gulf Islands Electoral Area (South Pender Island),ACT,False,Polygon,True,1,"[-123.255158, 48.767022]"
1260,Mount Elizabeth Park,mount elizabeth park,Community Park,Southern Gulf Islands Electoral Area (North Pender Island),ACT,False,Polygon,True,1,"[-123.283722, 48.80778]"
1261,Mount Menzies Park,mount menzies park,Community Park,Southern Gulf Islands Electoral Area (North Pender Island),ACT,False,Polygon,True,1,"[-123.258529, 48.787215]"
1264,Oak Bluffs Park,oak bluffs park,Community Park,Southern Gulf Islands Electoral Area (North Pender Island),ACT,False,Polygon,True,1,"[-123.266603, 48.749422]"
1265,Thieves Bay Park,thieves bay park,Community Park,Southern Gulf Islands Electoral Area (North Pender Island),ACT,False,Polygon,True,1,"[-123.310481, 48.769711]"
1266,Lord Road Park,lord road park,Community Park,Southern Gulf Islands Electoral Area (Galiano Island),ACT,False,Polygon,True,1,"[-123.360248, 48.877357]"
1267,Park,park,Community Park,Salt Spring Island Electoral Area,ACT,True,Polygon,True,1,"[-123.405966, 48.779927]"
1268,Stewart Road Linear Park,stewart road linear park,Community Park,Salt Spring Island Electoral Area,ACT,False,Polygon,True,1,"[-123.45994, 48.804832]"
1270,Park,park,Community Park,Southern Gulf Islands Electoral Area (Mayne Island),ACT,True,Polygon,True,1,"[-123.266876, 48.862061]"
1271,Park,park,Community Park,Southern Gulf Islands Electoral Area (Mayne Island),ACT,True,Polygon,True,1,"[-123.257856, 48.840761]"
1272,Park,park,Community Park,Southern Gulf Islands Electoral Area (Mayne Island),ACT,True,Polygon,True,1,"[-123.259469, 48.839953]"
1273,Park,park,Community Park,Southern Gulf Islands Electoral Area (Mayne Island),ACT,True,Polygon,True,1,"[-123.257898, 48.838955]"
1274,Conconi Reef Community Park,conconi reef community park,Community Park,Southern Gulf Islands Electoral Area (Mayne Island),ACT,False,Polygon,True,1,"[-123.292782, 48.827249]"
1275,Park,park,Community Park,Southern Gulf Islands Electoral Area (Mayne Island),ACT,True,Polygon,True,1,"[-123.28455, 48.870427]"
1276,Park,park,Community Park,Southern Gulf Islands Electoral Area (Mayne Island),ACT,True,Polygon,True,1,"[-123.245927, 48.822211]"
1277,Emma & Felix Jack Park,emma felix jack park,Community Park,Southern Gulf Islands Electoral Area (Mayne Island),ACT,False,Polygon,True,1,"[-123.298675, 48.847593]"
1278,Park,park,Community Park,Southern Gulf Islands Electoral Area (Mayne Island),ACT,True,Polygon,True,1,"[-123.245388, 48.824467]"
1279,Park,park,Community Park,Southern Gulf Islands Electoral Area (North Pender Island),ACT,True,Polygon,True,1,"[-123.292198, 48.765181]"
1280,Park,park,Community Park,Southern Gulf Islands Electoral Area (North Pender Island),ACT,True,Polygon,True,1,"[-123.291361, 48.765621]"
1281,Schooner at Reef Community Park,schooner at reef community park,Community Park,Southern Gulf Islands Electoral Area (North Pender Island),ACT,False,Polygon,True,1,"[-123.315145, 48.774775]"
1282,Capstan Lane Community Park,capstan lane community park,Community Park,Southern Gulf Islands Electoral Area (North Pender Island),ACT,False,Polygon,True,1,"[-123.295672, 48.765721]"
1284,Sticks Community Park,sticks community park,Community Park,Southern Gulf Islands Electoral Area (Galiano Island),ACT,False,Polygon,True,1,"[-123.386477, 48.910767]"
1285,West Sticks Community Park,west sticks community park,Community Park,Southern Gulf Islands Electoral Area (Galiano Island),ACT,False,Polygon,True,1,"[-123.398676, 48.916316]"
1287,Tricia Way Community Park,tricia way community park,Community Park,Southern Gulf Islands Electoral Area (Galiano Island),ACT,False,Polygon,True,1,"[-123.374918, 48.908217]"
1288,Claudette Park,claudette park,Municipal Park,City of Colwood,ACT,False,Polygon,True,1,"[-123.512344, 48.420786]"
1289,Sue Mar Park,sue mar park,Municipal Park,City of Colwood,ACT,False,Polygon,True,1,"[-123.494177, 48.41901]"
1290,Colquitz Park,colquitz park,Municipal Park,District of Saanich,ACT,False,Polygon,True,1,"[-123.395495, 48.461832]"
1291,Falaise Park,falaise park,Municipal Park,District of Saanich,ACT,False,Polygon,True,1,"[-123.380525, 48.500589]"
1292,Colquitz Park,colquitz park,Municipal Park,District of Saanich,ACT,False,Polygon,True,1,"[-123.400349, 48.466058]"
1293,Logan Park,logan park,Municipal Park,District of Saanich,ACT,False,Polygon,True,1,"[-123.432979, 48.497536]"
1294,Park,park,Municipal Park,District of Saanich,ACT,True,Polygon,True,1,"[-123.43749, 48.483887]"
1295,Feltham Park,feltham park,Municipal Park,District of Saanich,ACT,False,MultiPolygon,True,2,"[-123.341335, 48.47354]"
1296,Bow Park,bow park,Municipal Park,District of Saanich,ACT,False,Polygon,True,1,"[-123.340117, 48.473109]"
1297,Grafton Park,grafton park,Municipal Park,City of Colwood,ACT,False,Polygon,True,1,"[-123.482716, 48.416192]"
1298,Passage Park,passage park,Municipal Park,City of Colwood,ACT,False,Polygon,True,1,"[-123.481268, 48.416677]"
1299,Lookout Lake Park,lookout lake park,Municipal Park,City of Colwood,ACT,False,Polygon,True,1,"[-123.513755, 48.418726]"
1300,Colwood Creek Park,colwood creek park,Municipal Park,City of Colwood,ACT,False,Polygon,True,1,"[-123.504069, 48.43731]"
1301,Park,park,Municipal Park,City of Colwood,ACT,True,Polygon,True,1,"[-123.504415, 48.437746]"
1302,Peace Park,peace park,Municipal Park,City of Colwood,ACT,False,Polygon,True,1,"[-123.483563, 48.438499]"
1358,Gardom Pond Park,gardom pond park,Community Park,Southern Gulf Islands Electoral Area (North Pender Island),ACT,False,Polygon,True,1,"[-123.252604, 48.776238]"
1361,Sedgwick Park,sedgwick park,Municipal Park,City of Colwood,ACT,False,Polygon,True,1,"[-123.515325, 48.429761]"
1362,Afriston Park,afriston park,Municipal Park,City of Colwood,ACT,False,Polygon,True,1,"[-123.516938, 48.43028]"
1363,Pineridge Park,pineridge park,Municipal Park,District of Sooke,ACT,False,Polygon,True,1,"[-123.726162, 48.386661]"
1373,Burchill Park,burchill park,Municipal Park,Town of View Royal,ACT,False,Polygon,True,1,"[-123.465276, 48.457605]"
1374,Chancellor Park,chancellor park,Municipal Park,Town of View Royal,ACT,False,Polygon,True,1,"[-123.427103, 48.464614]"
1375,Duffus Trail Park,duffus trail park,Municipal Park,Town of View Royal,ACT,False,Polygon,True,1,"[-123.464046, 48.454387]"
1376,Edwards Park,edwards park,Municipal Park,Town of View Royal,ACT,False,Polygon,True,1,"[-123.4735, 48.455714]"
1377,Evelyn Heights Park,evelyn heights park,Municipal Park,Town of View Royal,ACT,False,Polygon,True,1,"[-123.448769, 48.467565]"
1378,Francis View Park,francis view park,Municipal Park,Town of View Royal,ACT,False,Polygon,True,1,"[-123.447596, 48.466017]"
1379,Garry Oak Meadows Park,garry oak meadows park,Municipal Park,Town of View Royal,ACT,False,Polygon,True,1,"[-123.464154, 48.460101]"
1380,Highbank Park,highbank park,Municipal Park,Town of View Royal,ACT,False,Polygon,True,1,"[-123.453156, 48.46029]"
1381,Kelvin Grove Park,kelvin grove park,Municipal Park,Town of View Royal,ACT,False,Polygon,True,1,"[-123.467038, 48.452232]"
1382,Mellor Park,mellor park,Municipal Park,Town of View Royal,ACT,False,Polygon,True,1,"[-123.457867, 48.454954]"
1383,Nursery Hill Park,nursery hill park,Municipal Park,Town of View Royal,ACT,False,Polygon,True,1,"[-123.46147, 48.460316]"
1384,Robin Hill Park,robin hill park,Municipal Park,Town of View Royal,ACT,False,Polygon,True,1,"[-123.470309, 48.458574]"
1385,Stoneridge Wetland Park,stoneridge wetland park,Municipal Park,Town of View Royal,ACT,False,Polygon,True,1,"[-123.439115, 48.466823]"
1387,Welland Legacy Park,welland legacy park,Municipal Park,Town of View Royal,ACT,False,Polygon,True,1,"[-123.421011, 48.464803]"
1388,Thomas Drive Park,thomas drive park,Municipal Park,Town of View Royal,ACT,False,Polygon,True,1,"[-123.430271, 48.459629]"
1389,Thomas Drive Park,thomas drive park,Municipal Park,Town of View Royal,ACT,False,Polygon,True,1,"[-123.431056, 48.460246]"
1390,Thomas Drive Park,thomas drive park,Municipal Park,Town of View Royal,ACT,False,Polygon,True,1,"[-123.430885, 48.460116]"
1391,Craigflower Farm Historic Site,craigflower farm historic site,Municipal Park,Town of View Royal,ACT,False,Polygon,True,1,"[-123.424442, 48.451766]"
1392,Game Nature Park,game nature park,Municipal Park,Town of View Royal,ACT,False,Polygon,True,1,"[-123.439979, 48.464572]"
1393,Parkcrest Park,parkcrest park,Municipal Park,Town of View Royal,ACT,False,Polygon,True,1,"[-123.43534, 48.462155]"
1394,Park,park,Municipal Park,Town of View Royal,ACT,True,Polygon,True,1,"[-123.448116, 48.461554]"
1395,Heddle Park,heddle park,Municipal Park,Town of View Royal,ACT,False,Polygon,True,1,"[-123.443969, 48.457523]"
1396,Bessborough Lane Park,bessborough lane park,Municipal Park,Town of View Royal,ACT,False,Polygon,True,1,"[-123.446381, 48.453327]"
1397,Park,park,Municipal Park,Town of View Royal,ACT,True,Polygon,True,1,"[-123.455902, 48.464037]"
1398,Marler Park,marler park,Municipal Park,Town of View Royal,ACT,False,Polygon,True,1,"[-123.454296, 48.464347]"
1399,Park,park,Municipal Park,Town of View Royal,ACT,True,Polygon,True,1,"[-123.468406, 48.460165]"
1400,Lime Kiln Park,lime kiln park,Municipal Park,Town of View Royal,ACT,False,Polygon,True,1,"[-123.459354, 48.454614]"
1401,Park,park,Municipal Park,Town of View Royal,ACT,True,Polygon,True,1,"[-123.467699, 48.453436]"
1402,Park,park,Municipal Park,Town of View Royal,ACT,True,Polygon,True,1,"[-123.468941, 48.456588]"
1403,Robin Hill Park,robin hill park,Municipal Park,Town of View Royal,ACT,False,Polygon,True,1,"[-123.470871, 48.457689]"
1404,Robin Hill Park,robin hill park,Municipal Park,Town of View Royal,ACT,False,Polygon,True,1,"[-123.471487, 48.456492]"
1405,Drummond Park,drummond park,Community Park,Salt Spring Island Electoral Area,ACT,False,Polygon,True,1,"[-123.46063, 48.769209]"
1408,Hereward Green,hereward green,Municipal Park,City of Victoria,ACT,False,Polygon,True,1,"[-123.393995, 48.434385]"
1410,Butler Trail,butler trail,Community Park,Juan de Fuca Electoral Area,ACT,False,MultiPolygon,True,2,"[-123.77096, 48.398852]"
1411,Musgrave Point Park,musgrave point park,Community Park,Salt Spring Island Electoral Area,ACT,False,Polygon,True,1,"[-123.54913, 48.749833]"
1412,Peace Park,peace park,Community Park,Salt Spring Island Electoral Area,ACT,False,Polygon,True,1,"[-123.501947, 48.851848]"
1413,Rainbow Road Recreation Centre,rainbow road recreation centre,Community Park,Salt Spring Island Electoral Area,ACT,False,Polygon,True,1,"[-123.511466, 48.855762]"
1414,Valerie's Place Park,valerie s place park,Community Park,Southern Gulf Islands Electoral Area (Galiano Island),ACT,False,Polygon,True,1,"[-123.585637, 48.998826]"
1415,Park,park,Community Park,Southern Gulf Islands Electoral Area,ACT,True,Polygon,True,1,"[-123.442092, 48.900181]"
1416,Park,park,Community Park,Southern Gulf Islands Electoral Area,ACT,True,Polygon,True,1,"[-123.442701, 48.90051]"
1417,Tricia Way Community Park,tricia way community park,Community Park,Southern Gulf Islands Electoral Area (Galiano Island),ACT,False,Polygon,True,1,"[-123.374638, 48.909478]"
1418,Bryant Hill Park,bryant hill park,Community Park,Salt Spring Island Electoral Area,ACT,False,Polygon,True,1,"[-123.470942, 48.791399]"
1420,Bryant Hill Trail,bryant hill trail,Community Park,Salt Spring Island Electoral Area,ACT,False,Polygon,True,1,"[-123.465403, 48.796124]"
1421,Mouat Park,mouat park,Community Park,Salt Spring Island Electoral Area,ACT,False,Polygon,True,1,"[-123.504985, 48.851924]"
1422,ArtSpring Community Arts Centre (Mouat Park),artspring community arts centre mouat park,Community Park,Salt Spring Island Electoral Area,ACT,False,Polygon,True,1,"[-123.503283, 48.852092]"
1423,Park,park,Community Park,Southern Gulf Islands Electoral Area,ACT,True,Polygon,True,1,"[-123.447723, 48.902849]"
1424,Zuker Road Shore Access,zuker road shore access,Community Park,Southern Gulf Islands Electoral Area (Galiano Island),ACT,False,Polygon,True,1,"[-123.350348, 48.865728]"
1425,Park,park,Community Park,Southern Gulf Islands Electoral Area (Galiano Island),ACT,True,Polygon,True,1,"[-123.320136, 48.870698]"
1427,Centennial Park,centennial park,Community Park,Salt Spring Island Electoral Area,ACT,False,Polygon,True,1,"[-123.498669, 48.852081]"
1428,Mouat Park,mouat park,Community Park,Salt Spring Island Electoral Area,ACT,False,Polygon,True,1,"[-123.510945, 48.852281]"
1429,Community Park,community park,Community Park,Southern Gulf Islands Electoral Area,ACT,True,Polygon,True,1,"[-123.240715, 48.764031]"
1430,Community Park,community park,Community Park,Southern Gulf Islands Electoral Area,ACT,True,Polygon,True,1,"[-123.237374, 48.762509]"
1431,Community Park,community park,Community Park,Southern Gulf Islands Electoral Area,ACT,True,Polygon,True,1,"[-123.230111, 48.760258]"
1432,Community Park,community park,Community Park,Southern Gulf Islands Electoral Area,ACT,True,Polygon,True,1,"[-123.224985, 48.759486]"
1435,Lillian Hoffar Park,lillian hoffar park,Municipal Park,District of North Saanich,ACT,False,Polygon,True,1,"[-123.415171, 48.669562]"
1436,Price Park,price park,Municipal Park,Town of View Royal,ACT,False,Polygon,True,1,"[-123.454564, 48.458516]"
1437,Nymph Point Park,nymph point park,Municipal Park,District of North Saanich,ACT,False,Polygon,True,1,"[-123.41669, 48.674758]"
1438,Park,park,Municipal Park,Town of Sidney,ACT,True,Polygon,True,1,"[-123.409638, 48.652979]"
1439,Colquitz Park,colquitz park,Municipal Park,District of Saanich,ACT,False,Polygon,True,1,"[-123.39578, 48.501629]"
1440,Tsehum Lagoon Park,tsehum lagoon park,Municipal Park,District of North Saanich,ACT,False,Polygon,True,1,"[-123.422269, 48.67534]"
1441,Cranford Park,cranford park,Municipal Park,District of Saanich,ACT,False,Polygon,True,1,"[-123.28559, 48.467101]"
1442,Beacon Hill Park,beacon hill park,Municipal Park,City of Victoria,ACT,False,Polygon,True,1,"[-123.36263, 48.412732]"
1443,Park,park,Municipal Park,District of North Saanich,ACT,True,Polygon,True,1,"[-123.429358, 48.684323]"
1444,H.M.S. Plumper Park,h m s plumper park,Municipal Park,District of North Saanich,ACT,False,Polygon,True,1,"[-123.406587, 48.676139]"
1445,Park,park,Municipal Park,City of Langford,ACT,True,Polygon,True,1,"[-123.510546, 48.464392]"
1446,Shaw Park,shaw park,Municipal Park,City of Langford,ACT,False,Polygon,True,1,"[-123.510341, 48.464359]"
1447,Park,park,Municipal Park,District of Saanich,ACT,True,MultiPolygon,True,2,"[-123.372515, 48.522502]"
1448,Leigh Road Beach,leigh road beach,Municipal Park,City of Langford,ACT,False,Polygon,True,1,"[-123.526357, 48.444374]"
1449,Turnstone Park,turnstone park,Municipal Park,City of Langford,ACT,False,Polygon,True,1,"[-123.529166, 48.424199]"
1450,Thrush Park,thrush park,Municipal Park,City of Langford,ACT,False,Polygon,True,1,"[-123.529136, 48.422705]"
1451,Turnstone Park,turnstone park,Municipal Park,City of Langford,ACT,False,Polygon,True,1,"[-123.530819, 48.423449]"
1452,Valley View Park,valley view park,Municipal Park,City of Langford,ACT,False,Polygon,True,1,"[-123.538484, 48.409547]"
1453,Desmond North Park,desmond north park,Municipal Park,City of Langford,ACT,False,Polygon,True,1,"[-123.514321, 48.413451]"
1454,Ernhill Park,ernhill park,Municipal Park,City of Langford,ACT,False,Polygon,True,1,"[-123.520308, 48.431018]"
1455,Spencer's Pond Park,spencer s pond park,Municipal Park,City of Langford,ACT,False,Polygon,True,1,"[-123.517205, 48.45194]"
1456,Bellamy Park,bellamy park,Municipal Park,City of Langford,ACT,False,Polygon,True,1,"[-123.488706, 48.471157]"
1457,Cedar Vale South Park,cedar vale south park,Municipal Park,City of Langford,ACT,False,Polygon,True,1,"[-123.485246, 48.456486]"
1458,Cornerstone Park,cornerstone park,Municipal Park,City of Langford,ACT,False,Polygon,True,1,"[-123.48923, 48.450322]"
1459,Selwyn Falls Park South,selwyn falls park south,Municipal Park,District of Langford,ACT,False,Polygon,True,1,"[-123.486295, 48.451913]"
1460,Atkins Park,atkins park,Municipal Park,City of Langford,ACT,False,Polygon,True,1,"[-123.479143, 48.447694]"
1461,VMP East Park,vmp east park,Municipal Park,City of Langford,ACT,False,Polygon,True,1,"[-123.500462, 48.44216]"
1462,Drummond Park,drummond park,Municipal Park,City of Colwood,ACT,False,Polygon,True,1,"[-123.508147, 48.429226]"
1463,Havenwood Park,havenwood park,Municipal Park,City of Colwood,ACT,False,MultiPolygon,True,2,"[-123.508601, 48.41354]"
1464,Elizabeth Anne Park,elizabeth anne park,Municipal Park,City of Colwood,ACT,False,Polygon,True,1,"[-123.502147, 48.407989]"
1465,Pondside Park,pondside park,Municipal Park,City of Colwood,ACT,False,Polygon,True,1,"[-123.502956, 48.405655]"
1466,Pit House Park,pit house park,Municipal Park,City of Colwood,ACT,False,Polygon,True,1,"[-123.47287, 48.419907]"
1467,Perimeter Park 2,perimeter park 2,Municipal Park,City of Colwood,ACT,False,Polygon,True,1,"[-123.47658, 48.413394]"
1468,Matilda Park,matilda park,Municipal Park,City of Colwood,ACT,False,Polygon,True,1,"[-123.474013, 48.424488]"
1469,Pioneer Cemetery,pioneer cemetery,Municipal Park,City of Colwood,ACT,False,Polygon,True,1,"[-123.487824, 48.438615]"
1470,Selica Park,selica park,Municipal Park,City of Langford,ACT,False,Polygon,True,1,"[-123.476061, 48.447854]"
1471,Millstream 2,millstream 2,Municipal Park,City of Colwood,ACT,False,Polygon,True,1,"[-123.47392, 48.447484]"
1472,Millstream Creek 1 Park,millstream creek 1 park,Municipal Park,City of Colwood,ACT,False,Polygon,True,1,"[-123.471275, 48.44728]"
1473,Park,park,Municipal Park,Township of Esquimalt,ACT,True,Polygon,True,1,"[-123.415365, 48.433078]"
1474,Wurtele Place Park,wurtele place park,Municipal Park,Township of Esquimalt,ACT,False,Polygon,True,1,"[-123.407784, 48.437594]"
1475,Denniston Water Access,denniston water access,Municipal Park,Township of Esquimalt,ACT,False,Polygon,True,1,"[-123.423104, 48.425657]"
1476,Saxe Point Park,saxe point park,Municipal Park,Township of Esquimalt,ACT,False,MultiPolygon,True,2,"[-123.417487, 48.423175]"
1477,Macaulay Point Park,macaulay point park,Municipal Park,Township of Esquimalt,ACT,False,Polygon,True,1,"[-123.409566, 48.418389]"
1478,Park,park,Municipal Park,Township of Esquimalt,ACT,True,Polygon,True,1,"[-123.415569, 48.421155]"
1479,Park,park,Municipal Park,Township of Esquimalt,ACT,True,Polygon,True,1,"[-123.39536, 48.44312]"
1480,Regatta Point Park,regatta point park,Municipal Park,City of Victoria,ACT,False,Polygon,True,1,"[-123.380486, 48.436488]"
1481,Transcanada Parkette,transcanada parkette,Municipal Park,City of Victoria,ACT,False,Polygon,True,1,"[-123.383126, 48.437674]"
1482,West-song Walkway,west song walkway,Municipal Park,City of Victoria,ACT,False,MultiPolygon,True,7,"[-123.391337, 48.42995]"
1483,West-song Walkway,west song walkway,Municipal Park,City of Victoria,ACT,False,Polygon,True,1,"[-123.381413, 48.426742]"
1484,Laurel Point Walkway,laurel point walkway,Municipal Park,City of Victoria,ACT,False,Polygon,True,1,"[-123.377504, 48.423796]"
1485,Todd Park,todd park,Municipal Park,City of Victoria,ACT,False,Polygon,True,1,"[-123.383274, 48.417843]"
1486,Cridge Park,cridge park,Municipal Park,City of Victoria,ACT,False,Polygon,True,1,"[-123.365057, 48.420311]"
1487,Wilmer Green,wilmer green,Municipal Park,City of Victoria,ACT,False,Polygon,True,1,"[-123.327354, 48.421921]"
1488,Terrace Park,terrace park,Municipal Park,City of Victoria,ACT,False,Polygon,True,1,"[-123.335293, 48.424615]"
1489,Fred Milne Play Field,fred milne play field,Municipal Park,District of Sooke,ACT,False,Polygon,True,1,"[-123.700413, 48.389385]"
1490,Valley View Park,valley view park,Municipal Park,District of Sooke,ACT,False,Polygon,True,1,"[-123.740895, 48.385543]"
1491,Demamiel Creek Park,demamiel creek park,Municipal Park,District of Sooke,ACT,False,Polygon,True,1,"[-123.721808, 48.393495]"
1492,Church Hill Meadows Park,church hill meadows park,Municipal Park,District of Sooke,ACT,False,Polygon,True,1,"[-123.722197, 48.385022]"
1493,Arranwood Park,arranwood park,Municipal Park,District of Sooke,ACT,False,MultiPolygon,True,2,"[-123.721336, 48.389134]"
1494,Saanich Water Access,saanich water access,Municipal Park,District of Saanich,ACT,False,Polygon,True,1,"[-123.445365, 48.511027]"
1495,Cy Hampson Park,cy hampson park,Municipal Park,District of North Saanich,ACT,False,Polygon,True,1,"[-123.405701, 48.620904]"
1496,Free Ride Park,free ride park,Municipal Park,District of North Saanich,ACT,False,Polygon,True,1,"[-123.431485, 48.657298]"
1497,Mermaid Park,mermaid park,Municipal Park,Town of Sidney,ACT,False,MultiPolygon,True,2,"[-123.402176, 48.659171]"
1499,Park,park,Municipal Park,Town of View Royal,ACT,True,Polygon,True,1,"[-123.429688, 48.469334]"
1500,Helmcken Centennial Park,helmcken centennial park,Municipal Park,Town of View Royal,ACT,False,Polygon,True,1,"[-123.430827, 48.461233]"
1502,Burchill Park,burchill park,Municipal Park,Town of View Royal,ACT,False,Polygon,True,1,"[-123.463858, 48.457578]"
1503,Millstream Park,millstream park,Municipal Park,City of Colwood,ACT,False,Polygon,True,1,"[-123.468402, 48.4489]"
1536,The Shores Park,the shores park,Community Park,Juan de Fuca Electoral Area,ACT,False,Polygon,True,1,"[-124.064868, 48.426278]"
1537,The Shores Park,the shores park,Community Park,Juan de Fuca Electoral Area,ACT,False,Polygon,True,1,"[-124.064557, 48.426141]"
1538,Swan Lake Nature Sanctuary,swan lake nature sanctuary,Municipal Park,District of Saanich,ACT,False,MultiPolygon,True,2,"[-123.372903, 48.463728]"
1545,Plumper Pass Community Park,plumper pass community park,Community Park,Southern Gulf Islands Electoral Area (Mayne Island),ACT,False,Polygon,True,1,"[-123.294508, 48.842403]"
1546,Becher Bay Community Park,becher bay community park,Community Park,Juan de Fuca Electoral Area,ACT,False,Polygon,True,1,"[-123.627746, 48.336998]"
1548,Westhills Park,westhills park,Municipal Park,City of Langford,ACT,False,Polygon,True,1,"[-123.535052, 48.441526]"
1567,Blanshard Park,blanshard park,Municipal Park,District of Saanich,ACT,False,Polygon,True,1,"[-123.37115, 48.454732]"
1568,Ashby Court Park,ashby court park,Municipal Park,Town of Sidney,ACT,False,Polygon,True,1,"[-123.403863, 48.660254]"
1592,Park,park,Municipal Park,District of Metchosin,ACT,True,Polygon,True,1,"[-123.502122, 48.39696]"
1593,Park,park,Municipal Park,District of Metchosin,ACT,True,Polygon,True,1,"[-123.500046, 48.39543]"
1594,Park,park,Municipal Park,District of Metchosin,ACT,True,Polygon,True,1,"[-123.498613, 48.394162]"
1595,Branson Trail Park,branson trail park,Municipal Park,District of Metchosin,ACT,False,Polygon,True,1,"[-123.50655, 48.392628]"
1596,Branson Trail Park,branson trail park,Municipal Park,District of Metchosin,ACT,False,Polygon,True,1,"[-123.506244, 48.39304]"
1604,Cotton Park Community Park,cotton park community park,Community Park,Southern Gulf Islands Electoral Area (Mayne Island),ACT,False,Polygon,True,1,"[-123.294973, 48.870748]"
1605,Park,park,Municipal Park,District of Highlands,ACT,True,Polygon,True,1,"[-123.498043, 48.495338]"
1711,Katie's Pond,katie s pond,Municipal Park,City of Langford,ACT,False,Polygon,True,1,"[-123.531644, 48.421155]"
1712,McCormick Park,mccormick park,Municipal Park,City of Langford,ACT,False,Polygon,True,1,"[-123.53146, 48.417999]"
1713,Fashoda Park,fashoda park,Municipal Park,City of Langford,ACT,False,Polygon,True,1,"[-123.53729, 48.413892]"
1714,Park,park,Municipal Park,City of Langford,ACT,True,Polygon,True,1,"[-123.532644, 48.407878]"
1715,Park,park,Municipal Park,City of Langford,ACT,True,Polygon,True,1,"[-123.534219, 48.427648]"
1716,Park,park,Municipal Park,City of Langford,ACT,True,Polygon,True,1,"[-123.535761, 48.425123]"
1717,Park,park,Municipal Park,City of Langford,ACT,True,Polygon,True,1,"[-123.51847, 48.428473]"
1718,Park,park,Municipal Park,City of Langford,ACT,True,Polygon,True,1,"[-123.529802, 48.41415]"
1719,Park,park,Municipal Park,City of Langford,ACT,True,Polygon,True,1,"[-123.52673, 48.414454]"
1720,Park,park,Municipal Park,City of Langford,ACT,True,Polygon,True,1,"[-123.525724, 48.416025]"
1721,Park,park,Municipal Park,City of Langford,ACT,True,Polygon,True,1,"[-123.522029, 48.412973]"
1722,Park,park,Municipal Park,City of Langford,ACT,True,Polygon,True,1,"[-123.519361, 48.412448]"
1723,Park,park,Municipal Park,City of Langford,ACT,True,Polygon,True,1,"[-123.51835, 48.412022]"
1724,Park,park,Municipal Park,City of Langford,ACT,True,Polygon,True,1,"[-123.517016, 48.412099]"
1725,Park,park,Municipal Park,City of Langford,ACT,True,Polygon,True,1,"[-123.515498, 48.411337]"
1726,Park,park,Municipal Park,City of Langford,ACT,True,Polygon,True,1,"[-123.5479, 48.427868]"
1727,Park,park,Municipal Park,City of Langford,ACT,True,Polygon,True,1,"[-123.539386, 48.441609]"
1728,Park,park,Municipal Park,City of Langford,ACT,True,Polygon,True,1,"[-123.537383, 48.441626]"
1729,Park,park,Municipal Park,City of Langford,ACT,True,Polygon,True,1,"[-123.538924, 48.442072]"
1730,Park,park,Municipal Park,City of Langford,ACT,True,Polygon,True,1,"[-123.536013, 48.444375]"
1731,Park,park,Municipal Park,City of Langford,ACT,True,Polygon,True,1,"[-123.532006, 48.443741]"
1732,Park,park,Municipal Park,City of Langford,ACT,True,Polygon,True,1,"[-123.53396, 48.443735]"
1733,Park,park,Municipal Park,City of Langford,ACT,True,Polygon,True,1,"[-123.530348, 48.444159]"
1734,Sarah Beckett Memorial Playground,sarah beckett memorial playground,Municipal Park,City of Langford,ACT,False,Polygon,True,1,"[-123.523478, 48.442226]"
1735,Park,park,Municipal Park,City of Langford,ACT,True,Polygon,True,1,"[-123.543936, 48.44512]"
1736,Park,park,Municipal Park,City of Langford,ACT,True,Polygon,True,1,"[-123.542438, 48.452356]"
1737,Goldstream Meadows Park,goldstream meadows park,Municipal Park,City of Langford,ACT,False,Polygon,True,1,"[-123.533883, 48.454438]"
1738,Park,park,Municipal Park,City of Langford,ACT,True,Polygon,True,1,"[-123.535753, 48.455773]"
1739,Park,park,Municipal Park,City of Langford,ACT,True,Polygon,True,1,"[-123.53766, 48.456227]"
1740,Park,park,Municipal Park,City of Langford,ACT,True,Polygon,True,1,"[-123.539118, 48.4577]"
1741,Park,park,Municipal Park,City of Langford,ACT,True,Polygon,True,1,"[-123.530117, 48.451558]"
1742,South Point Park,south point park,Municipal Park,City of Langford,ACT,False,Polygon,True,1,"[-123.519943, 48.459933]"
1743,Park,park,Municipal Park,City of Langford,ACT,True,MultiPolygon,True,3,"[-123.512306, 48.45495]"
1744,Park,park,Municipal Park,City of Langford,ACT,True,Polygon,True,1,"[-123.509197, 48.458529]"
1745,Park,park,Municipal Park,City of Langford,ACT,True,Polygon,True,1,"[-123.509176, 48.460783]"
1746,Florence Lake Park North,florence lake park north,Municipal Park,City of Langford,ACT,False,Polygon,True,1,"[-123.512641, 48.461128]"
1747,Park,park,Municipal Park,City of Langford,ACT,True,Polygon,True,1,"[-123.522209, 48.458113]"
1748,Park,park,Municipal Park,City of Langford,ACT,True,Polygon,True,1,"[-123.527151, 48.457671]"
1749,Park,park,Municipal Park,City of Langford,ACT,True,Polygon,True,1,"[-123.521733, 48.457539]"
1750,Park,park,Municipal Park,City of Langford,ACT,True,Polygon,True,1,"[-123.52855, 48.461025]"
1751,Park,park,Municipal Park,City of Langford,ACT,True,MultiPolygon,True,2,"[-123.53858, 48.467261]"
1752,Flying Firemen Park,flying firemen park,Municipal Park,City of Langford,ACT,False,Polygon,True,1,"[-123.537422, 48.469964]"
1753,Park,park,Municipal Park,City of Langford,ACT,True,Polygon,True,1,"[-123.526376, 48.47447]"
1754,Park,park,Municipal Park,City of Langford,ACT,True,Polygon,True,1,"[-123.490278, 48.458679]"
1755,Meadow Park,meadow park,Municipal Park,City of Colwood,ACT,False,MultiPolygon,True,2,"[-123.48887, 48.411788]"
1757,Coleman Park,coleman park,Municipal Park,City of Colwood,ACT,False,Polygon,True,1,"[-123.508223, 48.404364]"
1758,Coleman Park,coleman park,Municipal Park,City of Colwood,ACT,False,Polygon,True,1,"[-123.508203, 48.40486]"
1759,Coleman Park,coleman park,Municipal Park,City of Colwood,ACT,False,Polygon,True,1,"[-123.507664, 48.40537]"
1760,Coleman Park,coleman park,Municipal Park,City of Colwood,ACT,False,Polygon,True,1,"[-123.507048, 48.405368]"
1761,Park,park,Municipal Park,City of Colwood,ACT,True,Polygon,True,1,"[-123.507418, 48.407441]"
1762,Park,park,Municipal Park,City of Colwood,ACT,True,Polygon,True,1,"[-123.502299, 48.406829]"
1763,Park,park,Municipal Park,City of Colwood,ACT,True,MultiPolygon,True,2,"[-123.505442, 48.405942]"
1764,Park,park,Municipal Park,City of Colwood,ACT,True,Polygon,True,1,"[-123.508357, 48.405681]"
1765,Park,park,Municipal Park,City of Colwood,ACT,True,Polygon,True,1,"[-123.50256, 48.399437]"
1766,Regency Park,regency park,Municipal Park,City of Colwood,ACT,False,Polygon,True,1,"[-123.496306, 48.412775]"
1767,Regency Park,regency park,Municipal Park,City of Colwood,ACT,False,Polygon,True,1,"[-123.498394, 48.411648]"
1768,Park,park,Municipal Park,City of Colwood,ACT,True,Polygon,True,1,"[-123.484334, 48.412342]"
1770,Miner's Bay Community Park,miner s bay community park,Community Park,Southern Gulf Islands Electoral Area,ACT,False,Polygon,True,1,"[-123.299542, 48.850879]"
1771,Park,park,Municipal Park,District of North Saanich,ACT,True,Polygon,True,1,"[-123.429059, 48.683251]"
1775,Park,park,Municipal Park,District of Highlands,ACT,True,Polygon,True,1,"[-123.458943, 48.513689]"
1776,Park,park,Municipal Park,District of Highlands,ACT,True,MultiPolygon,True,2,"[-123.469447, 48.51402]"
1778,Park,park,Community Park,Southern Gulf Islands Electoral Area (Galiano Island),ACT,True,MultiPolygon,True,2,"[-123.355589, 48.86101]"
1779,Park,park,Municipal Park,City of Langford,ACT,True,Polygon,True,1,"[-123.534247, 48.434821]"
1780,Musgrave Green Belt,musgrave green belt,Community Park,Salt Spring Island Electoral Area,ACT,False,MultiPolygon,True,2,"[-123.538373, 48.743927]"
1781,Admiral’s Forest Park,admiral s forest park,Community Park,Juan de Fuca Electoral Area,ACT,False,Polygon,True,1,"[-123.823972, 48.368999]"
1793,Eagles Lake Park,eagles lake park,Municipal Park,District of Highlands,ACT,False,Polygon,True,1,"[-123.46147, 48.50921]"
1797,Harlequin Park,harlequin park,Municipal Park,City of Langford,ACT,False,MultiPolygon,True,2,"[-123.550007, 48.45411]"
1827,Bob Mountain Trail Park,bob mountain trail park,Municipal Park,District of Metchosin,ACT,False,Polygon,True,1,"[-123.58404, 48.36436]"
1828,Park (Matheson Lake Trail),park matheson lake trail,Municipal Park,District of Metchosin,ACT,False,Polygon,True,1,"[-123.595327, 48.367124]"
1829,Park,park,Municipal Park,District of Metchosin,ACT,True,Polygon,True,1,"[-123.577377, 48.366414]"
1830,Park,park,Municipal Park,District of Metchosin,ACT,True,Polygon,True,1,"[-123.580803, 48.369105]"
1831,Park,park,Municipal Park,District of Metchosin,ACT,True,Polygon,True,1,"[-123.580706, 48.36924]"
1832,Park,park,Municipal Park,District of Metchosin,ACT,True,Polygon,True,1,"[-123.580147, 48.370323]"
1833,Park,park,Municipal Park,District of Metchosin,ACT,True,Polygon,True,1,"[-123.578456, 48.373289]"
1834,Eleanor Mann Park,eleanor mann park,Municipal Park,District of Metchosin,ACT,False,Polygon,True,1,"[-123.577102, 48.375747]"
1835,Park (Horse Trail),park horse trail,Municipal Park,District of Metchosin,ACT,False,MultiPolygon,True,2,"[-123.588976, 48.372686]"
1836,Park (Lisandra Trail),park lisandra trail,Municipal Park,District of Metchosin,ACT,False,Polygon,True,1,"[-123.583876, 48.373225]"
1837,Park,park,Municipal Park,District of Metchosin,ACT,True,Polygon,True,1,"[-123.573007, 48.382506]"
1838,Blinkhorn Nature Park,blinkhorn nature park,Municipal Park,District of Metchosin,ACT,False,Polygon,True,1,"[-123.577911, 48.390844]"
1839,Blinkhorn Nature Park,blinkhorn nature park,Municipal Park,District of Metchosin,ACT,False,Polygon,True,1,"[-123.573376, 48.388208]"
1841,Sunriver Nature Trail Park,sunriver nature trail park,Municipal Park,District of Sooke,ACT,False,Polygon,True,1,"[-123.70503, 48.396855]"
1842,Otter Point Park,otter point park,Community Park,Juan de Fuca Electoral Area,ACT,False,Polygon,True,1,"[-123.823404, 48.358117]"
1843,Brotherstone Park,brotherstone park,Community Park,Juan de Fuca Electoral Area,ACT,False,Polygon,True,1,"[-123.809796, 48.363422]"
1844,Park,park,Municipal Park,District of Metchosin,ACT,True,Polygon,True,1,"[-123.56112, 48.367078]"
1845,Lisandra Trail Park,lisandra trail park,Municipal Park,District of Metchosin,ACT,False,Polygon,True,1,"[-123.557219, 48.37362]"
1848,Haldon Park,haldon park,Municipal Park,District of Central Saanich,ACT,False,Polygon,True,1,"[-123.443383, 48.607653]"
1849,Thomson Place Park,thomson place park,Municipal Park,District of Central Saanich,ACT,False,Polygon,True,1,"[-123.450093, 48.598351]"
1850,Bazan Bay Park,bazan bay park,Municipal Park,District of North Saanich,ACT,False,Polygon,True,1,"[-123.408612, 48.624944]"
1851,Park,park,Municipal Park,City of Langford,ACT,True,Polygon,True,1,"[-123.541656, 48.434531]"
1862,St. John's Church,st john s church,Municipal Park,City of Colwood,ACT,False,Polygon,True,1,"[-123.488822, 48.438628]"
1863,Herm Williams Park,herm williams park,Municipal Park,City of Colwood,ACT,False,Polygon,True,1,"[-123.495289, 48.436633]"
1866,Esquimalt Lagoon Park,esquimalt lagoon park,Municipal Park,City of Colwood,ACT,False,MultiPolygon,True,7,"[-123.456488, 48.430243]"
1867,Copper Mine Park,copper mine park,Community Park,Juan de Fuca Electoral Area,ACT,False,Polygon,True,1,"[-123.678395, 48.363915]"
1868,Copper Mine Park,copper mine park,Community Park,Juan de Fuca Electoral Area,ACT,False,Polygon,True,1,"[-123.677159, 48.36357]"
1875,Park,park,Municipal Park,City of Langford,ACT,True,Polygon,True,1,"[-123.512612, 48.468865]"
1876,Park,park,Municipal Park,City of Langford,ACT,True,Polygon,True,1,"[-123.514753, 48.469473]"
1877,Park,park,Municipal Park,City of Langford,ACT,True,Polygon,True,1,"[-123.513751, 48.472522]"
1878,Park,park,Municipal Park,City of Langford,ACT,True,Polygon,True,1,"[-123.508716, 48.472854]"
1879,Park,park,Municipal Park,City of Langford,ACT,True,Polygon,True,1,"[-123.505446, 48.468848]"
1880,Park,park,Municipal Park,City of Langford,ACT,True,Polygon,True,1,"[-123.516486, 48.459732]"
1881,Park,park,Municipal Park,City of Langford,ACT,True,Polygon,True,1,"[-123.520474, 48.460039]"
1882,Park,park,Municipal Park,City of Langford,ACT,True,Polygon,True,1,"[-123.523669, 48.459438]"
1883,Centennial Park,centennial park,Municipal Park,City of Langford,ACT,False,Polygon,True,1,"[-123.513104, 48.448604]"
1884,Langford Lake Park North,langford lake park north,Municipal Park,City of Langford,ACT,False,Polygon,True,1,"[-123.521873, 48.44944]"
1886,Rotary Park,rotary park,Community Park,Salt Spring Island Electoral Area,ACT,False,MultiPolygon,True,2,"[-123.499661, 48.85416]"
1891,Mount Maxwell Community Park,mount maxwell community park,Community Park,Salt Spring Island Electoral Area,ACT,False,Polygon,True,1,"[-123.512687, 48.811275]"
1899,Nature Reserve,nature reserve,Municipal Park,District of Metchosin,ACT,False,Polygon,True,1,"[-123.576284, 48.415579]"
1904,Portage Inlet Linear Park,portage inlet linear park,Municipal Park,Town of View Royal,ACT,False,Polygon,True,1,"[-123.423137, 48.463618]"
1905,Portage Inlet Linear Park,portage inlet linear park,Municipal Park,District of Saanich,ACT,False,Polygon,True,1,"[-123.420783, 48.463754]"
1906,Portage Park,portage park,Municipal Park,Town of View Royal,ACT,False,Polygon,True,1,"[-123.434971, 48.448136]"
1907,Colwood Creek Park,colwood creek park,Municipal Park,City of Colwood,ACT,False,MultiPolygon,True,2,"[-123.509265, 48.433659]"
1908,Colwood Creek Park,colwood creek park,Municipal Park,City of Colwood,ACT,False,Polygon,True,1,"[-123.509895, 48.436339]"
1912,Park,park,Municipal Park,Town of View Royal,ACT,True,Polygon,True,1,"[-123.436641, 48.463788]"
1913,Park,park,Municipal Park,Town of View Royal,ACT,True,MultiPolygon,True,2,"[-123.440244, 48.463527]"
1915,Millstream Creek Park,millstream creek park,Municipal Park,City of Colwood,ACT,False,Polygon,True,1,"[-123.472277, 48.447124]"
1917,Gamble Park,gamble park,Municipal Park,City of Colwood,ACT,False,Polygon,True,1,"[-123.476403, 48.446265]"
1918,Wilfert Park,wilfert park,Municipal Park,Town of View Royal,ACT,False,Polygon,True,1,"[-123.467316, 48.449343]"
1919,Colquitz Park,colquitz park,Municipal Park,District of Saanich,ACT,False,Polygon,True,1,"[-123.409107, 48.458963]"
1920,Cuthbert Holmes Park,cuthbert holmes park,Municipal Park,District of Saanich,ACT,False,Polygon,True,1,"[-123.39975, 48.456934]"
1921,Park,park,Municipal Park,District of Saanich,ACT,True,Polygon,True,1,"[-123.406448, 48.458463]"
1922,Cuthbert Holmes Park,cuthbert holmes park,Municipal Park,District of Saanich,ACT,False,Polygon,True,1,"[-123.401929, 48.458086]"
1923,Tillicum Park,tillicum park,Municipal Park,District of Saanich,ACT,False,Polygon,True,1,"[-123.399459, 48.454259]"
1924,Colquitz Park,colquitz park,Municipal Park,District of Saanich,ACT,False,Polygon,True,1,"[-123.406019, 48.457054]"
1943,Park,park,Municipal Park,City of Colwood,ACT,True,Polygon,True,1,"[-123.503129, 48.414322]"
1944,Latoria Walk Park,latoria walk park,Municipal Park,City of Colwood,ACT,False,MultiPolygon,True,2,"[-123.512084, 48.410125]"
1945,Granrose Park,granrose park,Municipal Park,City of Colwood,ACT,False,Polygon,True,1,"[-123.509703, 48.412251]"
1950,Fishboat Bay Park,fishboat bay park,Community Park,Juan de Fuca Electoral Area,ACT,False,Polygon,True,1,"[-123.974669, 48.393355]"
1951,Fishboat Bay Park,fishboat bay park,Community Park,Juan de Fuca Electoral Area,ACT,False,Polygon,True,1,"[-123.973142, 48.394964]"
1952,Fishboat Bay Park,fishboat bay park,Community Park,Juan de Fuca Electoral Area,ACT,False,Polygon,True,1,"[-123.969331, 48.395081]"
1958,Sooke River Park,sooke river park,Municipal Park,District of Sooke,ACT,False,MultiPolygon,True,5,"[-123.702293, 48.389754]"
1959,Morningside Park,morningside park,Community Park,Salt Spring Island Electoral Area,ACT,False,Polygon,True,1,"[-123.444373, 48.768293]"
1965,Park,park,Municipal Park,City of Langford,ACT,True,Polygon,True,1,"[-123.483235, 48.450985]"
1967,Park,park,Municipal Park,District of Metchosin,ACT,True,MultiPolygon,True,2,"[-123.5342, 48.399007]"
1968,Park,park,Municipal Park,District of Metchosin,ACT,True,MultiPolygon,True,3,"[-123.539807, 48.398238]"
