{"type":"Feature","properties":{"id":"bc-land-focus","sourceName":"Statistics Canada, 2021 Census Cartographic Boundary File","sourceUrl":"https://geo.statcan.gc.ca/geo_wa/rest/services/2021/Cartographic_boundary_files/MapServer/0","minIslandAreaKm2":0.5,"sourceLicenseUrl":"https://open.canada.ca/en/open-government-licence-canada"},"geometry":{"type":"MultiPolygon","coordinates":[[[[-130.9366,52.0936],[-130.9397,52.0775],[-130.9881,52.0593],[-131.024,52.0684],[-131.0251,52.052],[-131.0727,52.0761],[-131.0545,52.0378],[-130.9771,52.0111],[-131.0568,52.0227],[-131.0097,51.9834],[-131.0421,51.9679],[-131.014,51.9445],[-131.0502,51.9529],[-131.1092,52.0014],[-131.0769,52.0234],[-131.0811,52.0389],[-131.1032,52.0382],[-131.1106,52.069],[-131.1299,52.0734],[-131.1122,52.0806],[-131.1328,52.1023],[-131.1146,52.1518],[-131.0526,52.1497],[-131.0212,52.1238],[-131.0655,52.1237],[-131.0175,52.1138],[-131.0211,52.096],[-130.9981,52.0896],[-130.9973,52.1113],[-130.9366,52.0936]]],[[[-131.2333,52.0947],[-131.2224,52.104],[-131.209,52.0863],[-131.2333,52.0947]]],[[[-131.2444,52.3729],[-131.2611,52.3443],[-131.3061,52.35],[-131.3169,52.3253],[-131.3316,52.3277],[-131.3708,52.419],[-131.3494,52.4285],[-131.2386,52.4466],[-131.2439,52.4234],[-131.3273,52.354],[-131.2962,52.3592],[-131.2887,52.38],[-131.2762,52.3772],[-131.2828,52.3641],[-131.2444,52.3729]]],[[[-131.3545,52.465],[-131.3589,52.4343],[-131.3878,52.4397],[-131.3853,52.46],[-131.3545,52.465]]],[[[-131.3723,52.5858],[-131.347,52.5619],[-131.3924,52.5407],[-131.4366,52.5637],[-131.3723,52.5858]]],[[[-131.4843,52.5875],[-131.4379,52.6148],[-131.4561,52.5823],[-131.4843,52.5875]]],[[[-131.4831,52.5986],[-131.5104,52.6076],[-131.4674,52.6111],[-131.4831,52.5986]]],[[[-131.5903,52.7068],[-131.5648,52.6807],[-131.5329,52.7246],[-131.4883,52.7385],[-131.4453,52.712],[-131.4581,52.6925],[-131.4395,52.6856],[-131.4636,52.6746],[-131.4583,52.6408],[-131.4774,52.6195],[-131.5199,52.6164],[-131.6056,52.656],[-131.5903,52.6424],[-131.6144,52.6435],[-131.5996,52.6349],[-131.6101,52.6303],[-131.5463,52.5987],[-131.5682,52.5938],[-131.6211,52.6371],[-131.5773,52.5958],[-131.5809,52.5806],[-131.6053,52.5833],[-131.6627,52.639],[-131.6634,52.6524],[-131.6405,52.6507],[-131.7299,52.7075],[-131.69,52.7327],[-131.5784,52.7266],[-131.578,52.7147],[-131.6789,52.7136],[-131.6856,52.6999],[-131.6337,52.7072],[-131.6467,52.6929],[-131.6329,52.687],[-131.5903,52.7068]]],[[[-132.0221,53.1946],[-131.9821,53.2011],[-131.993,53.2175],[-131.9614,53.2125],[-131.9216,53.2404],[-131.8482,53.2366],[-131.8227,53.2608],[-131.8027,53.2539],[-131.8068,53.2344],[-131.773,53.1971],[-131.7787,53.1727],[-131.8006,53.1614],[-131.7645,53.1607],[-131.7628,53.1428],[-131.7117,53.1498],[-131.6917,53.1115],[-131.6455,53.1091],[-131.6314,53.0457],[-131.6064,53.0341],[-131.6514,53.0312],[-131.6564,53.0453],[-131.7593,53.0496],[-131.8057,53.068],[-131.8874,53.0643],[-131.9279,53.0473],[-132.0304,53.0563],[-132.0189,53.0518],[-132.0325,53.0521],[-132.0295,53.0374],[-131.9551,53.0371],[-131.9641,53.0137],[-131.9118,52.9696],[-131.9036,52.9399],[-131.9715,52.9375],[-131.8936,52.9121],[-132.0118,52.8779],[-131.8889,52.8919],[-131.8457,52.8617],[-131.8785,52.865],[-131.864,52.8509],[-131.8864,52.8327],[-131.8516,52.8338],[-131.8402,52.809],[-131.8115,52.7954],[-131.6567,52.81],[-131.656,52.7973],[-131.7012,52.7846],[-131.7587,52.7878],[-131.7992,52.7561],[-131.8464,52.7704],[-131.8892,52.7511],[-131.875,52.7398],[-131.8846,52.7519],[-131.8259,52.76],[-131.8033,52.7425],[-131.8486,52.7039],[-131.8273,52.7148],[-131.8076,52.7025],[-131.8052,52.7187],[-131.7673,52.7061],[-131.7707,52.6914],[-131.7398,52.6919],[-131.6878,52.6217],[-131.7635,52.6337],[-131.6771,52.595],[-131.7148,52.5792],[-131.6827,52.5885],[-131.6184,52.5673],[-131.6364,52.5479],[-131.6589,52.5523],[-131.6511,52.5402],[-131.6921,52.5527],[-131.6712,52.5418],[-131.6771,52.5315],[-131.6111,52.5333],[-131.6182,52.5073],[-131.5754,52.5369],[-131.5379,52.5267],[-131.582,52.4885],[-131.5236,52.5172],[-131.4734,52.504],[-131.4721,52.4777],[-131.5133,52.4684],[-131.4645,52.4739],[-131.4803,52.4437],[-131.456,52.4699],[-131.4249,52.4663],[-131.4265,52.4083],[-131.452,52.3912],[-131.4395,52.3801],[-131.4118,52.4091],[-131.3925,52.3994],[-131.3839,52.3726],[-131.4066,52.3508],[-131.3626,52.3763],[-131.3513,52.3503],[-131.3712,52.3451],[-131.3446,52.3388],[-131.3526,52.3249],[-131.3378,52.3139],[-131.3514,52.3054],[-131.3332,52.3034],[-131.3229,52.2756],[-131.3067,52.3026],[-131.2413,52.2451],[-131.2189,52.2622],[-131.2676,52.2876],[-131.2562,52.2997],[-131.2194,52.2916],[-131.2145,52.3132],[-131.1737,52.3262],[-131.1434,52.318],[-131.1672,52.2948],[-131.1371,52.3113],[-131.1349,52.2942],[-131.1577,52.2786],[-131.0913,52.2884],[-131.085,52.2484],[-131.1903,52.2248],[-131.142,52.2333],[-131.123,52.2133],[-131.0977,52.2257],[-131.0799,52.2149],[-131.0321,52.2332],[-131.0006,52.2144],[-131.0143,52.1806],[-131.0452,52.1633],[-131.111,52.1621],[-131.1187,52.1933],[-131.153,52.2055],[-131.1373,52.1896],[-131.1418,52.1391],[-131.1835,52.1183],[-131.2127,52.139],[-131.2206,52.1835],[-131.2942,52.2434],[-131.2332,52.1594],[-131.2451,52.1459],[-131.2324,52.1282],[-131.2618,52.1188],[-131.2856,52.1489],[-131.3116,52.1477],[-131.2958,52.1578],[-131.3465,52.2005],[-131.3416,52.2178],[-131.355,52.2179],[-131.3514,52.2395],[-131.3739,52.273],[-131.3644,52.1825],[-131.429,52.221],[-131.4605,52.2731],[-131.5083,52.293],[-131.5111,52.3214],[-131.5603,52.3256],[-131.531,52.3484],[-131.5759,52.3445],[-131.5778,52.3649],[-131.5998,52.3775],[-131.5902,52.4006],[-131.544,52.4091],[-131.5053,52.3945],[-131.5174,52.4158],[-131.5537,52.4232],[-131.5472,52.4381],[-131.6102,52.4139],[-131.6323,52.4422],[-131.6197,52.4526],[-131.6488,52.451],[-131.6586,52.4823],[-131.7689,52.5046],[-131.7933,52.5241],[-131.7478,52.5343],[-131.8026,52.5286],[-131.8074,52.5444],[-131.8405,52.5555],[-131.7847,52.5827],[-131.8484,52.5594],[-131.8959,52.5827],[-131.8792,52.5865],[-131.9062,52.5875],[-131.9093,52.6053],[-131.8598,52.6136],[-131.9335,52.616],[-131.9373,52.6316],[-131.9246,52.6301],[-131.9417,52.6434],[-131.881,52.6532],[-131.9385,52.6476],[-131.9492,52.6656],[-131.9533,52.6503],[-131.9789,52.6475],[-132.001,52.6677],[-131.9883,52.6763],[-132.0201,52.6716],[-132.1084,52.7344],[-132.0358,52.7674],[-131.9814,52.7177],[-131.9832,52.7369],[-132.0245,52.7695],[-132.0146,52.7837],[-131.9171,52.7143],[-131.9632,52.7562],[-131.9387,52.7559],[-131.969,52.7953],[-132.031,52.8002],[-132.0843,52.8581],[-132.0918,52.8452],[-132.0594,52.8147],[-132.0614,52.7913],[-132.0987,52.7867],[-132.1082,52.7437],[-132.1217,52.7569],[-132.1379,52.745],[-132.1701,52.7849],[-132.1917,52.784],[-132.185,52.7967],[-132.2355,52.8001],[-132.2642,52.8397],[-132.2418,52.8616],[-132.152,52.8442],[-132.2253,52.8619],[-132.1988,52.8789],[-132.2601,52.8638],[-132.3261,52.8942],[-132.2592,52.9203],[-132.3169,52.9039],[-132.3656,52.9291],[-132.3567,52.9475],[-132.2859,52.9594],[-132.1655,52.9298],[-132.2299,52.9606],[-132.2135,52.9694],[-132.1315,52.9341],[-132.1906,52.967],[-132.1664,52.9766],[-132.1147,52.9575],[-132.1569,52.9779],[-132.1367,52.9935],[-132.0739,52.9675],[-132.1384,52.9998],[-132.2025,52.9951],[-132.2571,53.0184],[-132.3606,53.0261],[-132.2622,53.0607],[-132.3874,53.0271],[-132.4381,53.0452],[-132.4976,53.0273],[-132.5335,53.0454],[-132.526,53.0665],[-132.4976,53.0687],[-132.5517,53.0687],[-132.574,53.0825],[-132.5706,53.0967],[-132.3933,53.1038],[-132.3924,53.1275],[-132.3018,53.1532],[-132.232,53.1393],[-132.1341,53.1607],[-132.1136,53.1513],[-132.1428,53.1444],[-132.0809,53.1484],[-132.0221,53.1946]]],[[[-131.7239,52.7321],[-131.7316,52.7115],[-131.7652,52.7307],[-131.7658,52.7596],[-131.7239,52.7321]]],[[[-131.7556,52.7692],[-131.6419,52.7784],[-131.6094,52.753],[-131.7108,52.7457],[-131.7556,52.7692]]],[[[-131.9653,52.7536],[-131.986,52.7712],[-131.9656,52.7635],[-131.9653,52.7536]]],[[[-131.5906,52.7509],[-131.5753,52.7753],[-131.5492,52.7701],[-131.5906,52.7509]]],[[[-131.841,52.8465],[-131.751,52.8606],[-131.7211,52.8452],[-131.7595,52.8434],[-131.7462,52.8382],[-131.6451,52.8336],[-131.7397,52.8072],[-131.8302,52.8189],[-131.8491,52.8378],[-131.841,52.8465]]],[[[-131.5442,52.8702],[-131.49,52.8777],[-131.5154,52.8618],[-131.5442,52.8702]]],[[[-131.6405,52.9116],[-131.6205,52.9002],[-131.656,52.9039],[-131.6922,52.8652],[-131.7952,52.8865],[-131.8216,52.884],[-131.782,52.8798],[-131.818,52.8669],[-131.8987,52.9366],[-131.9096,52.9771],[-131.9301,52.9923],[-131.927,53.0156],[-131.8781,53.0384],[-131.8204,53.0374],[-131.7557,53.01],[-131.6628,52.9994],[-131.6033,52.9635],[-131.6424,52.9441],[-131.6179,52.9293],[-131.6405,52.9116]]],[[[-132.3277,52.9631],[-132.3207,52.9772],[-132.3346,52.9894],[-132.3785,53.0051],[-132.2923,53.0052],[-132.1896,52.9799],[-132.3277,52.9631]]],[[[-132.429,53.0094],[-132.4018,53.0069],[-132.4223,53.0024],[-132.429,53.0094]]],[[[-132.4631,53.0232],[-132.4762,53.0288],[-132.4572,53.0317],[-132.4631,53.0232]]],[[[-132.3932,53.108],[-132.5436,53.1052],[-132.5918,53.1228],[-132.5842,53.1521],[-132.4916,53.1247],[-132.407,53.1286],[-132.3932,53.108]]],[[[-132.0842,53.1708],[-132.1237,53.1698],[-132.1212,53.186],[-132.1102,53.1804],[-132.0842,53.1708]]],[[[-132.0731,53.1916],[-132.1198,53.1873],[-132.1308,53.2011],[-132.0563,53.2226],[-132.0297,53.2155],[-132.0731,53.1916]]],[[[-132.1334,53.237],[-132.0943,53.2317],[-132.1435,53.2176],[-132.161,53.2277],[-132.1334,53.237]]],[[[-132.4576,53.3231],[-132.4703,53.3332],[-132.4351,53.3317],[-132.4576,53.3231]]],[[[-130.5932,53.4938],[-130.584,53.4669],[-130.6312,53.4851],[-130.6307,53.5038],[-130.5932,53.4938]]],[[[-133.0066,53.5471],[-132.954,53.5264],[-132.9833,53.5225],[-133.0066,53.5471]]],[[[-132.9492,53.6484],[-132.9554,53.6713],[-133.0107,53.6686],[-133.0316,53.6933],[-132.9907,53.6727],[-132.973,53.6989],[-132.9567,53.6922],[-132.967,53.6828],[-132.9417,53.6814],[-132.9488,53.6941],[-132.9276,53.6853],[-132.9367,53.6925],[-132.9232,53.6982],[-132.9978,53.7162],[-132.9926,53.7437],[-133.0129,53.7498],[-132.9945,53.7721],[-133.0375,53.7478],[-133.0613,53.7701],[-133.1191,53.777],[-133.1208,53.8087],[-133.0814,53.826],[-133.1104,53.8364],[-133.109,53.8574],[-133.1378,53.8639],[-133.1544,53.9145],[-133.1239,53.9299],[-133.1348,53.9469],[-133.087,53.9373],[-133.1194,53.9469],[-133.1183,54.0013],[-133.0861,54.0037],[-133.0856,54.0197],[-133.0426,54.0325],[-133.0575,54.0334],[-133.051,54.0473],[-133.0761,54.0777],[-133.0604,54.1006],[-133.1023,54.1152],[-133.0284,54.1731],[-133.087,54.1709],[-133.0763,54.182],[-132.9439,54.1706],[-132.9178,54.1483],[-132.7981,54.1234],[-132.7988,54.1342],[-132.6712,54.1547],[-132.5815,54.1204],[-132.5902,54.1042],[-132.5711,54.0858],[-132.5849,54.0713],[-132.5682,54.0478],[-132.6912,53.9773],[-132.6592,53.9672],[-132.6899,53.9544],[-132.6707,53.9515],[-132.7028,53.9105],[-132.6695,53.9476],[-132.5886,53.9736],[-132.556,54.0033],[-132.5677,54.0167],[-132.5815,54.0097],[-132.5641,54.024],[-132.5686,54.0413],[-132.4314,54.0838],[-132.4351,54.1007],[-132.3143,54.1147],[-132.2431,54.0765],[-132.246,54.0332],[-132.1765,54.0157],[-132.1445,53.967],[-132.1527,53.9306],[-132.1067,53.888],[-132.1282,53.8434],[-132.2029,53.8156],[-132.2597,53.7647],[-132.3864,53.7538],[-132.4825,53.7026],[-132.6603,53.6897],[-132.6841,53.6584],[-132.6568,53.6818],[-132.6145,53.6876],[-132.583,53.672],[-132.6157,53.6369],[-132.5363,53.6747],[-132.5413,53.6456],[-132.5024,53.6569],[-132.5102,53.6312],[-132.4427,53.6744],[-132.3523,53.6743],[-132.4599,53.6177],[-132.4881,53.5793],[-132.4807,53.5639],[-132.4392,53.6121],[-132.4058,53.6066],[-132.3932,53.6231],[-132.3543,53.6246],[-132.3172,53.6131],[-132.30637852178216,53.621013205946795],[-132.3117,53.626],[-132.2805,53.6322],[-132.3323,53.6409],[-132.3421,53.6714],[-132.2209,53.6719],[-132.204,53.6419],[-132.2012,53.6678],[-132.1658,53.7082],[-132.1462,53.6877],[-132.1359,53.6991],[-132.1605,53.7128],[-132.16147708201277,53.73020982495491],[-132.1802,53.7121],[-132.2154,53.7714],[-132.1412,53.8235],[-132.1405,53.7505],[-132.14876643228183,53.74250425693648],[-132.1395,53.7498],[-132.1341,53.824],[-132.1078,53.8467],[-132.0883,53.9022],[-132.1272,53.9339],[-132.1232,53.9685],[-132.1432,53.9998],[-132.1307,54.0156],[-132.1425,54.0227],[-132.1445,54.0066],[-132.1989,54.049],[-131.9839,54.0252],[-131.9967,54.0275],[-131.7915,54.0719],[-131.7118,54.1146],[-131.6417,54.1931],[-131.7081,53.9773],[-131.8847,53.7702],[-131.8743,53.7094],[-131.9334,53.6197],[-131.93878402799373,53.595277604976864],[-131.9317,53.6191],[-131.9248,53.5635],[-131.9573,53.5206],[-131.9118,53.4307],[-131.9338,53.3835],[-131.9263,53.3577],[-131.9715,53.2772],[-132.0023,53.2447],[-132.0903,53.2548],[-132.1488,53.2356],[-132.1794,53.2434],[-132.2461,53.218],[-132.2424,53.2005],[-132.3226,53.2341],[-132.2729,53.1886],[-132.2091,53.195],[-132.2229,53.2044],[-132.2126,53.2094],[-132.1306,53.1893],[-132.2143,53.1478],[-132.2995,53.1549],[-132.3137,53.1842],[-132.3367,53.1896],[-132.3209,53.1709],[-132.3287,53.1526],[-132.4687,53.135],[-132.4994,53.1447],[-132.4303,53.1689],[-132.4842,53.1677],[-132.4748,53.2221],[-132.5143,53.1526],[-132.5639,53.176],[-132.5424,53.194],[-132.5939,53.1986],[-132.5628,53.2313],[-132.595,53.2296],[-132.6196,53.2479],[-132.5026,53.2853],[-132.6303,53.2474],[-132.7161,53.2542],[-132.7072,53.2844],[-132.6293,53.29],[-132.6377,53.3153],[-132.5775,53.3224],[-132.5558,53.3002],[-132.5547,53.3329],[-132.7506,53.3155],[-132.7688,53.325],[-132.7106,53.3592],[-132.7297,53.3656],[-132.7206,53.3769],[-132.5308,53.3633],[-132.4831,53.3221],[-132.4415,53.3218],[-132.4277,53.291],[-132.412,53.3209],[-132.4203,53.3403],[-132.5228,53.3787],[-132.5342,53.4159],[-132.6756,53.433],[-132.6547,53.4751],[-132.6701,53.4992],[-132.6761,53.462],[-132.6967,53.445],[-132.7756,53.4618],[-132.7297,53.491],[-132.7529,53.5157],[-132.7294,53.5241],[-132.7335,53.538],[-132.7607,53.5186],[-132.7552,53.4933],[-132.7674,53.4852],[-132.8992,53.4678],[-132.8917,53.4986],[-132.8498,53.4998],[-132.8374,53.5157],[-132.944,53.5191],[-132.9225,53.5447],[-132.934,53.5545],[-132.9019,53.5635],[-132.9866,53.5582],[-132.9691,53.5703],[-133.0048,53.5925],[-132.9581,53.6057],[-132.93803874314227,53.597703802381226],[-132.9433,53.6118],[-132.9191,53.5976],[-132.93777831858407,53.5976],[-132.9014,53.5831],[-132.8169,53.6019],[-132.9095,53.6035],[-132.9423,53.6471],[-132.9693,53.6406],[-132.9492,53.6484]],[[-131.9311,53.5618],[-131.94219674455903,53.579797241175534],[-131.9431,53.5757],[-131.9311,53.5618]]],[[[-130.4503,53.6251],[-130.4791,53.634],[-130.4655,53.6377],[-130.4012,53.62],[-130.1709,53.5339],[-130.1907,53.5284],[-130.1661,53.5344],[-130.1083,53.5147],[-129.9936,53.453],[-129.9056,53.3918],[-129.8826,53.363],[-129.8919,53.3566],[-129.8693,53.3501],[-129.8835,53.3419],[-129.803,53.2915],[-129.7947,53.255],[-129.7536,53.216],[-129.7579,53.1956],[-129.7907,53.1631],[-129.8296,53.1735],[-129.8345,53.1883],[-129.8707,53.188],[-129.9013,53.1636],[-129.9618,53.1702],[-129.9991,53.2157],[-130.0134,53.2069],[-130.021,53.2381],[-130.0346,53.2278],[-130.0203,53.2526],[-130.056,53.2449],[-130.0567,53.2647],[-130.072,53.2672],[-130.0752,53.2532],[-130.0997,53.2715],[-130.0918,53.2883],[-130.1195,53.3441],[-130.1328,53.3458],[-130.1218,53.3218],[-130.1346,53.3177],[-130.1601,53.3321],[-130.1542,53.351],[-130.2214,53.3589],[-130.2205,53.3742],[-130.199,53.3769],[-130.3047,53.3834],[-130.4082,53.4571],[-130.3961,53.4752],[-130.4148,53.4669],[-130.386,53.5057],[-130.3021,53.5129],[-130.3578,53.5102],[-130.3791,53.53],[-130.3944,53.5105],[-130.4211,53.5164],[-130.44,53.5028],[-130.4879,53.5155],[-130.4953,53.5318],[-130.4834,53.5394],[-130.5472,53.5501],[-130.5324,53.5613],[-130.5488,53.5756],[-130.5271,53.5726],[-130.5435,53.5894],[-130.5213,53.6016],[-130.537,53.5933],[-130.5347,53.6068],[-130.5502,53.6048],[-130.54464395058878,53.6172873585777],[-130.5777,53.6053],[-130.5624,53.6228],[-130.5438712595712,53.61902400076569],[-130.5401,53.6275],[-130.4503,53.6251]]],[[[-132.3755,53.6426],[-132.3577,53.6393],[-132.3904,53.6284],[-132.3755,53.6426]]],[[[-132.485,53.6877],[-132.4686,53.6801],[-132.4918,53.6683],[-132.485,53.6877]]],[[[-132.4136,53.7216],[-132.3969,53.7182],[-132.4169,53.7131],[-132.4136,53.7216]]],[[[-130.499,53.7984],[-130.4941,53.8104],[-130.4836,53.8034],[-130.499,53.7984]]],[[[-130.5387,53.8093],[-130.5319,53.7961],[-130.5487,53.7877],[-130.6427,53.8105],[-130.5774,53.8473],[-130.5004,53.8196],[-130.5387,53.8093]]],[[[-130.6063,53.8556],[-130.5954,53.8418],[-130.6101,53.8476],[-130.6063,53.8556]]],[[[-130.5866,53.8914],[-130.6167,53.8738],[-130.6489,53.8843],[-130.6098,53.8845],[-130.6626,53.8991],[-130.6328,53.9207],[-130.6066,53.9163],[-130.5866,53.8914]]],[[[-133.1809,53.9142],[-133.197,53.9396],[-133.1579,53.9302],[-133.1809,53.9142]]],[[[-130.3828,54.0893],[-130.3172,54.0531],[-130.2893,54.0278],[-130.2983,54.0098],[-130.2794,54.0173],[-130.2455,53.9924],[-130.2312,53.949],[-130.2696,53.9531],[-130.2398,53.9352],[-130.335,53.8796],[-130.3538,53.8443],[-130.3388,53.8443],[-130.3415,53.8281],[-130.4355,53.8335],[-130.4387,53.8597],[-130.4482,53.8396],[-130.5034,53.8374],[-130.4841,53.848],[-130.5164,53.8703],[-130.4684,53.8867],[-130.4288,53.9616],[-130.3358,53.964],[-130.37803853435867,53.978675303697],[-130.388,53.9736],[-130.4347,53.9846],[-130.4519,53.973],[-130.4731,53.8918],[-130.5568,53.896],[-130.6095,53.9482],[-130.6444,53.96],[-130.6317,53.9408],[-130.6615,53.9362],[-130.6686,53.9579],[-130.6891,53.9444],[-130.6804,53.9158],[-130.7009,53.9127],[-130.6989,53.8924],[-130.6108,53.8564],[-130.6351,53.8562],[-130.6158,53.8452],[-130.6446,53.8347],[-130.7069,53.8472],[-130.7224,53.8687],[-130.7108,53.8971],[-130.7321,53.91],[-130.7225,53.9401],[-130.6756,53.9686],[-130.6657,54.0049],[-130.6453,53.9709],[-130.6204,54.0173],[-130.6003,54.0341],[-130.5623,54.0318],[-130.5501,54.0567],[-130.5258,54.0457],[-130.5308,54.0655],[-130.4598,54.0786],[-130.4354,54.0517],[-130.4464,54.0845],[-130.4151,54.1024],[-130.4106,54.0865],[-130.3764,54.0767],[-130.3828,54.0893]],[[-130.35713273793306,53.99018732331433],[-130.3413,53.9973],[-130.4191,54.0314],[-130.35713273793306,53.99018732331433]]],[[[-130.6603,54.0269],[-130.645,54.0101],[-130.6738,54.0235],[-130.6684,54.0054],[-130.6837,54.0097],[-130.6755,54.0365],[-130.6502,54.0335],[-130.6603,54.0269]]],[[[-130.7163,54.0261],[-130.7084,54.0409],[-130.6977,54.0264],[-130.7163,54.0261]]],[[[-130.6319,54.0714],[-130.5852,54.0596],[-130.6251,54.0534],[-130.6319,54.0714]]],[[[-130.6175,54.0754],[-130.6274,54.1049],[-130.6482,54.0846],[-130.6435,54.1204],[-130.5988,54.1052],[-130.5692,54.0671],[-130.6175,54.0754]]],[[[-130.7714,54.1209],[-130.7665,54.1388],[-130.7507,54.1162],[-130.7714,54.1209]]],[[[-130.8147,54.1514],[-130.8309,54.1491],[-130.8219,54.1614],[-130.8011,54.1476],[-130.8193,54.1399],[-130.8147,54.1514]]],[[[-130.7442,54.1209],[-130.7378,54.1371],[-130.7775,54.141],[-130.7661,54.1468],[-130.7797,54.1577],[-130.7979,54.1461],[-130.799,54.1653],[-130.8097,54.1581],[-130.822,54.1761],[-130.8051,54.1775],[-130.7935,54.2161],[-130.664,54.1584],[-130.6361,54.1291],[-130.6879,54.1075],[-130.7129,54.1153],[-130.7056,54.1298],[-130.7225,54.1186],[-130.7315,54.1357],[-130.7442,54.1209]]],[[[-133.0776,54.248],[-133.0598,54.2563],[-133.0018,54.256],[-132.9638,54.2379],[-132.9876,54.2188],[-132.9788,54.1874],[-133.0165,54.1928],[-133.0024,54.2122],[-133.0111,54.2199],[-133.0814,54.2237],[-133.0776,54.248]]],[[[-130.495,54.332],[-130.5174,54.3191],[-130.509,54.3393],[-130.495,54.332]]],[[[-130.7768,54.3993],[-130.7212,54.4126],[-130.7211,54.3939],[-130.7016,54.3912],[-130.7173,54.3797],[-130.6994,54.3778],[-130.7596,54.3547],[-130.7944,54.378],[-130.7768,54.3993]]],[[[-130.7978,54.3839],[-130.816,54.3894],[-130.8031,54.3947],[-130.7978,54.3839]]],[[[-130.8059,54.4108],[-130.7941,54.4196],[-130.7672,54.42],[-130.8059,54.4108]]],[[[-130.764,54.4714],[-130.7302,54.4201],[-130.7656,54.413],[-130.7654,54.4268],[-130.7901,54.4256],[-130.8024,54.4437],[-130.8385,54.4292],[-130.7863,54.4693],[-130.764,54.4714]]],[[[-130.7889,54.4731],[-130.856,54.4382],[-130.8562,54.4561],[-130.8199,54.4667],[-130.8427,54.4692],[-130.8079,54.4922],[-130.7895,54.4969],[-130.7889,54.4731]]],[[[-130.9729,54.4657],[-130.9687,54.4899],[-130.9502,54.4578],[-130.9729,54.4657]]],[[[-130.7717,54.4886],[-130.7695,54.5052],[-130.7615,54.4955],[-130.7717,54.4886]]],[[[-130.7784,54.6269],[-130.7577,54.6142],[-130.753,54.5862],[-130.7756,54.5515],[-130.8745,54.4945],[-130.8943,54.5058],[-130.9445,54.4668],[-130.9647,54.4906],[-130.9584,54.5059],[-130.9832,54.5065],[-130.9668,54.5136],[-130.9737,54.5466],[-130.9297,54.5908],[-130.9489,54.593],[-130.9339,54.6154],[-130.8949,54.6348],[-130.8768,54.6105],[-130.8544,54.6298],[-130.8456,54.6168],[-130.8795,54.6084],[-130.8987,54.5812],[-130.847,54.6121],[-130.8389,54.5963],[-130.7784,54.6269]]],[[[-131.0456,54.6097],[-131.0768,54.5807],[-131.1004,54.5876],[-131.0954,54.6129],[-131.0779,54.6206],[-131.0869,54.6259],[-131.054,54.6249],[-131.0456,54.6097]]],[[[-130.4359,54.7571],[-130.4743,54.7051],[-130.5298,54.7268],[-130.5166,54.7081],[-130.5312,54.7014],[-130.6441,54.7616],[-130.6291,54.7745],[-130.6,54.7658],[-130.5868,54.7408],[-130.5872,54.7561],[-130.5712,54.7525],[-130.5871,54.7709],[-130.493,54.826],[-130.4421,54.7734],[-130.4579,54.7545],[-130.4359,54.7571]]],[[[-129.0913,50.8584],[-129.0869,50.8693],[-129.0735,50.8553],[-129.0913,50.8584]]],[[[-129.0892,52.5213],[-129.089,52.5112],[-129.1038,52.5187],[-129.0892,52.5213]]],[[[-129.1527,52.5599],[-129.1358,52.5441],[-129.1456,52.5454],[-129.1527,52.5599]]],[[[-128.997,52.496],[-129.0226,52.5362],[-129.0481,52.5309],[-129.0378,52.5153],[-129.0701,52.516],[-129.0892,52.5487],[-129.1181,52.5441],[-129.1395,52.5618],[-129.1473,52.5847],[-129.1229,52.6066],[-129.1687,52.6026],[-129.2119,52.6279],[-129.1995,52.6405],[-129.2216,52.6396],[-129.2329,52.6683],[-129.2017,52.6685],[-129.2405,52.6804],[-129.2431,52.6954],[-129.1751,52.6755],[-129.2819,52.7192],[-129.2613,52.735],[-129.3053,52.7601],[-129.3029,52.7787],[-129.2793,52.7871],[-129.2904,52.8219],[-129.215,52.8031],[-128.931,52.6127],[-128.9435,52.4757],[-128.9744,52.4533],[-128.9969,52.4567],[-128.9901,52.4793],[-129.0162,52.4799],[-128.997,52.496]]],[[[-129.4016,52.6797],[-129.4137,52.6665],[-129.428,52.6762],[-129.4167,52.6913],[-129.4016,52.6797]]],[[[-129.3572,52.7894],[-129.3477,52.788],[-129.3455,52.7728],[-129.3572,52.7894]]],[[[-129.3564,52.8573],[-129.3136,52.8356],[-129.3246,52.7988],[-129.3729,52.8206],[-129.3564,52.8573]]],[[[-129.6013,52.9724],[-129.587,52.9842],[-129.6068,52.9881],[-129.6006,52.954],[-129.6268,52.9481],[-129.641,52.9866],[-129.6597,52.9806],[-129.6823,52.9964],[-129.6708,53.0139],[-129.6561,53.0028],[-129.6372,53.0075],[-129.6423,53.021],[-129.6212,53.0181],[-129.536,52.9599],[-129.564,52.9503],[-129.571,52.9672],[-129.6013,52.9724]]],[[[-129.5953,53.0092],[-129.5937,53.0177],[-129.579,53.0058],[-129.5953,53.0092]]],[[[-129.5754,53.0522],[-129.5467,53.0182],[-129.546,53.033],[-129.5324,53.0284],[-129.5375,53.0088],[-129.5642,52.9995],[-129.5853,53.02],[-129.5733,53.0328],[-129.599,53.0258],[-129.5754,53.0522]]],[[[-129.6934,53.0465],[-129.6947,53.066],[-129.6604,53.0449],[-129.6212,53.0463],[-129.5974,53.0138],[-129.6934,53.0465]]],[[[-129.6062,53.0576],[-129.5795,53.055],[-129.6025,53.0357],[-129.6199,53.0484],[-129.6062,53.0576]]],[[[-129.1976,53.0527],[-129.2204,53.0478],[-129.2309,53.0656],[-129.1989,53.0774],[-129.1976,53.0527]]],[[[-129.7379,53.074],[-129.7065,53.0636],[-129.7295,53.063],[-129.7379,53.074]]],[[[-129.4649,53.0674],[-129.4592,53.0823],[-129.4846,53.09],[-129.4653,53.0533],[-129.499,53.0891],[-129.4695,53.1004],[-129.5182,53.1136],[-129.5174,53.0928],[-129.5377,53.109],[-129.5125656827906,53.116152041482344],[-129.5035,53.1299],[-129.5614,53.1321],[-129.5506,53.1494],[-129.5693,53.1474],[-129.553,53.1595],[-129.5601,53.1713],[-129.534,53.185],[-129.4862,53.1904],[-129.3942,53.0881],[-129.3157,53.0468],[-129.303,52.9662],[-129.3543,52.9671],[-129.431,53.0123],[-129.4356,53.0403],[-129.4649,53.0674]]],[[[-129.7504,53.1322],[-129.6932,53.134],[-129.7018,53.1198],[-129.6783,53.1349],[-129.5944,53.0704],[-129.6245,53.0503],[-129.7276,53.0742],[-129.75,53.0983],[-129.7398,53.113],[-129.7504,53.1322]]],[[[-129.5465,53.1278],[-129.5279,53.1292],[-129.5423,53.1183],[-129.5465,53.1278]]],[[[-129.2077,53.1057],[-129.2613,53.0877],[-129.2701,53.1033],[-129.2784,53.079],[-129.3416,53.1336],[-129.3431,53.1953],[-129.3149,53.1976],[-129.3449,53.2074],[-129.3014,53.2251],[-129.2562,53.2688],[-129.288,53.319],[-129.2736,53.3262],[-129.1723,53.2844],[-129.1773,53.2511],[-129.1496,53.206],[-129.1717,53.1937],[-129.1723,53.1522],[-129.1399,53.1165],[-129.153,53.097],[-129.2077,53.1057]]],[[[-129.3061,53.2817],[-129.3687,53.2322],[-129.3725,53.2516],[-129.3535,53.2663],[-129.3809,53.2604],[-129.3457,53.2722],[-129.3716,53.2814],[-129.3061,53.2817]]],[[[-129.4401,53.3339],[-129.4516,53.3219],[-129.46371588938578,53.34124925618326],[-129.465,53.3601],[-129.4467,53.3536],[-129.4401,53.3339]]],[[[-129.4475,53.3851],[-129.4283,53.3739],[-129.4465,53.3868],[-129.4087,53.4088],[-129.3352,53.3637],[-129.3455,53.3459],[-129.3354,53.3023],[-129.4155,53.2942],[-129.3845,53.3221],[-129.3999,53.3473],[-129.4516,53.3605],[-129.4578,53.3751],[-129.4475,53.3851]]],[[[-129.2324,53.4091],[-129.2284,53.3581],[-129.2616,53.3671],[-129.2708,53.401],[-129.2324,53.4091]]],[[[-129.1505,53.3471],[-129.1114,53.4039],[-129.0601,53.4373],[-129.0656,53.492],[-129.023,53.5302],[-129.0049,53.5297],[-128.9828,53.4579],[-128.92,53.3967],[-128.928,53.3278],[-128.9575,53.3128],[-128.992,53.336],[-129.0326,53.3369],[-129.1251,53.3125],[-129.1505,53.3471]]],[[[-130.4381,53.4898],[-130.438,53.4696],[-130.4486,53.4792],[-130.4381,53.4898]]],[[[-130.4265,53.5024],[-130.4156,53.5021],[-130.4239,53.4825],[-130.4358,53.4931],[-130.4265,53.5024]]],[[[-129.9665,53.5065],[-129.9868,53.4928],[-129.9575,53.4955],[-129.9678,53.5092],[-129.954,53.5141],[-129.9714,53.5161],[-129.9409,53.5474],[-129.8913,53.5338],[-129.9093,53.5028],[-129.9557,53.4967],[-129.909,53.5005],[-129.9277,53.4695],[-129.9544,53.4678],[-130.0269,53.5068],[-129.9793,53.5273],[-129.9665,53.5065]]],[[[-129.9783,53.5401],[-129.9697,53.5487],[-130.0002,53.5484],[-129.9906,53.553],[-129.9601,53.5499],[-129.9662,53.5329],[-129.9783,53.5401]]],[[[-128.88836555246056,53.597788914312225],[-128.8735,53.6246],[-128.8579,53.6068],[-128.8831,53.5789],[-128.88869464041096,53.590866314212334],[-128.8902,53.5592],[-128.9321,53.5645],[-128.9561,53.5844],[-129.0159,53.5489],[-129.0245,53.5572],[-129.1032,53.4924],[-129.0829,53.448],[-129.1485,53.4157],[-129.1659,53.3817],[-129.1826,53.4306],[-129.1683,53.5516],[-129.181,53.619],[-129.088,53.673],[-129.06221978478476,53.68051830262532],[-129.085,53.6915],[-128.892,53.775],[-128.8599,53.7746],[-128.9089,53.7507],[-128.8985,53.7332],[-128.935,53.7112],[-128.9848,53.717],[-129.05131377001968,53.68369883152144],[-128.9721,53.7068],[-128.9373,53.694],[-128.873,53.7174],[-128.828,53.706],[-128.8885,53.6567],[-128.8717,53.6347],[-128.8874,53.6181],[-128.88836555246056,53.597788914312225]]],[[[-130.0939,53.5472],[-130.0996,53.5599],[-130.0629,53.5544],[-130.0939,53.5472]]],[[[-129.4413,53.417],[-129.4352,53.3996],[-129.4662,53.381],[-129.4605,53.3667],[-129.4735,53.3724],[-129.4812,53.3362],[-129.4641,53.3096],[-129.4788,53.285],[-129.5043,53.2832],[-129.5254,53.308],[-129.5171,53.3171],[-129.553,53.3414],[-129.5507,53.3218],[-129.525,53.3063],[-129.5228,53.2928],[-129.5399,53.2915],[-129.5007,53.2728],[-129.5124,53.2575],[-129.4878,53.2291],[-129.5048,53.2249],[-129.4995,53.2095],[-129.5259,53.2208],[-129.5876,53.2119],[-129.6549,53.2685],[-129.6474,53.2776],[-129.666,53.2771],[-129.6516,53.2879],[-129.6689,53.2823],[-129.6855,53.3077],[-129.63076810416774,53.31299350190392],[-129.6988,53.3185],[-129.6335,53.3383],[-129.6433,53.3646],[-129.6352,53.3409],[-129.6994,53.3412],[-129.7142,53.3231],[-129.7787,53.3652],[-129.7601,53.3824],[-129.7848,53.3811],[-129.7839,53.369],[-129.8087,53.3757],[-129.7843,53.4064],[-129.8085,53.3786],[-129.8326,53.3874],[-129.85,53.4096],[-129.8324,53.4055],[-129.8287,53.4196],[-129.85,53.4189],[-129.8273,53.425],[-129.8473,53.4295],[-129.7727,53.453],[-129.8013,53.4514],[-129.7817,53.4597],[-129.8419,53.4375],[-129.837,53.4528],[-129.8182,53.4527],[-129.839,53.4706],[-129.8544,53.4482],[-129.8671,53.462],[-129.9157,53.4634],[-129.867,53.474],[-129.9116,53.4739],[-129.8993,53.4992],[-129.863,53.5012],[-129.8932,53.5012],[-129.8888,53.5161],[-129.8137,53.5132],[-129.8746,53.5173],[-129.8867,53.5526],[-129.9509,53.5515],[-129.9018,53.5731],[-129.8783,53.5679],[-129.8971,53.5846],[-129.9539,53.5738],[-129.9187,53.5994],[-129.9327,53.6019],[-129.9046,53.6085],[-129.9273,53.6138],[-129.942,53.5971],[-129.9492,53.6069],[-129.9562,53.5785],[-130.0088,53.5648],[-130.0618,53.5979],[-130.065,53.6229],[-129.9233,53.6486],[-129.8321,53.6211],[-129.9395,53.6567],[-130.0726,53.6306],[-130.1003,53.6673],[-130.0889,53.6726],[-130.1019,53.6982],[-130.0764,53.7141],[-130.0827,53.7245],[-130.1036,53.6984],[-130.2059,53.7214],[-130.2202,53.8084],[-130.1706,53.8152],[-130.2729,53.8194],[-130.2901,53.8236],[-130.2952,53.8452],[-130.2868,53.8698],[-130.2205,53.9067],[-130.1125,53.8831],[-130.075,53.849],[-130.0343,53.8395],[-130.0065,53.8094],[-129.8407,53.7208],[-129.7061,53.5996],[-129.4189,53.4137],[-129.4413,53.417]],[[-129.6137,53.3315],[-129.6214959723637,53.3138902741902],[-129.5728,53.3186],[-129.6137,53.3315]]],[[[-129.9792,53.5619],[-129.9576,53.5616],[-129.9878,53.5552],[-129.9792,53.5619]]],[[[-130.3333,53.6176],[-130.3597,53.6327],[-130.3222,53.6406],[-130.4088,53.6736],[-130.4039,53.6906],[-130.3757,53.7001],[-130.4005,53.7066],[-130.3035,53.7509],[-130.2758,53.7467],[-130.3181,53.7757],[-130.2974,53.7888],[-130.3118,53.7968],[-130.2421,53.7925],[-130.2208,53.7603],[-130.2312,53.7256],[-130.1228,53.6956],[-130.1103,53.6762],[-130.1294,53.6696],[-130.1143,53.632],[-130.1288,53.6184],[-130.1011,53.6058],[-130.103,53.5836],[-130.0754,53.5639],[-130.1261956103196,53.56659711205237],[-130.1186,53.5616],[-130.1539,53.5638],[-130.1262172192292,53.5665982594281],[-130.1545,53.5681],[-130.165,53.5868],[-130.1908,53.5801],[-130.3025,53.6201],[-130.3333,53.6176]]],[[[-129.9477,53.5599],[-129.9415,53.5723],[-129.9143,53.5762],[-129.9477,53.5599]]],[[[-130.1653,53.5717],[-130.1895,53.5784],[-130.1704,53.5841],[-130.1653,53.5717]]],[[[-130.3851,53.7482],[-130.3622,53.7501],[-130.3807,53.7323],[-130.3851,53.7482]]],[[[-130.3524,53.7424],[-130.3636,53.7564],[-130.3881,53.7527],[-130.3908,53.767],[-130.3723,53.7686],[-130.3788,53.7823],[-130.3211,53.7622],[-130.3524,53.7424]]],[[[-130.4465,53.7499],[-130.4782,53.7658],[-130.4707,53.7774],[-130.4488,53.7686],[-130.4443,53.7864],[-130.4717,53.7789],[-130.4596,53.792],[-130.4098,53.7915],[-130.4027,53.7706],[-130.417,53.7566],[-130.4261,53.7718],[-130.4189,53.7552],[-130.4405,53.7621],[-130.4328,53.7501],[-130.4465,53.7499]]],[[[-130.163,53.9215],[-130.1644,53.937],[-130.1404,53.9301],[-130.163,53.9215]]],[[[-130.142,53.9585],[-130.1575,53.9666],[-130.1421,53.9711],[-130.142,53.9585]]],[[[-130.2585,54.0257],[-130.2273,53.9884],[-130.2559,54.0022],[-130.2585,54.0257]]],[[[-130.1859,53.9881],[-130.217,54.0192],[-130.2227,54.0614],[-130.1864,54.0793],[-130.1308,54.0268],[-130.1475,53.9878],[-130.1859,53.9881]]],[[[-130.2673,54.0259],[-130.2778,54.0432],[-130.26,54.0408],[-130.2673,54.0259]]],[[[-130.3393,54.0745],[-130.2915,54.0577],[-130.2872,54.0387],[-130.3393,54.0745]]],[[[-130.2176,54.1119],[-130.1958,54.1138],[-130.2057,54.1035],[-130.2176,54.1119]]],[[[-130.1467,54.0894],[-130.1605,54.1072],[-130.151,54.1183],[-130.1655,54.1181],[-130.1479,54.1469],[-130.1233,54.1296],[-130.1467,54.0894]]],[[[-130.2742,54.1746],[-130.2499,54.1863],[-130.2658,54.1851],[-130.2593,54.1946],[-130.174,54.1647],[-130.1549,54.1506],[-130.1604,54.1368],[-130.1961,54.1171],[-130.2457,54.1169],[-130.2893,54.1517],[-130.2816,54.1701],[-130.1998,54.1629],[-130.2742,54.1746]]],[[[-130.2919,54.2105],[-130.2775,54.1932],[-130.3025,54.2014],[-130.2919,54.2105]]],[[[-130.2949,54.2139],[-130.3083,54.2023],[-130.3345,54.2249],[-130.3607,54.2848],[-130.292,54.3319],[-130.2755,54.332],[-130.2482,54.2987],[-130.2617,54.291],[-130.2583,54.2544],[-130.2977,54.2615],[-130.2951,54.2497],[-130.3203,54.2374],[-130.2949,54.2139]]],[[[-130.3957,54.2709],[-130.3778,54.2352],[-130.4691,54.2955],[-130.4744,54.3076],[-130.4507,54.3054],[-130.4474,54.3282],[-130.4156,54.3232],[-130.4098,54.3063],[-130.3883,54.3068],[-130.3862,54.2859],[-130.3744,54.2899],[-130.3858,54.2804],[-130.3641,54.2549],[-130.3957,54.2709]]],[[[-130.4797,54.5671],[-130.4556,54.5447],[-130.4652,54.5218],[-130.4874,54.5336],[-130.4797,54.5671]]],[[[-130.4475,54.6483],[-130.4337,54.6378],[-130.4522,54.6344],[-130.4475,54.6483]]],[[[-130.4384,54.6555],[-130.3918,54.6702],[-130.3947,54.6309],[-130.4384,54.6555]]],[[[-130.2271,54.8004],[-130.2129,54.7984],[-130.2288,54.7758],[-130.2017,54.783],[-130.2316,54.7225],[-130.3796,54.6925],[-130.3693,54.7203],[-130.258,54.7681],[-130.2271,54.8004]]],[[[-130.414,54.7873],[-130.4563,54.8438],[-130.2756,54.9532],[-130.201,55.0302],[-130.1812,55.0299],[-130.1529,54.9577],[-130.2748,54.8502],[-130.276,54.8336],[-130.3637,54.804],[-130.4145,54.768],[-130.4894,54.8262],[-130.4647,54.8389],[-130.414,54.7873]]],[[[-129.7175,55.3763],[-129.7557,55.3394],[-129.7401,55.3631],[-129.7175,55.3763]]],[[[-129.756,55.3837],[-129.7500700012478,55.390725178701935],[-129.7533,55.4611],[-129.7229,55.3967],[-129.7477,55.3759],[-129.756,55.3837]]],[[[-128.603,50.8185],[-128.571,50.7968],[-128.619,50.7821],[-128.6323,50.808],[-128.603,50.8185]]],[[[-128.668,50.8255],[-128.6565,50.8066],[-128.7134,50.8102],[-128.7099,50.8357],[-128.668,50.8255]]],[[[-128.1127,51.7837],[-128.0768,51.7825],[-128.0825,51.7664],[-128.1039,51.7755],[-128.0819,51.7555],[-128.1166,51.7362],[-128.1313,51.7514],[-128.1103,51.7673],[-128.1127,51.7837]]],[[[-128.0698,51.7544],[-128.0663,51.784],[-128.0489,51.7833],[-128.0698,51.7544]]],[[[-128.2467,51.7944],[-128.2519,51.8082],[-128.2337,51.806],[-128.2467,51.7944]]],[[[-128.199,51.8248],[-128.1848,51.8142],[-128.201,51.8027],[-128.199,51.8248]]],[[[-128.1379,51.8363],[-128.1283,51.8312],[-128.1349,51.8207],[-128.1379,51.8363]]],[[[-128.2031,51.8482],[-128.2111,51.83],[-128.2128,51.8588],[-128.1814,51.8601],[-128.176,51.8417],[-128.2031,51.8482]]],[[[-128.2548,51.8615],[-128.2373,51.8369],[-128.2752,51.8408],[-128.2548,51.8615]]],[[[-128.2262,51.86],[-128.2152,51.8592],[-128.2234,51.8422],[-128.2262,51.86]]],[[[-128.4421,51.8976],[-128.4409,51.9288],[-128.4287,51.9191],[-128.4421,51.8976]]],[[[-128.2487,51.9319],[-128.2289,51.9311],[-128.2351,51.904],[-128.2487,51.9319]]],[[[-128.2134,51.9277],[-128.2093,51.9197],[-128.2225,51.9123],[-128.2134,51.9277]]],[[[-127.9496,52.0611],[-127.9617,52.0244],[-127.9467,52.0077],[-127.9546,51.9691],[-127.97794939312399,51.93728557009389],[-127.9681,51.9277],[-127.9942,51.9007],[-128.0336,51.9006],[-128.0052,51.896],[-128.0146,51.8435],[-128.0737,51.839],[-128.0277,51.8309],[-128.0591,51.8189],[-128.0521,51.8039],[-128.0776,51.7861],[-128.1079,51.7884],[-128.0897,51.8063],[-128.1101,51.8237],[-128.1336,51.808],[-128.1009,51.8406],[-128.1198,51.8362],[-128.1123,51.8518],[-128.1274,51.8573],[-128.10864444909052,51.88801628684928],[-128.1232,51.8741],[-128.121,51.8978],[-128.1426,51.8718],[-128.1533,51.882],[-128.1319,51.8877],[-128.1511,51.8887],[-128.168,51.8464],[-128.1726,51.8651],[-128.2314,51.862],[-128.2288,51.882],[-128.2506,51.8899],[-128.1851,51.9024],[-128.1894,51.9248],[-128.1602,51.9342],[-128.1737,51.8977],[-128.1588,51.9317],[-128.1305,51.9368],[-128.1966,51.9356],[-128.2046,51.9644],[-128.1637,51.9979],[-128.1567,52.0395],[-128.1218,52.063],[-128.1054,52.0503],[-128.1097,52.0712],[-128.0912,52.0477],[-128.0668,52.0441],[-128.073,52.0566],[-128.0533,52.0543],[-128.0653,52.062],[-128.009,52.059],[-128.0117,52.0739],[-127.9496,52.0611]],[[-128.131,51.9572],[-128.1317,51.9455],[-128.0989,51.9369],[-128.0948587024107,51.91059344022066],[-128.0871,51.9233],[-128.0324,51.929],[-128.0222,51.9471],[-128.0497,51.9513],[-128.0461,51.9355],[-128.0702,51.9333],[-128.0755,51.9491],[-128.131,51.9572]]],[[[-128.2128,51.9281],[-128.2118,51.9463],[-128.203,51.937],[-128.2128,51.9281]]],[[[-128.2299,51.9464],[-128.226423857868,51.946427157360404],[-128.239,51.9502],[-128.2312,51.9771],[-128.215,51.9684],[-128.22263242506813,51.94645677792916],[-128.2171,51.9465],[-128.2239,51.9333],[-128.2299,51.9464]]],[[[-128.2434,51.9499],[-128.23,51.9326],[-128.2534,51.9339],[-128.2434,51.9499]]],[[[-128.4088,51.9934],[-128.4169,51.9547],[-128.4617,51.9257],[-128.4607,51.9588],[-128.4805,51.9491],[-128.4479,51.9663],[-128.4303,52.0028],[-128.4088,51.9934]]],[[[-128.2231,52.0113],[-128.2152,51.9947],[-128.2309,51.9985],[-128.2231,52.0113]]],[[[-128.3009,52.0538],[-128.2937,52.0331],[-128.3046,52.0238],[-128.3009,52.0538]]],[[[-128.2665,52.0939],[-128.251,52.0832],[-128.2687,52.0588],[-128.2949,52.0679],[-128.2996,52.0904],[-128.2839,52.0728],[-128.2665,52.0939]]],[[[-128.3808,52.0941],[-128.3354,52.1279],[-128.3275,52.0842],[-128.347,52.1055],[-128.3578,52.083],[-128.3808,52.0941]]],[[[-128.2483,52.1309],[-128.2372,52.1219],[-128.2326,52.1408],[-128.2619,52.144],[-128.2695,52.1169],[-128.2927,52.1126],[-128.24,52.1827],[-128.1681,52.1926],[-128.1858,52.2111],[-128.1567,52.2084],[-128.1498,52.1863],[-128.137,52.1975],[-128.1115,52.1852],[-128.1432,52.1862],[-128.1469,52.137],[-128.134,52.1316],[-128.1466,52.1045],[-128.1342,52.0862],[-128.1579,52.0845],[-128.1535,52.0716],[-128.1865,52.0519],[-128.19321814403875,52.06983082106115],[-128.1832,52.0101],[-128.238,52.0148],[-128.2521,52.0307],[-128.2361,52.045],[-128.247,52.0791],[-128.2078,52.0553],[-128.2392,52.09],[-128.282,52.1035],[-128.2483,52.1309]],[[-128.2094,52.086],[-128.19483303966902,52.074141000243365],[-128.2007,52.0898],[-128.214,52.0901],[-128.2254,52.0767],[-128.2094,52.086]]],[[[-128.3845,52.1074],[-128.3413,52.1656],[-128.3465,52.1275],[-128.3845,52.1074]]],[[[-128.4482,52.1238],[-128.4187,52.1534],[-128.397,52.1542],[-128.4482,52.1238]]],[[[-128.0808,52.1635],[-128.0756,52.1687],[-128.051,52.1663],[-128.0808,52.1635]]],[[[-128.4898,52.191],[-128.5183,52.1617],[-128.5147,52.1753],[-128.4898,52.191]]],[[[-128.2901,52.2044],[-128.2736,52.1944],[-128.2878,52.2076],[-128.2739,52.2153],[-128.2552,52.2005],[-128.247,52.2248],[-128.2056,52.2163],[-128.2704,52.1847],[-128.2793,52.1525],[-128.3175,52.128],[-128.3287,52.1521],[-128.3105,52.1925],[-128.2901,52.2044]]],[[[-128.3773,52.1518],[-128.3818,52.1935],[-128.3683,52.2122],[-128.3905,52.2064],[-128.3679,52.2375],[-128.2639,52.2289],[-128.3773,52.1518]]],[[[-128.4498,52.1583],[-128.4997,52.1542],[-128.48,52.1886],[-128.4601,52.1799],[-128.4768,52.1685],[-128.455,52.1774],[-128.4729,52.1986],[-128.4511,52.2208],[-128.4289,52.2207],[-128.4374,52.2048],[-128.4023,52.2062],[-128.4225,52.211],[-128.4024,52.2164],[-128.4344,52.2373],[-128.3773,52.2371],[-128.3959,52.1965],[-128.4252,52.1839],[-128.3931,52.1906],[-128.3836,52.1725],[-128.4075,52.157],[-128.4311,52.1556],[-128.4421,52.1726],[-128.4498,52.1583]]],[[[-128.2087,52.2622],[-128.1892,52.2521],[-128.2245,52.2572],[-128.2087,52.2622]]],[[[-128.1521,52.2603],[-128.13,52.2706],[-128.083,52.2674],[-128.0971,52.2926],[-128.0462,52.3092],[-128.0005,52.2991],[-128.0028,52.2844],[-128.0423,52.2815],[-128.0799,52.2312],[-128.1838,52.2377],[-128.1491,52.2469],[-128.1521,52.2603]]],[[[-128.3685,52.2825],[-128.3643,52.2721],[-128.3782,52.2724],[-128.3685,52.2825]]],[[[-128.357,52.3212],[-128.3786,52.2894],[-128.4129,52.2901],[-128.3724,52.318],[-128.357,52.3212]]],[[[-128.4241,52.3138],[-128.4511,52.3236],[-128.4565,52.3505],[-128.3824,52.3599],[-128.3963,52.3229],[-128.4241,52.3138]]],[[[-128.4775,52.3314],[-128.4738,52.3498],[-128.4619,52.3447],[-128.4775,52.3314]]],[[[-128.3501,52.3635],[-128.34147818910634,52.35252678613533],[-128.3395,52.3718],[-128.3049,52.4012],[-128.2756,52.4054],[-128.2603,52.3902],[-128.2655,52.4053],[-128.2333,52.4249],[-128.2247,52.4745],[-128.1958,52.4824],[-128.2386,52.5014],[-128.2466,52.5713],[-128.2308,52.5703],[-128.182,52.6288],[-128.1697,52.6793],[-128.1153,52.758],[-128.0822,52.7636],[-127.9435,52.7286],[-127.88,52.752],[-127.8202,52.7326],[-127.8809,52.7528],[-127.88080412622038,52.754365938400426],[-127.9473,52.739],[-127.9829,52.7566],[-127.9934,52.7888],[-128.0023,52.7576],[-128.0897,52.7764],[-128.1306,52.7685],[-128.1232,52.8321],[-128.1439,52.8464],[-128.1365,52.8769],[-128.1253,52.8926],[-128.1265,52.8736],[-128.1152,52.8761],[-128.1171,52.8971],[-128.0213,52.901],[-128.033,52.9209],[-128.1163,52.9097],[-128.1347,52.9286],[-128.1611,52.8572],[-128.2253,52.8373],[-128.2041,52.8328],[-128.2408,52.7996],[-128.334,52.7983],[-128.3917,52.8186],[-128.3753,52.8392],[-128.4304,52.8145],[-128.4428,52.8217],[-128.4984,52.8838],[-128.5004,52.9218],[-128.475,52.9142],[-128.4154,52.9329],[-128.3766,52.9959],[-128.3991,52.9903],[-128.4135,52.9448],[-128.4865,52.9201],[-128.5035,52.9327],[-128.5134,52.9807],[-128.5043,53.0139],[-128.5205,53.0134],[-128.5507,53.0675],[-128.5201,53.089],[-128.4119,53.0858],[-128.4659,53.1068],[-128.5566,53.0874],[-128.5659,53.1229],[-128.5126,53.1235],[-128.4762,53.1451],[-128.5792,53.1283],[-128.6443,53.1849],[-128.6836,53.25],[-128.6562,53.1808],[-128.7287,53.2023],[-128.8511,53.2705],[-128.8896,53.3292],[-128.8839,53.3503],[-128.8467,53.3607],[-128.8901,53.3566],[-128.8816,53.4018],[-128.9047,53.4298],[-128.8696,53.4659],[-128.8349,53.4695],[-128.8714,53.4811],[-128.9228,53.4453],[-128.9751,53.4941],[-128.9611,53.535],[-128.9869,53.5418],[-128.9622,53.5499],[-128.8697,53.5295],[-128.8143,53.5683],[-128.7679,53.5036],[-128.7846,53.4706],[-128.7606,53.4904],[-128.7311,53.4895],[-128.6845,53.446],[-128.6813,53.4611],[-128.7217,53.4906],[-128.6574,53.4753],[-128.5743,53.4171],[-128.52253583877996,53.40231023965141],[-128.4816,53.4298],[-128.3704,53.4406],[-128.3549,53.454],[-128.3624,53.4774],[-128.2784,53.4469],[-128.1608,53.4554],[-128.0993,53.4281],[-128.074,53.3809],[-128.1227,53.3365],[-128.1071,53.3311],[-128.0375,53.3711],[-128.0093,53.3407],[-127.9418,53.321],[-127.9544,53.2675],[-127.8751,53.2246],[-127.8742,53.2479],[-127.9323,53.2754],[-127.9277,53.33],[-127.9991,53.3504],[-128.0605,53.3916],[-128.0582,53.4064],[-128.1307,53.4702],[-128.1229,53.4834],[-128.3084,53.4751],[-128.3678,53.5115],[-128.396,53.4828],[-128.3812,53.4563],[-128.5384,53.428],[-128.5532,53.4497],[-128.5995,53.4603],[-128.5865,53.4766],[-128.6018,53.4884],[-128.6868,53.502],[-128.7331,53.5535],[-128.748,53.54],[-128.7682,53.5522],[-128.7645,53.5667],[-128.8161,53.6078],[-128.8368,53.6467],[-128.7863,53.6902],[-128.7765,53.7265],[-128.8046,53.7425],[-128.8065,53.7719],[-128.7232,53.8141],[-128.7044,53.7991],[-128.707,53.8277],[-128.6684,53.8548],[-128.6079,53.8324],[-128.4848,53.827],[-128.4973,53.8479],[-128.6032,53.8448],[-128.713,53.8842],[-128.7029,53.9106],[-128.6746,53.8925],[-128.6914,53.9133],[-128.6572,53.9474],[-128.6518,53.9785],[-128.6409,53.9736],[-128.6526,53.9985],[-128.6091,54.0312],[-128.6812,54.0163],[-128.6773,53.9929],[-128.6844,54.0043],[-128.6976,53.9958],[-128.7228,53.9284],[-128.7569,53.9232],[-128.7687,53.8974],[-128.7949,53.9024],[-128.7924,53.8738],[-128.815,53.8563],[-128.8466,53.859],[-128.87,53.8162],[-128.9034,53.8188],[-128.8964,53.807],[-128.9474,53.7709],[-128.9513,53.7922],[-128.9189,53.8248],[-128.9149,53.8557],[-128.9427,53.843],[-128.9616,53.7982],[-128.9649,53.8728],[-129.0338,53.8986],[-128.9815,53.8712],[-128.9697,53.7727],[-129.0099,53.7587],[-129.030245513834,53.76360428853755],[-129.0309,53.7536],[-129.1173,53.7179],[-129.144,53.6808],[-129.2315,53.6309],[-129.304,53.6492],[-129.2983,53.6302],[-129.2401,53.6125],[-129.2534,53.5888],[-129.2334,53.5188],[-129.2924,53.5229],[-129.3514,53.5755],[-129.2876,53.5054],[-129.291,53.5199],[-129.2353,53.5097],[-129.2374,53.4248],[-129.2911,53.397],[-129.2734,53.3632],[-129.3419,53.3839],[-129.5957,53.5391],[-129.5687,53.5634],[-129.6017,53.5423],[-129.6841,53.5944],[-129.7622,53.6769],[-129.6871,53.654],[-129.7139,53.6672],[-129.711,53.7078],[-129.7323,53.7191],[-129.719,53.6736],[-129.741,53.7085],[-129.7555,53.6945],[-129.814,53.7242],[-129.8187,53.7562],[-129.8443,53.7398],[-129.954,53.8098],[-129.8528,53.8132],[-129.9291,53.8238],[-129.9545,53.8133],[-130.0076,53.8447],[-129.972,53.8649],[-129.9876,53.8799],[-129.9684,53.8755],[-129.9746,53.8856],[-130.0051,53.8907],[-129.9836,53.8693],[-130.0146,53.8548],[-130.0713,53.8906],[-130.0826,53.9271],[-130.1092,53.9486],[-130.0894,53.9691],[-130.1049,53.9786],[-130.0971,53.9992],[-130.0716,53.9784],[-130.0776,54.0017],[-130.0956,54.0054],[-130.0854,54.0237],[-130.1026,54.0658],[-130.0526,54.1487],[-129.9884,54.1431],[-129.954,54.1614],[-129.946,54.1323],[-129.8975,54.0956],[-129.8559,54.0372],[-129.827,54.0313],[-129.7982,54.0],[-129.7526,54.0],[-129.7902,54.0052],[-129.8387,54.0414],[-129.9548,54.1814],[-129.8385,54.2151],[-129.7764,54.1984],[-129.7188,54.2058],[-129.6129,54.1745],[-129.5861,54.1877],[-129.5773,54.2129],[-129.5,54.238],[-129.578,54.2213],[-129.6233,54.1869],[-129.6906,54.2116],[-129.8603,54.2361],[-129.9862,54.1962],[-130.0225,54.17],[-130.0812,54.1727],[-130.1289,54.1484],[-130.2022,54.1877],[-130.2784,54.2041],[-130.3026,54.2433],[-130.2859,54.2322],[-130.2588,54.2537],[-130.2109,54.2611],[-130.1904,54.2478],[-130.2034,54.2632],[-130.1458,54.2849],[-130.2317,54.268],[-130.2567,54.3273],[-130.2758,54.3369],[-130.238,54.4014],[-130.3248,54.4383],[-130.2575,54.3991],[-130.2881,54.3471],[-130.3381,54.3294],[-130.3516,54.3433],[-130.3459,54.3313],[-130.3589,54.3224],[-130.3638,54.3387],[-130.3728,54.3194],[-130.3817,54.3357],[-130.4066,54.3214],[-130.4232,54.3449],[-130.4635,54.3371],[-130.4647,54.3584],[-130.4875,54.3634],[-130.4743,54.3901],[-130.4902,54.4031],[-130.4776,54.4155],[-130.4892,54.4301],[-130.4478,54.4571],[-130.3876,54.4517],[-130.3834,54.4664],[-130.4134,54.4674],[-130.4105,54.4778],[-130.4287,54.474],[-130.4458,54.4925],[-130.4405,54.5631],[-130.3817,54.5606],[-130.4571,54.6202],[-130.4313,54.6373],[-130.3885,54.6174],[-130.3383,54.5763],[-130.3788,54.5935],[-130.3757,54.5804],[-130.3129,54.5489],[-130.2647,54.4945],[-130.1142,54.3939],[-130.0711,54.3427],[-129.9796,54.3017],[-129.9822,54.331],[-129.994,54.313],[-130.0434,54.3351],[-130.1036,54.4052],[-130.0662,54.4424],[-130.0811,54.4629],[-130.0729,54.4738],[-130.0045,54.4881],[-129.9844,54.5093],[-130.0751,54.4879],[-130.0941,54.4606],[-130.0852,54.4382],[-130.1146,54.4184],[-130.2271,54.4933],[-130.227,54.5077],[-130.2452,54.5114],[-130.2275,54.5175],[-130.2579,54.5217],[-130.3031,54.563],[-130.292,54.5739],[-130.392,54.6309],[-130.3874,54.6474],[-130.3471,54.6224],[-130.2894,54.6621],[-130.3534,54.6345],[-130.3804,54.6537],[-130.3635,54.6856],[-130.2283,54.7164],[-130.2171,54.7113],[-130.2261,54.7036],[-130.1582,54.7087],[-130.0994,54.6632],[-130.0936,54.6853],[-130.0648,54.6397],[-129.9812,54.603],[-129.9458,54.5958],[-129.8979,54.6165],[-129.907,54.6243],[-129.9451,54.6026],[-129.9838,54.6129],[-130.0572,54.6536],[-130.0841,54.6906],[-130.217,54.724],[-130.1828,54.7822],[-130.1512,54.7732],[-130.1761,54.7934],[-130.1693,54.8153],[-130.1075,54.8385],[-130.0553,54.8905],[-130.0902,54.8877],[-130.1374,54.8466],[-130.1759,54.849],[-130.0194,54.9745],[-129.9485,54.9599],[-129.9999,54.9256],[-129.9806,54.9137],[-129.9421,54.9386],[-129.8822,54.9444],[-129.8514,54.9796],[-129.6907,54.97],[-129.6164,55.0],[-129.6944,54.9838],[-129.8168,55.0071],[-129.879,55.0037],[-129.9177,54.9846],[-130.0056,55.0103],[-129.9764,55.0752],[-129.8616,55.1736],[-129.8577,55.2094],[-129.8126,55.2646],[-129.7564,55.28],[-129.7554,55.2975],[-129.7406,55.2886],[-129.7399,55.3209],[-129.6842,55.3736],[-129.6984,55.3795],[-129.6891,55.3924],[-129.677,55.3778],[-129.6644,55.432],[-129.6196,55.446],[-129.5199,55.4385],[-129.457,55.4699],[-129.4909,55.4802],[-129.5171,55.4512],[-129.6368,55.4574],[-129.6758,55.4404],[-129.7007,55.4073],[-129.7234,55.4684],[-129.7454,55.4807],[-129.7736,55.5343],[-129.7671,55.5493],[-129.7861,55.5768],[-129.7772,55.5967],[-129.8124,55.634],[-129.7999,55.5922],[-129.8108,55.5691],[-129.7669,55.4718],[-129.7821,55.4291],[-129.8269,55.4168],[-129.8415,55.3721],[-129.8303,55.3535],[-129.8099,55.3821],[-129.8176,55.3996],[-129.7947,55.4155],[-129.7867,55.4],[-129.8149,55.3574],[-129.7852,55.3816],[-129.7764,55.3629],[-129.8286,55.3402],[-129.833,55.3138],[-129.8158,55.2886],[-129.8546,55.2669],[-129.8461,55.2589],[-129.8879,55.2134],[-129.901,55.1665],[-130.0078,55.0828],[-130.0491,55.0142],[-130.1114,54.9876],[-130.1636,55.0885],[-130.0854,55.194],[-129.9437,55.2882],[-130.0031,55.3361],[-130.0241,55.4611],[-130.0692,55.4957],[-130.1101,55.5633],[-130.0853,55.683],[-130.1326,55.7175],[-130.134,55.7644],[-130.0039,55.8832],[-129.9871,55.9175],[-130.0019,55.9354],[-130.0201,55.9117],[-130.0022,56.0066],[-130.1037,56.122],[-130.2413,56.0958],[-130.4197,56.1389],[-130.4651,56.2415],[-130.6335,56.2716],[-130.7812,56.3681],[-131.0872,56.4064],[-131.1642,56.4473],[-131.4674,56.5511],[-131.5818,56.6124],[-131.8337,56.5988],[-131.8575,56.7018],[-131.9019,56.7544],[-131.8708,56.8063],[-132.1212,56.8669],[-132.0459,57.044],[-132.3693,57.0914],[-132.2446,57.212],[-132.3696,57.3514],[-132.5636,57.5068],[-132.7595,57.7075],[-132.8681,57.8446],[-133.0696,58.0001],[-133.1724,58.1516],[-133.3541,58.2834],[-133.4613,58.3899],[-133.3818,58.4326],[-133.6995,58.6091],[-133.8414,58.7302],[-134.2565,58.8591],[-134.3374,58.9203],[-134.3123,58.9614],[-134.4076,58.9784],[-134.3854,59.0414],[-134.4848,59.1334],[-134.5698,59.1335],[-134.678,59.1928],[-134.6993,59.2484],[-134.959,59.2811],[-135.0302,59.3484],[-134.9893,59.3879],[-135.0975,59.427],[-135.028,59.4763],[-135.0277,59.5639],[-135.1176,59.6234],[-135.1545,59.6265],[-135.2218,59.6642],[-135.2347,59.696],[-135.377,59.7429],[-135.479,59.7986],[-135.9457,59.6636],[-136.1953,59.6388],[-136.3557,59.6007],[-136.2414,59.5591],[-136.2363,59.5267],[-136.3015,59.4658],[-136.3315,59.456],[-136.3978,59.4472],[-136.4763,59.4642],[-136.4675,59.2846],[-136.4951,59.2751],[-136.4888,59.258],[-136.582,59.1655],[-136.8247,59.1598],[-137.2884,58.9995],[-137.4466,58.9087],[-137.5267,58.9066],[-137.4993,58.9831],[-137.6021,59.2407],[-138.6054,59.7577],[-138.6563,59.7992],[-138.7058,59.9062],[-139.0522,60.0],[-135.4,60.0001],[-120.0,60.0],[-120.0,53.8062],[-119.9424,53.7759],[-119.8883,53.7795],[-119.8874,53.75],[-119.9157,53.7173],[-119.8443,53.7147],[-119.8396,53.6974],[-119.7929,53.7061],[-119.7556,53.6649],[-119.7345,53.6632],[-119.7372,53.6368],[-119.7134,53.6146],[-119.7592,53.591],[-119.9259,53.6145],[-119.861,53.5565],[-119.9004,53.533],[-119.8995,53.5191],[-119.8539,53.4999],[-119.8329,53.5193],[-119.7804,53.4918],[-119.7907,53.4754],[-119.7254,53.3888],[-119.6955,53.3906],[-119.6689,53.3678],[-119.6241,53.3596],[-119.5984,53.3657],[-119.5984,53.3835],[-119.4593,53.3572],[-119.3908,53.3608],[-119.3559,53.3401],[-119.356,53.3123],[-119.3297,53.2966],[-119.3405,53.2871],[-119.2515,53.199],[-119.2571,53.1766],[-119.2331,53.1935],[-119.146,53.1912],[-119.1195,53.1618],[-119.0885,53.1655],[-119.0469,53.1449],[-119.048,53.1268],[-119.0246,53.1267],[-118.9999,53.1486],[-119.0288,53.1642],[-118.9994,53.1928],[-118.9994,53.2127],[-119.0238,53.232],[-118.9752,53.2417],[-118.7865,53.1592],[-118.7725,53.133],[-118.7295,53.1155],[-118.7698,53.0745],[-118.7591,53.0658],[-118.7762,53.0454],[-118.759,53.038],[-118.7265,53.0602],[-118.6959,53.0328],[-118.6554,53.0348],[-118.6408,52.9993],[-118.6712,52.9783],[-118.6134,52.936],[-118.6138,52.8837],[-118.5755,52.8852],[-118.5438,52.9085],[-118.5002,52.9064],[-118.4483,52.8853],[-118.4612,52.8694],[-118.4525,52.8554],[-118.387,52.8471],[-118.4023,52.8425],[-118.4224,52.7758],[-118.3428,52.7386],[-118.3433,52.7089],[-118.2902,52.6777],[-118.3011,52.6541],[-118.3545,52.6337],[-118.3525,52.6107],[-118.3336,52.6062],[-118.3326,52.5802],[-118.2728,52.566],[-118.2892,52.5385],[-118.2355,52.4902],[-118.1934,52.4778],[-118.2554,52.4495],[-118.2194,52.3742],[-118.1801,52.3726],[-118.1381,52.4075],[-118.0442,52.3985],[-118.0304,52.4381],[-118.0507,52.4572],[-118.0211,52.4555],[-118.0133,52.4839],[-117.988,52.5002],[-117.9668,52.4697],[-117.8869,52.4261],[-117.7665,52.4177],[-117.7058,52.3654],[-117.7529,52.3164],[-117.778,52.3189],[-117.7961,52.2925],[-117.8396,52.2741],[-117.8183,52.2264],[-117.7432,52.194],[-117.6635,52.1979],[-117.6113,52.1443],[-117.5231,52.1583],[-117.5002,52.1443],[-117.3813,52.1377],[-117.3341,52.1486],[-117.3173,52.194],[-117.292,52.0854],[-117.3051,52.0743],[-117.2503,52.0351],[-117.2147,52.0285],[-117.2336,52.0118],[-117.196,51.9791],[-117.1032,51.9565],[-117.0977,51.9397],[-117.0108,51.8897],[-117.0335,51.8564],[-116.9798,51.8356],[-116.989,51.8111],[-116.9612,51.7909],[-116.9764,51.7602],[-116.9266,51.7291],[-116.9206,51.7098],[-116.8098,51.7054],[-116.798,51.7236],[-116.8193,51.7386],[-116.749,51.8051],[-116.6591,51.8052],[-116.6432,51.7867],[-116.6504,51.7537],[-116.5854,51.7128],[-116.595,51.6618],[-116.4999,51.6277],[-116.469,51.6017],[-116.4647,51.5658],[-116.3909,51.5456],[-116.3938,51.5057],[-116.3606,51.4709],[-116.284,51.4565],[-116.2942,51.4299],[-116.2825,51.4068],[-116.3114,51.385],[-116.2777,51.3617],[-116.29,51.3431],[-116.268,51.3119],[-116.219,51.2916],[-116.1641,51.2978],[-116.1533,51.2634],[-116.0076,51.222],[-116.0,51.194],[-116.0369,51.1701],[-116.0074,51.1563],[-116.0088,51.126],[-115.9683,51.1222],[-115.9236,51.0831],[-115.9009,51.0938],[-115.8425,51.0765],[-115.8128,51.0865],[-115.8028,51.0696],[-115.7534,51.0744],[-115.7736,51.0577],[-115.7671,51.0394],[-115.7268,51.0187],[-115.6924,51.0286],[-115.6283,50.9809],[-115.5971,50.9399],[-115.6098,50.9263],[-115.5621,50.8943],[-115.6489,50.8742],[-115.6394,50.838],[-115.5731,50.8377],[-115.5604,50.8047],[-115.4976,50.7824],[-115.4811,50.7552],[-115.4363,50.7557],[-115.4124,50.7336],[-115.4138,50.7113],[-115.3789,50.7053],[-115.3546,50.7227],[-115.3123,50.7239],[-115.2742,50.6489],[-115.3115,50.6286],[-115.2397,50.5892],[-115.231,50.5449],[-115.2081,50.5278],[-115.1546,50.5733],[-115.1175,50.5698],[-115.0853,50.5898],[-115.0521,50.5715],[-115.0151,50.5824],[-114.9122,50.4514],[-114.8598,50.4238],[-114.8623,50.3945],[-114.8248,50.3933],[-114.8192,50.3691],[-114.7686,50.3588],[-114.8,50.3298],[-114.7804,50.2998],[-114.7528,50.2938],[-114.7702,50.25],[-114.7247,50.1902],[-114.736,50.1204],[-114.6913,50.0713],[-114.6625,50.0649],[-114.6761,50.0481],[-114.6577,50.0297],[-114.6666,50.0033],[-114.6515,49.9755],[-114.6833,49.9671],[-114.6918,49.8963],[-114.6399,49.8277],[-114.6361,49.7848],[-114.6591,49.7651],[-114.6337,49.7304],[-114.6768,49.6962],[-114.6577,49.6613],[-114.6678,49.6375],[-114.7465,49.6185],[-114.7326,49.5764],[-114.6962,49.5468],[-114.5736,49.5575],[-114.6051,49.4389],[-114.5906,49.3961],[-114.4876,49.3473],[-114.4789,49.3268],[-114.4921,49.3138],[-114.454,49.2981],[-114.448,49.2644],[-114.3814,49.2508],[-114.4027,49.2417],[-114.399,49.2104],[-114.3185,49.2],[-114.2873,49.178],[-114.2216,49.1891],[-114.1613,49.1548],[-114.1491,49.1437],[-114.1661,49.1356],[-114.1532,49.0995],[-114.081,49.0597],[-114.0546,49.0243],[-114.0683,48.9989],[-122.7549,49.0022],[-122.8711,49.0261],[-122.8879,49.0569],[-122.8608,49.063],[-122.8495,49.0827],[-122.8909,49.0915],[-123.046,49.0472],[-123.0566,49.0278],[-123.0353,49.0021],[-123.0909,49.0019],[-123.1032,49.0233],[-123.1327,49.0045],[-123.0983,49.0366],[-123.1225,49.0499],[-123.1687,49.0162],[-123.1238,49.0508],[-123.1579,49.0668],[-123.0841,49.0947],[-123.0842,49.1112],[-123.067,49.1141],[-123.0724,49.1045],[-123.0526,49.1266],[-123.0802,49.1164],[-123.0,49.1576],[-123.1436,49.1107],[-123.2006,49.1259],[-123.1999,49.1742],[-123.1538,49.1753],[-123.1177,49.2006],[-123.10014652403581,49.20103711145914],[-123.1056271061461,49.201957677985476],[-123.137,49.2002],[-123.2677,49.2543],[-123.2624,49.2708],[-123.13074411538705,49.27220410918345],[-123.1579,49.2979],[-123.1418,49.3141],[-123.1164,49.3005],[-123.1338,49.294],[-123.0842,49.2838],[-122.9874,49.2953],[-122.8349,49.2841],[-122.9292,49.3043],[-122.9187,49.3298],[-122.92,49.3135],[-122.8869,49.336],[-122.8626,49.3836],[-122.8715,49.3946],[-122.8542,49.438],[-122.882,49.4712],[-122.8796,49.3807],[-122.949,49.3294],[-122.9368,49.3216],[-122.9558,49.3006],[-123.115,49.3085],[-123.2122,49.3411],[-123.2676,49.3318],[-123.2682,49.3569],[-123.2936,49.3727],[-123.2721,49.3747],[-123.2343,49.4181],[-123.2628,49.5195],[-123.2059,49.6206],[-123.2249,49.647],[-123.1692,49.6664],[-123.1436,49.7083],[-123.1636,49.6834],[-123.1566,49.6944],[-123.2573,49.6637],[-123.2492,49.6117],[-123.2701,49.5852],[-123.4899,49.5291],[-123.4805,49.5212],[-123.4962,49.5013],[-123.47,49.4854],[-123.4873,49.4671],[-123.4668,49.4431],[-123.5002,49.3937],[-123.5339,49.3837],[-123.7232,49.4385],[-123.7442,49.4703],[-123.8577,49.4785],[-123.8709,49.4679],[-123.9081,49.4848],[-123.9085,49.5122],[-123.9647,49.5092],[-123.9641,49.5278],[-123.941,49.5232],[-124.0017,49.5553],[-124.03595458333334,49.60959208333334],[-124.0372,49.6055],[-124.0592,49.6034],[-124.0598,49.6243],[-124.0393,49.6259],[-124.0487,49.6156],[-124.033,49.6193],[-124.03497764641688,49.61280201891597],[-123.9862,49.624],[-123.9963,49.6293],[-123.985,49.639],[-124.0186,49.6266],[-124.0727,49.6372],[-124.0669,49.6938],[-124.0341,49.7416],[-123.9719,49.7669],[-123.9078,49.7471],[-123.7929,49.547],[-123.7985,49.5125],[-123.756,49.4806],[-123.7452,49.5023],[-123.7794,49.5217],[-123.7591,49.5435],[-123.7822,49.5641],[-123.7901,49.6021],[-123.7184,49.6369],[-123.6636,49.6377],[-123.5632,49.6714],[-123.5284,49.6991],[-123.5313,49.7113],[-123.5625,49.6807],[-123.8047,49.6245],[-123.8404,49.6594],[-123.8182,49.6547],[-123.8269,49.676],[-123.7395,49.7233],[-123.7158,49.7862],[-123.7272,49.7872],[-123.7511,49.7242],[-123.8389,49.6864],[-123.8926,49.7493],[-123.947,49.7754],[-123.9204,49.7846],[-123.9242,49.7976],[-123.8736,49.8446],[-123.8682,49.8796],[-123.8864,49.9065],[-123.8659,49.917],[-123.9367,49.9193],[-123.9742,49.9572],[-123.9744,49.9805],[-123.9564,49.9977],[-123.7897,50.0463],[-123.7871,50.0685],[-123.7428,50.0872],[-123.8509,50.1635],[-123.7736,50.1884],[-123.7703,50.206],[-123.8568,50.1621],[-123.98873620030892,50.20843473701325],[-123.9732,50.186],[-123.8539,50.1354],[-123.8332,50.1047],[-123.8023,50.0932],[-123.8424,50.0577],[-124.0156,50.0],[-123.9755,49.9166],[-123.9033,49.8784],[-123.9216,49.8277],[-123.9455,49.8384],[-123.9667,49.8172],[-123.9594,49.8075],[-124.0012,49.8126],[-123.9958,49.8424],[-124.0334,49.8749],[-124.017,49.9141],[-124.0389,49.9319],[-124.0779,49.8698],[-124.0384,49.8358],[-124.0899,49.8397],[-124.1004,49.817],[-124.0788,49.7995],[-124.1435,49.7799],[-124.2778,49.7754],[-124.2611,49.7604],[-124.2691,49.7408],[-124.3304,49.7734],[-124.4073,49.7675],[-124.5264,49.8043],[-124.5304,49.8461],[-124.5564,49.8719],[-124.7522,49.9635],[-124.8062,50.0107],[-124.8428,50.064],[-124.7905,50.0563],[-124.7332,50.013],[-124.7366,50.0264],[-124.6746,49.9641],[-124.7196,50.0354],[-124.7069,50.0664],[-124.69830363165441,50.06854511964262],[-124.7238,50.0827],[-124.723,50.0453],[-124.7431,50.0364],[-124.7548,50.0424],[-124.7441,50.0567],[-124.7656,50.0423],[-124.8061,50.0753],[-124.7867,50.0672],[-124.701,50.0987],[-124.6898,50.1244],[-124.7279,50.1235],[-124.6315,50.161],[-124.606,50.1998],[-124.614,50.2348],[-124.5901,50.2417],[-124.6658,50.3173],[-124.7357,50.3259],[-124.6984,50.3395],[-124.6457,50.4037],[-124.5245,50.3969],[-124.4986,50.4225],[-124.4111,50.4396],[-124.3636,50.4852],[-124.3656,50.5],[-124.3826,50.4956],[-124.4117,50.4671],[-124.5451,50.4206],[-124.6748,50.434],[-124.7121,50.3734],[-124.8301,50.3067],[-124.9616,50.3373],[-124.9387,50.3804],[-124.9632,50.4295],[-125.0086,50.4464],[-124.9696,50.3758],[-125.0031,50.3428],[-125.0445,50.351],[-125.0319,50.3328],[-125.0416,50.3206],[-125.0805,50.3255],[-125.093,50.3491],[-125.0541,50.3722],[-125.0661,50.4114],[-125.0431,50.452],[-125.0522,50.4798],[-124.9695,50.5006],[-124.9355,50.534],[-124.9438,50.5535],[-124.8863,50.5604],[-124.8588,50.5918],[-124.8755,50.6009],[-124.8525,50.6654],[-124.8637,50.689],[-124.8397,50.7019],[-124.8322,50.7327],[-124.8648,50.7642],[-124.903,50.7751],[-124.917,50.8007],[-124.8639,50.8229],[-124.8376,50.8726],[-124.7867,50.8859],[-124.822,50.9307],[-124.8607,50.9306],[-124.8542,50.9013],[-124.8948,50.8718],[-124.9112,50.8375],[-124.9545,50.8341],[-124.9824,50.8101],[-124.9817,50.7973],[-124.9435,50.7828],[-124.9478,50.755],[-124.8865,50.7281],[-124.9292,50.6715],[-124.8981,50.6388],[-124.9067,50.613],[-124.9892,50.5685],[-124.9931,50.5365],[-125.1099,50.5025],[-125.0976,50.4455],[-125.1756,50.4069],[-125.2253,50.4233],[-125.2275,50.4444],[-125.2696,50.4599],[-125.2452,50.4883],[-125.2502,50.5029],[-125.1387,50.514],[-125.2561,50.506],[-125.31,50.4553],[-125.3523,50.4847],[-125.365,50.5686],[-125.3798,50.5271],[-125.4031,50.5303],[-125.3735,50.5052],[-125.3975,50.4676],[-125.4787,50.441],[-125.52075651129266,50.44410852474772],[-125.5039,50.4356],[-125.4993,50.4074],[-125.596,50.385],[-125.6171,50.396],[-125.6268,50.3809],[-125.7432,50.3767],[-125.7796,50.3827],[-125.7694,50.3904],[-125.7853,50.4011],[-125.6571,50.413],[-125.53039217071047,50.44482072566121],[-125.5937,50.4495],[-125.5234,50.5478],[-125.5397,50.5672],[-125.53,50.6339],[-125.509,50.6604],[-125.5193,50.6645],[-125.4583,50.6739],[-125.4314,50.7155],[-125.4018,50.7156],[-125.4218,50.7201],[-125.4756,50.7227],[-125.4667,50.6895],[-125.5279,50.6739],[-125.5588,50.629],[-125.5528,50.5954],[-125.5753,50.5777],[-125.5609,50.5781],[-125.5498,50.5501],[-125.6118,50.5166],[-125.59,50.512],[-125.6356,50.4981],[-125.5818,50.5046],[-125.6162,50.4515],[-125.6572,50.4287],[-125.7104,50.4228],[-125.7693,50.4666],[-125.6969,50.4904],[-125.7691,50.4734],[-125.7824,50.48],[-125.7627,50.4817],[-125.7651,50.495],[-125.8173,50.49],[-125.8076,50.5051],[-125.7207,50.5249],[-125.779,50.5364],[-125.808,50.5212],[-125.8354,50.5406],[-125.8264,50.5202],[-125.8426,50.4998],[-125.9152,50.4739],[-126.0019,50.4749],[-125.9849,50.494],[-126.0356,50.4742],[-126.084,50.485],[-126.0772,50.506],[-125.9094,50.5481],[-125.9392,50.5475],[-125.9389,50.5616],[-126.0685,50.5197],[-126.0952,50.4849],[-126.1553,50.4856],[-126.2872,50.5211],[-126.2108,50.5379],[-126.1863,50.5142],[-126.172,50.5211],[-126.1907,50.5688],[-126.1529,50.5878],[-126.0048,50.6111],[-125.9382,50.6368],[-125.9746,50.6424],[-126.1991,50.5788],[-126.2598269007325,50.59407318135893],[-126.2058,50.5676],[-126.2462,50.5385],[-126.2807,50.5381],[-126.2474,50.5692],[-126.2727,50.5699],[-126.3173,50.5246],[-126.3935,50.5284],[-126.4339,50.5127],[-126.6095,50.5239],[-126.6296,50.5391],[-126.611,50.5426],[-126.6778,50.5501],[-126.54,50.5465],[-126.4604,50.5627],[-126.4344,50.5501],[-126.4238,50.5544],[-126.4651,50.5705],[-126.3547,50.5835],[-126.358,50.5995],[-126.2797,50.5708],[-126.3136,50.5979],[-126.2958,50.6117],[-126.2665738095238,50.59737916666667],[-126.2755,50.613],[-126.2423,50.6271],[-126.2744,50.6172],[-126.2995,50.6309],[-126.1143,50.6432],[-126.0075,50.6676],[-125.7614,50.6753],[-125.7596,50.6875],[-125.7381,50.6877],[-125.7283,50.6549],[-125.7245,50.6826],[-125.6824,50.7101],[-125.6837,50.7394],[-125.6161,50.7588],[-125.5909,50.796],[-125.6344,50.8248],[-125.6468,50.8546],[-125.6145,50.8748],[-125.5497,50.8681],[-125.522,50.9216],[-125.4957,50.9387],[-125.5366,50.9747],[-125.5267,50.9854],[-125.5433,51.0088],[-125.5429,51.0567],[-125.5882,51.0803],[-125.5877,51.0949],[-125.6372,51.0932],[-125.6365,51.0716],[-125.5906,51.0359],[-125.6124,51.0222],[-125.5921,51.0156],[-125.5784,50.9864],[-125.5915,50.9657],[-125.5448,50.9373],[-125.5661,50.9038],[-125.6226,50.9047],[-125.6408,50.8988],[-125.6368,50.8864],[-125.685,50.875],[-125.6856,50.8251],[-125.6519,50.8085],[-125.6461,50.776],[-125.6864,50.7812],[-125.7226,50.7452],[-125.7101,50.7182],[-125.7278,50.7083],[-125.9284,50.6876],[-125.9926,50.6872],[-125.9529,50.7076],[-126.0152,50.7031],[-126.0943,50.6751],[-126.1851,50.6688],[-126.1977,50.6885],[-126.1885,50.7169],[-126.0087,50.7931],[-126.0259,50.8067],[-126.119,50.7691],[-126.1934,50.7813],[-126.2046,50.8092],[-126.1675,50.8411],[-126.1646,50.8782],[-126.1862,50.8759],[-126.1932,50.8419],[-126.2167,50.8325],[-126.2606,50.8427],[-126.2364,50.8698],[-126.2803,50.8459],[-126.329,50.8507],[-126.476,50.8137],[-126.5079,50.8176],[-126.4668,50.8505],[-126.5108,50.8664],[-126.552,50.8511],[-126.4842,50.8458],[-126.4934,50.8359],[-126.5659,50.8331],[-126.5838,50.8498],[-126.56,50.8445],[-126.5597,50.866],[-126.537,50.8726],[-126.55,50.8966],[-126.4954,50.925],[-126.4152,50.8963],[-126.4829,50.8728],[-126.4132,50.8839],[-126.3996,50.901],[-126.419,50.9077],[-126.3991,50.9179],[-126.2117,50.9011],[-126.1866,50.9267],[-126.4616,50.9441],[-126.5291,51.0439],[-126.5499,51.0029],[-126.5116,50.9414],[-126.5894,50.8987],[-126.6559,50.8831],[-126.664,50.8651],[-126.8407,50.912],[-126.6354,50.9339],[-126.6841,50.9335],[-126.6749,50.9391],[-126.7146,50.9528],[-126.6915,50.9379],[-126.8054,50.9457],[-126.7751,50.9624],[-126.7924,50.9714],[-126.7839,51.0209],[-126.796,50.9591],[-126.8391,50.965],[-126.8295,50.9539],[-126.8523,50.947],[-126.8729,50.9634],[-126.8664,50.9509],[-126.8816,50.9497],[-126.8621,50.9444],[-126.8726,50.9277],[-126.9042,50.9352],[-126.8851,50.9234],[-126.9127,50.9065],[-126.8887,50.9047],[-126.902,50.8943],[-127.0203,50.9036],[-127.03,50.9175],[-127.056,50.9068],[-127.1377,50.9318],[-127.1198,50.9438],[-127.1314,50.95],[-127.1013,50.9467],[-127.1207,50.9393],[-127.0358,50.9584],[-127.0372,50.9838],[-127.0713,51.0094],[-127.044,50.9593],[-127.1419,50.9501],[-127.1408,50.9361],[-127.1999,50.9195],[-127.1672,50.9242],[-127.0451,50.8884],[-126.8959,50.8858],[-126.9406,50.8518],[-127.0097,50.8339],[-127.0149,50.8175],[-127.0583,50.8287],[-127.058,50.8185],[-127.0735,50.8403],[-127.2702,50.9121],[-127.2404,50.9153],[-127.251,50.9212],[-127.2192,50.9432],[-127.2508,50.9231],[-127.2937,50.9358],[-127.2574,50.9197],[-127.2978,50.9006],[-127.3365,50.9055],[-127.3523,50.929],[-127.3657,50.9169],[-127.4071,50.9257],[-127.4534,50.9605],[-127.4118,50.9655],[-127.5185,51.0017],[-127.5199,51.0348],[-127.4964,51.0618],[-127.5114,51.0707],[-127.5222,51.0398],[-127.5144,51.0807],[-127.4719,51.0714],[-127.5093,51.0877],[-127.5009,51.0982],[-127.4055,51.0541],[-127.4475,51.0529],[-127.3236,51.034],[-127.2883,51.0017],[-127.2755,51.0032],[-127.2941,51.0144],[-127.2551,51.0],[-127.3055,50.9891],[-127.247,50.9937],[-127.2073,50.9781],[-127.1975,50.9705],[-127.2188,50.965],[-127.2088,50.9508],[-127.2026,50.9685],[-127.1715,50.9661],[-127.2339,50.9947],[-127.1933,51.0043],[-127.1905,51.021],[-127.2439,50.9996],[-127.3145,51.0325],[-127.28114349862464,51.03648722028102],[-127.23,51.032],[-127.0988,51.0476],[-127.0923,51.0296],[-127.0892,51.0459],[-127.0293,51.0594],[-126.7661,51.0682],[-126.7065,50.9982],[-126.7379,50.9986],[-126.7414,50.9855],[-126.6968,50.9972],[-126.7071,51.0389],[-126.6442,51.0522],[-126.7211,51.0468],[-126.7366,51.0668],[-126.7751,51.072],[-126.7165,51.1201],[-126.6604,51.14],[-126.6457,51.1748],[-126.6622,51.2012],[-126.6744,51.1545],[-126.7923,51.0819],[-126.8281,51.0758],[-126.8537,51.0839],[-126.7911,51.0977],[-126.947,51.0755],[-127.0201,51.0834],[-127.1558,51.0532],[-127.3091,51.0597],[-127.3463,51.0547],[-127.3395,51.038],[-127.4674,51.0902],[-127.2066,51.0848],[-127.19565050163692,51.07702185024818],[-127.1974,51.0951],[-127.4674,51.0936],[-127.5544,51.125],[-127.2682,51.1275],[-127.0932,51.1035],[-126.9073,51.0997],[-126.9191,51.1112],[-127.1341,51.1218],[-127.1063,51.1447],[-127.1063,51.1641],[-127.01824312852692,51.16317480419342],[-127.085,51.1724],[-127.0951,51.1885],[-127.1169,51.1413],[-127.1543,51.1239],[-127.4094,51.1349],[-127.4014,51.1529],[-127.4167,51.1855],[-127.4032,51.2016],[-127.2818,51.1864],[-127.2546,51.1943],[-127.2494,51.2112],[-127.305,51.1925],[-127.4154,51.2094],[-127.4223,51.1698],[-127.4772,51.1602],[-127.424,51.1619],[-127.4184,51.1434],[-127.4319,51.1345],[-127.466,51.1352],[-127.4545,51.1545],[-127.4708,51.1381],[-127.5492,51.1319],[-127.6159,51.143],[-127.5982,51.1329],[-127.6164,51.1277],[-127.5072,51.0974],[-127.6701,51.0921],[-127.6822,51.1328],[-127.7875,51.1635],[-127.7713,51.1836],[-127.7974,51.1973],[-127.7713,51.2147],[-127.786,51.2305],[-127.7702,51.2469],[-127.632,51.2814],[-127.6002,51.2691],[-127.6,51.2842],[-127.5721,51.28],[-127.5997,51.2652],[-127.5822,51.2606],[-127.4254,51.2688],[-127.4182,51.2767],[-127.4654,51.2775],[-127.3567,51.2909],[-127.3525,51.2809],[-127.1574,51.3169],[-127.1231,51.3379],[-127.1702,51.3268],[-127.1354,51.3606],[-127.0564,51.3526],[-127.1159,51.3588],[-127.1167,51.3999],[-127.1281,51.3693],[-127.2152,51.3176],[-127.33807334450208,51.30754160572184],[-127.3481,51.3269],[-127.3346,51.335],[-127.1749,51.3478],[-127.3467,51.3383],[-127.353,51.3112],[-127.37,51.307],[-127.5404,51.3201],[-127.4874,51.3352],[-127.5345,51.3386],[-127.4273,51.3637],[-127.3556,51.4092],[-127.4453,51.3741],[-127.4287,51.3762],[-127.4358,51.3684],[-127.4716,51.3713],[-127.5725,51.338],[-127.6735,51.3411],[-127.7014,51.3254],[-127.7806,51.3206],[-127.768,51.3268],[-127.7876,51.3353],[-127.7843,51.3724],[-127.7553,51.3692],[-127.7213,51.4018],[-127.6671,51.4033],[-127.6669,51.3685],[-127.6322,51.4324],[-127.5657,51.4729],[-127.53455792435936,51.460799615187824],[-127.5374,51.487],[-127.5634,51.4776],[-127.5618,51.5012],[-127.5366,51.5071],[-127.5454,51.4888],[-127.5211,51.5133],[-127.5125,51.5555],[-127.5239,51.5733],[-127.5047,51.6233],[-127.2502,51.6785],[-127.3354,51.6927],[-127.3491,51.7192],[-127.3647,51.6818],[-127.3953,51.6827],[-127.4296,51.657],[-127.4512,51.6645],[-127.4349,51.7057],[-127.4488,51.7547],[-127.3789,51.7795],[-127.3869,51.796],[-127.3566,51.8233],[-127.3562,51.8717],[-127.4004,51.7818],[-127.4277,51.7686],[-127.4518,51.78],[-127.4574,51.6953],[-127.5614,51.7124],[-127.6615,51.7073],[-127.5515,51.6824],[-127.4581,51.6852],[-127.485,51.6462],[-127.5341,51.6407],[-127.55,51.6637],[-127.5737,51.586],[-127.6616,51.5168],[-127.6763,51.5132],[-127.6691,51.526],[-127.6879,51.5369],[-127.7364,51.5219],[-127.7572,51.5452],[-127.7808,51.517],[-127.7797,51.5302],[-127.8013,51.533],[-127.7521,51.571],[-127.7955,51.562],[-127.7856,51.609],[-127.76,51.5999],[-127.7565,51.5827],[-127.7445,51.6067],[-127.665,51.6023],[-127.6886,51.6135],[-127.6868,51.6345],[-127.721,51.6144],[-127.7157,51.6513],[-127.727,51.6281],[-127.7347,51.6381],[-127.7545,51.6239],[-127.7637,51.6535],[-127.7693,51.6324],[-127.7951,51.6474],[-127.7921,51.6232],[-127.8168,51.624],[-127.818,51.6691],[-127.8424,51.639],[-127.8896,51.6927],[-127.8573,51.7128],[-127.8915,51.7153],[-127.8736,51.7742],[-127.8974,51.8158],[-127.8734,51.8412],[-127.8933,51.8387],[-127.8686,51.8438],[-127.882,51.8519],[-127.8487,51.8746],[-127.8717,51.8665],[-127.8633,51.8888],[-127.8868,51.8782],[-127.8775,51.9019],[-127.8389,51.8982],[-127.8234,51.9273],[-127.7475,51.9528],[-127.7046,51.9406],[-127.668,51.9511],[-127.674,51.9663],[-127.6301,52.0247],[-127.6554,52.0296],[-127.6076,52.1214],[-127.5551,52.1232],[-127.5271,52.1583],[-127.4753,52.1472],[-127.4657,52.1089],[-127.5771,52.102],[-127.6121,52.0313],[-127.5542,52.0898],[-127.4675,52.077],[-127.4357,52.1074],[-127.3755,52.1007],[-127.435,52.1177],[-127.473,52.1871],[-127.4266,52.1886],[-127.374,52.2257],[-127.292,52.2312],[-127.2573,52.2614],[-127.2128,52.2728],[-127.2054,52.2932],[-127.1821,52.2927],[-127.1774,52.3142],[-127.0001,52.2983],[-126.9554,52.2603],[-126.9271,52.1886],[-126.8379,52.1488],[-126.7657,52.0914],[-126.6949,52.0244],[-126.7023,51.9981],[-126.6862,51.993],[-126.6817,51.9629],[-126.6666,51.9641],[-126.6868,52.019],[-126.6799,52.0382],[-126.66,52.0362],[-126.7978,52.1504],[-126.9006,52.1968],[-126.9162,52.2525],[-126.9649,52.3096],[-126.9284,52.3492],[-126.7636,52.378],[-126.7831,52.3767],[-126.7746,52.394],[-126.9564,52.3669],[-126.9861,52.332],[-127.1084,52.3338],[-127.1638,52.3433],[-127.1846,52.3767],[-127.2169,52.3853],[-127.1895,52.4233],[-127.2423,52.4504],[-127.2156,52.4715],[-127.2378,52.514],[-127.2298,52.5358],[-127.117,52.5781],[-127.0743,52.6173],[-126.9873,52.6292],[-126.9741,52.6808],[-126.9189,52.7115],[-126.9576,52.7618],[-126.9541,52.8044],[-126.9823,52.813],[-126.9631,52.8344],[-127.0103,52.8388],[-127.0841,52.8841],[-126.9959,52.813],[-126.987,52.7937],[-127.0023,52.7638],[-126.9629,52.7164],[-127.009,52.6842],[-127.0097,52.6682],[-127.0323,52.6645],[-127.0379,52.6426],[-127.1126,52.6217],[-127.1342,52.5938],[-127.1696,52.6087],[-127.1628,52.5887],[-127.1819,52.5776],[-127.2169,52.5677],[-127.2435,52.5823],[-127.2209,52.5575],[-127.2557,52.5428],[-127.266,52.4982],[-127.295,52.4945],[-127.2759,52.4961],[-127.2601,52.4759],[-127.3172,52.4429],[-127.3185,52.457],[-127.3229,52.4299],[-127.3441,52.4179],[-127.4287,52.4269],[-127.6328,52.6071],[-127.6101,52.567],[-127.4892,52.4542],[-127.4183,52.4098],[-127.4544,52.407],[-127.4811,52.3756],[-127.5414,52.3998],[-127.4851,52.3696],[-127.4762,52.3534],[-127.4899,52.3377],[-127.6004,52.3197],[-127.606,52.2937],[-127.6284,52.2838],[-127.6723,52.2943],[-127.7169,52.272],[-127.7593,52.2717],[-127.7337,52.3395],[-127.6854,52.3518],[-127.7228,52.3604],[-127.785,52.2678],[-127.8825,52.1993],[-127.9008,52.2588],[-127.9303,52.2922],[-127.9264,52.3476],[-127.8662,52.3628],[-127.8378,52.3384],[-127.8825,52.4268],[-127.8984,52.414],[-127.9274,52.4449],[-127.8887,52.4617],[-127.89,52.4827],[-127.8716,52.4954],[-127.8133,52.476],[-127.8021,52.4513],[-127.78838958259009,52.45414555833036],[-127.8402,52.5155],[-127.8582,52.5002],[-127.8902,52.5023],[-127.9055,52.4674],[-127.93,52.4497],[-127.9399,52.4653],[-127.946,52.4457],[-127.883,52.3724],[-127.9439,52.358],[-127.945,52.3231],[-128.0078,52.3181],[-127.9986,52.3579],[-128.0124,52.3692],[-127.9893,52.3845],[-127.984,52.4436],[-127.9596,52.478],[-127.9301,52.4749],[-127.9621,52.4794],[-128.0018,52.4467],[-127.9943,52.4007],[-128.0168,52.3919],[-128.0003,52.3849],[-128.0194,52.3726],[-128.0099,52.3548],[-128.0257,52.3193],[-128.0859,52.4325],[-128.0777,52.458],[-128.0298,52.4662],[-128.0462,52.4835],[-128.0353,52.4975],[-127.9788,52.5176],[-128.0126,52.5172],[-128.013,52.5303],[-127.9914,52.528],[-128.0341,52.5349],[-128.0245,52.5136],[-128.0705,52.5113],[-128.1022,52.5511],[-128.0939,52.5912],[-128.0435,52.6007],[-128.0288,52.6232],[-128.0509,52.6534],[-128.0487,52.6265],[-128.1127,52.5971],[-128.1142,52.5482],[-128.0823,52.5122],[-128.1061,52.5115],[-128.0959,52.4973],[-128.1056,52.4716],[-128.1419,52.4398],[-128.1612,52.474],[-128.1603,52.4452],[-128.2071,52.4632],[-128.1501,52.431],[-128.1517,52.4093],[-128.1986,52.3625],[-128.238,52.4037],[-128.2046,52.3527],[-128.2863,52.2601],[-128.322,52.2657],[-128.2939,52.2863],[-128.3583,52.2662],[-128.3569,52.2808],[-128.3215,52.2847],[-128.3696,52.2898],[-128.321,52.3433],[-128.324,52.3576],[-128.3252,52.3393],[-128.343,52.3377],[-128.3419152175546,52.34826888039662],[-128.3718,52.3352],[-128.3767,52.3503],[-128.3501,52.3635]],[[-122.9181,49.198],[-122.9778,49.1809],[-123.0424,49.2055],[-123.07311340810057,49.20377926994786],[-123.08217076958384,49.201484738372095],[-123.0414,49.2025],[-122.9779,49.1791],[-122.9181,49.198]],[[-127.1428,51.0609],[-127.1944287241149,51.076153941215765],[-127.1738,51.0615],[-127.1428,51.0609]],[[-126.922,51.1906],[-126.9343,51.173],[-126.9959568950069,51.16294064722813],[-126.9445,51.1624],[-126.9205,51.1748],[-126.922,51.1906]],[[-127.3043,51.4308],[-127.3264,51.4634],[-127.3244,51.4395],[-127.4781,51.4447],[-127.51449467077295,51.45300395340274],[-127.4661,51.4342],[-127.4859,51.4122],[-127.5564,51.4016],[-127.4763,51.4034],[-127.4387,51.4378],[-127.3151,51.4274],[-127.30905837917554,51.413071200168545],[-127.3043,51.4308]],[[-127.2346,51.4126],[-127.30689187217934,51.40793293578816],[-127.3038,51.4006],[-127.2346,51.4126]],[[-127.78060527043851,52.455761170286344],[-127.7438,52.4634],[-127.7131,52.4505],[-127.7419,52.4755],[-127.78060527043851,52.455761170286344]],[[-128.5021,53.3467],[-128.4705,53.3169],[-128.4932,53.3543],[-128.4798,53.396],[-128.5215870283019,53.4020391509434],[-128.491,53.3933],[-128.5021,53.3467]],[[-129.078,53.7905],[-129.0629,53.8153],[-129.0847,53.8363],[-129.0993,53.7781],[-129.04729458601378,53.76771396942098],[-129.0518,53.7688],[-129.078,53.7905]]],[[[-128.1689,52.3001],[-128.1969,52.3153],[-128.1736,52.3285],[-128.1077,52.4381],[-128.079,52.4137],[-128.0471,52.3188],[-128.1153,52.304],[-128.1286,52.2816],[-128.1595,52.2731],[-128.203,52.2812],[-128.1899,52.2928],[-128.2019,52.3054],[-128.1689,52.3001]]],[[[-128.6157,52.3325],[-128.6301,52.3061],[-128.6683,52.2923],[-128.6614,52.2811],[-128.7335,52.3138],[-128.7421,52.3505],[-128.7191,52.3594],[-128.7571,52.3765],[-128.7424,52.3856],[-128.7633,52.399],[-128.7455,52.418],[-128.7723,52.4173],[-128.7649,52.4726],[-128.6981,52.4718],[-128.7071,52.4798],[-128.6873,52.4865],[-128.6743,52.4796],[-128.6905,52.4649],[-128.6665,52.4673],[-128.6697,52.4825],[-128.6243,52.4575],[-128.6157,52.3325]]],[[[-128.4416,52.3847],[-128.4787,52.396],[-128.419,52.4089],[-128.3995,52.4582],[-128.286,52.4788],[-128.266,52.4558],[-128.2966,52.4452],[-128.2886,52.4165],[-128.3309,52.41],[-128.3631,52.371],[-128.456,52.3612],[-128.4416,52.3847]]],[[[-128.0313,52.5099],[-128.0655,52.4728],[-128.0726,52.4939],[-128.0313,52.5099]]],[[[-128.2812,52.5201],[-128.2687,52.4938],[-128.4197,52.4624],[-128.42,52.5124],[-128.3794,52.497],[-128.3077,52.4992],[-128.4113,52.5107],[-128.4376,52.5447],[-128.2812,52.5201]]],[[[-128.7049,52.602],[-128.5828,52.5988],[-128.5493,52.6775],[-128.5179,52.5719],[-128.4663,52.4772],[-128.4992,52.4312],[-128.6957,52.4975],[-128.702,52.5058],[-128.6815,52.5074],[-128.6912,52.5203],[-128.7275,52.5097],[-128.7058,52.5043],[-128.7081,52.4822],[-128.7341,52.495],[-128.7322,52.4834],[-128.7595,52.4794],[-128.7684,52.4997],[-128.7991,52.4963],[-128.7881,52.5064],[-128.8074,52.5065],[-128.8126,52.5229],[-128.8279,52.5148],[-128.814,52.5584],[-128.7384,52.5101],[-128.7373,52.5259],[-128.6797,52.5271],[-128.7281,52.5495],[-128.6557,52.5382],[-128.7062,52.5571],[-128.6234,52.5497],[-128.71144254891112,52.558287109591106],[-128.7099,52.5557],[-128.7389,52.5693],[-128.7558,52.559],[-128.7355,52.5831],[-128.7551,52.5928],[-128.7183,52.597],[-128.7365,52.5721],[-128.7049,52.602]],[[-128.7094,52.5761],[-128.7226,52.577],[-128.711803323214,52.55889218775261],[-128.6935,52.5702],[-128.7015,52.5988],[-128.7094,52.5761]]],[[[-128.5183,52.6087],[-128.49,52.553],[-128.5112,52.5764],[-128.5183,52.6087]]],[[[-128.7833,52.6572],[-128.7581,52.6581],[-128.7634,52.6167],[-128.7833,52.6572]]],[[[-128.3496,52.7324],[-128.2894,52.6848],[-128.3033,52.6358],[-128.2851,52.541],[-128.2936,52.5228],[-128.4423,52.548],[-128.4348,52.6174],[-128.4464,52.6122],[-128.4494,52.6307],[-128.4364,52.6781],[-128.3535,52.665],[-128.3493,52.6759],[-128.4321,52.694],[-128.428,52.7124],[-128.3887,52.705],[-128.4258,52.7141],[-128.4165,52.7323],[-128.3978,52.7263],[-128.42325030120483,52.73931656626506],[-128.4413,52.7333],[-128.4519,52.7452],[-128.4271,52.7796],[-128.39,52.7719],[-128.4112,52.7917],[-128.3901,52.8051],[-128.3526,52.7854],[-128.3496,52.7324]]],[[[-128.809,52.6501],[-128.8026,52.6848],[-128.7963,52.6653],[-128.809,52.6501]]],[[[-128.2139,52.6515],[-128.2495,52.601],[-128.2765,52.5898],[-128.293,52.5913],[-128.2924,52.6167],[-128.2711,52.674],[-128.334,52.7349],[-128.3293,52.7644],[-128.3438,52.7843],[-128.2034,52.7753],[-128.2197,52.792],[-128.146,52.8441],[-128.1732,52.7238],[-128.2003,52.6918],[-128.2243,52.7187],[-128.2086,52.6879],[-128.2139,52.6515]]],[[[-128.5103,52.8834],[-128.466,52.8437],[-128.4529,52.8081],[-128.4719,52.7683],[-128.4883,52.7817],[-128.4756,52.7055],[-128.5059,52.642],[-128.5249,52.6436],[-128.5531,52.709],[-128.5103,52.8834]]],[[[-128.6711,52.9637],[-128.6627,52.9291],[-128.6758,52.9522],[-128.6711,52.9637]]],[[[-128.5371,53.0217],[-128.5221,52.9433],[-128.5646,52.7363],[-128.5939,52.7476],[-128.5698,52.686],[-128.6273,52.6584],[-128.6334,52.6391],[-128.6803,52.6393],[-128.6442,52.6281],[-128.6048,52.6667],[-128.5764,52.669],[-128.5952,52.6062],[-128.7129,52.6173],[-128.7599,52.6054],[-128.7543,52.654],[-128.7348,52.6545],[-128.7614,52.7487],[-128.7246,52.7448],[-128.7595,52.7572],[-128.7358,52.7836],[-128.7137,52.8548],[-128.6966,52.869],[-128.6779,52.8589],[-128.6858,52.8783],[-128.6559,52.9004],[-128.6586,52.9709],[-128.6895,52.9615],[-128.6743,52.9244],[-128.6982,52.8934],[-128.718,52.894],[-128.7438,52.9233],[-128.7208,52.8836],[-128.7466,52.8375],[-128.8131,52.8486],[-128.7534,52.8278],[-128.766,52.8197],[-128.7511,52.8052],[-128.7716,52.8173],[-128.7761,52.7734],[-128.7943,52.7524],[-128.7899,52.7225],[-128.7644,52.7034],[-128.763,52.6687],[-128.7908,52.6643],[-128.7822,52.6755],[-128.8065,52.7143],[-128.8165,52.6719],[-128.8664,52.6716],[-128.8364,52.6612],[-128.8928,52.6489],[-129.0065,52.7022],[-128.9728,52.7261],[-128.976,52.7431],[-129.0098,52.7083],[-129.0754,52.7524],[-128.9871,52.7756],[-129.0787,52.7652],[-129.1034,52.7849],[-129.0534,52.7859],[-129.1032,52.7862],[-129.0758,52.806],[-129.1133,52.7972],[-129.1371,52.8478],[-129.133,52.8744],[-129.0862,52.8747],[-129.0021,52.8384],[-129.0315,52.8531],[-129.0306,52.8662],[-129.0957,52.8877],[-128.9809,52.9318],[-128.9731,52.9633],[-128.9448,52.9748],[-128.9752,52.9679],[-128.97295047791647,52.98149086258805],[-128.9867,52.9591],[-129.0317,52.9239],[-129.1265,52.8995],[-129.1313,52.9802],[-129.1527,52.9622],[-129.1374,52.926],[-129.1518,52.9413],[-129.157,52.9167],[-129.1835,52.9337],[-129.1841,52.9545],[-129.1981,52.9516],[-129.1966,52.9716],[-129.1799,52.9645],[-129.2009,52.9808],[-129.1966,53.0211],[-129.1608,53.0539],[-129.1835,53.0672],[-129.125,53.0782],[-129.1178,53.053],[-129.0964,53.068],[-129.1114,53.081],[-129.0822,53.097],[-129.0806,53.1385],[-129.0969,53.1856],[-129.0559,53.2124],[-129.04270189513582,53.205770814908405],[-129.085,53.2592],[-129.0889,53.2705],[-129.0737,53.2717],[-129.094,53.2828],[-129.0861,53.2929],[-129.0366,53.308],[-128.9674,53.2845],[-128.9083,53.299],[-128.8701,53.2588],[-128.6944,53.1591],[-128.634,53.1549],[-128.5758,53.094],[-128.5371,53.0217]],[[-128.98880191992606,53.17335146410115],[-128.9457,53.1583],[-128.8901,53.1631],[-128.9485,53.1646],[-129.0275744839812,53.19817257186271],[-128.9902,53.1794],[-128.98880191992606,53.17335146410115]],[[-128.9207,53.0327],[-128.9544,53.0117],[-128.97193220126815,52.98314910877079],[-128.9282,53.0209],[-128.8987,53.0267],[-128.9207,53.0327]]],[[[-128.6929,53.1795],[-128.6411,53.1694],[-128.6861,53.1745],[-128.6929,53.1795]]],[[[-128.7485,53.5244],[-128.7214,53.5018],[-128.7469,53.5105],[-128.7485,53.5244]]],[[[-128.8493,53.7215],[-128.8454,53.7359],[-128.8989,53.7154],[-128.865,53.7614],[-128.8469,53.7598],[-128.832,53.7225],[-128.8493,53.7215]]],[[[-128.735,53.8717],[-128.7243,53.8455],[-128.7659,53.8197],[-128.7724,53.8419],[-128.735,53.8717]]],[[[-126.6988,49.8503],[-126.7237,49.8525],[-126.7201,49.8668],[-126.6713,49.8559],[-126.6757,49.828],[-126.6328,49.7481],[-126.63553508834342,49.74414584370924],[-126.6353,49.7443],[-126.6316,49.7243],[-126.6398949350305,49.7378427510702],[-126.6503,49.7228],[-126.6124,49.6643],[-126.6346,49.6558],[-126.6144,49.5902],[-126.6567,49.5946],[-126.6772,49.5799],[-126.7163,49.6037],[-126.8267,49.6184],[-126.8402,49.6579],[-126.9006,49.6773],[-126.95031943127962,49.7314586662153],[-126.955,49.7248],[-126.9826,49.7489],[-126.9676,49.7537],[-126.9382,49.7487],[-126.94892470300061,49.733442833231265],[-126.9333,49.7428],[-126.9318,49.7241],[-126.9221,49.7606],[-126.8302,49.7744],[-126.8227,49.8008],[-126.7724,49.7889],[-126.7377,49.7994],[-126.8117,49.8069],[-126.8899,49.7794],[-126.9266,49.7913],[-126.941,49.8141],[-126.9431,49.796],[-126.94758945050064,49.79647080379782],[-126.9728,49.8192],[-126.9562,49.8234],[-126.9592,49.8373],[-126.9167,49.8297],[-126.9028,49.8471],[-126.8373,49.8644],[-126.7934,49.8614],[-126.808,49.8731],[-126.7982,49.8865],[-126.73,49.8444],[-126.6988,49.8503]]],[[[-127.0683,49.8438],[-127.0327,49.8332],[-127.0535,49.8283],[-127.0683,49.8438]]],[[[-127.4202,50.0113],[-127.4079,50.0049],[-127.42,49.9916],[-127.4202,50.0113]]],[[[-127.2848,49.9734],[-127.2865,49.9933],[-127.3062,49.9867],[-127.323,50.0058],[-127.2963,50.0381],[-127.2288,50.0176],[-127.2848,49.9734]]],[[[-127.2066,50.0058],[-127.2119,50.0166],[-127.1834,50.0099],[-127.2066,50.0058]]],[[[-127.4848,50.0927],[-127.4777,50.1149],[-127.4197,50.1386],[-127.5147,50.1219],[-127.4335,50.1894],[-127.4851,50.1856],[-127.4769,50.1711],[-127.4962,50.1705],[-127.5374,50.1271],[-127.5777,50.128],[-127.6046,50.1078],[-127.5992,50.1208],[-127.6255,50.1174],[-127.6444,50.1458],[-127.6071,50.1913],[-127.6366,50.1681],[-127.6612,50.1825],[-127.6308,50.209],[-127.6657,50.1871],[-127.6508,50.171],[-127.659,50.1503],[-127.6865,50.1492],[-127.7013,50.1356],[-127.6851,50.131],[-127.7153,50.1335],[-127.7957,50.0805],[-127.9165,50.1137],[-127.9208,50.1295],[-127.8357,50.1703],[-127.8148,50.199],[-127.7814,50.1995],[-127.8043,50.2002],[-127.7922,50.2087],[-127.8017,50.2204],[-127.7226,50.2414],[-127.7348,50.2474],[-127.72,50.2643],[-127.744,50.2431],[-127.7994,50.2467],[-127.864,50.289],[-127.8129,50.2972],[-127.7993,50.3182],[-127.7175,50.2962],[-127.7926,50.3253],[-127.8578,50.3129],[-127.8745,50.3443],[-127.9402,50.3202],[-127.9765,50.3246],[-127.9955,50.3507],[-127.9692,50.3522],[-127.9589,50.3798],[-127.971,50.3884],[-127.9194,50.4264],[-127.9399,50.4371],[-127.9368,50.4643],[-127.8909,50.454],[-127.843,50.4705],[-127.8088,50.4567],[-127.7708,50.4828],[-127.6134,50.4822],[-127.6262,50.4947],[-127.5813,50.4804],[-127.5856,50.4907],[-127.4349,50.3422],[-127.4423,50.3792],[-127.4859,50.408],[-127.5016,50.4456],[-127.5773,50.5163],[-127.5829,50.5042],[-127.609,50.5243],[-127.562,50.5244],[-127.5508,50.5553],[-127.5098,50.5336],[-127.5385,50.5588],[-127.5299,50.5677],[-127.4208,50.5816],[-127.4191,50.6038],[-127.4634,50.587],[-127.5063,50.5964],[-127.5544,50.5687],[-127.5793,50.5839],[-127.5716,50.6022],[-127.7913,50.605],[-128.0086,50.6537],[-128.0184,50.6496],[-127.767,50.5866],[-127.6157,50.5805],[-127.5592,50.5543],[-127.57,50.5344],[-127.6017,50.552],[-127.6109,50.5337],[-127.6629,50.5331],[-127.8017,50.4843],[-127.8391,50.4876],[-127.8437,50.503],[-127.8248,50.5013],[-127.862,50.5077],[-127.8911,50.4798],[-127.9287,50.4893],[-127.9916,50.4669],[-128.0318,50.5004],[-128.0096,50.5277],[-127.942,50.544],[-127.8952,50.5199],[-127.9341,50.5441],[-127.9912,50.5438],[-128.0232,50.5315],[-128.0522,50.4889],[-128.0951,50.5046],[-128.0296,50.4625],[-128.0471,50.4435],[-128.0817,50.4792],[-128.1092,50.472],[-128.1405,50.5056],[-128.2068,50.5289],[-128.2189,50.5372],[-128.2104,50.5503],[-128.2469,50.5723],[-128.23314228343256,50.58489509263217],[-128.3271,50.6296],[-128.2733,50.6739],[-128.3454,50.6653],[-128.3514,50.6898],[-128.3604,50.6714],[-128.3734,50.6756],[-128.3779,50.6918],[-128.3633,50.7019],[-128.3898,50.7275],[-128.3632,50.7376],[-128.3466,50.7797],[-128.3886,50.7348],[-128.412,50.7439],[-128.3983,50.7507],[-128.4016,50.771],[-128.4322,50.7717],[-128.4298,50.7863],[-128.4081,50.7758],[-128.3587,50.7852],[-128.3575,50.8033],[-128.2489,50.8034],[-128.2115,50.834],[-128.1284,50.8388],[-128.1031,50.8665],[-128.0536,50.8768],[-128.0083,50.8587],[-127.9062,50.8748],[-127.874,50.8662],[-127.8674,50.8458],[-127.8544,50.855],[-127.7582,50.8367],[-127.4881,50.767],[-127.494,50.7149],[-127.4778,50.6981],[-127.4828,50.7161],[-127.4412,50.7324],[-127.4501,50.745],[-127.4079,50.7474],[-127.4264,50.7131],[-127.4174,50.6961],[-127.3837,50.6999],[-127.193,50.61],[-127.0788,50.6044],[-127.1339,50.5916],[-126.9987,50.5859],[-126.9682,50.5601],[-126.8543,50.5519],[-126.882,50.5417],[-126.8672,50.528],[-126.8218,50.5503],[-126.5882,50.4807],[-126.3601,50.4834],[-126.2822,50.4647],[-126.1267,50.4579],[-125.9948,50.4168],[-125.9382,50.3726],[-125.9453,50.3907],[-125.8206,50.3836],[-125.7218,50.3565],[-125.5797,50.3682],[-125.5198,50.3363],[-125.4389,50.3308],[-125.4544,50.3245],[-125.4352,50.3046],[-125.4411,50.2801],[-125.3984,50.252],[-125.3637,50.1535],[-125.3592,50.1294],[-125.3914,50.1382],[-125.386,50.1226],[-125.3247,50.1132],[-125.2998,50.0753],[-125.2714,50.0693],[-125.1729,49.9061],[-125.1221,49.8882],[-125.1108,49.8595],[-124.8624,49.7076],[-124.9059,49.6619],[-124.9793,49.6735],[-124.923,49.643],[-124.8185,49.4961],[-124.7927,49.498],[-124.7918,49.4619],[-124.7742,49.4683],[-124.7468,49.4514],[-124.7251,49.4676],[-124.5735,49.3803],[-124.4584,49.3543],[-124.3558,49.3519],[-124.3201,49.3234],[-124.2843,49.3316],[-124.2069,49.2939],[-124.198,49.2996],[-124.2143,49.315],[-124.1857,49.3126],[-124.1089,49.2702],[-124.1933,49.2685],[-124.1704,49.2535],[-124.083,49.2572],[-123.9483,49.2289],[-123.9402,49.2129],[-123.9696,49.2017],[-123.9235,49.162],[-123.9151,49.1309],[-123.8739,49.1341],[-123.8945,49.1667],[-123.8717,49.1423],[-123.8185,49.1357],[-123.8045,49.1199],[-123.8096,49.094],[-123.7467,49.04],[-123.7917,49.0265],[-123.7609,49.0045],[-123.7693,48.9812],[-123.8512,49.0288],[-123.8601,49.0211],[-123.7103,48.9183],[-123.7058,48.9299],[-123.6663,48.8914],[-123.6739,48.8809],[-123.6451,48.8834],[-123.6359,48.8618],[-123.5924,48.8482],[-123.5842,48.8244],[-123.6098,48.8152],[-123.5992,48.7878],[-123.5889,48.8086],[-123.5625,48.799],[-123.558,48.7811],[-123.5806,48.7683],[-123.5699,48.7428],[-123.5979,48.7685],[-123.6053,48.7556],[-123.6355,48.7709],[-123.6452,48.7597],[-123.6242,48.7484],[-123.6561,48.75],[-123.5866,48.734],[-123.5349,48.6939],[-123.5339,48.6599],[-123.5596,48.6557],[-123.5186,48.6149],[-123.5145,48.5684],[-123.5579,48.5497],[-123.54350384615384,48.52090769230768],[-123.5372,48.5468],[-123.5058,48.5535],[-123.4876,48.5777],[-123.47411652200753,48.56693636520773],[-123.4647,48.5903],[-123.4812,48.6067],[-123.4644,48.629],[-123.4799,48.6286],[-123.446,48.6552],[-123.4889,48.6772],[-123.474,48.6806],[-123.4833,48.6927],[-123.4396,48.6991],[-123.3963,48.6759],[-123.425,48.6763],[-123.3925,48.662],[-123.4103,48.6283],[-123.3947,48.5929],[-123.3699,48.5966],[-123.3647,48.5147],[-123.3068,48.4964],[-123.3028,48.4767],[-123.2646,48.4512],[-123.2973,48.4571],[-123.2916,48.4382],[-123.3076,48.4271],[-123.2937,48.4116],[-123.3489,48.4029],[-123.3915,48.4146],[-123.37754991536899,48.42653981042653],[-123.4099,48.4168],[-123.4374,48.428],[-123.4204,48.4326],[-123.4338,48.45],[-123.4636,48.4567],[-123.4471,48.4309],[-123.45542052980133,48.430160397350996],[-123.4887,48.396],[-123.478,48.3862],[-123.5223,48.3885],[-123.5109,48.3861],[-123.5445,48.354],[-123.5347,48.3373],[-123.5791,48.3494],[-123.5405,48.3201],[-123.6011,48.3147],[-123.5887,48.3427],[-123.6273,48.3371],[-123.6543,48.3138],[-123.7143,48.3387],[-123.703,48.3586],[-123.7171,48.3658],[-123.6825,48.3765],[-123.6523,48.3578],[-123.6236,48.3699],[-123.637,48.3738],[-123.6328,48.3896],[-123.7065,48.3826],[-123.732,48.3644],[-123.7111,48.3583],[-123.7347,48.3539],[-123.7621,48.3715],[-123.8221,48.3569],[-123.8659,48.3812],[-123.9211,48.3766],[-124.0367,48.4206],[-124.2509,48.4707],[-124.3095,48.5043],[-124.4585,48.5315],[-124.3988,48.5591],[-124.4138,48.5766],[-124.4976,48.5427],[-124.6038,48.5641],[-124.6499,48.5752],[-124.6558,48.5922],[-124.6585,48.5795],[-124.7515,48.611],[-124.81462730441173,48.661226092433665],[-124.8289,48.6592],[-124.9521,48.7001],[-125.0997,48.7211],[-125.1326,48.7573],[-125.1147,48.7909],[-125.12275875612941,48.79594548209842],[-125.1553,48.7702],[-125.1749,48.7875],[-125.2125,48.7813],[-125.2115,48.7951],[-125.1821,48.8014],[-125.141,48.8394],[-125.1633,48.8142],[-125.1352,48.8225],[-125.135,48.8364],[-125.1126,48.829],[-125.1062,48.8377],[-125.1344,48.8398],[-125.0888,48.8777],[-125.0,48.8964],[-125.0059,48.9195],[-125.0325,48.9334],[-125.0187,48.9437],[-124.9817,48.936],[-124.976,48.9526],[-124.9889,48.9576],[-124.9716,48.9699],[-124.9053,48.9734],[-124.8582,49.0014],[-124.8149,49.1125],[-124.7874,49.1421],[-124.8165,49.1841],[-124.8094,49.2445],[-124.83250142991221,49.24382303502089],[-124.8393,49.2336],[-124.8233,49.1896],[-124.8325,49.1762],[-124.8085,49.1556],[-124.8165,49.1208],[-124.8375,49.1017],[-124.8314,49.0879],[-124.8861,49.0638],[-124.8631,49.0554],[-124.8658,49.0272],[-124.9115,48.9849],[-124.9845,48.9805],[-124.9759,48.9877],[-125.0339,49.0163],[-125.028,49.0277],[-125.0515,49.0139],[-124.9935,48.9774],[-125.0296,48.955],[-125.0241,48.9796],[-125.0109,48.9798],[-125.0363,48.9878],[-125.0253,48.9945],[-125.0524,48.9976],[-125.0953,48.9729],[-125.1271,48.9796],[-125.1317,48.9968],[-125.15171542593497,49.000087557883035],[-125.1624,48.985],[-125.1855,48.9902],[-125.1352,49.0459],[-125.1529,49.0748],[-125.2006,49.0978],[-125.1455,49.0532],[-125.1747,49.0574],[-125.1571,49.0271],[-125.1934,49.007],[-125.1838,48.979],[-125.2217,48.9511],[-125.2419,48.9441],[-125.2765,48.9682],[-125.3235,48.9693],[-125.287,48.9742],[-125.2891,49.0066],[-125.3236,49.0122],[-125.199,49.0399],[-125.2901,49.0236],[-125.3585,49.0416],[-125.3689,48.9981],[-125.4802,48.9213],[-125.5105,48.922],[-125.5865,48.9759],[-125.573,48.9477],[-125.5277,48.931],[-125.5419,48.9208],[-125.5411,48.9346],[-125.6042,48.9583],[-125.6351,49.0008],[-125.669,48.9954],[-125.6950318567822,49.037701767271066],[-125.7397,49.0643],[-125.8215,49.0629],[-125.8822,49.089],[-125.8737,49.1063],[-125.915,49.1392],[-125.913,49.1536],[-125.8899,49.1506],[-125.8791,49.1132],[-125.8497,49.1195],[-125.8622,49.1146],[-125.8568,49.0989],[-125.8447,49.0944],[-125.8577,49.1132],[-125.8424,49.1145],[-125.838,49.0976],[-125.8232,49.0984],[-125.8356,49.1221],[-125.8075,49.12],[-125.7332,49.0733],[-125.7265,49.0949],[-125.7576,49.1091],[-125.668,49.1363],[-125.6802,49.1542],[-125.6497,49.1543],[-125.6242,49.1927],[-125.6413,49.1937],[-125.6001,49.2055],[-125.5957,49.2336],[-125.6088,49.212],[-125.6568,49.2006],[-125.6642,49.1684],[-125.6709,49.2147],[-125.688,49.1808],[-125.7141,49.1766],[-125.7031,49.1683],[-125.7245,49.1443],[-125.7445,49.1711],[-125.743,49.1497],[-125.77,49.1454],[-125.7614,49.1312],[-125.7909,49.1405],[-125.7461,49.1807],[-125.7542,49.2231],[-125.7253,49.2584],[-125.7788,49.2402],[-125.8122,49.2456],[-125.7919,49.3099],[-125.8018,49.3346],[-125.7708,49.3579],[-125.7764,49.3706],[-125.8379,49.292],[-125.8343,49.2615],[-125.8682,49.2572],[-125.8424,49.2777],[-125.9127,49.2796],[-125.9445,49.2508],[-125.9364,49.2449],[-125.9735,49.2269],[-126.0131,49.2433],[-126.0325,49.2846],[-126.0026,49.2831],[-126.0186,49.2955],[-126.0118,49.3055],[-125.9481,49.299],[-125.9597,49.311],[-125.9236,49.3795],[-125.9352,49.3837],[-125.9041,49.3982],[-125.902,49.4206],[-125.9453,49.3984],[-125.9731,49.3463],[-125.9904,49.3555],[-125.9901,49.3293],[-126.0057,49.3192],[-126.0586,49.3403],[-126.0637,49.3831],[-126.0828,49.3948],[-126.0583,49.4075],[-126.0683,49.4199],[-126.0382,49.4269],[-126.04369701971574,49.443207825156655],[-126.0572,49.4316],[-126.1219,49.43],[-126.1731,49.4033],[-126.1488,49.4009],[-126.2143,49.4016],[-126.238,49.4188],[-126.2158,49.428],[-126.2333,49.4329],[-126.215,49.4471],[-126.2371,49.4432],[-126.2289,49.4743],[-126.2473,49.4699],[-126.2502,49.4352],[-126.2946,49.5149],[-126.2773,49.4544],[-126.3222,49.42],[-126.271,49.4453],[-126.2609,49.4372],[-126.2601,49.347],[-126.2667,49.3793],[-126.2866,49.3527],[-126.3507,49.4016],[-126.4079,49.4134],[-126.4037,49.4281],[-126.4323,49.4481],[-126.4041,49.4749],[-126.4484,49.4693],[-126.4876,49.4327],[-126.4622,49.4065],[-126.475,49.3778],[-126.5397,49.38],[-126.5771,49.4147],[-126.5466,49.4453],[-126.5743,49.4643],[-126.5501,49.5114],[-126.5706,49.5345],[-126.5587,49.5417],[-126.5703,49.5773],[-126.5007,49.6051],[-126.4781,49.6442],[-126.4528,49.6294],[-126.4203,49.6395],[-126.3715,49.6285],[-126.1049,49.6584],[-126.0461,49.6077],[-126.1161,49.6845],[-126.2668,49.6507],[-126.3483,49.6446],[-126.3767,49.6542],[-126.3738,49.6651],[-126.4413,49.6529],[-126.4989,49.69],[-126.4849,49.6904],[-126.4787,49.7125],[-126.4639,49.7039],[-126.4363,49.7581],[-126.3841,49.7551],[-126.4046,49.7724],[-126.456,49.7624],[-126.4385,49.7957],[-126.4635,49.7881],[-126.4961,49.8021],[-126.4563,49.7494],[-126.4688,49.7307],[-126.4889,49.727],[-126.483,49.7368],[-126.519,49.7539],[-126.4965,49.7117],[-126.5483,49.7153],[-126.5302,49.7051],[-126.5873,49.6947],[-126.6422,49.7765],[-126.6517,49.9213],[-126.6632,49.9198],[-126.6727,49.8595],[-126.7516,49.8733],[-126.802,49.949],[-126.8459,49.9594],[-126.8566,49.9863],[-126.8612,49.9567],[-126.8185,49.9447],[-126.8008,49.907],[-126.8255,49.8808],[-126.9101,49.8687],[-126.9234,49.9035],[-126.91499168396315,49.931749891075],[-126.9235,49.9735],[-126.9442,49.989],[-126.9363,49.8915],[-126.9473,49.8733],[-126.9311,49.8716],[-126.9431,49.8601],[-126.9783,49.8601],[-126.963,49.8723],[-127.0087,49.8837],[-127.0447,49.9438],[-127.0236,49.8861],[-126.992,49.8649],[-127.0032,49.866],[-126.9977,49.8522],[-127.1518,49.8595],[-127.219,49.9273],[-127.2248,49.9534],[-127.2552,49.9657],[-127.1863,50.0013],[-127.123,49.9962],[-127.1532,50.0007],[-127.149,50.0227],[-127.0773,50.0228],[-127.1967,50.0229],[-127.1718,50.0389],[-127.185,50.0649],[-127.1744,50.0735],[-127.1507,50.0688],[-127.1757,50.0595],[-127.0963,50.06],[-127.1561,50.0789],[-127.0917,50.1031],[-127.094,50.1468],[-127.1286,50.1064],[-127.2129,50.0932],[-127.2348,50.1055],[-127.2183,50.1049],[-127.2303,50.1186],[-127.307,50.1599],[-127.3085,50.1961],[-127.3112,50.1532],[-127.2973,50.1436],[-127.3112,50.128],[-127.2743,50.112],[-127.3019,50.1339],[-127.2909,50.1354],[-127.2651,50.1184],[-127.2631,50.1037],[-127.2841,50.0969],[-127.27,50.0824],[-127.2891,50.0791],[-127.2673,50.0578],[-127.3442,50.0196],[-127.3589,50.0228],[-127.3493,50.0459],[-127.3621,50.0286],[-127.41993026621405,50.03493875290334],[-127.4101,50.0256],[-127.4244,50.0253],[-127.42015971611093,50.03496390281696],[-127.4287,50.0359],[-127.4848,50.0927]],[[-126.907,49.9586],[-126.8661,49.9572],[-126.9107,49.9601],[-126.91468328767124,49.93278602739723],[-126.907,49.9586]],[[-123.45571541332339,48.430134185482366],[-123.4741,48.4285],[-123.4726,48.4174],[-123.45571541332339,48.430134185482366]],[[-123.4328,48.4564],[-123.37472555460751,48.428957167235495],[-123.3686,48.4342],[-123.4228,48.4524],[-123.4173,48.4635],[-123.4328,48.4564]]],[[[-127.2078,50.0533],[-127.1851,50.0413],[-127.2419,50.0388],[-127.2319,50.0522],[-127.1995,50.0609],[-127.1899,50.0513],[-127.2078,50.0533]]],[[[-127.2384,50.0863],[-127.1901,50.0793],[-127.2361,50.0667],[-127.2384,50.0863]]],[[[-127.498,50.096],[-127.5215,50.1162],[-127.5036,50.1123],[-127.498,50.096]]],[[[-127.6518,50.5132],[-127.6736,50.4992],[-127.6697,50.5183],[-127.6437,50.5246],[-127.6058,50.501],[-127.6518,50.5132]]],[[[-126.751,50.5896],[-126.6933,50.5645],[-126.7198,50.5555],[-126.7877,50.5714],[-126.7682,50.5888],[-126.7651,50.5767],[-126.751,50.5896]]],[[[-126.8851,50.5842],[-126.8546,50.5757],[-126.8834,50.577],[-126.8851,50.5842]]],[[[-126.95,50.6023],[-126.906,50.5776],[-126.9523,50.5877],[-126.95,50.6023]]],[[[-126.6706,50.5978],[-126.667,50.6055],[-126.6497,50.6024],[-126.6706,50.5978]]],[[[-126.7362,50.6277],[-126.6803,50.6154],[-126.7069,50.6017],[-126.7362,50.6277]]],[[[-126.6939,50.6494],[-126.6718,50.6409],[-126.6846,50.6391],[-126.6939,50.6494]]],[[[-127.1043,50.6733],[-126.9289,50.6543],[-126.8948,50.6713],[-126.8239,50.6258],[-127.0097,50.6199],[-127.0339,50.6481],[-127.0821,50.6306],[-127.1628,50.6389],[-127.1043,50.6733]]],[[[-126.708,50.7298],[-126.6861,50.7266],[-126.7168,50.7245],[-126.708,50.7298]]],[[[-126.7161,50.7425],[-126.7154,50.7581],[-126.6768,50.7695],[-126.63,50.755],[-126.6903,50.738],[-126.7161,50.7425]]],[[[-127.1038,50.7654],[-127.1111,50.7765],[-127.0851,50.7679],[-127.1038,50.7654]]],[[[-126.9412,50.7968],[-126.9421,50.8033],[-126.9146,50.7865],[-126.9412,50.7968]]],[[[-126.6745,50.8169],[-126.6909,50.8251],[-126.6829,50.8458],[-126.7096,50.848],[-126.7014,50.8608],[-126.6649,50.8416],[-126.6709,50.8257],[-126.6547,50.8279],[-126.6591,50.8404],[-126.6098,50.8459],[-126.6035,50.8347],[-126.622,50.8348],[-126.5661,50.8251],[-126.5854,50.8216],[-126.53,50.7885],[-126.559,50.7815],[-126.6018,50.791],[-126.5554,50.7995],[-126.6123,50.8041],[-126.6633,50.7898],[-126.6905,50.8081],[-126.6675,50.787],[-126.6949,50.7896],[-126.736,50.7648],[-126.7454,50.7787],[-126.7215,50.7834],[-126.7668,50.7953],[-126.7825,50.7838],[-126.7533,50.7778],[-126.7933,50.767],[-126.8026,50.7848],[-126.8485,50.7831],[-126.8296,50.7946],[-126.8795,50.8032],[-126.9192,50.8325],[-126.8123,50.8373],[-126.8033,50.7952],[-126.7842,50.8059],[-126.7986,50.8268],[-126.7885,50.8426],[-126.7046,50.8433],[-126.7062,50.8254],[-126.6745,50.8169]]],[[[-126.9445,50.8418],[-126.9203,50.8347],[-126.9471,50.8351],[-126.9445,50.8418]]],[[[-127.5905,50.8514],[-127.5569,50.8316],[-127.5951,50.8326],[-127.5905,50.8514]]],[[[-127.645,50.8678],[-127.6118,50.8608],[-127.6123,50.8298],[-127.629,50.8329],[-127.645,50.8678]]],[[[-126.8601,50.8824],[-126.8054,50.8911],[-126.7341,50.8622],[-126.8414,50.8364],[-126.9266,50.8454],[-126.8885,50.8555],[-126.8535,50.8449],[-126.8447,50.8507],[-126.8936,50.8642],[-126.8601,50.8824]]],[[[-127.8415,50.8779],[-127.8342,50.8902],[-127.724,50.9155],[-127.6793,50.8911],[-127.6792,50.8698],[-127.6592,50.8704],[-127.6429,50.8432],[-127.6642,50.8596],[-127.6534,50.832],[-127.7988,50.8634],[-127.8415,50.8779]]],[[[-127.4672,50.869],[-127.4902,50.8878],[-127.4519,50.8667],[-127.4672,50.869]]],[[[-127.4961,50.8877],[-127.4739,50.8735],[-127.4867,50.8743],[-127.4961,50.8877]]],[[[-127.5352,50.896],[-127.5155,50.899],[-127.5139,50.8804],[-127.5352,50.896]]],[[[-126.8763,50.9029],[-126.8654,50.9134],[-126.8441,50.9022],[-126.8763,50.9029]]],[[[-127.5325,50.8979],[-127.5498,50.9191],[-127.5305,50.9087],[-127.5325,50.8979]]],[[[-127.9356,50.9223],[-127.9464,50.8991],[-127.9965,50.9119],[-127.9806,50.9199],[-127.8996,50.9448],[-127.838,50.9339],[-127.8472,50.9151],[-127.8325,50.9047],[-127.878,50.8886],[-127.8989,50.9038],[-127.9298,50.895],[-127.9356,50.9223]]],[[[-127.801,50.9232],[-127.7937,50.9153],[-127.8112,50.9105],[-127.801,50.9232]]],[[[-126.8531,50.9458],[-126.7766,50.9311],[-126.8535,50.9198],[-126.8531,50.9458]]],[[[-127.5823,51.0665],[-127.6114,51.0652],[-127.5917,51.0837],[-127.5137,51.0845],[-127.5252,51.0559],[-127.5813,51.046],[-127.6019,51.0556],[-127.5738,51.0624],[-127.5902,51.0766],[-127.6005,51.069],[-127.5823,51.0665]]],[[[-127.8064,51.2713],[-127.7998,51.2584],[-127.8136,51.2621],[-127.8064,51.2713]]],[[[-127.6461,51.2879],[-127.6311,51.2864],[-127.6655,51.2762],[-127.6461,51.2879]]],[[[-127.5575,51.2923],[-127.609,51.2882],[-127.5962,51.3036],[-127.377,51.2956],[-127.5832,51.2643],[-127.5575,51.2923]]],[[[-127.6808,51.4575],[-127.6665,51.4531],[-127.6851,51.4461],[-127.6808,51.4575]]],[[[-127.7394,51.4681],[-127.7302,51.4631],[-127.7494,51.4573],[-127.7394,51.4681]]],[[[-127.6256,51.4941],[-127.6235,51.4661],[-127.6425,51.4581],[-127.6505,51.4756],[-127.6546,51.4613],[-127.6792,51.4633],[-127.6495,51.4888],[-127.6256,51.4941]]],[[[-127.7684,51.4891],[-127.7313,51.5102],[-127.7425,51.4996],[-127.6963,51.5083],[-127.7162,51.4984],[-127.7032,51.4895],[-127.7203,51.4809],[-127.7018,51.4774],[-127.7219,51.4664],[-127.7684,51.4891]]],[[[-127.7182,51.5153],[-127.712,51.5274],[-127.6895,51.5208],[-127.7182,51.5153]]],[[[-127.6268,51.4946],[-127.683,51.4935],[-127.6835,51.5064],[-127.6426,51.51],[-127.5795,51.5739],[-127.5638,51.5338],[-127.5819,51.5195],[-127.5824,51.547],[-127.5907,51.5113],[-127.607,51.5121],[-127.596,51.4915],[-127.6232,51.4887],[-127.6196,51.5189],[-127.6268,51.4946]]],[[[-127.9093,51.5241],[-127.8868,51.4963],[-127.8758,51.4634],[-127.8873,51.4271],[-127.9384,51.4269],[-127.9632,51.4514],[-127.9542,51.4572],[-127.9794,51.4569],[-128.0054,51.479],[-128.0252,51.4623],[-128.0874,51.4805],[-128.1176,51.5745],[-128.1512,51.5995],[-128.1432,51.6362],[-128.1552,51.6398],[-128.1387,51.6539],[-128.1547,51.6625],[-128.1169,51.6677],[-128.0998,51.6879],[-128.0981,51.6562],[-128.134,51.658],[-128.1208,51.6422],[-127.9558,51.6468],[-127.9149,51.6085],[-127.8972,51.5531],[-127.9112,51.5328],[-127.9398,51.5284],[-127.9093,51.5241]]],[[[-127.8217,51.5818],[-127.8161,51.6076],[-127.8021,51.6074],[-127.8217,51.5818]]],[[[-127.8572,51.6125],[-127.8282,51.6104],[-127.8578,51.599],[-127.8572,51.6125]]],[[[-127.8087,51.6202],[-127.7932,51.6215],[-127.8071,51.6114],[-127.8087,51.6202]]],[[[-127.9615,51.656],[-128.0871,51.6586],[-128.0612,51.7107],[-128.0518,51.7025],[-128.0103,51.732],[-127.994,51.7278],[-127.9615,51.656]]],[[[-128.0482,51.7451],[-128.0504,51.7577],[-128.015,51.7772],[-128.0547,51.7576],[-128.0484,51.7787],[-128.0077,51.7988],[-128.0092,51.7551],[-128.0482,51.7451]]],[[[-127.9041,51.9344],[-127.8893,51.9286],[-127.9036,51.9231],[-127.9041,51.9344]]],[[[-127.8695,52.1051],[-127.8591,52.1122],[-127.8465,52.108],[-127.8695,52.1051]]],[[[-127.8903,52.1265],[-127.9184,52.1198],[-127.9425,52.0758],[-128.101,52.0898],[-128.1353,52.148],[-128.1161,52.1593],[-128.0776,52.141],[-128.0618,52.1576],[-128.0079,52.1434],[-128.0457,52.1622],[-128.0078,52.1708],[-127.9131,52.1509],[-127.883,52.1839],[-127.8903,52.1265]]],[[[-127.2143,52.3219],[-127.3109,52.2634],[-127.4279,52.2466],[-127.4564,52.2169],[-127.5191,52.1978],[-127.5177,52.1843],[-127.5753,52.1813],[-127.5741,52.1513],[-127.6379,52.1426],[-127.6962,52.0383],[-127.6916,52.0021],[-127.7096,51.9661],[-127.818,51.9601],[-127.844,51.9378],[-127.8982,51.9333],[-127.8782,51.9668],[-127.8992,51.9785],[-127.8949,52.0395],[-127.8344,52.0597],[-127.8624,52.0776],[-127.8685,52.0544],[-127.8896,52.0632],[-127.8827,52.0954],[-127.7505,52.1061],[-127.8234,52.1038],[-127.8477,52.1152],[-127.8418,52.1267],[-127.8609,52.1265],[-127.8489,52.1624],[-127.7711,52.2419],[-127.6539,52.2688],[-127.6248,52.2606],[-127.5973,52.224],[-127.6168,52.2694],[-127.5657,52.2981],[-127.4703,52.3201],[-127.4505,52.3332],[-127.4419,52.3774],[-127.3701,52.4046],[-127.2964,52.4114],[-127.2729,52.4393],[-127.2306,52.4186],[-127.2497,52.3912],[-127.2444,52.3729],[-127.1964,52.354],[-127.2177,52.3431],[-127.2143,52.3219]]],[[[-127.9823,52.1751],[-128.0413,52.1762],[-128.0958,52.2039],[-128.0336,52.2364],[-127.997,52.2205],[-128.0243,52.2685],[-128.0017,52.2676],[-127.9825,52.3017],[-127.9436,52.2889],[-127.9169,52.2523],[-127.9052,52.1965],[-127.9158,52.1979],[-127.8941,52.1891],[-127.915,52.1643],[-127.9463,52.162],[-127.9876,52.1851],[-127.9823,52.1751]]],[[[-128.0309,52.267],[-128.0224,52.2558],[-128.0373,52.2488],[-128.0309,52.267]]],[[[-125.2223,48.8203],[-125.2129,48.8354],[-125.2035,48.8289],[-125.2223,48.8203]]],[[[-125.2069,48.8488],[-125.1832,48.848],[-125.1888,48.8304],[-125.2069,48.8488]]],[[[-125.3031,48.8806],[-125.2896,48.867],[-125.3174,48.867],[-125.3031,48.8806]]],[[[-125.163,48.8767],[-125.1333,48.8977],[-125.1147,48.8926],[-125.163,48.8767]]],[[[-125.3478,48.9065],[-125.3286,48.893],[-125.3399,48.8933],[-125.3478,48.9065]]],[[[-125.2601,48.9173],[-125.2427,48.9156],[-125.2583,48.909],[-125.2601,48.9173]]],[[[-125.2894,48.9167],[-125.2761,48.9257],[-125.263,48.9174],[-125.2894,48.9167]]],[[[-125.116,48.8958],[-125.1065,48.926],[-125.0677,48.9533],[-125.0457,48.9431],[-125.0644,48.9121],[-125.116,48.8958]]],[[[-125.2708,48.9303],[-125.258,48.9382],[-125.2385,48.9286],[-125.2708,48.9303]]],[[[-125.2061,48.9595],[-125.2103,48.9446],[-125.226,48.9443],[-125.2061,48.9595]]],[[[-125.1916,48.9721],[-125.1971,48.9527],[-125.2033,48.9586],[-125.1916,48.9721]]],[[[-125.3549,48.9816],[-125.3521,48.9914],[-125.3371,48.9868],[-125.3549,48.9816]]],[[[-125.7769,49.1216],[-125.751,49.1141],[-125.7634,49.1094],[-125.7769,49.1216]]],[[[-125.7472,49.1405],[-125.7306,49.131],[-125.7452,49.1289],[-125.7472,49.1405]]],[[[-125.9404,49.1299],[-125.9437,49.1473],[-125.9338,49.1425],[-125.9404,49.1299]]],[[[-125.9406,49.1594],[-125.9251,49.1619],[-125.9287,49.1529],[-125.9406,49.1594]]],[[[-125.8749,49.1531],[-125.86,49.1603],[-125.8583,49.2014],[-125.8374,49.2126],[-125.8457,49.2313],[-125.8634,49.209],[-125.8906,49.2143],[-125.8934,49.1731],[-125.9258,49.1776],[-125.9122,49.1821],[-125.9334,49.2239],[-125.8983,49.2247],[-125.8884,49.2415],[-125.775,49.2291],[-125.771,49.1936],[-125.8044,49.2237],[-125.7924,49.15],[-125.8201,49.1381],[-125.799,49.1402],[-125.7922,49.1226],[-125.8531,49.1342],[-125.8749,49.1531]]],[[[-126.0388,49.2052],[-126.0113,49.2164],[-125.9525,49.2075],[-125.9318,49.1863],[-125.9611,49.1873],[-125.9698,49.1477],[-126.0182,49.1594],[-126.0052,49.1858],[-126.0308,49.1858],[-126.0388,49.2052]]],[[[-126.0526,49.3042],[-126.0568,49.324],[-126.0323,49.3065],[-126.0526,49.3042]]],[[[-126.0482,49.2687],[-126.0992,49.2478],[-126.1358,49.2563],[-126.1476,49.2751],[-126.1888,49.2623],[-126.2308,49.2835],[-126.2158,49.2983],[-126.2409,49.3327],[-126.2275,49.3928],[-126.1903,49.3736],[-126.1283,49.3983],[-126.0991,49.3891],[-126.08,49.3597],[-126.0811,49.2751],[-126.0577,49.2671],[-126.069,49.3005],[-126.0482,49.2687]]],[[[-126.0665,49.4097],[-126.0956,49.3907],[-126.126,49.4056],[-126.1092,49.4168],[-126.0665,49.4097]]],[[[-126.579,49.6183],[-126.5721,49.6291],[-126.5623,49.6254],[-126.579,49.6183]]],[[[-126.48,49.6623],[-126.4986,49.6591],[-126.484,49.6519],[-126.5413,49.6024],[-126.5107,49.6488],[-126.5348,49.6272],[-126.568,49.6343],[-126.5189,49.686],[-126.48,49.6623]]],[[[-126.4301,49.6504],[-126.3924,49.6545],[-126.359,49.6405],[-126.4301,49.6504]]],[[[-126.6121,49.683],[-126.6266,49.7217],[-126.5874,49.6814],[-126.6121,49.683]]],[[[-125.2411,50.0806],[-125.2264,50.0681],[-125.2475,50.0767],[-125.2411,50.0806]]],[[[-125.1913,50.1645],[-125.1826,50.1512],[-125.1948,50.1337],[-125.2393,50.1297],[-125.1999,50.0927],[-125.1841,50.0933],[-125.1967,50.1078],[-125.1853,50.0994],[-125.1476,50.0103],[-125.1943,49.9974],[-125.197,50.0241],[-125.2356,50.0581],[-125.2124,50.0667],[-125.2149,50.0812],[-125.2562,50.1036],[-125.2672,50.0939],[-125.3355,50.1452],[-125.348,50.1305],[-125.35,50.1572],[-125.332,50.1619],[-125.3546,50.1792],[-125.3251,50.1778],[-125.3702,50.2445],[-125.3038,50.237],[-125.3149,50.2528],[-125.2705,50.2621],[-125.3175,50.2548],[-125.3806,50.2794],[-125.2388,50.3062],[-125.2247,50.2796],[-125.2598,50.2632],[-125.2221,50.2652],[-125.1563,50.2274],[-125.1384,50.1922],[-125.1527,50.1741],[-125.1913,50.1645]]],[[[-125.0998,50.2049],[-125.0827,50.1721],[-125.095,50.1741],[-125.1283,50.1276],[-125.1436,50.1301],[-125.1546,50.1421],[-125.1198,50.1766],[-125.1313,50.2103],[-125.1009,50.25],[-125.0716,50.2745],[-125.0331,50.208],[-125.0494,50.1838],[-125.075,50.1961],[-125.067,50.219],[-125.0786,50.2203],[-125.0836,50.1994],[-125.0998,50.2049]]],[[[-125.1261,50.3274],[-125.0916,50.2925],[-125.1009,50.25],[-125.155,50.2315],[-125.211,50.2972],[-125.1261,50.3274]]],[[[-125.076,50.2965],[-125.0602,50.2785],[-125.0729,50.2838],[-125.076,50.2965]]],[[[-125.3971,50.2955],[-125.4071,50.3328],[-125.3927,50.3493],[-125.2987,50.3355],[-125.333,50.3572],[-125.3123,50.3668],[-125.3354,50.3854],[-125.2819,50.4447],[-125.1578,50.3865],[-125.1587,50.3652],[-125.1288,50.3317],[-125.2156,50.2983],[-125.2209,50.3293],[-125.2374,50.3145],[-125.2668,50.328],[-125.3519,50.2911],[-125.3971,50.2955]]],[[[-125.1185,50.3628],[-125.1467,50.3677],[-125.1347,50.3952],[-125.15,50.4028],[-125.1308,50.4215],[-125.0846,50.3807],[-125.1185,50.3628]]],[[[-125.8561,50.3947],[-125.8909,50.4039],[-125.8758,50.4063],[-125.8561,50.3947]]],[[[-125.3829,50.3668],[-125.4521,50.3482],[-125.5512,50.3774],[-125.4859,50.3996],[-125.4931,50.4149],[-125.4812,50.4206],[-125.4972,50.4237],[-125.4868,50.4288],[-125.3929,50.4435],[-125.3968,50.4583],[-125.3765,50.4637],[-125.3223,50.4419],[-125.3553,50.3919],[-125.3879,50.3995],[-125.3743,50.3824],[-125.3829,50.3668]]],[[[-125.9268,50.4141],[-125.966,50.4424],[-125.7958,50.4763],[-125.7337,50.4279],[-125.7898,50.4093],[-125.9268,50.4141]]],[[[-126.2102,50.5474],[-126.2065,50.558],[-126.1993,50.5436],[-126.2102,50.5474]]],[[[-126.677,50.5916],[-126.6071,50.5844],[-126.5846,50.5983],[-126.5858,50.5868],[-126.5085,50.5677],[-126.6402,50.5526],[-126.6709,50.5633],[-126.6373,50.577],[-126.677,50.5916]]],[[[-126.5729,50.5987],[-126.5588,50.6095],[-126.4689,50.6296],[-126.344,50.6277],[-126.3575,50.6096],[-126.4893,50.5753],[-126.5051,50.5823],[-126.4988,50.5923],[-126.5392,50.5929],[-126.5309,50.6015],[-126.5729,50.5987]]],[[[-126.6691,50.624],[-126.6312,50.629],[-126.6774,50.6078],[-126.6691,50.624]]],[[[-126.3264,50.611],[-126.3314,50.6307],[-126.3046,50.6126],[-126.3264,50.611]]],[[[-126.5731,50.6308],[-126.5053,50.6273],[-126.5742,50.6116],[-126.5731,50.6308]]],[[[-126.6801,50.652],[-126.6078,50.648],[-126.6467,50.6413],[-126.6801,50.652]]],[[[-126.2661,50.6499],[-126.2437,50.66],[-126.2383,50.6563],[-126.2661,50.6499]]],[[[-126.234,50.6953],[-126.2139,50.7122],[-126.1974,50.7128],[-126.2,50.6649],[-126.2187,50.6654],[-126.234,50.6953]]],[[[-126.6065,50.7156],[-126.6392,50.7117],[-126.611,50.708],[-126.6297,50.6855],[-126.6749,50.6891],[-126.6593,50.6944],[-126.6775,50.7039],[-126.6407,50.7187],[-126.6065,50.7156]]],[[[-126.6697,50.718],[-126.6642,50.7317],[-126.6168,50.7327],[-126.6697,50.718]]],[[[-126.2383,50.7211],[-126.2388,50.7049],[-126.2641,50.6931],[-126.2541,50.6749],[-126.2706,50.6544],[-126.3504,50.645],[-126.461,50.6728],[-126.46,50.6854],[-126.5237,50.6621],[-126.488,50.6568],[-126.4722,50.6704],[-126.4398,50.6536],[-126.4791,50.6389],[-126.6201,50.6598],[-126.5512,50.6966],[-126.6035,50.6998],[-126.5399,50.7337],[-126.5624,50.7392],[-126.5098,50.7451],[-126.4822,50.7308],[-126.5017,50.7423],[-126.4897,50.7677],[-126.3599,50.7884],[-126.4417,50.7943],[-126.4185,50.8077],[-126.3317,50.8342],[-126.2788,50.8331],[-126.2645,50.8269],[-126.3017,50.8182],[-126.2291,50.8224],[-126.2135,50.7706],[-126.1551,50.7534],[-126.2383,50.7211]]],[[[-126.6186,50.7359],[-126.6568,50.7389],[-126.6259,50.746],[-126.6186,50.7359]]],[[[-126.51,50.7622],[-126.5779,50.7378],[-126.6218,50.7488],[-126.5945,50.7631],[-126.51,50.7622]]],[[[-126.6236,50.765],[-126.6013,50.762],[-126.6216,50.751],[-126.6236,50.765]]],[[[-126.5919,50.7648],[-126.5985,50.7751],[-126.5722,50.7696],[-126.5919,50.7648]]],[[[-126.6399,50.7761],[-126.6199,50.7768],[-126.6267,50.7689],[-126.6399,50.7761]]],[[[-126.6035,50.8719],[-126.5596,50.8668],[-126.5817,50.8588],[-126.6035,50.8719]]],[[[-123.2457,48.4298],[-123.2247,48.4242],[-123.2422,48.4195],[-123.2457,48.4298]]],[[[-123.3339,48.5958],[-123.3525,48.5903],[-123.3784,48.6174],[-123.344,48.6034],[-123.3339,48.5958]]],[[[-123.3146,48.6289],[-123.2696,48.5902],[-123.2954,48.5889],[-123.3466,48.654],[-123.3146,48.6289]]],[[[-123.3883,48.6912],[-123.3738,48.6891],[-123.3864,48.6789],[-123.3883,48.6912]]],[[[-123.4251,48.7024],[-123.4171,48.7097],[-123.4089,48.7008],[-123.4251,48.7024]]],[[[-123.2914,48.7159],[-123.2982,48.6991],[-123.3329,48.7183],[-123.3282,48.7308],[-123.2914,48.7159]]],[[[-123.3678,48.7344],[-123.3712,48.7175],[-123.3868,48.7252],[-123.3678,48.7344]]],[[[-123.2079,48.7321],[-123.2569,48.7675],[-123.1734,48.7446],[-123.2079,48.7321]]],[[[-123.3226,48.8218],[-123.256,48.7926],[-123.2397,48.7701],[-123.2753,48.7731],[-123.2315,48.7362],[-123.3141,48.7699],[-123.3179,48.7888],[-123.3022,48.7965],[-123.3261,48.8052],[-123.3226,48.8218]]],[[[-123.0444,48.7844],[-123.1121,48.779],[-123.0936,48.7643],[-123.1631,48.7645],[-123.2025,48.7748],[-123.2136,48.7957],[-123.1721,48.7954],[-123.2029,48.8108],[-123.0444,48.7844]]],[[[-123.2337,48.8289],[-123.2253,48.8322],[-123.1892,48.8144],[-123.2337,48.8289]]],[[[-123.4869,48.7136],[-123.5515,48.7479],[-123.563,48.7611],[-123.5442,48.779],[-123.5541,48.7877],[-123.5175,48.7902],[-123.5711,48.8209],[-123.5717,48.8476],[-123.5491,48.866],[-123.5264,48.861],[-123.5908,48.8966],[-123.5949,48.9448],[-123.4221,48.8491],[-123.4827,48.8679],[-123.4251,48.8405],[-123.5017,48.8577],[-123.3669,48.771],[-123.3928,48.7535],[-123.4614,48.7723],[-123.4255,48.7333],[-123.4869,48.7136]]],[[[-123.3511,48.8271],[-123.3772,48.8219],[-123.3719,48.8113],[-123.4006,48.8292],[-123.3793,48.8229],[-123.4037,48.8341],[-123.3936,48.8319],[-123.4041,48.8495],[-123.3511,48.8271]]],[[[-123.2278,48.8145],[-123.3275,48.8329],[-123.3341,48.842],[-123.321,48.8428],[-123.3452,48.8576],[-123.3016,48.8506],[-123.3047,48.8654],[-123.285,48.8728],[-123.2461,48.8561],[-123.2732,48.8587],[-123.244,48.8468],[-123.2547,48.8292],[-123.2278,48.8145]]],[[[-123.397,48.8776],[-123.4283,48.8939],[-123.4133,48.8937],[-123.397,48.8776]]],[[[-123.554,48.9653],[-123.5887,48.9988],[-123.5841,49.0113],[-123.4892,48.95],[-123.3448,48.9048],[-123.3121,48.88],[-123.3135,48.8621],[-123.3838,48.866],[-123.3991,48.8873],[-123.3892,48.8918],[-123.554,48.9653]]],[[[-123.5735,48.9563],[-123.548,48.9431],[-123.5351,48.9315],[-123.5735,48.9563]]],[[[-123.6357,48.9826],[-123.6308,48.9344],[-123.657,48.949],[-123.6676,48.9828],[-123.6357,48.9826]]],[[[-125.0829,48.9659],[-125.0651,48.985],[-125.0219,48.9815],[-125.0829,48.9659]]],[[[-123.678,49.0049],[-123.69,49.0225],[-123.6803,49.0191],[-123.6532,48.9945],[-123.6762,48.9837],[-123.668,48.9695],[-123.6914,48.9815],[-123.7084,49.0198],[-123.678,49.0049]]],[[[-123.6723,49.1098],[-123.5919,49.0178],[-123.644,49.0407],[-123.7142,49.1275],[-123.6723,49.1098]]],[[[-123.1697,49.0776],[-123.1863,49.1097],[-123.1301,49.081],[-123.1697,49.0776]]],[[[-123.7567,49.112],[-123.7198,49.0924],[-123.736,49.0918],[-123.7567,49.112]]],[[[-123.8134,49.1369],[-123.7859,49.1346],[-123.767,49.1236],[-123.8134,49.1369]]],[[[-123.8715,49.1694],[-123.8564,49.1773],[-123.8736,49.1903],[-123.863,49.1985],[-123.8187,49.2024],[-123.8194,49.1861],[-123.7721,49.1677],[-123.7042,49.1595],[-123.6919,49.1342],[-123.7473,49.1278],[-123.852,49.1537],[-123.8715,49.1694]]],[[[-123.9441,49.2027],[-123.9246,49.1984],[-123.9273,49.1802],[-123.9417,49.1825],[-123.9441,49.2027]]],[[[-123.1352,49.1978],[-123.1694,49.1774],[-123.2204,49.1915],[-123.2027,49.2165],[-123.2637,49.2048],[-123.2146,49.2195],[-123.2801,49.2575],[-123.2027,49.2204],[-123.1352,49.1978]]],[[[-123.4636,49.3705],[-123.4547,49.3654],[-123.4699,49.3565],[-123.4636,49.3705]]],[[[-123.3106,49.4173],[-123.34,49.3515],[-123.3625,49.3351],[-123.4313,49.3394],[-123.4189,49.3519],[-123.4277,49.3713],[-123.3605,49.4133],[-123.3106,49.4173]]],[[[-123.457,49.4104],[-123.4296,49.4023],[-123.4955,49.3842],[-123.457,49.4104]]],[[[-123.3907,49.4555],[-123.4073,49.4571],[-123.4037,49.4716],[-123.4472,49.4344],[-123.4384,49.4498],[-123.4593,49.4719],[-123.4242,49.5271],[-123.3575,49.5298],[-123.3184,49.4747],[-123.3166,49.4473],[-123.3253,49.4565],[-123.3711,49.4315],[-123.3448,49.4786],[-123.3767,49.4539],[-123.3756,49.4815],[-123.3907,49.4555]]],[[[-124.2433,49.4696],[-124.284,49.4554],[-124.3661,49.4761],[-124.3464,49.4931],[-124.3816,49.4988],[-124.3638,49.5255],[-124.3446,49.5107],[-124.2917,49.5149],[-124.2555,49.4921],[-124.2534,49.507],[-124.2389,49.5058],[-124.162,49.4507],[-124.1799,49.4389],[-124.2433,49.4696]]],[[[-123.9894,49.4925],[-123.9797,49.5077],[-123.9552,49.4941],[-123.952,49.4679],[-123.9784,49.4714],[-123.9894,49.4925]]],[[[-124.2135,49.5101],[-124.1838,49.4894],[-124.2128,49.4956],[-124.2135,49.5101]]],[[[-123.9899,49.4949],[-124.0132,49.5078],[-123.9972,49.5086],[-123.9899,49.4949]]],[[[-123.4684,49.5103],[-123.452,49.518],[-123.4554,49.506],[-123.4684,49.5103]]],[[[-124.5843,49.5166],[-124.6348,49.5278],[-124.6331,49.5003],[-124.6698,49.4919],[-124.7109,49.5119],[-124.7132,49.5353],[-124.6894,49.5496],[-124.5843,49.5166]]],[[[-123.3201,49.52],[-123.321,49.5568],[-123.2946,49.5468],[-123.2841,49.5219],[-123.3033,49.5103],[-123.3201,49.52]]],[[[-124.8265,49.5995],[-124.777,49.5699],[-124.7308,49.5024],[-124.6851,49.4747],[-124.7566,49.4894],[-124.8303,49.5381],[-124.8475,49.5563],[-124.8309,49.6016],[-124.8448,49.6091],[-124.8265,49.5995]]],[[[-124.1415,49.4887],[-124.4361,49.6202],[-124.4774,49.6787],[-124.4992,49.6716],[-124.6203,49.7218],[-124.6392,49.7464],[-124.6231,49.7674],[-124.633,49.8001],[-124.603,49.803],[-124.5628,49.7636],[-124.5774,49.7625],[-124.4998,49.7354],[-124.3575,49.7087],[-124.2589,49.6097],[-124.1481,49.5371],[-124.1237,49.4946],[-124.1415,49.4887]]],[[[-124.0934,49.6455],[-124.13,49.6511],[-124.1227,49.6683],[-124.1421,49.6593],[-124.2056,49.6726],[-124.1846,49.6857],[-124.2013,49.6821],[-124.1983,49.6974],[-124.1656,49.7074],[-124.2023,49.7012],[-124.2027,49.7121],[-124.1747,49.7169],[-124.1365,49.76],[-124.0945,49.7473],[-124.0892,49.774],[-124.0166,49.7832],[-123.991,49.7714],[-124.0604,49.7411],[-124.0509,49.7222],[-124.0699,49.7027],[-124.082,49.7138],[-124.0934,49.6455]]],[[[-124.2236,49.7241],[-124.223,49.7515],[-124.1564,49.7521],[-124.2236,49.7241]]],[[[-123.9934,49.7894],[-123.9733,49.7813],[-123.994,49.7817],[-123.9934,49.7894]]],[[[-124.6302,49.8624],[-124.6696,49.8372],[-124.6722,49.86],[-124.6506,49.8807],[-124.6302,49.8624]]],[[[-124.8583,49.9469],[-124.7619,49.9497],[-124.8159,49.9343],[-124.8551,49.9348],[-124.8583,49.9469]]],[[[-124.9465,49.984],[-124.9444,50.0035],[-124.9143,49.9941],[-124.8879,49.9877],[-124.9075,49.9626],[-124.9465,49.984]]],[[[-124.9371,50.0196],[-124.9431,50.0422],[-124.9157,50.0249],[-124.9371,50.0196]]],[[[-125.0279,50.0657],[-125.0533,50.0502],[-125.075,50.0697],[-125.0489,50.0868],[-125.0279,50.0657]]],[[[-124.8596,50.0849],[-124.8469,50.0878],[-124.8398,50.0791],[-124.8596,50.0849]]],[[[-124.7856,50.0993],[-124.7579,50.1183],[-124.7538,50.1025],[-124.7856,50.0993]]],[[[-124.9656,50.0416],[-124.9871,50.0117],[-124.9982,50.0491],[-124.9743,50.0711],[-125.0145,50.0866],[-124.9813,50.0997],[-125.0355,50.1019],[-125.0225,50.0845],[-125.051,50.0987],[-125.045,50.1116],[-125.0716,50.1139],[-125.0268,50.1459],[-124.988,50.1251],[-125.0155,50.1582],[-124.9965,50.1563],[-124.9827,50.1822],[-124.9427,50.1405],[-124.9566,50.1652],[-124.933,50.161],[-124.9772,50.1822],[-124.9733,50.1978],[-125.0044,50.2181],[-125.0005,50.239],[-124.8953,50.1407],[-124.907,50.1271],[-124.9176,50.1483],[-124.9343,50.1366],[-124.9064,50.1173],[-124.882,50.0646],[-124.9391,50.0655],[-124.9224,50.0581],[-124.9656,50.0416]]],[[[-124.81,50.1137],[-124.862,50.124],[-124.8811,50.1675],[-124.9006,50.1732],[-124.8161,50.1832],[-124.842,50.1994],[-124.9241,50.1911],[-124.9801,50.2461],[-124.9193,50.3048],[-124.8253,50.2814],[-124.7866,50.2861],[-124.8257,50.2468],[-124.8223,50.2187],[-124.7612,50.1899],[-124.7514,50.1638],[-124.7748,50.1583],[-124.7512,50.1591],[-124.81,50.1137]]],[[[-124.7282,50.2444],[-124.6988,50.2641],[-124.705,50.2867],[-124.7362,50.3006],[-124.7258,50.2599],[-124.7553,50.2101],[-124.8142,50.2335],[-124.7823,50.2873],[-124.7411,50.3079],[-124.6669,50.2759],[-124.6426,50.2339],[-124.6582,50.1953],[-124.7109,50.1618],[-124.7285,50.1645],[-124.7223,50.176],[-124.7469,50.2038],[-124.7282,50.2444]]],[[[-125.0401,50.2675],[-125.0239,50.257],[-125.0366,50.257],[-125.0401,50.2675]]],[[[-124.9665,50.3123],[-125.0033,50.2737],[-125.04,50.3004],[-125.0047,50.3263],[-124.9665,50.3123]]]]}}
