place_id,place_name,source,title,landing_url,image_url,thumbnail_url,creator,license,license_url,inside_boundary,bc_in_metadata,raw_location_text
provincial-akamina-kishinena-park,Akamina-Kishinena Park,openverse,"Akamina-Kishinena Provincial Park, BC",https://www.flickr.com/photos/71035721@N00/769252783,https://live.staticflickr.com/1072/769252783_7a6dffe1d6_b.jpg,https://api.openverse.org/v1/images/b37e5d65-451f-4a1f-95b4-d6a9e431af69/thumb/,Rick McCharles,CC BY 2.0,https://creativecommons.org/licenses/by/2.0/,False,True,
provincial-alexandra-bridge-park,Alexandra Bridge Park,wikimedia_commons,Alexandra Bridge.jpg,https://commons.wikimedia.org/wiki/File:Alexandra_Bridge.jpg,https://upload.wikimedia.org/wikipedia/commons/d/da/Alexandra_Bridge.jpg?utm_source=commons.wikimedia.org&utm_campaign=imageinfo&utm_content=original,https://thumb.wikimedia.org/wikipedia/commons/thumb/d/da/Alexandra_Bridge.jpg/960px-Alexandra_Bridge.jpg?utm_source=commons.wikimedia.org&utm_campaign=imageinfo&utm_content=thumbnail,JaninaRitzen,CC BY-SA 4.0,https://creativecommons.org/licenses/by-sa/4.0,False,True,"A view of the Old Alexandra Bridge in Spuzzum, BC from the north end."
provincial-alice-lake-park,Alice Lake Park,wikimedia_commons,Alice lake twilight.jpg,https://commons.wikimedia.org/wiki/File:Alice_lake_twilight.jpg,https://upload.wikimedia.org/wikipedia/commons/c/cd/Alice_lake_twilight.jpg?utm_source=commons.wikimedia.org&utm_campaign=imageinfo&utm_content=original,https://thumb.wikimedia.org/wikipedia/commons/thumb/c/cd/Alice_lake_twilight.jpg/960px-Alice_lake_twilight.jpg?utm_source=commons.wikimedia.org&utm_campaign=imageinfo&utm_content=thumbnail,Yummifruitbat,CC BY-SA 2.5,https://creativecommons.org/licenses/by-sa/2.5,False,True,"Alice Lake, near Squamish, British Columbia, at twilight."
provincial-bear-creek-park,Bear Creek Park,wikimedia_commons,"Bear Creek Provincial Park, Central Okanagan, BC.png","https://commons.wikimedia.org/wiki/File:Bear_Creek_Provincial_Park,_Central_Okanagan,_BC.png",https://upload.wikimedia.org/wikipedia/commons/8/89/Bear_Creek_Provincial_Park%2C_Central_Okanagan%2C_BC.png?utm_source=commons.wikimedia.org&utm_campaign=imageinfo&utm_content=original,https://thumb.wikimedia.org/wikipedia/commons/thumb/8/89/Bear_Creek_Provincial_Park%2C_Central_Okanagan%2C_BC.png/960px-Bear_Creek_Provincial_Park%2C_Central_Okanagan%2C_BC.png?utm_source=commons.wikimedia.org&utm_campaign=imageinfo&utm_content=thumbnail,Preeteesh,CC BY-SA 4.0,https://creativecommons.org/licenses/by-sa/4.0,False,True,"Bear Creek Provincial Park - Central Okanagan, BC"
provincial-bear-creek-park,Bear Creek Park,wikimedia_commons,"Bear Creek Provincial Park - Central Okanagan, BC.png","https://commons.wikimedia.org/wiki/File:Bear_Creek_Provincial_Park_-_Central_Okanagan,_BC.png",https://upload.wikimedia.org/wikipedia/commons/5/5a/Bear_Creek_Provincial_Park_-_Central_Okanagan%2C_BC.png?utm_source=commons.wikimedia.org&utm_campaign=imageinfo&utm_content=original,https://thumb.wikimedia.org/wikipedia/commons/thumb/5/5a/Bear_Creek_Provincial_Park_-_Central_Okanagan%2C_BC.png/960px-Bear_Creek_Provincial_Park_-_Central_Okanagan%2C_BC.png?utm_source=commons.wikimedia.org&utm_campaign=imageinfo&utm_content=thumbnail,Preeteesh,CC BY-SA 4.0,https://creativecommons.org/licenses/by-sa/4.0,False,True,"Bear Creek Provincial Park - Central Okanagan, BC"
provincial-bear-glacier-park,Bear Glacier Park,wikimedia_commons,BearGlacier3.jpg,https://commons.wikimedia.org/wiki/File:BearGlacier3.jpg,https://upload.wikimedia.org/wikipedia/commons/b/b0/BearGlacier3.jpg?utm_source=commons.wikimedia.org&utm_campaign=imageinfo&utm_content=original,https://thumb.wikimedia.org/wikipedia/commons/thumb/b/b0/BearGlacier3.jpg/960px-BearGlacier3.jpg?utm_source=commons.wikimedia.org&utm_campaign=imageinfo&utm_content=thumbnail,Herbmartin2,CC BY-SA 3.0,https://creativecommons.org/licenses/by-sa/3.0,True,False,Bear Glacier from Highway to Stewart B.C.
provincial-big-bar-lake-park,Big Bar Lake Park,wikimedia_commons,Otter Marsh (260317249).jpeg,https://commons.wikimedia.org/wiki/File:Otter_Marsh_(260317249).jpeg,https://upload.wikimedia.org/wikipedia/commons/1/13/Otter_Marsh_%28260317249%29.jpeg?utm_source=commons.wikimedia.org&utm_campaign=imageinfo&utm_content=original,https://thumb.wikimedia.org/wikipedia/commons/thumb/1/13/Otter_Marsh_%28260317249%29.jpeg/960px-Otter_Marsh_%28260317249%29.jpeg?utm_source=commons.wikimedia.org&utm_campaign=imageinfo&utm_content=thumbnail,Jason Jackson,CC BY-SA 3.0,https://creativecommons.org/licenses/by-sa/3.0,True,True,"Commons coordinates: 51.323060, -121.819582; 500px provided description: Near Big Bar Lake west of Clinton, BC. [#grass ,#marsh ,#BC ,#British Columbia ,#Cariboo]"
provincial-blackcomb-glacier-park,Blackcomb Glacier Park,openverse,"File:Whistler, Blackcomb Glacier Provincial Park, BC.png",https://commons.wikimedia.org/w/index.php?curid=60555718,https://upload.wikimedia.org/wikipedia/commons/e/e8/Whistler%2C_Blackcomb_Glacier_Provincial_Park%2C_BC.png,https://api.openverse.org/v1/images/2db85484-852f-45d0-8108-d6fb6477a6b4/thumb/,Preeteesh,CC BY-SA 4.0,https://creativecommons.org/licenses/by-sa/4.0,False,True,
provincial-blackcomb-glacier-park,Blackcomb Glacier Park,wikimedia_commons,"Blackcomb Glacier Provincial Park - Whistler, BC.png","https://commons.wikimedia.org/wiki/File:Blackcomb_Glacier_Provincial_Park_-_Whistler,_BC.png",https://upload.wikimedia.org/wikipedia/commons/c/cc/Blackcomb_Glacier_Provincial_Park_-_Whistler%2C_BC.png?utm_source=commons.wikimedia.org&utm_campaign=imageinfo&utm_content=original,https://thumb.wikimedia.org/wikipedia/commons/thumb/c/cc/Blackcomb_Glacier_Provincial_Park_-_Whistler%2C_BC.png/960px-Blackcomb_Glacier_Provincial_Park_-_Whistler%2C_BC.png?utm_source=commons.wikimedia.org&utm_campaign=imageinfo&utm_content=thumbnail,Preeteesh,CC BY-SA 4.0,https://creativecommons.org/licenses/by-sa/4.0,False,True,"Commons coordinates: 50.091389, -122.908333; A gondola ride. Peak to Peak on the Whistler mountains."
provincial-blackcomb-glacier-park,Blackcomb Glacier Park,wikimedia_commons,"Blackcomb Glacier Provincial Park, Whistler, BC.png","https://commons.wikimedia.org/wiki/File:Blackcomb_Glacier_Provincial_Park,_Whistler,_BC.png",https://upload.wikimedia.org/wikipedia/commons/6/6f/Blackcomb_Glacier_Provincial_Park%2C_Whistler%2C_BC.png?utm_source=commons.wikimedia.org&utm_campaign=imageinfo&utm_content=original,https://thumb.wikimedia.org/wikipedia/commons/thumb/6/6f/Blackcomb_Glacier_Provincial_Park%2C_Whistler%2C_BC.png/960px-Blackcomb_Glacier_Provincial_Park%2C_Whistler%2C_BC.png?utm_source=commons.wikimedia.org&utm_campaign=imageinfo&utm_content=thumbnail,Preeteesh,CC BY-SA 4.0,https://creativecommons.org/licenses/by-sa/4.0,False,True,"Blackcomb Glacier Provincial Park - Whistler, BC"
provincial-blackcomb-glacier-park,Blackcomb Glacier Park,wikimedia_commons,"Blackcomb Glacier Provincial Park, BC.png","https://commons.wikimedia.org/wiki/File:Blackcomb_Glacier_Provincial_Park,_BC.png",https://upload.wikimedia.org/wikipedia/commons/f/f6/Blackcomb_Glacier_Provincial_Park%2C_BC.png?utm_source=commons.wikimedia.org&utm_campaign=imageinfo&utm_content=original,https://thumb.wikimedia.org/wikipedia/commons/thumb/f/f6/Blackcomb_Glacier_Provincial_Park%2C_BC.png/960px-Blackcomb_Glacier_Provincial_Park%2C_BC.png?utm_source=commons.wikimedia.org&utm_campaign=imageinfo&utm_content=thumbnail,Preeteesh,CC BY-SA 4.0,https://creativecommons.org/licenses/by-sa/4.0,False,True,"Blackcomb Glacier Provincial Park - Whistler, BC"
provincial-blackcomb-glacier-park,Blackcomb Glacier Park,wikimedia_commons,"Blackcomb Glacier Provincial Park - Coastal Mountain, Whistler, BC.png","https://commons.wikimedia.org/wiki/File:Blackcomb_Glacier_Provincial_Park_-_Coastal_Mountain,_Whistler,_BC.png",https://upload.wikimedia.org/wikipedia/commons/c/c0/Blackcomb_Glacier_Provincial_Park_-_Coastal_Mountain%2C_Whistler%2C_BC.png?utm_source=commons.wikimedia.org&utm_campaign=imageinfo&utm_content=original,https://thumb.wikimedia.org/wikipedia/commons/thumb/c/c0/Blackcomb_Glacier_Provincial_Park_-_Coastal_Mountain%2C_Whistler%2C_BC.png/960px-Blackcomb_Glacier_Provincial_Park_-_Coastal_Mountain%2C_Whistler%2C_BC.png?utm_source=commons.wikimedia.org&utm_campaign=imageinfo&utm_content=thumbnail,Preeteesh,CC BY-SA 4.0,https://creativecommons.org/licenses/by-sa/4.0,False,True,"Blackcomb Glacier Provincial Park - Coastal Mountain, Whistler, BC"
provincial-blanket-creek-park,Blanket Creek Park,wikimedia_commons,Owl at Night.jpg,https://commons.wikimedia.org/wiki/File:Owl_at_Night.jpg,https://upload.wikimedia.org/wikipedia/commons/1/1d/Owl_at_Night.jpg?utm_source=commons.wikimedia.org&utm_campaign=imageinfo&utm_content=original,https://thumb.wikimedia.org/wikipedia/commons/thumb/1/1d/Owl_at_Night.jpg/960px-Owl_at_Night.jpg?utm_source=commons.wikimedia.org&utm_campaign=imageinfo&utm_content=thumbnail,Wing-Chi Poon,CC BY-SA 2.5,https://creativecommons.org/licenses/by-sa/2.5,False,True,"A Barred Owl Strix varia perched on a birch tree branch at night, at Blanket Creek Provincial Park, British Columbia, Canada."
provincial-blanket-creek-park,Blanket Creek Park,wikimedia_commons,"Blanket Creek Provincial Park, BC Canada Lagune by Kdruzhki.jpg","https://commons.wikimedia.org/wiki/File:Blanket_Creek_Provincial_Park,_BC_Canada_Lagune_by_Kdruzhki.jpg",https://upload.wikimedia.org/wikipedia/commons/e/e4/Blanket_Creek_Provincial_Park%2C_BC_Canada_Lagune_by_Kdruzhki.jpg?utm_source=commons.wikimedia.org&utm_campaign=imageinfo&utm_content=original,https://thumb.wikimedia.org/wikipedia/commons/thumb/e/e4/Blanket_Creek_Provincial_Park%2C_BC_Canada_Lagune_by_Kdruzhki.jpg/960px-Blanket_Creek_Provincial_Park%2C_BC_Canada_Lagune_by_Kdruzhki.jpg?utm_source=commons.wikimedia.org&utm_campaign=imageinfo&utm_content=thumbnail,Ksenia Druzhkina,CC BY-SA 4.0,https://creativecommons.org/licenses/by-sa/4.0,True,True,"Commons coordinates: 50.836769, -118.082475; Blanket Creek Provincial Park, BC Canada Lagune - Morning by Kdruzhki"
provincial-blanket-creek-park,Blanket Creek Park,wikimedia_commons,"Creek near Sutherland Falls Blanket Creek Provincial Park, BC.jpg","https://commons.wikimedia.org/wiki/File:Creek_near_Sutherland_Falls_Blanket_Creek_Provincial_Park,_BC.jpg",https://upload.wikimedia.org/wikipedia/commons/b/bb/Creek_near_Sutherland_Falls_Blanket_Creek_Provincial_Park%2C_BC.jpg?utm_source=commons.wikimedia.org&utm_campaign=imageinfo&utm_content=original,https://thumb.wikimedia.org/wikipedia/commons/thumb/b/bb/Creek_near_Sutherland_Falls_Blanket_Creek_Provincial_Park%2C_BC.jpg/960px-Creek_near_Sutherland_Falls_Blanket_Creek_Provincial_Park%2C_BC.jpg?utm_source=commons.wikimedia.org&utm_campaign=imageinfo&utm_content=thumbnail,Ksenia Druzhkina,CC BY-SA 4.0,https://creativecommons.org/licenses/by-sa/4.0,True,True,"Sutherland Falls Blanket Creek Provincial Park, BC by Kdruzhki"
provincial-blanket-creek-park,Blanket Creek Park,wikimedia_commons,"Sutherland Falls Blanket Creek Provincial Park, BC Canada by Kdruzhki.jpg","https://commons.wikimedia.org/wiki/File:Sutherland_Falls_Blanket_Creek_Provincial_Park,_BC_Canada_by_Kdruzhki.jpg",https://upload.wikimedia.org/wikipedia/commons/0/05/Sutherland_Falls_Blanket_Creek_Provincial_Park%2C_BC_Canada_by_Kdruzhki.jpg?utm_source=commons.wikimedia.org&utm_campaign=imageinfo&utm_content=original,https://thumb.wikimedia.org/wikipedia/commons/thumb/0/05/Sutherland_Falls_Blanket_Creek_Provincial_Park%2C_BC_Canada_by_Kdruzhki.jpg/960px-Sutherland_Falls_Blanket_Creek_Provincial_Park%2C_BC_Canada_by_Kdruzhki.jpg?utm_source=commons.wikimedia.org&utm_campaign=imageinfo&utm_content=thumbnail,Ksenia Druzhkina,CC BY-SA 4.0,https://creativecommons.org/licenses/by-sa/4.0,True,True,"Sutherland Falls Blanket Creek Provincial Park, BC Canada by Kdruzhki"
provincial-blanket-creek-park,Blanket Creek Park,wikimedia_commons,"Sutherland Falls Blanket Creek Provincial Park, BC Canada - beautiful view by Kdruzhki.jpg","https://commons.wikimedia.org/wiki/File:Sutherland_Falls_Blanket_Creek_Provincial_Park,_BC_Canada_-_beautiful_view_by_Kdruzhki.jpg",https://upload.wikimedia.org/wikipedia/commons/e/ea/Sutherland_Falls_Blanket_Creek_Provincial_Park%2C_BC_Canada_-_beautiful_view_by_Kdruzhki.jpg?utm_source=commons.wikimedia.org&utm_campaign=imageinfo&utm_content=original,https://thumb.wikimedia.org/wikipedia/commons/thumb/e/ea/Sutherland_Falls_Blanket_Creek_Provincial_Park%2C_BC_Canada_-_beautiful_view_by_Kdruzhki.jpg/960px-Sutherland_Falls_Blanket_Creek_Provincial_Park%2C_BC_Canada_-_beautiful_view_by_Kdruzhki.jpg?utm_source=commons.wikimedia.org&utm_campaign=imageinfo&utm_content=thumbnail,Ksenia Druzhkina,CC BY-SA 4.0,https://creativecommons.org/licenses/by-sa/4.0,True,True,"Sutherland Falls Blanket Creek Provincial Park, BC Canada - beautiful view by Kdruzhki"
provincial-bridal-veil-falls-park,Bridal Veil Falls Park,wikimedia_commons,Crepuscular rays by Bridal Veil Falls.JPG,https://commons.wikimedia.org/wiki/File:Crepuscular_rays_by_Bridal_Veil_Falls.JPG,https://upload.wikimedia.org/wikipedia/commons/7/70/Crepuscular_rays_by_Bridal_Veil_Falls.JPG?utm_source=commons.wikimedia.org&utm_campaign=imageinfo&utm_content=original,https://thumb.wikimedia.org/wikipedia/commons/thumb/7/70/Crepuscular_rays_by_Bridal_Veil_Falls.JPG/960px-Crepuscular_rays_by_Bridal_Veil_Falls.JPG?utm_source=commons.wikimedia.org&utm_campaign=imageinfo&utm_content=thumbnail,The High Fin Sperm Whale,CC BY-SA 3.0,https://creativecommons.org/licenses/by-sa/3.0,False,True,"Commons coordinates: 49.186111, -121.720833; Crepuscular rays at Bridal Veil Falls, British Columbia."
provincial-bridal-veil-falls-park,Bridal Veil Falls Park,wikimedia_commons,"Bridal Veil Falls, BC, Canada.jpg","https://commons.wikimedia.org/wiki/File:Bridal_Veil_Falls,_BC,_Canada.jpg",https://upload.wikimedia.org/wikipedia/commons/4/4d/Bridal_Veil_Falls%2C_BC%2C_Canada.jpg?utm_source=commons.wikimedia.org&utm_campaign=imageinfo&utm_content=original,https://thumb.wikimedia.org/wikipedia/commons/thumb/4/4d/Bridal_Veil_Falls%2C_BC%2C_Canada.jpg/960px-Bridal_Veil_Falls%2C_BC%2C_Canada.jpg?utm_source=commons.wikimedia.org&utm_campaign=imageinfo&utm_content=thumbnail,The High Fin Sperm Whale,CC BY-SA 3.0,https://creativecommons.org/licenses/by-sa/3.0,False,True,"Bridal Veil Falls, in British Columbia, Canada."
provincial-broughton-archipelago-park,Broughton Archipelago Park,wikimedia_commons,Broughton Archipelago and Queen Charlotte Strait.jpg,https://commons.wikimedia.org/wiki/File:Broughton_Archipelago_and_Queen_Charlotte_Strait.jpg,https://upload.wikimedia.org/wikipedia/commons/d/d0/Broughton_Archipelago_and_Queen_Charlotte_Strait.jpg?utm_source=commons.wikimedia.org&utm_campaign=imageinfo&utm_content=original,https://thumb.wikimedia.org/wikipedia/commons/thumb/d/d0/Broughton_Archipelago_and_Queen_Charlotte_Strait.jpg/960px-Broughton_Archipelago_and_Queen_Charlotte_Strait.jpg?utm_source=commons.wikimedia.org&utm_campaign=imageinfo&utm_content=thumbnail,Laurie MacBride,CC BY-SA 4.0,https://creativecommons.org/licenses/by-sa/4.0,False,True,"Looking towards Queen Charlotte Strait from just outside Sunday Harbour in Broughton Archipelago Marine Provincial Park, British Columbia"
provincial-broughton-archipelago-park,Broughton Archipelago Park,wikimedia_commons,Broughton Archipelago Marine Provincial Park.jpg,https://commons.wikimedia.org/wiki/File:Broughton_Archipelago_Marine_Provincial_Park.jpg,https://upload.wikimedia.org/wikipedia/commons/5/54/Broughton_Archipelago_Marine_Provincial_Park.jpg?utm_source=commons.wikimedia.org&utm_campaign=imageinfo&utm_content=original,https://thumb.wikimedia.org/wikipedia/commons/thumb/5/54/Broughton_Archipelago_Marine_Provincial_Park.jpg/960px-Broughton_Archipelago_Marine_Provincial_Park.jpg?utm_source=commons.wikimedia.org&utm_campaign=imageinfo&utm_content=thumbnail,Laurie MacBride,CC BY-SA 4.0,https://creativecommons.org/licenses/by-sa/4.0,False,True,"The shoreline of Eden Island in the Broughton Archipelago Marine Provincial Park, British Columbia"
provincial-buccaneer-bay-park,Buccaneer Bay Park,wikimedia_commons,Buccaneer Bay Sand Spit.jpg,https://commons.wikimedia.org/wiki/File:Buccaneer_Bay_Sand_Spit.jpg,https://upload.wikimedia.org/wikipedia/commons/9/96/Buccaneer_Bay_Sand_Spit.jpg?utm_source=commons.wikimedia.org&utm_campaign=imageinfo&utm_content=original,https://thumb.wikimedia.org/wikipedia/commons/thumb/9/96/Buccaneer_Bay_Sand_Spit.jpg/960px-Buccaneer_Bay_Sand_Spit.jpg?utm_source=commons.wikimedia.org&utm_campaign=imageinfo&utm_content=thumbnail,BWJinks,CC BY-SA 4.0,https://creativecommons.org/licenses/by-sa/4.0,False,True,Photograph of Bucaneer Bay BC taken from a drone
provincial-cathedral-park,Cathedral Park,wikimedia_commons,Trips 05 - Cathedral Park - 13 (90968982).jpg,https://commons.wikimedia.org/wiki/File:Trips_05_-_Cathedral_Park_-_13_(90968982).jpg,https://upload.wikimedia.org/wikipedia/commons/f/fe/Trips_05_-_Cathedral_Park_-_13_%2890968982%29.jpg?utm_source=commons.wikimedia.org&utm_campaign=imageinfo&utm_content=original,https://thumb.wikimedia.org/wikipedia/commons/thumb/f/fe/Trips_05_-_Cathedral_Park_-_13_%2890968982%29.jpg/960px-Trips_05_-_Cathedral_Park_-_13_%2890968982%29.jpg?utm_source=commons.wikimedia.org&utm_campaign=imageinfo&utm_content=thumbnail,"McKay Savage from London, UK",CC BY 2.0,https://creativecommons.org/licenses/by/2.0,True,False,Part of a formation called 'Stone City'
provincial-cathedral-park,Cathedral Park,wikimedia_commons,Trips 05 - Cathedral Park - 10 (90968918).jpg,https://commons.wikimedia.org/wiki/File:Trips_05_-_Cathedral_Park_-_10_(90968918).jpg,https://upload.wikimedia.org/wikipedia/commons/f/fd/Trips_05_-_Cathedral_Park_-_10_%2890968918%29.jpg?utm_source=commons.wikimedia.org&utm_campaign=imageinfo&utm_content=original,https://thumb.wikimedia.org/wikipedia/commons/thumb/f/fd/Trips_05_-_Cathedral_Park_-_10_%2890968918%29.jpg/960px-Trips_05_-_Cathedral_Park_-_10_%2890968918%29.jpg?utm_source=commons.wikimedia.org&utm_campaign=imageinfo&utm_content=thumbnail,"McKay Savage from London, UK",CC BY 2.0,https://creativecommons.org/licenses/by/2.0,True,False,Looking back down at Ladyslipper Lake.
provincial-charlie-lake-park,Charlie Lake Park,wikimedia_commons,Catharus ustulatus Charlie Lake.jpg,https://commons.wikimedia.org/wiki/File:Catharus_ustulatus_Charlie_Lake.jpg,https://upload.wikimedia.org/wikipedia/commons/9/97/Catharus_ustulatus_Charlie_Lake.jpg?utm_source=commons.wikimedia.org&utm_campaign=imageinfo&utm_content=original,https://thumb.wikimedia.org/wikipedia/commons/thumb/9/97/Catharus_ustulatus_Charlie_Lake.jpg/960px-Catharus_ustulatus_Charlie_Lake.jpg?utm_source=commons.wikimedia.org&utm_campaign=imageinfo&utm_content=thumbnail,"Gerry from Fort St. John, BC, Canada",CC BY-SA 2.0,https://creativecommons.org/licenses/by-sa/2.0,False,True,"Commons coordinates: 56.329867, -120.952714; Swainson's Thrush Catharus ustulatus, Charlie Lake, British Columbia, Canada."
provincial-charlie-lake-park,Charlie Lake Park,wikimedia_commons,Ixoreus naevius Charlie Lake.jpg,https://commons.wikimedia.org/wiki/File:Ixoreus_naevius_Charlie_Lake.jpg,https://upload.wikimedia.org/wikipedia/commons/c/c3/Ixoreus_naevius_Charlie_Lake.jpg?utm_source=commons.wikimedia.org&utm_campaign=imageinfo&utm_content=original,https://thumb.wikimedia.org/wikipedia/commons/thumb/c/c3/Ixoreus_naevius_Charlie_Lake.jpg/960px-Ixoreus_naevius_Charlie_Lake.jpg?utm_source=commons.wikimedia.org&utm_campaign=imageinfo&utm_content=thumbnail,"Gerry from Fort St. John, BC, Canada",CC BY-SA 2.0,https://creativecommons.org/licenses/by-sa/2.0,False,True,"Varied Thrush Ixoreus naevius, Charlie Lake, British Columbia, Canada."
provincial-chilliwack-river-park,Chilliwack River Park,wikimedia_commons,Chilliwack River Provincial Park 02.jpg,https://commons.wikimedia.org/wiki/File:Chilliwack_River_Provincial_Park_02.jpg,https://upload.wikimedia.org/wikipedia/commons/2/25/Chilliwack_River_Provincial_Park_02.jpg?utm_source=commons.wikimedia.org&utm_campaign=imageinfo&utm_content=original,https://thumb.wikimedia.org/wikipedia/commons/thumb/2/25/Chilliwack_River_Provincial_Park_02.jpg/960px-Chilliwack_River_Provincial_Park_02.jpg?utm_source=commons.wikimedia.org&utm_campaign=imageinfo&utm_content=thumbnail,Ginaima,CC BY-SA 4.0,https://creativecommons.org/licenses/by-sa/4.0,True,False,Chilliwack River Provincial Park
provincial-christina-lake-park,Christina Lake Park,wikimedia_commons,Cascade Falls (159421935).jpeg,https://commons.wikimedia.org/wiki/File:Cascade_Falls_(159421935).jpeg,https://upload.wikimedia.org/wikipedia/commons/6/6b/Cascade_Falls_%28159421935%29.jpeg?utm_source=commons.wikimedia.org&utm_campaign=imageinfo&utm_content=original,https://thumb.wikimedia.org/wikipedia/commons/thumb/6/6b/Cascade_Falls_%28159421935%29.jpeg/960px-Cascade_Falls_%28159421935%29.jpeg?utm_source=commons.wikimedia.org&utm_campaign=imageinfo&utm_content=thumbnail,Kelly Fletcher,CC BY-SA 3.0,https://creativecommons.org/licenses/by-sa/3.0,False,True,"500px provided description: Cascade Falls, above Christina Lake BC, Spring time. [#trees ,#canada ,#landscape ,#forest ,#water ,#nature ,#river ,#blue ,#rain ,#rocks ,#beautiful ,#nikon ,#green ,#waterfall ,#bc ,#photography ,#photoshop ,#photographer ,#scenery ,#british columbia ,#cascade falls ,#nature photograph ,#nikon d3200 ,#team nikon ,#christina lake ,#christina lake bc]"
provincial-cinnemousun-narrows-park,Cinnemousun Narrows Park,openverse,"Houseboating on Shuswap Lake near the Cinnemousun Narrows Provincial Park, BC",https://www.flickr.com/photos/72703814@N00/4680942133,https://live.staticflickr.com/4051/4680942133_b4401662a0_b.jpg,https://api.openverse.org/v1/images/230633bc-98e4-457e-a6fb-901f82122105/thumb/,Ryan Van Veen Photography,CC BY-SA 2.0,https://creativecommons.org/licenses/by-sa/2.0/,False,True,
provincial-cinnemousun-narrows-park,Cinnemousun Narrows Park,openverse,"Houseboating on Shuswap Lake near the Cinnemousun Narrows Provincial Park, BC",https://www.flickr.com/photos/72703814@N00/4680946333,https://live.staticflickr.com/4002/4680946333_68b6e234ee_b.jpg,https://api.openverse.org/v1/images/65e98bf6-ec89-4d89-9084-fdada30150e6/thumb/,Ryan Van Veen Photography,CC BY-SA 2.0,https://creativecommons.org/licenses/by-sa/2.0/,False,True,
provincial-codville-lagoon-marine-park,Codville Lagoon Marine Park,wikimedia_commons,"Shoreline, Codville Lagoon.jpg","https://commons.wikimedia.org/wiki/File:Shoreline,_Codville_Lagoon.jpg",https://upload.wikimedia.org/wikipedia/commons/6/64/Shoreline%2C_Codville_Lagoon.jpg?utm_source=commons.wikimedia.org&utm_campaign=imageinfo&utm_content=original,https://thumb.wikimedia.org/wikipedia/commons/thumb/6/64/Shoreline%2C_Codville_Lagoon.jpg/960px-Shoreline%2C_Codville_Lagoon.jpg?utm_source=commons.wikimedia.org&utm_campaign=imageinfo&utm_content=thumbnail,Laurie macbride,CC BY-SA 4.0,https://creativecommons.org/licenses/by-sa/4.0,True,True,"Commons coordinates: 52.061847, -127.840336; Codville Lagoon Marine Provincial Park is located on King Island, on the east side of Fitz Hugh Sound, along British Columbia's Inside Passage coastal waterway. It is part of the Great Bear Rainforest and traditional territories of the Heiltsuk and Nuxalk Nations."
provincial-columbia-lake-park,Columbia Lake Park,openverse,"Upper Joffre Lake - British Columbia, Canada - Landscape photography",https://www.flickr.com/photos/87690240@N03/48563239936,https://live.staticflickr.com/65535/48563239936_bdccbaed09_b.jpg,https://api.openverse.org/v1/images/8390869f-5cad-4739-9f9c-09e0014e171b/thumb/,Giuseppe Milo (www.pixael.com),CC BY 2.0,https://creativecommons.org/licenses/by/2.0/,False,True,
provincial-columbia-lake-park,Columbia Lake Park,openverse,"Emerald Lake - British Columbia, Canada - Landscape photography",https://www.flickr.com/photos/87690240@N03/48737261156,https://live.staticflickr.com/65535/48737261156_5da777f4c1_b.jpg,https://api.openverse.org/v1/images/cdf05dc8-2850-43e4-b66d-eb7f7d24d059/thumb/,Giuseppe Milo (www.pixael.com),CC BY 2.0,https://creativecommons.org/licenses/by/2.0/,False,True,
provincial-coquihalla-canyon-park,Coquihalla Canyon Park,wikimedia_commons,Othello Tunnels.jpg,https://commons.wikimedia.org/wiki/File:Othello_Tunnels.jpg,https://upload.wikimedia.org/wikipedia/commons/c/c0/Othello_Tunnels.jpg?utm_source=commons.wikimedia.org&utm_campaign=imageinfo&utm_content=original,https://thumb.wikimedia.org/wikipedia/commons/thumb/c/c0/Othello_Tunnels.jpg/960px-Othello_Tunnels.jpg?utm_source=commons.wikimedia.org&utm_campaign=imageinfo&utm_content=thumbnail,Clayoquot,CC BY-SA 3.0,http://creativecommons.org/licenses/by-sa/3.0/,False,True,"A trestle and tunnel entrance in Coquihalla Canyon Provincial Park, British Columbia"
provincial-coquihalla-canyon-park,Coquihalla Canyon Park,wikimedia_commons,Coquihalla Canyon.jpg,https://commons.wikimedia.org/wiki/File:Coquihalla_Canyon.jpg,https://upload.wikimedia.org/wikipedia/commons/4/48/Coquihalla_Canyon.jpg?utm_source=commons.wikimedia.org&utm_campaign=imageinfo&utm_content=original,https://thumb.wikimedia.org/wikipedia/commons/thumb/4/48/Coquihalla_Canyon.jpg/960px-Coquihalla_Canyon.jpg?utm_source=commons.wikimedia.org&utm_campaign=imageinfo&utm_content=thumbnail,The High Fin Sperm Whale,CC BY-SA 3.0,https://creativecommons.org/licenses/by-sa/3.0,True,False,Vertical panorama of rock face in Coquihalla Canyon.
provincial-coquihalla-canyon-park,Coquihalla Canyon Park,wikimedia_commons,Coquihalla Canyon 2.JPG,https://commons.wikimedia.org/wiki/File:Coquihalla_Canyon_2.JPG,https://upload.wikimedia.org/wikipedia/commons/2/24/Coquihalla_Canyon_2.JPG?utm_source=commons.wikimedia.org&utm_campaign=imageinfo&utm_content=original,https://thumb.wikimedia.org/wikipedia/commons/thumb/2/24/Coquihalla_Canyon_2.JPG/960px-Coquihalla_Canyon_2.JPG?utm_source=commons.wikimedia.org&utm_campaign=imageinfo&utm_content=thumbnail,The High Fin Sperm Whale,CC BY-SA 3.0,https://creativecommons.org/licenses/by-sa/3.0,True,False,Rock face in Coquihalla Canyon.
provincial-cultus-lake-park,Cultus Lake Park,wikimedia_commons,Cultus lake.JPG,https://commons.wikimedia.org/wiki/File:Cultus_lake.JPG,https://upload.wikimedia.org/wikipedia/commons/a/ae/Cultus_lake.JPG?utm_source=commons.wikimedia.org&utm_campaign=imageinfo&utm_content=original,https://thumb.wikimedia.org/wikipedia/commons/thumb/a/ae/Cultus_lake.JPG/960px-Cultus_lake.JPG?utm_source=commons.wikimedia.org&utm_campaign=imageinfo&utm_content=thumbnail,The High Fin Sperm Whale,CC BY-SA 3.0,https://creativecommons.org/licenses/by-sa/3.0,True,True,"Commons coordinates: 49.046000, -122.000000; Cultus Lake, British Columbia."
provincial-davis-lake-park,Davis Lake Park,wikimedia_commons,Davis Lake Provincial Park Panorama.jpg,https://commons.wikimedia.org/wiki/File:Davis_Lake_Provincial_Park_Panorama.jpg,https://upload.wikimedia.org/wikipedia/commons/e/e7/Davis_Lake_Provincial_Park_Panorama.jpg?utm_source=commons.wikimedia.org&utm_campaign=imageinfo&utm_content=original,https://thumb.wikimedia.org/wikipedia/commons/thumb/e/e7/Davis_Lake_Provincial_Park_Panorama.jpg/960px-Davis_Lake_Provincial_Park_Panorama.jpg?utm_source=commons.wikimedia.org&utm_campaign=imageinfo&utm_content=thumbnail,Mhotchin,CC BY-SA 3.0,https://creativecommons.org/licenses/by-sa/3.0,False,True,"A panorama of Davis Lake, near Mission, BC.  The view is to the north-west.  The photos were taken Aug 20, 2012."
provincial-denman-island-park,Denman Island Park,wikimedia_commons,Baynes sound.jpg,https://commons.wikimedia.org/wiki/File:Baynes_sound.jpg,https://upload.wikimedia.org/wikipedia/commons/6/65/Baynes_sound.jpg?utm_source=commons.wikimedia.org&utm_campaign=imageinfo&utm_content=original,https://thumb.wikimedia.org/wikipedia/commons/thumb/6/65/Baynes_sound.jpg/960px-Baynes_sound.jpg?utm_source=commons.wikimedia.org&utm_campaign=imageinfo&utm_content=thumbnail,KenWalker kgw@lunar.ca,CC BY-SA 3.0,https://creativecommons.org/licenses/by-sa/3.0,False,True,"Panoramic combination of 14 images taken from parking area behind Petro Canada service station above BC Ferries Terminal at Buckley Bay, British Columbia across Baynes Sound.  Bluffs in the centre of the image are Cape Lazo.  Near forest to the right is Denman Island across Baynes Sound.  The snow covered peaks in the distance surround Desolation Sound across the Strait of Georgia."
provincial-desolation-sound-marine-park,Desolation Sound Marine Park,openverse,"Grace Harbour, Desolation Sound Marine Park, BC",https://commons.wikimedia.org/w/index.php?curid=93675168,https://upload.wikimedia.org/wikipedia/commons/e/ee/Grace_Harbour%2C_Desolation_Sound_Marine_Park%2C_BC.jpg,https://api.openverse.org/v1/images/1836a7df-dc27-4084-9ac5-32545b690c0e/thumb/,A.Davey,CC BY 2.0,https://creativecommons.org/licenses/by/2.0/,False,True,
provincial-desolation-sound-marine-park,Desolation Sound Marine Park,wikimedia_commons,"Grace Harbour, Desolation Sound Marine Park, BC.jpg","https://commons.wikimedia.org/wiki/File:Grace_Harbour,_Desolation_Sound_Marine_Park,_BC.jpg",https://upload.wikimedia.org/wikipedia/commons/e/ee/Grace_Harbour%2C_Desolation_Sound_Marine_Park%2C_BC.jpg?utm_source=commons.wikimedia.org&utm_campaign=imageinfo&utm_content=original,https://thumb.wikimedia.org/wikipedia/commons/thumb/e/ee/Grace_Harbour%2C_Desolation_Sound_Marine_Park%2C_BC.jpg/960px-Grace_Harbour%2C_Desolation_Sound_Marine_Park%2C_BC.jpg?utm_source=commons.wikimedia.org&utm_campaign=imageinfo&utm_content=thumbnail,A.Davey,CC BY 2.0,https://creativecommons.org/licenses/by/2.0,False,True,"Grace Harbour, Desolation Sound Marine Park, BC"
provincial-diana-lake-park,Diana Lake Park,wikimedia_commons,Calm Morning at Diana Lake.webp,https://commons.wikimedia.org/wiki/File:Calm_Morning_at_Diana_Lake.webp,https://upload.wikimedia.org/wikipedia/commons/d/d8/Calm_Morning_at_Diana_Lake.webp?utm_source=commons.wikimedia.org&utm_campaign=imageinfo&utm_content=original,https://thumb.wikimedia.org/wikipedia/commons/thumb/d/d8/Calm_Morning_at_Diana_Lake.webp/960px-Calm_Morning_at_Diana_Lake.webp?utm_source=commons.wikimedia.org&utm_campaign=imageinfo&utm_content=thumbnail,Extemporalist,CC0,http://creativecommons.org/publicdomain/zero/1.0/deed.en,False,True,"Calm Morning at Diana Lake, British Columbia, Canada"
provincial-diana-lake-park,Diana Lake Park,wikimedia_commons,Bog Woodland in Diana Lake Park.webp,https://commons.wikimedia.org/wiki/File:Bog_Woodland_in_Diana_Lake_Park.webp,https://upload.wikimedia.org/wikipedia/commons/5/5f/Bog_Woodland_in_Diana_Lake_Park.webp?utm_source=commons.wikimedia.org&utm_campaign=imageinfo&utm_content=original,https://thumb.wikimedia.org/wikipedia/commons/thumb/5/5f/Bog_Woodland_in_Diana_Lake_Park.webp/960px-Bog_Woodland_in_Diana_Lake_Park.webp?utm_source=commons.wikimedia.org&utm_campaign=imageinfo&utm_content=thumbnail,Extemporalist,CC0,http://creativecommons.org/publicdomain/zero/1.0/deed.en,False,True,"Bog Woodland in Diana Lake Park, British Columbia, Canada"
provincial-diana-lake-park,Diana Lake Park,wikimedia_commons,Wetland in Diana Lake Provincial Park.webp,https://commons.wikimedia.org/wiki/File:Wetland_in_Diana_Lake_Provincial_Park.webp,https://upload.wikimedia.org/wikipedia/commons/4/44/Wetland_in_Diana_Lake_Provincial_Park.webp?utm_source=commons.wikimedia.org&utm_campaign=imageinfo&utm_content=original,https://thumb.wikimedia.org/wikipedia/commons/thumb/4/44/Wetland_in_Diana_Lake_Provincial_Park.webp/960px-Wetland_in_Diana_Lake_Provincial_Park.webp?utm_source=commons.wikimedia.org&utm_campaign=imageinfo&utm_content=thumbnail,Extemporalist,CC0,http://creativecommons.org/publicdomain/zero/1.0/deed.en,False,True,"Wetland in Diana Lake Provincial Park, British Columbia, Canada"
provincial-diana-lake-park,Diana Lake Park,wikimedia_commons,Diana Lake Provincial Park.jpg,https://commons.wikimedia.org/wiki/File:Diana_Lake_Provincial_Park.jpg,https://upload.wikimedia.org/wikipedia/commons/a/ac/Diana_Lake_Provincial_Park.jpg?utm_source=commons.wikimedia.org&utm_campaign=imageinfo&utm_content=original,https://thumb.wikimedia.org/wikipedia/commons/thumb/a/ac/Diana_Lake_Provincial_Park.jpg/960px-Diana_Lake_Provincial_Park.jpg?utm_source=commons.wikimedia.org&utm_campaign=imageinfo&utm_content=thumbnail,William Matheson,CC BY-SA 2.0,https://creativecommons.org/licenses/by-sa/2.0,True,False,"Commons coordinates: 54.219846, -130.166550; Diana Lake Provincial Park"
provincial-diana-lake-park,Diana Lake Park,wikimedia_commons,"Diana Lake Provincial Park, British Columbia.jpg","https://commons.wikimedia.org/wiki/File:Diana_Lake_Provincial_Park,_British_Columbia.jpg",https://upload.wikimedia.org/wikipedia/commons/2/20/Diana_Lake_Provincial_Park%2C_British_Columbia.jpg?utm_source=commons.wikimedia.org&utm_campaign=imageinfo&utm_content=original,https://thumb.wikimedia.org/wikipedia/commons/thumb/2/20/Diana_Lake_Provincial_Park%2C_British_Columbia.jpg/960px-Diana_Lake_Provincial_Park%2C_British_Columbia.jpg?utm_source=commons.wikimedia.org&utm_campaign=imageinfo&utm_content=thumbnail,William Matheson,CC BY-SA 2.0,https://creativecommons.org/licenses/by-sa/2.0,False,True,Diana Lake Provincial Park
provincial-driftwood-canyon-park,Driftwood Canyon Park,wikimedia_commons,Driftwood Canyon bridge.jpg,https://commons.wikimedia.org/wiki/File:Driftwood_Canyon_bridge.jpg,https://upload.wikimedia.org/wikipedia/commons/6/62/Driftwood_Canyon_bridge.jpg?utm_source=commons.wikimedia.org&utm_campaign=imageinfo&utm_content=original,https://thumb.wikimedia.org/wikipedia/commons/thumb/6/62/Driftwood_Canyon_bridge.jpg/960px-Driftwood_Canyon_bridge.jpg?utm_source=commons.wikimedia.org&utm_campaign=imageinfo&utm_content=thumbnail,David Greenwood,CC BY-SA 3.0,https://creativecommons.org/licenses/by-sa/3.0,False,True,"Bridge over Driftwood Creek at start of interpretive trail in Driftwood Canyon Provincial Park, British Columbia, Canada."
provincial-duffey-lake-park,Duffey Lake Park,openverse,"Duffey Lake Provincial Park, British Columbia, CA",https://www.flickr.com/photos/191261737@N07/51552022104,https://live.staticflickr.com/65535/51552022104_31a57e4b05_b.jpg,https://api.openverse.org/v1/images/88101265-3ce1-405c-bf1f-723a0ef757f6/thumb/,themikeambrose,CC BY-SA 2.0,https://creativecommons.org/licenses/by-sa/2.0/,False,True,
provincial-duffey-lake-park,Duffey Lake Park,wikimedia_commons,"Duffey Lake, BC (5762484561).jpg","https://commons.wikimedia.org/wiki/File:Duffey_Lake,_BC_(5762484561).jpg",https://upload.wikimedia.org/wikipedia/commons/3/38/Duffey_Lake%2C_BC_%285762484561%29.jpg?utm_source=commons.wikimedia.org&utm_campaign=imageinfo&utm_content=original,https://thumb.wikimedia.org/wikipedia/commons/thumb/3/38/Duffey_Lake%2C_BC_%285762484561%29.jpg/960px-Duffey_Lake%2C_BC_%285762484561%29.jpg?utm_source=commons.wikimedia.org&utm_campaign=imageinfo&utm_content=thumbnail,"Antony Stanley from Gloucester, UK",CC BY-SA 2.0,https://creativecommons.org/licenses/by-sa/2.0,False,True,"Duffey Lake, BC"
provincial-duffey-lake-park,Duffey Lake Park,wikimedia_commons,"Duffey Lake in the Cayoosh Pass ^^Lac Duffey et Joffre peak BC^^Mt Joffre in the backround^^ Une succession de lacs ,canyons et de vistas - panoramio.jpg","https://commons.wikimedia.org/wiki/File:Duffey_Lake_in_the_Cayoosh_Pass_%5E%5ELac_Duffey_et_Joffre_peak_BC%5E%5EMt_Joffre_in_the_backround%5E%5E_Une_succession_de_lacs_,canyons_et_de_vistas_-_panoramio.jpg",https://upload.wikimedia.org/wikipedia/commons/5/5b/Duffey_Lake_in_the_Cayoosh_Pass_%5E%5ELac_Duffey_et_Joffre_peak_BC%5E%5EMt_Joffre_in_the_backround%5E%5E_Une_succession_de_lacs_%2Ccanyons_et_de_vistas_-_panoramio.jpg?utm_source=commons.wikimedia.org&utm_campaign=imageinfo&utm_content=original,https://thumb.wikimedia.org/wikipedia/commons/thumb/5/5b/Duffey_Lake_in_the_Cayoosh_Pass_%5E%5ELac_Duffey_et_Joffre_peak_BC%5E%5EMt_Joffre_in_the_backround%5E%5E_Une_succession_de_lacs_%2Ccanyons_et_de_vistas_-_panoramio.jpg/960px-Duffey_Lake_in_the_Cayoosh_Pass_%5E%5ELac_Duffey_et_Joffre_peak_BC%5E%5EMt_Joffre_in_the_backround%5E%5E_Une_succession_de_lacs_%2Ccanyons_et_de_vistas_-_panoramio.jpg?utm_source=commons.wikimedia.org&utm_campaign=imageinfo&utm_content=thumbnail,Roger Sylvia,CC BY-SA 3.0,https://creativecommons.org/licenses/by-sa/3.0,True,True,Duffey Lake in the Cayoosh Pass. Mt Joffre in the background.
provincial-ed-bird-estella-lakes-park,Ed Bird - Estella Lakes Park,wikimedia_commons,"Estella Lakes, British Columbia.jpg","https://commons.wikimedia.org/wiki/File:Estella_Lakes,_British_Columbia.jpg",https://upload.wikimedia.org/wikipedia/commons/5/57/Estella_Lakes%2C_British_Columbia.jpg?utm_source=commons.wikimedia.org&utm_campaign=imageinfo&utm_content=original,https://thumb.wikimedia.org/wikipedia/commons/thumb/5/57/Estella_Lakes%2C_British_Columbia.jpg/960px-Estella_Lakes%2C_British_Columbia.jpg?utm_source=commons.wikimedia.org&utm_campaign=imageinfo&utm_content=thumbnail,Murray Foubister,CC BY-SA 2.0,https://creativecommons.org/licenses/by-sa/2.0,False,True,FDI  forest Inventory fieldwork at Williston Lake in Northern BC...colorful small lakes (now joined by spring flooding) just W of Ed Bird Lake...
provincial-erie-creek-park,Erie Creek Park,wikimedia_commons,Erie Creek near Salmo BC.jpg,https://commons.wikimedia.org/wiki/File:Erie_Creek_near_Salmo_BC.jpg,https://upload.wikimedia.org/wikipedia/commons/c/c0/Erie_Creek_near_Salmo_BC.jpg?utm_source=commons.wikimedia.org&utm_campaign=imageinfo&utm_content=original,https://thumb.wikimedia.org/wikipedia/commons/thumb/c/c0/Erie_Creek_near_Salmo_BC.jpg/960px-Erie_Creek_near_Salmo_BC.jpg?utm_source=commons.wikimedia.org&utm_campaign=imageinfo&utm_content=thumbnail,C MacDonald,CC BY-SA 4.0,https://creativecommons.org/licenses/by-sa/4.0,False,True,A picture of Erie creek I took on a bike ride.
provincial-flores-island-park,Flores Island Park,openverse,"Ahousaht Wild Side Heritage Trail, Flores Island, Clayoquot Sound, BC",https://www.flickr.com/photos/37457628@N00/3685012258,https://live.staticflickr.com/3561/3685012258_3dcea5f164_b.jpg,https://api.openverse.org/v1/images/21552628-9b17-4c16-acb4-dd913b038021/thumb/,Ecotrust Canada,CC BY 2.0,https://creativecommons.org/licenses/by/2.0/,False,True,
provincial-flores-island-park,Flores Island Park,openverse,"Ahousaht Wild Side Heritage Trail, Flores Island, Clayoquot Sound, BC",https://www.flickr.com/photos/37457628@N00/3685010946,https://live.staticflickr.com/2572/3685010946_d30ba20dee_b.jpg,https://api.openverse.org/v1/images/31b011e5-07d3-43f8-9f82-f2709a65ed64/thumb/,Ecotrust Canada,CC BY 2.0,https://creativecommons.org/licenses/by/2.0/,False,True,
provincial-flores-island-park,Flores Island Park,openverse,"Ahousaht Wild Side Heritage Trail, Flores Island, Clayoquot Sound, BC",https://www.flickr.com/photos/37457628@N00/3685000334,https://live.staticflickr.com/2674/3685000334_72a8237fb3_b.jpg,https://api.openverse.org/v1/images/42825499-4712-46d8-af59-1e7b5b5d83fd/thumb/,Ecotrust Canada,CC BY 2.0,https://creativecommons.org/licenses/by/2.0/,False,True,
provincial-flores-island-park,Flores Island Park,openverse,"Hikers on the Ahousaht Wild Side Heritage Trail, Flores Island, Clayoquot Sound, BC",https://www.flickr.com/photos/37457628@N00/3685005238,https://live.staticflickr.com/2673/3685005238_2952abde0c_b.jpg,https://api.openverse.org/v1/images/f66db400-6ab0-434d-8938-1557cd8294b1/thumb/,Ecotrust Canada,CC BY 2.0,https://creativecommons.org/licenses/by/2.0/,False,True,
provincial-flores-island-park,Flores Island Park,wikimedia_commons,"Ahousaht First Nation, Flores Island, British Columbia - panoramio.jpg","https://commons.wikimedia.org/wiki/File:Ahousaht_First_Nation,_Flores_Island,_British_Columbia_-_panoramio.jpg",https://upload.wikimedia.org/wikipedia/commons/d/dc/Ahousaht_First_Nation%2C_Flores_Island%2C_British_Columbia_-_panoramio.jpg?utm_source=commons.wikimedia.org&utm_campaign=imageinfo&utm_content=original,https://thumb.wikimedia.org/wikipedia/commons/thumb/d/dc/Ahousaht_First_Nation%2C_Flores_Island%2C_British_Columbia_-_panoramio.jpg/960px-Ahousaht_First_Nation%2C_Flores_Island%2C_British_Columbia_-_panoramio.jpg?utm_source=commons.wikimedia.org&utm_campaign=imageinfo&utm_content=thumbnail,Sam Beebe/Ecotrust,CC BY-SA 3.0,https://creativecommons.org/licenses/by-sa/3.0,True,True,"Ahousaht First Nation, Flores Island, British Columbia"
provincial-flores-island-park,Flores Island Park,wikimedia_commons,Wild Side Trail on Flores Island.jpg,https://commons.wikimedia.org/wiki/File:Wild_Side_Trail_on_Flores_Island.jpg,https://upload.wikimedia.org/wikipedia/commons/0/07/Wild_Side_Trail_on_Flores_Island.jpg?utm_source=commons.wikimedia.org&utm_campaign=imageinfo&utm_content=original,https://thumb.wikimedia.org/wikipedia/commons/thumb/0/07/Wild_Side_Trail_on_Flores_Island.jpg/960px-Wild_Side_Trail_on_Flores_Island.jpg?utm_source=commons.wikimedia.org&utm_campaign=imageinfo&utm_content=thumbnail,Toni Wöhrl,CC BY-SA 4.0,https://creativecommons.org/licenses/by-sa/4.0,True,False,Wild Side Trail on Flores Island
provincial-francis-point-park,Francis Point Park,wikimedia_commons,Francis Point Park 4 (13196168923).jpg,https://commons.wikimedia.org/wiki/File:Francis_Point_Park_4_(13196168923).jpg,https://upload.wikimedia.org/wikipedia/commons/0/02/Francis_Point_Park_4_%2813196168923%29.jpg?utm_source=commons.wikimedia.org&utm_campaign=imageinfo&utm_content=original,https://thumb.wikimedia.org/wikipedia/commons/thumb/0/02/Francis_Point_Park_4_%2813196168923%29.jpg/960px-Francis_Point_Park_4_%2813196168923%29.jpg?utm_source=commons.wikimedia.org&utm_campaign=imageinfo&utm_content=thumbnail,"Ken McMillan from Sechelt, BC, Canada",CC BY 2.0,https://creativecommons.org/licenses/by/2.0,True,False,"Commons coordinates: 49.605982, -124.060720; Beach driftwood"
provincial-francis-point-park,Francis Point Park,wikimedia_commons,Francis Point Park 6 (13196342964).jpg,https://commons.wikimedia.org/wiki/File:Francis_Point_Park_6_(13196342964).jpg,https://upload.wikimedia.org/wikipedia/commons/8/8c/Francis_Point_Park_6_%2813196342964%29.jpg?utm_source=commons.wikimedia.org&utm_campaign=imageinfo&utm_content=original,https://thumb.wikimedia.org/wikipedia/commons/thumb/8/8c/Francis_Point_Park_6_%2813196342964%29.jpg/960px-Francis_Point_Park_6_%2813196342964%29.jpg?utm_source=commons.wikimedia.org&utm_campaign=imageinfo&utm_content=thumbnail,"Ken McMillan from Sechelt, BC, Canada",CC BY 2.0,https://creativecommons.org/licenses/by/2.0,True,False,Lichen and arbutus
provincial-francis-point-park,Francis Point Park,wikimedia_commons,Francis Point Park 8 (13196156163).jpg,https://commons.wikimedia.org/wiki/File:Francis_Point_Park_8_(13196156163).jpg,https://upload.wikimedia.org/wikipedia/commons/8/87/Francis_Point_Park_8_%2813196156163%29.jpg?utm_source=commons.wikimedia.org&utm_campaign=imageinfo&utm_content=original,https://thumb.wikimedia.org/wikipedia/commons/thumb/8/87/Francis_Point_Park_8_%2813196156163%29.jpg/960px-Francis_Point_Park_8_%2813196156163%29.jpg?utm_source=commons.wikimedia.org&utm_campaign=imageinfo&utm_content=thumbnail,"Ken McMillan from Sechelt, BC, Canada",CC BY 2.0,https://creativecommons.org/licenses/by/2.0,True,False,Looking north up Malaspina Strait
provincial-francis-point-park,Francis Point Park,wikimedia_commons,Francis Point Park 5 (13196348214).jpg,https://commons.wikimedia.org/wiki/File:Francis_Point_Park_5_(13196348214).jpg,https://upload.wikimedia.org/wikipedia/commons/e/e0/Francis_Point_Park_5_%2813196348214%29.jpg?utm_source=commons.wikimedia.org&utm_campaign=imageinfo&utm_content=original,https://thumb.wikimedia.org/wikipedia/commons/thumb/e/e0/Francis_Point_Park_5_%2813196348214%29.jpg/960px-Francis_Point_Park_5_%2813196348214%29.jpg?utm_source=commons.wikimedia.org&utm_campaign=imageinfo&utm_content=thumbnail,"Ken McMillan from Sechelt, BC, Canada",CC BY 2.0,https://creativecommons.org/licenses/by/2.0,True,False,Lichen
provincial-francis-point-park,Francis Point Park,wikimedia_commons,Francis Point Park 14 (13196039625).jpg,https://commons.wikimedia.org/wiki/File:Francis_Point_Park_14_(13196039625).jpg,https://upload.wikimedia.org/wikipedia/commons/1/12/Francis_Point_Park_14_%2813196039625%29.jpg?utm_source=commons.wikimedia.org&utm_campaign=imageinfo&utm_content=original,https://thumb.wikimedia.org/wikipedia/commons/thumb/1/12/Francis_Point_Park_14_%2813196039625%29.jpg/960px-Francis_Point_Park_14_%2813196039625%29.jpg?utm_source=commons.wikimedia.org&utm_campaign=imageinfo&utm_content=thumbnail,"Ken McMillan from Sechelt, BC, Canada",CC BY 2.0,https://creativecommons.org/licenses/by/2.0,True,False,Textures created by tree damage
provincial-great-glacier-park,Great Glacier Park,wikimedia_commons,Terminus of Great Glacier.jpg,https://commons.wikimedia.org/wiki/File:Terminus_of_Great_Glacier.jpg,https://upload.wikimedia.org/wikipedia/commons/a/a9/Terminus_of_Great_Glacier.jpg?utm_source=commons.wikimedia.org&utm_campaign=imageinfo&utm_content=original,https://thumb.wikimedia.org/wikipedia/commons/thumb/a/a9/Terminus_of_Great_Glacier.jpg/960px-Terminus_of_Great_Glacier.jpg?utm_source=commons.wikimedia.org&utm_campaign=imageinfo&utm_content=thumbnail,TreeChannel,CC0,http://creativecommons.org/publicdomain/zero/1.0/deed.en,True,True,"Commons coordinates: 56.809430, -131.801420; Great Glacier, as seen from across the lake in Great Glacier Provincial Park in British Columbia, Canada, with tops of floating icebergs are visible in the foreground."
provincial-harmony-islands-marine-park,Harmony Islands Marine Park,wikimedia_commons,Harmony Islands.jpg,https://commons.wikimedia.org/wiki/File:Harmony_Islands.jpg,https://upload.wikimedia.org/wikipedia/commons/6/6d/Harmony_Islands.jpg?utm_source=commons.wikimedia.org&utm_campaign=imageinfo&utm_content=original,https://thumb.wikimedia.org/wikipedia/commons/thumb/6/6d/Harmony_Islands.jpg/960px-Harmony_Islands.jpg?utm_source=commons.wikimedia.org&utm_campaign=imageinfo&utm_content=thumbnail,Laurie MacBride,CC BY-SA 4.0,https://creativecommons.org/licenses/by-sa/4.0,False,True,"Harmony Islands Marine Provincial Park in Hotham Sound, British Columbia"
provincial-harry-lake-aspen-park,Harry Lake Aspen Park,openverse,"Lixus rubellus, Harry Lake Aspen Provincial Park, Thompson-Nicola, BC, Canada imported from iNaturalist photo 337704892",https://commons.wikimedia.org/w/index.php?curid=173110739,https://upload.wikimedia.org/wikipedia/commons/b/b4/Lixus_rubellus%2C_Harry_Lake_Aspen_Provincial_Park%2C_Thompson-Nicola%2C_BC%2C_Canada_imported_from_iNaturalist_photo_337704892.jpg,https://api.openverse.org/v1/images/5d66d4d9-d4f0-4e61-8bf7-845ade59d9aa/thumb/,"(c) Aiva Noringseth, some rights reserved (CC BY)",CC BY 4.0,https://creativecommons.org/licenses/by/4.0/,False,True,
provincial-homathko-estuary-park,Homathko Estuary Park,wikimedia_commons,Homathko River Estuary (50337603711).jpg,https://commons.wikimedia.org/wiki/File:Homathko_River_Estuary_(50337603711).jpg,https://upload.wikimedia.org/wikipedia/commons/5/54/Homathko_River_Estuary_%2850337603711%29.jpg?utm_source=commons.wikimedia.org&utm_campaign=imageinfo&utm_content=original,https://thumb.wikimedia.org/wikipedia/commons/thumb/5/54/Homathko_River_Estuary_%2850337603711%29.jpg/960px-Homathko_River_Estuary_%2850337603711%29.jpg?utm_source=commons.wikimedia.org&utm_campaign=imageinfo&utm_content=thumbnail,"David Stanley from Nanaimo, Canada",CC BY 2.0,https://creativecommons.org/licenses/by/2.0,False,True,"Commons coordinates: 50.905869, -124.839835; The Homathko River Estuary on Waddington Harbour at the north end of Bute Inlet is surrounded by some of the highest mountains in coastal British Columbia, Canada."
provincial-kalamalka-lake-park,Kalamalka Lake Park,openverse,Scenery around Rattlesnake Point - Kalamalka Lake Provincial Park - Vernon - BC - Canada - 09,https://www.flickr.com/photos/41000732@N04/29824522981,https://live.staticflickr.com/8530/29824522981_cdf2147157_b.jpg,https://api.openverse.org/v1/images/14b6ca29-9201-46f7-b4b9-370e59a443f0/thumb/,"Adam Jones, Ph.D. - Global Photo Archive",CC BY-SA 2.0,https://creativecommons.org/licenses/by-sa/2.0/,False,True,
provincial-kalamalka-lake-park,Kalamalka Lake Park,openverse,"Lichen - Parmelia sulcata, Kalamalka Lake Provincial Park, Coldstream, British Columbia",https://www.flickr.com/photos/52450054@N04/48895969466,https://live.staticflickr.com/65535/48895969466_f9ccfd4b72_b.jpg,https://api.openverse.org/v1/images/56cbfd1a-b828-429a-a1f1-99ad7ed7e15a/thumb/,Judy Gallagher,CC BY 2.0,https://creativecommons.org/licenses/by/2.0/,False,True,
provincial-kalamalka-lake-park,Kalamalka Lake Park,openverse,Woman (Heather Kulak) Holds Pine Cones - Point - Kalamalka Lake Provincial Park - Vernon - BC - Canada,https://www.flickr.com/photos/41000732@N04/29872708896,https://live.staticflickr.com/8004/29872708896_c388141b62_b.jpg,https://api.openverse.org/v1/images/743ddc34-067c-41c5-8d74-8332d7c0d963/thumb/,"Adam Jones, Ph.D. - Global Photo Archive",CC BY-SA 2.0,https://creativecommons.org/licenses/by-sa/2.0/,False,True,
provincial-kalamalka-lake-park,Kalamalka Lake Park,openverse,"Autumn leaves, Kalamalka Lake Provincial Park, Coldstream, British Columbia",https://www.flickr.com/photos/52450054@N04/43358728830,https://live.staticflickr.com/1912/43358728830_6dc23c51b3_b.jpg,https://api.openverse.org/v1/images/c224b9db-d65c-4802-a4f2-33a33789096e/thumb/,Judy Gallagher,CC BY 2.0,https://creativecommons.org/licenses/by/2.0/,False,True,
provincial-kalamalka-lake-park,Kalamalka Lake Park,wikimedia_commons,Kalamalka Lake.jpg,https://commons.wikimedia.org/wiki/File:Kalamalka_Lake.jpg,https://upload.wikimedia.org/wikipedia/commons/a/a6/Kalamalka_Lake.jpg?utm_source=commons.wikimedia.org&utm_campaign=imageinfo&utm_content=original,https://upload.wikimedia.org/wikipedia/commons/a/a6/Kalamalka_Lake.jpg?utm_source=commons.wikimedia.org&utm_campaign=imageinfo&utm_content=thumbnail_unscaled,LN? from Canada,CC BY 2.0,https://creativecommons.org/licenses/by/2.0,False,True,"Kalamalka Lake in British Columbia- not a great shot, but the colour is amazing"
provincial-kalamalka-lake-park,Kalamalka Lake Park,wikimedia_commons,Deer At Kalamalka Lake (207507925).jpeg,https://commons.wikimedia.org/wiki/File:Deer_At_Kalamalka_Lake_(207507925).jpeg,https://upload.wikimedia.org/wikipedia/commons/5/5d/Deer_At_Kalamalka_Lake_%28207507925%29.jpeg?utm_source=commons.wikimedia.org&utm_campaign=imageinfo&utm_content=original,https://thumb.wikimedia.org/wikipedia/commons/thumb/5/5d/Deer_At_Kalamalka_Lake_%28207507925%29.jpeg/960px-Deer_At_Kalamalka_Lake_%28207507925%29.jpeg?utm_source=commons.wikimedia.org&utm_campaign=imageinfo&utm_content=thumbnail,Kay Röllig,CC BY 3.0,https://creativecommons.org/licenses/by/3.0,True,True,"Commons coordinates: 50.202505, -119.282597; 500px provided description: Summer 2016 in Vernon [#wildlife ,#deer ,#wild ,#wilderness ,#tiere ,#wild animal ,#Canada ,#Vernon ,#British columbia ,#Reh ,#Kanada ,#Kala ,#kalamalka lake]"
provincial-kalamalka-lake-park,Kalamalka Lake Park,wikimedia_commons,2019-06 Kalamalka Lake Provincial Park (10) Blume.jpg,https://commons.wikimedia.org/wiki/File:2019-06_Kalamalka_Lake_Provincial_Park_(10)_Blume.jpg,https://upload.wikimedia.org/wikipedia/commons/e/e7/2019-06_Kalamalka_Lake_Provincial_Park_%2810%29_Blume.jpg?utm_source=commons.wikimedia.org&utm_campaign=imageinfo&utm_content=original,https://thumb.wikimedia.org/wikipedia/commons/thumb/e/e7/2019-06_Kalamalka_Lake_Provincial_Park_%2810%29_Blume.jpg/960px-2019-06_Kalamalka_Lake_Provincial_Park_%2810%29_Blume.jpg?utm_source=commons.wikimedia.org&utm_campaign=imageinfo&utm_content=thumbnail,Ralf Lotys (Sicherlich),CC BY 4.0,https://creativecommons.org/licenses/by/4.0,True,True,"Kalamalka Lake Provincial Park in British Columbia, Kanada."
provincial-kalamalka-lake-park,Kalamalka Lake Park,wikimedia_commons,2019-06 Kalamalka Lake Provincial Park (17) Nistkasten.jpg,https://commons.wikimedia.org/wiki/File:2019-06_Kalamalka_Lake_Provincial_Park_(17)_Nistkasten.jpg,https://upload.wikimedia.org/wikipedia/commons/4/4c/2019-06_Kalamalka_Lake_Provincial_Park_%2817%29_Nistkasten.jpg?utm_source=commons.wikimedia.org&utm_campaign=imageinfo&utm_content=original,https://thumb.wikimedia.org/wikipedia/commons/thumb/4/4c/2019-06_Kalamalka_Lake_Provincial_Park_%2817%29_Nistkasten.jpg/960px-2019-06_Kalamalka_Lake_Provincial_Park_%2817%29_Nistkasten.jpg?utm_source=commons.wikimedia.org&utm_campaign=imageinfo&utm_content=thumbnail,Ralf Lotys (Sicherlich),CC BY 4.0,https://creativecommons.org/licenses/by/4.0,True,True,"Kalamalka Lake Provincial Park in British Columbia, Kanada."
provincial-kalamalka-lake-park,Kalamalka Lake Park,wikimedia_commons,2019-06 Kalamalka Lake Provincial Park (18) Maultierhirsch.jpg,https://commons.wikimedia.org/wiki/File:2019-06_Kalamalka_Lake_Provincial_Park_(18)_Maultierhirsch.jpg,https://upload.wikimedia.org/wikipedia/commons/8/8d/2019-06_Kalamalka_Lake_Provincial_Park_%2818%29_Maultierhirsch.jpg?utm_source=commons.wikimedia.org&utm_campaign=imageinfo&utm_content=original,https://thumb.wikimedia.org/wikipedia/commons/thumb/8/8d/2019-06_Kalamalka_Lake_Provincial_Park_%2818%29_Maultierhirsch.jpg/960px-2019-06_Kalamalka_Lake_Provincial_Park_%2818%29_Maultierhirsch.jpg?utm_source=commons.wikimedia.org&utm_campaign=imageinfo&utm_content=thumbnail,Ralf Lotys (Sicherlich),CC BY 4.0,https://creativecommons.org/licenses/by/4.0,True,True,"Kalamalka Lake Provincial Park in British Columbia, Kanada."
provincial-kentucky-alleyne-park,Kentucky-Alleyne Park,openverse,"Kentucky Alleyne Provincial Park, Quilchena, BC",http://www.flickr.com/photos/47022937@N03/48663606967,https://live.staticflickr.com/65535/48663606967_7a21af63dd_b.jpg,https://api.openverse.org/v1/images/3bf6e2bc-b3c9-4b74-bc52-f594cb311d75/thumb/,GoToVan,CC BY 2.0,https://creativecommons.org/licenses/by/2.0/,False,True,
provincial-kentucky-alleyne-park,Kentucky-Alleyne Park,openverse,"Kentucky Alleyne Provincial Park, Quilchena, BC",http://www.flickr.com/photos/47022937@N03/48663102688,https://live.staticflickr.com/65535/48663102688_78f6917ea2_b.jpg,https://api.openverse.org/v1/images/7f0ae54e-67c7-4bd5-83f6-8f6b48e4743b/thumb/,GoToVan,CC BY 2.0,https://creativecommons.org/licenses/by/2.0/,False,True,
provincial-kentucky-alleyne-park,Kentucky-Alleyne Park,openverse,"Kentucky Alleyne Provincial Park, Quilchena, BC",http://www.flickr.com/photos/47022937@N03/48663605582,https://live.staticflickr.com/65535/48663605582_d998ddbbb0_b.jpg,https://api.openverse.org/v1/images/ead86e20-f251-41cb-a094-8201fc269998/thumb/,GoToVan,CC BY 2.0,https://creativecommons.org/licenses/by/2.0/,False,True,
provincial-kentucky-alleyne-park,Kentucky-Alleyne Park,wikimedia_commons,Kentucky-Alleyne Park - panoramio.jpg,https://commons.wikimedia.org/wiki/File:Kentucky-Alleyne_Park_-_panoramio.jpg,https://upload.wikimedia.org/wikipedia/commons/3/33/Kentucky-Alleyne_Park_-_panoramio.jpg?utm_source=commons.wikimedia.org&utm_campaign=imageinfo&utm_content=original,https://thumb.wikimedia.org/wikipedia/commons/thumb/3/33/Kentucky-Alleyne_Park_-_panoramio.jpg/960px-Kentucky-Alleyne_Park_-_panoramio.jpg?utm_source=commons.wikimedia.org&utm_campaign=imageinfo&utm_content=thumbnail,ChrisStubbs,CC BY-SA 3.0,https://creativecommons.org/licenses/by-sa/3.0,True,False,"Commons coordinates: 49.914314, -120.564651; Kentucky-Alleyne Park"
provincial-kentucky-alleyne-park,Kentucky-Alleyne Park,wikimedia_commons,"Kentucky Alleyne Provincial Park, Quilchena, BC (48663607652).jpg","https://commons.wikimedia.org/wiki/File:Kentucky_Alleyne_Provincial_Park,_Quilchena,_BC_(48663607652).jpg",https://upload.wikimedia.org/wikipedia/commons/4/48/Kentucky_Alleyne_Provincial_Park%2C_Quilchena%2C_BC_%2848663607652%29.jpg?utm_source=commons.wikimedia.org&utm_campaign=imageinfo&utm_content=original,https://thumb.wikimedia.org/wikipedia/commons/thumb/4/48/Kentucky_Alleyne_Provincial_Park%2C_Quilchena%2C_BC_%2848663607652%29.jpg/960px-Kentucky_Alleyne_Provincial_Park%2C_Quilchena%2C_BC_%2848663607652%29.jpg?utm_source=commons.wikimedia.org&utm_campaign=imageinfo&utm_content=thumbnail,"GoToVan from Vancouver, Canada",CC BY 2.0,https://creativecommons.org/licenses/by/2.0,False,True,"Kentucky Alleyne Provincial Park

<a href=""https://www.env.gov.bc.ca/bcparks/explore/parkpgs/kentucky_alleyne/"" rel=""noreferrer nofollow"">www.env.gov.bc.ca/bcparks/explore/parkpgs/kentucky_alleyne/</a>"
provincial-kentucky-alleyne-park,Kentucky-Alleyne Park,wikimedia_commons,"Kentucky Alleyne Provincial Park, Quilchena, BC (48663458731).jpg","https://commons.wikimedia.org/wiki/File:Kentucky_Alleyne_Provincial_Park,_Quilchena,_BC_(48663458731).jpg",https://upload.wikimedia.org/wikipedia/commons/f/ff/Kentucky_Alleyne_Provincial_Park%2C_Quilchena%2C_BC_%2848663458731%29.jpg?utm_source=commons.wikimedia.org&utm_campaign=imageinfo&utm_content=original,https://thumb.wikimedia.org/wikipedia/commons/thumb/f/ff/Kentucky_Alleyne_Provincial_Park%2C_Quilchena%2C_BC_%2848663458731%29.jpg/960px-Kentucky_Alleyne_Provincial_Park%2C_Quilchena%2C_BC_%2848663458731%29.jpg?utm_source=commons.wikimedia.org&utm_campaign=imageinfo&utm_content=thumbnail,"GoToVan from Vancouver, Canada",CC BY 2.0,https://creativecommons.org/licenses/by/2.0,False,True,"Kentucky Alleyne Provincial Park

<a href=""https://www.env.gov.bc.ca/bcparks/explore/parkpgs/kentucky_alleyne/"" rel=""noreferrer nofollow"">www.env.gov.bc.ca/bcparks/explore/parkpgs/kentucky_alleyne/</a>"
provincial-kentucky-alleyne-park,Kentucky-Alleyne Park,wikimedia_commons,"Kentucky Alleyne Provincial Park, Quilchena, BC (48663104778).jpg","https://commons.wikimedia.org/wiki/File:Kentucky_Alleyne_Provincial_Park,_Quilchena,_BC_(48663104778).jpg",https://upload.wikimedia.org/wikipedia/commons/0/0a/Kentucky_Alleyne_Provincial_Park%2C_Quilchena%2C_BC_%2848663104778%29.jpg?utm_source=commons.wikimedia.org&utm_campaign=imageinfo&utm_content=original,https://thumb.wikimedia.org/wikipedia/commons/thumb/0/0a/Kentucky_Alleyne_Provincial_Park%2C_Quilchena%2C_BC_%2848663104778%29.jpg/960px-Kentucky_Alleyne_Provincial_Park%2C_Quilchena%2C_BC_%2848663104778%29.jpg?utm_source=commons.wikimedia.org&utm_campaign=imageinfo&utm_content=thumbnail,"GoToVan from Vancouver, Canada",CC BY 2.0,https://creativecommons.org/licenses/by/2.0,False,True,"Kentucky Alleyne Provincial Park

<a href=""http://www.env.gov.bc.ca/bcparks/explore/parkpgs/kentucky_alleyne/"" rel=""noreferrer nofollow"">www.env.gov.bc.ca/bcparks/explore/parkpgs/kentucky_alleyne/</a>"
provincial-kentucky-alleyne-park,Kentucky-Alleyne Park,wikimedia_commons,"Kentucky Alleyne Provincial Park, Quilchena, BC (48663607782).jpg","https://commons.wikimedia.org/wiki/File:Kentucky_Alleyne_Provincial_Park,_Quilchena,_BC_(48663607782).jpg",https://upload.wikimedia.org/wikipedia/commons/a/ac/Kentucky_Alleyne_Provincial_Park%2C_Quilchena%2C_BC_%2848663607782%29.jpg?utm_source=commons.wikimedia.org&utm_campaign=imageinfo&utm_content=original,https://thumb.wikimedia.org/wikipedia/commons/thumb/a/ac/Kentucky_Alleyne_Provincial_Park%2C_Quilchena%2C_BC_%2848663607782%29.jpg/960px-Kentucky_Alleyne_Provincial_Park%2C_Quilchena%2C_BC_%2848663607782%29.jpg?utm_source=commons.wikimedia.org&utm_campaign=imageinfo&utm_content=thumbnail,"GoToVan from Vancouver, Canada",CC BY 2.0,https://creativecommons.org/licenses/by/2.0,False,True,"Kentucky Alleyne Provincial Park

<a href=""http://www.env.gov.bc.ca/bcparks/explore/parkpgs/kentucky_alleyne/"" rel=""noreferrer nofollow"">www.env.gov.bc.ca/bcparks/explore/parkpgs/kentucky_alleyne/</a>"
provincial-khutzeymateen-park,Khutzeymateen Park,wikimedia_commons,Khutzeymateen Inlet.jpg,https://commons.wikimedia.org/wiki/File:Khutzeymateen_Inlet.jpg,https://upload.wikimedia.org/wikipedia/commons/0/06/Khutzeymateen_Inlet.jpg?utm_source=commons.wikimedia.org&utm_campaign=imageinfo&utm_content=original,https://thumb.wikimedia.org/wikipedia/commons/thumb/0/06/Khutzeymateen_Inlet.jpg/960px-Khutzeymateen_Inlet.jpg?utm_source=commons.wikimedia.org&utm_campaign=imageinfo&utm_content=thumbnail,Alan Vernon,CC BY 2.0,https://creativecommons.org/licenses/by/2.0,False,True,"Looking Westward to the Pacific Ocean

The inlet is adjacent to Khutzeymateen/K’tzim-a-deen Grizzly Bear Sanctuary (44,300 hectares) and protects important grizzly bear habitat. Khutzeymateen Inlet contains a number of locally important salmon bearing streams, key intertidal areas and areas of First Nations traditional use. The Khutzeymateen is historically associated with the Gitsi’is Tribe and associated with Lax Kw’alaams and Metlakatla First Nations (collectively Coast Tsimshian). Khutzeymateen Inlet Conservancy. BC Parks. Government of British Columbia. Retrieved on 6 November 2025."
provincial-kiskatinaw-park,Kiskatinaw Park,wikimedia_commons,"Kiskatinaw, British Columbia.jpg","https://commons.wikimedia.org/wiki/File:Kiskatinaw,_British_Columbia.jpg",https://upload.wikimedia.org/wikipedia/commons/3/31/Kiskatinaw%2C_British_Columbia.jpg?utm_source=commons.wikimedia.org&utm_campaign=imageinfo&utm_content=original,https://thumb.wikimedia.org/wikipedia/commons/thumb/3/31/Kiskatinaw%2C_British_Columbia.jpg/960px-Kiskatinaw%2C_British_Columbia.jpg?utm_source=commons.wikimedia.org&utm_campaign=imageinfo&utm_content=thumbnail,jmmcbeth,CC BY 2.0,https://creativecommons.org/licenses/by/2.0,False,True,"View to the historic wooden bridge crossing of the Kiskatinaw, on the original Alaska Highway Route. A very special spot!"
provincial-kiskatinaw-park,Kiskatinaw Park,wikimedia_commons,"Kiskatinaw River Canyon, British Columbia.jpg","https://commons.wikimedia.org/wiki/File:Kiskatinaw_River_Canyon,_British_Columbia.jpg",https://upload.wikimedia.org/wikipedia/commons/9/91/Kiskatinaw_River_Canyon%2C_British_Columbia.jpg?utm_source=commons.wikimedia.org&utm_campaign=imageinfo&utm_content=original,https://thumb.wikimedia.org/wikipedia/commons/thumb/9/91/Kiskatinaw_River_Canyon%2C_British_Columbia.jpg/960px-Kiskatinaw_River_Canyon%2C_British_Columbia.jpg?utm_source=commons.wikimedia.org&utm_campaign=imageinfo&utm_content=thumbnail,Jason Woodhead,CC BY 2.0,https://creativecommons.org/licenses/by/2.0,False,True,"Kiskatinaw River Canyon, British Columbia"
provincial-kiskatinaw-park,Kiskatinaw Park,wikimedia_commons,"Kiskatinaw River Valley, British Columbia.jpg","https://commons.wikimedia.org/wiki/File:Kiskatinaw_River_Valley,_British_Columbia.jpg",https://upload.wikimedia.org/wikipedia/commons/5/55/Kiskatinaw_River_Valley%2C_British_Columbia.jpg?utm_source=commons.wikimedia.org&utm_campaign=imageinfo&utm_content=original,https://thumb.wikimedia.org/wikipedia/commons/thumb/5/55/Kiskatinaw_River_Valley%2C_British_Columbia.jpg/960px-Kiskatinaw_River_Valley%2C_British_Columbia.jpg?utm_source=commons.wikimedia.org&utm_campaign=imageinfo&utm_content=thumbnail,Jason Woodhead,CC BY 2.0,https://creativecommons.org/licenses/by/2.0,False,True,"Kiskatinaw River Valley, British Columbia"
provincial-kiskatinaw-park,Kiskatinaw Park,wikimedia_commons,Kiskatinaw River broad valley.jpg,https://commons.wikimedia.org/wiki/File:Kiskatinaw_River_broad_valley.jpg,https://upload.wikimedia.org/wikipedia/commons/4/4c/Kiskatinaw_River_broad_valley.jpg?utm_source=commons.wikimedia.org&utm_campaign=imageinfo&utm_content=original,https://thumb.wikimedia.org/wikipedia/commons/thumb/4/4c/Kiskatinaw_River_broad_valley.jpg/960px-Kiskatinaw_River_broad_valley.jpg?utm_source=commons.wikimedia.org&utm_campaign=imageinfo&utm_content=thumbnail,kcxd,CC BY 2.0,https://creativecommons.org/licenses/by/2.0,True,False,Kiskatinaw Provincial Park
provincial-kitson-island-marine-park,Kitson Island Marine Park,wikimedia_commons,"Kitson Islet, Kitson Island Marine Provincial Park.jpg","https://commons.wikimedia.org/wiki/File:Kitson_Islet,_Kitson_Island_Marine_Provincial_Park.jpg",https://upload.wikimedia.org/wikipedia/commons/4/47/Kitson_Islet%2C_Kitson_Island_Marine_Provincial_Park.jpg?utm_source=commons.wikimedia.org&utm_campaign=imageinfo&utm_content=original,https://thumb.wikimedia.org/wikipedia/commons/thumb/4/47/Kitson_Islet%2C_Kitson_Island_Marine_Provincial_Park.jpg/960px-Kitson_Islet%2C_Kitson_Island_Marine_Provincial_Park.jpg?utm_source=commons.wikimedia.org&utm_campaign=imageinfo&utm_content=thumbnail,WindBorneListener,CC0,http://creativecommons.org/publicdomain/zero/1.0/deed.en,True,True,"Kitson Islet, Kitson Island Marine Provincial Park, British Columbia"
provincial-kitson-island-marine-park,Kitson Island Marine Park,wikimedia_commons,Kitson Island Marine Provincial Park from the southwest.webp,https://commons.wikimedia.org/wiki/File:Kitson_Island_Marine_Provincial_Park_from_the_southwest.webp,https://upload.wikimedia.org/wikipedia/commons/e/e3/Kitson_Island_Marine_Provincial_Park_from_the_southwest.webp?utm_source=commons.wikimedia.org&utm_campaign=imageinfo&utm_content=original,https://thumb.wikimedia.org/wikipedia/commons/thumb/e/e3/Kitson_Island_Marine_Provincial_Park_from_the_southwest.webp/960px-Kitson_Island_Marine_Provincial_Park_from_the_southwest.webp?utm_source=commons.wikimedia.org&utm_campaign=imageinfo&utm_content=thumbnail,Extemporalist,CC0,http://creativecommons.org/publicdomain/zero/1.0/deed.en,False,True,"Kitson Island Marine Provincial Park, British Columbia, Canada, from the southwest"
provincial-kitsumkalum-park,Kitsumkalum Park,wikimedia_commons,Meneghinite (47911616451).jpg,https://commons.wikimedia.org/wiki/File:Meneghinite_(47911616451).jpg,https://upload.wikimedia.org/wikipedia/commons/a/a0/Meneghinite_%2847911616451%29.jpg?utm_source=commons.wikimedia.org&utm_campaign=imageinfo&utm_content=original,https://thumb.wikimedia.org/wikipedia/commons/thumb/a/a0/Meneghinite_%2847911616451%29.jpg/960px-Meneghinite_%2847911616451%29.jpg?utm_source=commons.wikimedia.org&utm_campaign=imageinfo&utm_content=thumbnail,Pacific Museum of Earth from Canada,CC BY-SA 2.0,https://creativecommons.org/licenses/by-sa/2.0,False,True,"Commons coordinates: 54.708197, -128.777800; Kitsumkalum River
British Columbia, Canada

S-74-1901"
provincial-kleanza-creek-park,Kleanza Creek Park,wikimedia_commons,Cascades in Kleanza Creek Provincial Park.png,https://commons.wikimedia.org/wiki/File:Cascades_in_Kleanza_Creek_Provincial_Park.png,https://upload.wikimedia.org/wikipedia/commons/a/ab/Cascades_in_Kleanza_Creek_Provincial_Park.png?utm_source=commons.wikimedia.org&utm_campaign=imageinfo&utm_content=original,https://thumb.wikimedia.org/wikipedia/commons/thumb/a/ab/Cascades_in_Kleanza_Creek_Provincial_Park.png/960px-Cascades_in_Kleanza_Creek_Provincial_Park.png?utm_source=commons.wikimedia.org&utm_campaign=imageinfo&utm_content=thumbnail,Extemporalist,CC0,http://creativecommons.org/publicdomain/zero/1.0/deed.en,False,True,"Cascades in Kleanza Creek Provincial Park, British Columbia, Canada"
provincial-klewnuggit-inlet-marine-park,Klewnuggit Inlet Marine Park,wikimedia_commons,Klewnuggit Inlet Marine Park.webp,https://commons.wikimedia.org/wiki/File:Klewnuggit_Inlet_Marine_Park.webp,https://upload.wikimedia.org/wikipedia/commons/a/a6/Klewnuggit_Inlet_Marine_Park.webp?utm_source=commons.wikimedia.org&utm_campaign=imageinfo&utm_content=original,https://thumb.wikimedia.org/wikipedia/commons/thumb/a/a6/Klewnuggit_Inlet_Marine_Park.webp/960px-Klewnuggit_Inlet_Marine_Park.webp?utm_source=commons.wikimedia.org&utm_campaign=imageinfo&utm_content=thumbnail,Extemporalist,CC0,http://creativecommons.org/publicdomain/zero/1.0/deed.en,False,True,"Klewnuggit Inlet Marine Park, British Columbia, Canada"
provincial-klewnuggit-inlet-marine-park,Klewnuggit Inlet Marine Park,wikimedia_commons,Flock of Barrow's goldeneyes foraging in Klewnuggit Inlet Marine Provincial Park.jpg,https://commons.wikimedia.org/wiki/File:Flock_of_Barrow%27s_goldeneyes_foraging_in_Klewnuggit_Inlet_Marine_Provincial_Park.jpg,https://upload.wikimedia.org/wikipedia/commons/8/83/Flock_of_Barrow%27s_goldeneyes_foraging_in_Klewnuggit_Inlet_Marine_Provincial_Park.jpg?utm_source=commons.wikimedia.org&utm_campaign=imageinfo&utm_content=original,https://thumb.wikimedia.org/wikipedia/commons/thumb/8/83/Flock_of_Barrow%27s_goldeneyes_foraging_in_Klewnuggit_Inlet_Marine_Provincial_Park.jpg/960px-Flock_of_Barrow%27s_goldeneyes_foraging_in_Klewnuggit_Inlet_Marine_Provincial_Park.jpg?utm_source=commons.wikimedia.org&utm_campaign=imageinfo&utm_content=thumbnail,Extemporalist,CC0,http://creativecommons.org/publicdomain/zero/1.0/deed.en,False,True,"Flock of Barrow's goldeneyes (Bucephala islandica) foraging in Klewnuggit Inlet Marine Provincial Park, British Columbia, Canada"
provincial-klewnuggit-inlet-marine-park,Klewnuggit Inlet Marine Park,wikimedia_commons,Curious Harbour Seals in Klewnuggit Inlet Marine Provincial Park.webp,https://commons.wikimedia.org/wiki/File:Curious_Harbour_Seals_in_Klewnuggit_Inlet_Marine_Provincial_Park.webp,https://upload.wikimedia.org/wikipedia/commons/a/ae/Curious_Harbour_Seals_in_Klewnuggit_Inlet_Marine_Provincial_Park.webp?utm_source=commons.wikimedia.org&utm_campaign=imageinfo&utm_content=original,https://thumb.wikimedia.org/wikipedia/commons/thumb/a/ae/Curious_Harbour_Seals_in_Klewnuggit_Inlet_Marine_Provincial_Park.webp/960px-Curious_Harbour_Seals_in_Klewnuggit_Inlet_Marine_Provincial_Park.webp?utm_source=commons.wikimedia.org&utm_campaign=imageinfo&utm_content=thumbnail,Extemporalist,CC0,http://creativecommons.org/publicdomain/zero/1.0/deed.en,False,True,"Curious Harbour Seals (Phoca vitulina) in Klewnuggit Inlet Marine Provincial Park, British Columbia, Canada"
provincial-kokanee-creek-park,Kokanee Creek Park,openverse,British Columbia-Kokanee Creek Provincial Park Near Nelson-P1040916,https://www.flickr.com/photos/12720221@N08/36072712373,https://live.staticflickr.com/4425/36072712373_246dc7bb94_b.jpg,https://api.openverse.org/v1/images/658b6181-6307-45a9-98d1-eddfe182fa5f/thumb/,mmmmngai@rogers.com,CC BY-SA 2.0,https://creativecommons.org/licenses/by-sa/2.0/,False,True,
provincial-kokanee-creek-park,Kokanee Creek Park,openverse,British Columbia-Kokanee Creek Provincial Park Near Nelson-P1040914,https://www.flickr.com/photos/12720221@N08/36072712163,https://live.staticflickr.com/4431/36072712163_e4331d8ff7_b.jpg,https://api.openverse.org/v1/images/82d08793-f0e1-4999-8f12-1384ce16de30/thumb/,mmmmngai@rogers.com,CC BY-SA 2.0,https://creativecommons.org/licenses/by-sa/2.0/,False,True,
provincial-kokanee-creek-park,Kokanee Creek Park,wikimedia_commons,Argentite with Galena (46873075042).jpg,https://commons.wikimedia.org/wiki/File:Argentite_with_Galena_(46873075042).jpg,https://upload.wikimedia.org/wikipedia/commons/5/5f/Argentite_with_Galena_%2846873075042%29.jpg?utm_source=commons.wikimedia.org&utm_campaign=imageinfo&utm_content=original,https://thumb.wikimedia.org/wikipedia/commons/thumb/5/5f/Argentite_with_Galena_%2846873075042%29.jpg/960px-Argentite_with_Galena_%2846873075042%29.jpg?utm_source=commons.wikimedia.org&utm_campaign=imageinfo&utm_content=thumbnail,Pacific Museum of Earth from Canada,CC BY-SA 2.0,https://creativecommons.org/licenses/by-sa/2.0,True,True,"Mollie Gibson Mine, Kokanee Creek
British Columbia, Canada

S-74-198"
provincial-kokanee-creek-park,Kokanee Creek Park,wikimedia_commons,"Bald Eagle at Kokanee Creek Provincial Park, BC, Canada (54881286050).jpg","https://commons.wikimedia.org/wiki/File:Bald_Eagle_at_Kokanee_Creek_Provincial_Park,_BC,_Canada_(54881286050).jpg",https://upload.wikimedia.org/wikipedia/commons/3/3f/Bald_Eagle_at_Kokanee_Creek_Provincial_Park%2C_BC%2C_Canada_%2854881286050%29.jpg?utm_source=commons.wikimedia.org&utm_campaign=imageinfo&utm_content=original,https://thumb.wikimedia.org/wikipedia/commons/thumb/3/3f/Bald_Eagle_at_Kokanee_Creek_Provincial_Park%2C_BC%2C_Canada_%2854881286050%29.jpg/960px-Bald_Eagle_at_Kokanee_Creek_Provincial_Park%2C_BC%2C_Canada_%2854881286050%29.jpg?utm_source=commons.wikimedia.org&utm_campaign=imageinfo&utm_content=thumbnail,"Christoph Strässler from Oberdorf BL, Schweiz",CC BY-SA 4.0,https://creativecommons.org/licenses/by-sa/4.0,True,True,"Bald Eagle at Kokanee Creek Provincial Park, BC, Canada"
provincial-kokanee-glacier-park,Kokanee Glacier Park,openverse,Creek at Gibson Lake - Kokanee Glacier Provincial Park - Kootenays - BC - Canada - 01,https://www.flickr.com/photos/41000732@N04/50067793192,https://live.staticflickr.com/65535/50067793192_ee7a4ac2db_b.jpg,https://api.openverse.org/v1/images/2133a2f2-9a70-4522-8d8f-6ab8e05eb834/thumb/,"Adam Jones, Ph.D. - Global Photo Archive",CC BY 2.0,https://creativecommons.org/licenses/by/2.0/,False,True,
provincial-kokanee-glacier-park,Kokanee Glacier Park,openverse,Rainy Vista at Gibson Lake - Kokanee Glacier Provincial Park - Kootenays - BC - Canada - 02,https://www.flickr.com/photos/41000732@N04/50067791332,https://live.staticflickr.com/65535/50067791332_f2f5d507c5_b.jpg,https://api.openverse.org/v1/images/829fc526-d580-4948-8271-16505a4037d7/thumb/,"Adam Jones, Ph.D. - Global Photo Archive",CC BY 2.0,https://creativecommons.org/licenses/by/2.0/,False,True,
provincial-kokanee-glacier-park,Kokanee Glacier Park,openverse,Rainy Vista at Gibson Lake - Kokanee Glacier Provincial Park - Kootenays - BC - Canada - 03,https://www.flickr.com/photos/41000732@N04/50067531526,https://live.staticflickr.com/65535/50067531526_94fd301a65_b.jpg,https://api.openverse.org/v1/images/96aa7d2e-3543-4d2c-a717-2d5e0d26b77a/thumb/,"Adam Jones, Ph.D. - Global Photo Archive",CC BY 2.0,https://creativecommons.org/licenses/by/2.0/,False,True,
provincial-kokanee-glacier-park,Kokanee Glacier Park,openverse,Creek at Gibson Lake - Kokanee Glacier Provincial Park - Kootenays - BC - Canada - 02,https://www.flickr.com/photos/41000732@N04/50066980988,https://live.staticflickr.com/65535/50066980988_3bacfc4ecd_b.jpg,https://api.openverse.org/v1/images/d27564da-ae39-4041-9110-4b6068be3700/thumb/,"Adam Jones, Ph.D. - Global Photo Archive",CC BY 2.0,https://creativecommons.org/licenses/by/2.0/,False,True,
provincial-kokanee-glacier-park,Kokanee Glacier Park,openverse,Trail toward Glacier - Kokanee Glacier Provincial Park - Kootenays - BC - Canada,https://www.flickr.com/photos/41000732@N04/50067789952,https://live.staticflickr.com/65535/50067789952_ed206eb697_b.jpg,https://api.openverse.org/v1/images/de3ea4f7-a471-4219-8189-5712287df2dc/thumb/,"Adam Jones, Ph.D. - Global Photo Archive",CC BY 2.0,https://creativecommons.org/licenses/by/2.0/,False,True,
provincial-lac-la-hache-park,Lac La Hache Park,openverse,"Wagon train parked on verge by Cariboo Road near Lac La Hache, British Columbia",https://commons.wikimedia.org/w/index.php?curid=84758425,https://upload.wikimedia.org/wikipedia/commons/0/03/Wagon_train_parked_on_verge_by_Cariboo_Road_%2824026%29.jpg,https://api.openverse.org/v1/images/3af9970b-146c-4808-86c6-fa4d33bdd93f/thumb/,Harlan Ingersoll Smith,CC BY-SA 4.0,https://creativecommons.org/licenses/by-sa/4.0/,False,True,
provincial-lac-la-hache-park,Lac La Hache Park,wikimedia_commons,"Mosses, Lichens, and Grasses sparkle on the forest floor in Lac La Hache Provincial Park.png","https://commons.wikimedia.org/wiki/File:Mosses,_Lichens,_and_Grasses_sparkle_on_the_forest_floor_in_Lac_La_Hache_Provincial_Park.png",https://upload.wikimedia.org/wikipedia/commons/a/a2/Mosses%2C_Lichens%2C_and_Grasses_sparkle_on_the_forest_floor_in_Lac_La_Hache_Provincial_Park.png?utm_source=commons.wikimedia.org&utm_campaign=imageinfo&utm_content=original,https://thumb.wikimedia.org/wikipedia/commons/thumb/a/a2/Mosses%2C_Lichens%2C_and_Grasses_sparkle_on_the_forest_floor_in_Lac_La_Hache_Provincial_Park.png/960px-Mosses%2C_Lichens%2C_and_Grasses_sparkle_on_the_forest_floor_in_Lac_La_Hache_Provincial_Park.png?utm_source=commons.wikimedia.org&utm_campaign=imageinfo&utm_content=thumbnail,Extemporalist,CC0,http://creativecommons.org/publicdomain/zero/1.0/deed.en,False,True,"Mosses, Lichens, and Grasses sparkle on the forest floor in Lac La Hache Provincial Park, British Columbia, Canada"
provincial-lac-la-hache-park,Lac La Hache Park,wikimedia_commons,Prickley Rose fruiting in Lac La Hache Provincial Park.png,https://commons.wikimedia.org/wiki/File:Prickley_Rose_fruiting_in_Lac_La_Hache_Provincial_Park.png,https://upload.wikimedia.org/wikipedia/commons/f/f1/Prickley_Rose_fruiting_in_Lac_La_Hache_Provincial_Park.png?utm_source=commons.wikimedia.org&utm_campaign=imageinfo&utm_content=original,https://thumb.wikimedia.org/wikipedia/commons/thumb/f/f1/Prickley_Rose_fruiting_in_Lac_La_Hache_Provincial_Park.png/960px-Prickley_Rose_fruiting_in_Lac_La_Hache_Provincial_Park.png?utm_source=commons.wikimedia.org&utm_campaign=imageinfo&utm_content=thumbnail,Extemporalist,CC0,http://creativecommons.org/publicdomain/zero/1.0/deed.en,False,True,"Prickley Rose fruiting in Lac La Hache Provincial Park, British Columbia, Canada"
provincial-liard-river-hot-springs-park,Liard River Hot Springs Park,wikimedia_commons,The Naughty Squirrel.jpg,https://commons.wikimedia.org/wiki/File:The_Naughty_Squirrel.jpg,https://upload.wikimedia.org/wikipedia/commons/3/35/The_Naughty_Squirrel.jpg?utm_source=commons.wikimedia.org&utm_campaign=imageinfo&utm_content=original,https://thumb.wikimedia.org/wikipedia/commons/thumb/3/35/The_Naughty_Squirrel.jpg/960px-The_Naughty_Squirrel.jpg?utm_source=commons.wikimedia.org&utm_campaign=imageinfo&utm_content=thumbnail,Kamaalbir Singh,CC BY-SA 4.0,https://creativecommons.org/licenses/by-sa/4.0,False,True,"I caught this chipmunk posing funny near the most popular hot springs in British Columbia, the Liard River Hot Springs."
provincial-lockhart-beach-park,Lockhart Beach Park,wikimedia_commons,Lockhart Beach Provicial Park.jpg,https://commons.wikimedia.org/wiki/File:Lockhart_Beach_Provicial_Park.jpg,https://upload.wikimedia.org/wikipedia/commons/0/0b/Lockhart_Beach_Provicial_Park.jpg?utm_source=commons.wikimedia.org&utm_campaign=imageinfo&utm_content=original,https://thumb.wikimedia.org/wikipedia/commons/thumb/0/0b/Lockhart_Beach_Provicial_Park.jpg/960px-Lockhart_Beach_Provicial_Park.jpg?utm_source=commons.wikimedia.org&utm_campaign=imageinfo&utm_content=thumbnail,GabrielVelasquez,CC BY 3.0,https://creativecommons.org/licenses/by/3.0,False,True,"North facing shot of Kootney Lake at Lockhart Beach Provicial Park, British Columbia, Canada."
provincial-mabel-lake-park,Mabel Lake Park,openverse,"Candy Stripe Spider - Enogplognatha ovata, Mabel Lake Provincial Park, Lumby, British Columbia",https://www.flickr.com/photos/52450054@N04/43490511320,https://live.staticflickr.com/1901/43490511320_5fe01a7fdf_b.jpg,https://api.openverse.org/v1/images/9fc14aa2-5a80-4808-ae9c-b9b24ededea4/thumb/,Judy Gallagher,CC BY 2.0,https://creativecommons.org/licenses/by/2.0/,False,True,
provincial-mabel-lake-park,Mabel Lake Park,openverse,"Arachtober 15 #1 - Grass Spider - Agelenopsis potteri?, Mabel Lake Provincial Park, British Columbia",https://www.flickr.com/photos/52450054@N04/22006548738,https://live.staticflickr.com/5792/22006548738_e8ab1aec5b_b.jpg,https://api.openverse.org/v1/images/d912caff-f97a-4025-9951-6a160dc1b37e/thumb/,Judy Gallagher,CC BY 2.0,https://creativecommons.org/licenses/by/2.0/,False,True,
provincial-marble-range-park,Marble Range Park,wikimedia_commons,Penstemon procerus - Aiva Noringseth 01.jpg,https://commons.wikimedia.org/wiki/File:Penstemon_procerus_-_Aiva_Noringseth_01.jpg,https://upload.wikimedia.org/wikipedia/commons/3/35/Penstemon_procerus_-_Aiva_Noringseth_01.jpg?utm_source=commons.wikimedia.org&utm_campaign=imageinfo&utm_content=original,https://thumb.wikimedia.org/wikipedia/commons/thumb/3/35/Penstemon_procerus_-_Aiva_Noringseth_01.jpg/960px-Penstemon_procerus_-_Aiva_Noringseth_01.jpg?utm_source=commons.wikimedia.org&utm_campaign=imageinfo&utm_content=thumbnail,Aiva Noringseth https://www.inaturalist.org/people/aiva,CC BY 4.0,https://creativecommons.org/licenses/by/4.0,True,True,"Penstemon procerus blooming in Marble Range Provincial Park, British Columbia, Canada"
provincial-marble-range-park,Marble Range Park,wikimedia_commons,Penstemon procerus - Aiva Noringseth 02.jpg,https://commons.wikimedia.org/wiki/File:Penstemon_procerus_-_Aiva_Noringseth_02.jpg,https://upload.wikimedia.org/wikipedia/commons/a/ad/Penstemon_procerus_-_Aiva_Noringseth_02.jpg?utm_source=commons.wikimedia.org&utm_campaign=imageinfo&utm_content=original,https://thumb.wikimedia.org/wikipedia/commons/thumb/a/ad/Penstemon_procerus_-_Aiva_Noringseth_02.jpg/960px-Penstemon_procerus_-_Aiva_Noringseth_02.jpg?utm_source=commons.wikimedia.org&utm_campaign=imageinfo&utm_content=thumbnail,Aiva Noringseth https://www.inaturalist.org/people/aiva,CC BY 4.0,https://creativecommons.org/licenses/by/4.0,True,True,"Penstemon procerus blooming in Marble Range Provincial Park, British Columbia, Canada"
provincial-marble-range-park,Marble Range Park,wikimedia_commons,Astragalus robbinsii - Thompson Hyggen 01.jpg,https://commons.wikimedia.org/wiki/File:Astragalus_robbinsii_-_Thompson_Hyggen_01.jpg,https://upload.wikimedia.org/wikipedia/commons/3/33/Astragalus_robbinsii_-_Thompson_Hyggen_01.jpg?utm_source=commons.wikimedia.org&utm_campaign=imageinfo&utm_content=original,https://upload.wikimedia.org/wikipedia/commons/3/33/Astragalus_robbinsii_-_Thompson_Hyggen_01.jpg?utm_source=commons.wikimedia.org&utm_campaign=imageinfo&utm_content=thumbnail_unscaled,Thompson Hyggen https://www.inaturalist.org/people/thyg,CC0,http://creativecommons.org/publicdomain/zero/1.0/deed.en,True,True,"Astragalus robbinsii blooming in Marble Range Provincial Park, British Columbia, Canada"
provincial-mcconnell-lake-park,Mcconnell Lake Park,wikimedia_commons,McConnell Lake .jpg,https://commons.wikimedia.org/wiki/File:McConnell_Lake_.jpg,https://upload.wikimedia.org/wikipedia/commons/0/02/McConnell_Lake_.jpg?utm_source=commons.wikimedia.org&utm_campaign=imageinfo&utm_content=original,https://thumb.wikimedia.org/wikipedia/commons/thumb/0/02/McConnell_Lake_.jpg/960px-McConnell_Lake_.jpg?utm_source=commons.wikimedia.org&utm_campaign=imageinfo&utm_content=thumbnail,Koppertone,CC BY-SA 4.0,https://creativecommons.org/licenses/by-sa/4.0,True,False,"Commons coordinates: 50.522167, -120.454644; View of McConnell Lake in October within McConnell Lake Provincial Park"
provincial-momich-lakes-park,Momich Lakes Park,wikimedia_commons,Momich Lake east beach.jpg,https://commons.wikimedia.org/wiki/File:Momich_Lake_east_beach.jpg,https://upload.wikimedia.org/wikipedia/commons/f/f1/Momich_Lake_east_beach.jpg?utm_source=commons.wikimedia.org&utm_campaign=imageinfo&utm_content=original,https://thumb.wikimedia.org/wikipedia/commons/thumb/f/f1/Momich_Lake_east_beach.jpg/960px-Momich_Lake_east_beach.jpg?utm_source=commons.wikimedia.org&utm_campaign=imageinfo&utm_content=thumbnail,Rkwitkoski77,CC BY-SA 4.0,https://creativecommons.org/licenses/by-sa/4.0,True,False,"Commons coordinates: 51.330000, -119.330000; Momich Lakes Provincial Park, main Momich Lake east beach"
provincial-momich-lakes-park,Momich Lakes Park,wikimedia_commons,Momich Lake Cayenne Creek falls.jpg,https://commons.wikimedia.org/wiki/File:Momich_Lake_Cayenne_Creek_falls.jpg,https://upload.wikimedia.org/wikipedia/commons/b/b2/Momich_Lake_Cayenne_Creek_falls.jpg?utm_source=commons.wikimedia.org&utm_campaign=imageinfo&utm_content=original,https://thumb.wikimedia.org/wikipedia/commons/thumb/b/b2/Momich_Lake_Cayenne_Creek_falls.jpg/960px-Momich_Lake_Cayenne_Creek_falls.jpg?utm_source=commons.wikimedia.org&utm_campaign=imageinfo&utm_content=thumbnail,Rkwitkoski77,CC BY-SA 4.0,https://creativecommons.org/licenses/by-sa/4.0,True,False,"Momich Lakes Provincial Park, Cayenne Creek Falls"
provincial-monashee-park,Monashee Park,wikimedia_commons,Spectrum Lake.jpg,https://commons.wikimedia.org/wiki/File:Spectrum_Lake.jpg,https://upload.wikimedia.org/wikipedia/commons/1/16/Spectrum_Lake.jpg?utm_source=commons.wikimedia.org&utm_campaign=imageinfo&utm_content=original,https://thumb.wikimedia.org/wikipedia/commons/thumb/1/16/Spectrum_Lake.jpg/960px-Spectrum_Lake.jpg?utm_source=commons.wikimedia.org&utm_campaign=imageinfo&utm_content=thumbnail,Juventas,CC BY-SA 3.0,https://creativecommons.org/licenses/by-sa/3.0,False,True,"Spectrum Lake in Monashee Provincial Park, British Columbia, Canada.  Captured looking southward with the tip of Mount Fosthall in the distant background."
provincial-monte-lake-park,Monte Lake Park,wikimedia_commons,Scenery at Monte Lake - BC - Canada - 01 (16690769427) (2).jpg,https://commons.wikimedia.org/wiki/File:Scenery_at_Monte_Lake_-_BC_-_Canada_-_01_(16690769427)_(2).jpg,https://upload.wikimedia.org/wikipedia/commons/7/73/Scenery_at_Monte_Lake_-_BC_-_Canada_-_01_%2816690769427%29_%282%29.jpg?utm_source=commons.wikimedia.org&utm_campaign=imageinfo&utm_content=original,https://thumb.wikimedia.org/wikipedia/commons/thumb/7/73/Scenery_at_Monte_Lake_-_BC_-_Canada_-_01_%2816690769427%29_%282%29.jpg/960px-Scenery_at_Monte_Lake_-_BC_-_Canada_-_01_%2816690769427%29_%282%29.jpg?utm_source=commons.wikimedia.org&utm_campaign=imageinfo&utm_content=thumbnail,"Adam Jones from Kelowna, BC, Canada",CC BY-SA 2.0,https://creativecommons.org/licenses/by-sa/2.0,False,True,Scenery at Monte Lake - BC - Canada - 01
provincial-mount-assiniboine-park,Mount Assiniboine Park,wikimedia_commons,Mount Assiniboine Sunburst Lake.jpg,https://commons.wikimedia.org/wiki/File:Mount_Assiniboine_Sunburst_Lake.jpg,https://upload.wikimedia.org/wikipedia/commons/b/bd/Mount_Assiniboine_Sunburst_Lake.jpg?utm_source=commons.wikimedia.org&utm_campaign=imageinfo&utm_content=original,https://thumb.wikimedia.org/wikipedia/commons/thumb/b/bd/Mount_Assiniboine_Sunburst_Lake.jpg/960px-Mount_Assiniboine_Sunburst_Lake.jpg?utm_source=commons.wikimedia.org&utm_campaign=imageinfo&utm_content=thumbnail,Kurt Stegmüller,CC BY 3.0,https://creativecommons.org/licenses/by/3.0,True,False,"Commons coordinates: 50.910000, -115.645278; Mount Assiniboine with Sunburst Lake"
provincial-mount-assiniboine-park,Mount Assiniboine Park,wikimedia_commons,Lake Magog Mount Assiniboine.jpg,https://commons.wikimedia.org/wiki/File:Lake_Magog_Mount_Assiniboine.jpg,https://upload.wikimedia.org/wikipedia/commons/c/c9/Lake_Magog_Mount_Assiniboine.jpg?utm_source=commons.wikimedia.org&utm_campaign=imageinfo&utm_content=original,https://thumb.wikimedia.org/wikipedia/commons/thumb/c/c9/Lake_Magog_Mount_Assiniboine.jpg/960px-Lake_Magog_Mount_Assiniboine.jpg?utm_source=commons.wikimedia.org&utm_campaign=imageinfo&utm_content=thumbnail,Kurt Stegmüller,CC BY-SA 4.0,https://creativecommons.org/licenses/by-sa/4.0,True,False,Lake Magog with Mount Magog and Mount Assiniboine
provincial-mount-assiniboine-park,Mount Assiniboine Park,wikimedia_commons,Mount Assiniboine Provincial Park Lodge.jpg,https://commons.wikimedia.org/wiki/File:Mount_Assiniboine_Provincial_Park_Lodge.jpg,https://upload.wikimedia.org/wikipedia/commons/8/8c/Mount_Assiniboine_Provincial_Park_Lodge.jpg?utm_source=commons.wikimedia.org&utm_campaign=imageinfo&utm_content=original,https://thumb.wikimedia.org/wikipedia/commons/thumb/8/8c/Mount_Assiniboine_Provincial_Park_Lodge.jpg/960px-Mount_Assiniboine_Provincial_Park_Lodge.jpg?utm_source=commons.wikimedia.org&utm_campaign=imageinfo&utm_content=thumbnail,Kurt Stegmüller,CC BY-SA 4.0,https://creativecommons.org/licenses/by-sa/4.0,True,False,"Mount Assiniboine Provincial Park. Area of the Lodge and Naiset Huts. Lake Magog on the right. Mount Cautley (2.880 m) and Wonder Peak (2.851 m) left of Wonder Pass (2.395 m). Naiset Point, ""The Towers"" (2.846 m) and Terrapin Mountain (2.943 m) above the lake. Picture taken from ""The Nublet""."
provincial-mount-edziza-park,Mount Edziza Park,wikimedia_commons,"Mount Edziza, British Columbia.jpg","https://commons.wikimedia.org/wiki/File:Mount_Edziza,_British_Columbia.jpg",https://upload.wikimedia.org/wikipedia/commons/5/54/Mount_Edziza%2C_British_Columbia.jpg?utm_source=commons.wikimedia.org&utm_campaign=imageinfo&utm_content=original,https://upload.wikimedia.org/wikipedia/commons/5/54/Mount_Edziza%2C_British_Columbia.jpg?utm_source=commons.wikimedia.org&utm_campaign=imageinfo&utm_content=thumbnail_unscaled,nass5518,CC BY 2.0,https://creativecommons.org/licenses/by/2.0,False,True,Mount Edziza in northwestern British Columbia
provincial-mount-seymour-park,Mount Seymour Park,openverse,"Mount Seymour Provincial Park, BC (DSCF8976)",https://commons.wikimedia.org/w/index.php?curid=70385916,https://upload.wikimedia.org/wikipedia/commons/c/c7/Mount_Seymour_Provincial_Park%2C_BC_%28DSCF8976%29.jpg,https://api.openverse.org/v1/images/544d09df-a997-4d23-ad33-65dca26a9b63/thumb/,Trougnouf,CC BY 4.0,https://creativecommons.org/licenses/by/4.0/,False,True,
provincial-muncho-lake-park,Muncho Lake Park,wikimedia_commons,"Muncho Lake, BC, Canada June2010.jpg","https://commons.wikimedia.org/wiki/File:Muncho_Lake,_BC,_Canada_June2010.jpg",https://upload.wikimedia.org/wikipedia/commons/c/c0/Muncho_Lake%2C_BC%2C_Canada_June2010.jpg?utm_source=commons.wikimedia.org&utm_campaign=imageinfo&utm_content=original,https://thumb.wikimedia.org/wikipedia/commons/thumb/c/c0/Muncho_Lake%2C_BC%2C_Canada_June2010.jpg/960px-Muncho_Lake%2C_BC%2C_Canada_June2010.jpg?utm_source=commons.wikimedia.org&utm_campaign=imageinfo&utm_content=thumbnail,Kelly Donaldson,CC BY-SA 3.0,https://creativecommons.org/licenses/by-sa/3.0,False,True,"Muncho Lake along the Alaska Highway is part of Muncho Lake Provincial Park in British Columbia, Canada. This photo was taken on June 16, 2010. The mirror smooth surface of the lake reflects everything around it."
provincial-muncho-lake-park,Muncho Lake Park,wikimedia_commons,Muncho Lake Prov Park Northern Rockies BC^^ dans les Rocheuses du Nord - panoramio.jpg,https://commons.wikimedia.org/wiki/File:Muncho_Lake_Prov_Park_Northern_Rockies_BC%5E%5E_dans_les_Rocheuses_du_Nord_-_panoramio.jpg,https://upload.wikimedia.org/wikipedia/commons/0/02/Muncho_Lake_Prov_Park_Northern_Rockies_BC%5E%5E_dans_les_Rocheuses_du_Nord_-_panoramio.jpg?utm_source=commons.wikimedia.org&utm_campaign=imageinfo&utm_content=original,https://thumb.wikimedia.org/wikipedia/commons/thumb/0/02/Muncho_Lake_Prov_Park_Northern_Rockies_BC%5E%5E_dans_les_Rocheuses_du_Nord_-_panoramio.jpg/960px-Muncho_Lake_Prov_Park_Northern_Rockies_BC%5E%5E_dans_les_Rocheuses_du_Nord_-_panoramio.jpg?utm_source=commons.wikimedia.org&utm_campaign=imageinfo&utm_content=thumbnail,Roger Sylvia,CC BY-SA 3.0,https://creativecommons.org/licenses/by-sa/3.0,True,True,"Commons coordinates: 59.042674, -125.781784; Muncho Lake Prov Park Northern Rockies BC!! dans les Rocheuses du Nord!!"
provincial-muncho-lake-park,Muncho Lake Park,wikimedia_commons,Alaska Highway Wildlife.jpg,https://commons.wikimedia.org/wiki/File:Alaska_Highway_Wildlife.jpg,https://upload.wikimedia.org/wikipedia/commons/8/8b/Alaska_Highway_Wildlife.jpg?utm_source=commons.wikimedia.org&utm_campaign=imageinfo&utm_content=original,https://upload.wikimedia.org/wikipedia/commons/8/8b/Alaska_Highway_Wildlife.jpg?utm_source=commons.wikimedia.org&utm_campaign=imageinfo&utm_content=thumbnail_unscaled,Panama_08,CC BY 2.0,https://creativecommons.org/licenses/by/2.0,False,True,Stone Sheep along the Alaska Highway near Muncho Lake BC.
provincial-nairn-falls-park,Nairn Falls Park,wikimedia_commons,Nairnfalls.jpg,https://commons.wikimedia.org/wiki/File:Nairnfalls.jpg,https://upload.wikimedia.org/wikipedia/commons/b/b9/Nairnfalls.jpg?utm_source=commons.wikimedia.org&utm_campaign=imageinfo&utm_content=original,https://thumb.wikimedia.org/wikipedia/commons/thumb/b/b9/Nairnfalls.jpg/960px-Nairnfalls.jpg?utm_source=commons.wikimedia.org&utm_campaign=imageinfo&utm_content=thumbnail,swbmarshall,CC BY 2.0,https://creativecommons.org/licenses/by/2.0,False,True,"Nairn Falls, Green River, Nairn Falls Provincial Park, British Columbia, Canada"
provincial-nairn-falls-park,Nairn Falls Park,wikimedia_commons,Green-river.jpg,https://commons.wikimedia.org/wiki/File:Green-river.jpg,https://upload.wikimedia.org/wikipedia/commons/b/b9/Green-river.jpg?utm_source=commons.wikimedia.org&utm_campaign=imageinfo&utm_content=original,https://thumb.wikimedia.org/wikipedia/commons/thumb/b/b9/Green-river.jpg/960px-Green-river.jpg?utm_source=commons.wikimedia.org&utm_campaign=imageinfo&utm_content=thumbnail,Strontium87,CC BY 3.0,https://creativecommons.org/licenses/by/3.0,True,False,"Commons coordinates: 50.289186, -122.833333; Green River just below Nairn Falls"
provincial-nairn-falls-park,Nairn Falls Park,wikimedia_commons,Nairn Falls Campground.jpg,https://commons.wikimedia.org/wiki/File:Nairn_Falls_Campground.jpg,https://upload.wikimedia.org/wikipedia/commons/b/be/Nairn_Falls_Campground.jpg?utm_source=commons.wikimedia.org&utm_campaign=imageinfo&utm_content=original,https://thumb.wikimedia.org/wikipedia/commons/thumb/b/be/Nairn_Falls_Campground.jpg/960px-Nairn_Falls_Campground.jpg?utm_source=commons.wikimedia.org&utm_campaign=imageinfo&utm_content=thumbnail,Sébastien Launay,CC BY 2.0,https://creativecommons.org/licenses/by/2.0,True,False,Nairn Falls Campground
provincial-niskonlith-lake-park,Niskonlith Lake Park,wikimedia_commons,Neskonlith Lake.jpg,https://commons.wikimedia.org/wiki/File:Neskonlith_Lake.jpg,https://upload.wikimedia.org/wikipedia/commons/f/f5/Neskonlith_Lake.jpg?utm_source=commons.wikimedia.org&utm_campaign=imageinfo&utm_content=original,https://thumb.wikimedia.org/wikipedia/commons/thumb/f/f5/Neskonlith_Lake.jpg/960px-Neskonlith_Lake.jpg?utm_source=commons.wikimedia.org&utm_campaign=imageinfo&utm_content=thumbnail,Rkwitkoski77,CC BY-SA 4.0,https://creativecommons.org/licenses/by-sa/4.0,True,False,"Commons coordinates: 50.790000, -119.780000; Niskonlith Lake Provincial Park from beach in campsite"
provincial-north-thompson-river-park,North Thompson River Park,openverse,View from Riverbank of North Thompson River - North Thompson River Provincial Park - Outside Clearwater - BC - Canada,https://www.flickr.com/photos/41000732@N04/49983092266,https://live.staticflickr.com/65535/49983092266_6fd4743931_b.jpg,https://api.openverse.org/v1/images/acaa14fb-436e-41be-b480-4f352b45587d/thumb/,"Adam Jones, Ph.D. - Global Photo Archive",CC BY 2.0,https://creativecommons.org/licenses/by/2.0/,False,True,
provincial-north-thompson-river-park,North Thompson River Park,openverse,Stand of Trees along Clearwater Riverbank - North Thompson River Provincial Park - Outside Clearwater - BC - Canada,https://www.flickr.com/photos/41000732@N04/49982569433,https://live.staticflickr.com/65535/49982569433_e816be0281_b.jpg,https://api.openverse.org/v1/images/c7ef5a97-573d-4601-a823-04c8535b12b9/thumb/,"Adam Jones, Ph.D. - Global Photo Archive",CC BY 2.0,https://creativecommons.org/licenses/by/2.0/,False,True,
provincial-north-thompson-river-park,North Thompson River Park,openverse,Detail of Birch Wood and Plants - North Thompson River Provincial Park - Outside Clearwater - BC - Canada,https://www.flickr.com/photos/41000732@N04/49983093381,https://live.staticflickr.com/65535/49983093381_fe916b8b90_b.jpg,https://api.openverse.org/v1/images/e4723dd9-97bb-4bb3-bb96-a2a877cd0dd8/thumb/,"Adam Jones, Ph.D. - Global Photo Archive",CC BY 2.0,https://creativecommons.org/licenses/by/2.0/,False,True,
provincial-north-thompson-river-park,North Thompson River Park,openverse,Caution! High Water - Sign in North Thompson River Provincial Park - Outside Clearwater - BC - Canada,https://www.flickr.com/photos/41000732@N04/49983093676,https://live.staticflickr.com/65535/49983093676_8d3c0ce153_b.jpg,https://api.openverse.org/v1/images/ef1b3316-2797-4917-8d7d-e4d4c34d1abe/thumb/,"Adam Jones, Ph.D. - Global Photo Archive",CC BY 2.0,https://creativecommons.org/licenses/by/2.0/,False,True,
provincial-north-thompson-river-park,North Thompson River Park,openverse,Sunset Panorama of North Thompson River - North Thompson River Provincial Park - Outside Clearwater - BC - Canada,https://www.flickr.com/photos/41000732@N04/49983092901,https://live.staticflickr.com/65535/49983092901_cf321eb1ac_b.jpg,https://api.openverse.org/v1/images/fa408d7d-1643-4017-9d5d-8665c56ed8bf/thumb/,"Adam Jones, Ph.D. - Global Photo Archive",CC BY 2.0,https://creativecommons.org/licenses/by/2.0/,False,True,
provincial-north-thompson-river-park,North Thompson River Park,wikimedia_commons,View from Riverbank of North Thompson River.jpg,https://commons.wikimedia.org/wiki/File:View_from_Riverbank_of_North_Thompson_River.jpg,https://upload.wikimedia.org/wikipedia/commons/c/c4/View_from_Riverbank_of_North_Thompson_River.jpg?utm_source=commons.wikimedia.org&utm_campaign=imageinfo&utm_content=original,https://thumb.wikimedia.org/wikipedia/commons/thumb/c/c4/View_from_Riverbank_of_North_Thompson_River.jpg/960px-View_from_Riverbank_of_North_Thompson_River.jpg?utm_source=commons.wikimedia.org&utm_campaign=imageinfo&utm_content=thumbnail,Adam Jones,CC BY-SA 2.0,https://creativecommons.org/licenses/by-sa/2.0,False,True,"North Thompson River Provincial Park, located just outside Clearwater, BC"
provincial-northern-rocky-mountains-park,Northern Rocky Mountains Park,wikimedia_commons,Tuchodi River valley.jpg,https://commons.wikimedia.org/wiki/File:Tuchodi_River_valley.jpg,https://upload.wikimedia.org/wikipedia/commons/0/0e/Tuchodi_River_valley.jpg?utm_source=commons.wikimedia.org&utm_campaign=imageinfo&utm_content=original,https://upload.wikimedia.org/wikipedia/commons/0/0e/Tuchodi_River_valley.jpg?utm_source=commons.wikimedia.org&utm_campaign=imageinfo&utm_content=thumbnail_unscaled,"Gerry from Fort St. John, BC, Canada",CC BY-SA 2.0,https://creativecommons.org/licenses/by-sa/2.0,True,True,"Commons coordinates: 58.198213, -124.119415; Looking down Dead Dog Creak towards the Tuchodi River, Northern Rocky Mountains Provincial Park, British Columbia, Canada."
provincial-okanagan-lake-park,Okanagan Lake Park,openverse,"Marbled Orbweaver - Araneus marmoreus, Vaseux Lake Provincial Park, Okanagan Falls, British Columbia",https://www.flickr.com/photos/52450054@N04/15504396732,https://live.staticflickr.com/5604/15504396732_3fbb1d385d_b.jpg,https://api.openverse.org/v1/images/f65f0d23-24a8-4883-9ad5-d3920465f59c/thumb/,Judy Gallagher,CC BY 2.0,https://creativecommons.org/licenses/by/2.0/,False,True,
provincial-okanagan-lake-park,Okanagan Lake Park,wikimedia_commons,I Wanta Take Ya (44078266285).jpg,https://commons.wikimedia.org/wiki/File:I_Wanta_Take_Ya_(44078266285).jpg,https://upload.wikimedia.org/wikipedia/commons/2/27/I_Wanta_Take_Ya_%2844078266285%29.jpg?utm_source=commons.wikimedia.org&utm_campaign=imageinfo&utm_content=original,https://thumb.wikimedia.org/wikipedia/commons/thumb/2/27/I_Wanta_Take_Ya_%2844078266285%29.jpg/960px-I_Wanta_Take_Ya_%2844078266285%29.jpg?utm_source=commons.wikimedia.org&utm_campaign=imageinfo&utm_content=thumbnail,Los Paseos from Earth,CC BY-SA 2.0,https://creativecommons.org/licenses/by-sa/2.0,False,True,"Okanagan Lake and Kelowna, BC"
provincial-okanagan-mountain-park,Okanagan Mountain Park,wikimedia_commons,Pyroculumus cloud of the Okanagan Mountain Fire.jpg,https://commons.wikimedia.org/wiki/File:Pyroculumus_cloud_of_the_Okanagan_Mountain_Fire.jpg,https://upload.wikimedia.org/wikipedia/commons/9/9c/Pyroculumus_cloud_of_the_Okanagan_Mountain_Fire.jpg?utm_source=commons.wikimedia.org&utm_campaign=imageinfo&utm_content=original,https://thumb.wikimedia.org/wikipedia/commons/thumb/9/9c/Pyroculumus_cloud_of_the_Okanagan_Mountain_Fire.jpg/960px-Pyroculumus_cloud_of_the_Okanagan_Mountain_Fire.jpg?utm_source=commons.wikimedia.org&utm_campaign=imageinfo&utm_content=thumbnail,Shawn,CC BY-SA 2.0,https://creativecommons.org/licenses/by-sa/2.0,True,False,"Fires tend to create their own micro weather systems. Again, Day 1 of the Okanagan Mountain fire."
provincial-okanagan-mountain-park,Okanagan Mountain Park,wikimedia_commons,Okanagan Mountain Park Fire.jpg,https://commons.wikimedia.org/wiki/File:Okanagan_Mountain_Park_Fire.jpg,https://upload.wikimedia.org/wikipedia/commons/a/a2/Okanagan_Mountain_Park_Fire.jpg?utm_source=commons.wikimedia.org&utm_campaign=imageinfo&utm_content=original,https://thumb.wikimedia.org/wikipedia/commons/thumb/a/a2/Okanagan_Mountain_Park_Fire.jpg/960px-Okanagan_Mountain_Park_Fire.jpg?utm_source=commons.wikimedia.org&utm_campaign=imageinfo&utm_content=thumbnail,Shawn,CC BY-SA 2.0,https://creativecommons.org/licenses/by-sa/2.0,True,False,"The first evening of the big Okanagan Mountain fire that led to 30,000 evacuations and over 200 destroyed homes."
provincial-okeover-arm-park,Okeover Arm Park,wikimedia_commons,Okeover Inlet (9362855892).jpg,https://commons.wikimedia.org/wiki/File:Okeover_Inlet_(9362855892).jpg,https://upload.wikimedia.org/wikipedia/commons/1/14/Okeover_Inlet_%289362855892%29.jpg?utm_source=commons.wikimedia.org&utm_campaign=imageinfo&utm_content=original,https://thumb.wikimedia.org/wikipedia/commons/thumb/1/14/Okeover_Inlet_%289362855892%29.jpg/960px-Okeover_Inlet_%289362855892%29.jpg?utm_source=commons.wikimedia.org&utm_campaign=imageinfo&utm_content=thumbnail,"David Stanley from Nanaimo, Canada",CC BY 2.0,https://creativecommons.org/licenses/by/2.0,False,True,"Commons coordinates: 49.993063, -124.716153; The view of Okeover Inlet from Okeover Arm Provincial Park near Lund, British Columbia, Canada."
provincial-okeover-arm-park,Okeover Arm Park,wikimedia_commons,"Sunrise at Okeover Arm in British Columbia, Canada.jpg","https://commons.wikimedia.org/wiki/File:Sunrise_at_Okeover_Arm_in_British_Columbia,_Canada.jpg",https://upload.wikimedia.org/wikipedia/commons/e/e5/Sunrise_at_Okeover_Arm_in_British_Columbia%2C_Canada.jpg?utm_source=commons.wikimedia.org&utm_campaign=imageinfo&utm_content=original,https://thumb.wikimedia.org/wikipedia/commons/thumb/e/e5/Sunrise_at_Okeover_Arm_in_British_Columbia%2C_Canada.jpg/960px-Sunrise_at_Okeover_Arm_in_British_Columbia%2C_Canada.jpg?utm_source=commons.wikimedia.org&utm_campaign=imageinfo&utm_content=thumbnail,Islander61,CC BY-SA 4.0,https://creativecommons.org/licenses/by-sa/4.0,False,True,"Sunrise at Okeover Arm in British Columbia, Canada"
provincial-paul-lake-park,Paul Lake Park,openverse,"Paul Lake Provincial Park, British Columbia",https://commons.wikimedia.org/w/index.php?curid=84208342,https://upload.wikimedia.org/wikipedia/commons/0/04/Paul_Lake_Provincial_Park%2C_British_Columbia.jpg,https://api.openverse.org/v1/images/9b6b827c-b297-42fb-ba51-c09692da0d53/thumb/,Koppertone,CC BY-SA 4.0,https://creativecommons.org/licenses/by-sa/4.0/,False,True,
provincial-paul-lake-park,Paul Lake Park,wikimedia_commons,"Paul Lake Provincial Park, British Columbia.jpg","https://commons.wikimedia.org/wiki/File:Paul_Lake_Provincial_Park,_British_Columbia.jpg",https://upload.wikimedia.org/wikipedia/commons/0/04/Paul_Lake_Provincial_Park%2C_British_Columbia.jpg?utm_source=commons.wikimedia.org&utm_campaign=imageinfo&utm_content=original,https://thumb.wikimedia.org/wikipedia/commons/thumb/0/04/Paul_Lake_Provincial_Park%2C_British_Columbia.jpg/960px-Paul_Lake_Provincial_Park%2C_British_Columbia.jpg?utm_source=commons.wikimedia.org&utm_campaign=imageinfo&utm_content=thumbnail,Koppertone,CC BY-SA 4.0,https://creativecommons.org/licenses/by-sa/4.0,False,True,"This is a view of Paul Lake within Provincial Park Park near Kamloops, British Columbia.  This is a view from the community end facing East into the park."
provincial-pinnacles-park,Pinnacles Park,wikimedia_commons,"Forested valley in Pinnacles Provincial Park, BC.jpg","https://commons.wikimedia.org/wiki/File:Forested_valley_in_Pinnacles_Provincial_Park,_BC.jpg",https://upload.wikimedia.org/wikipedia/commons/4/45/Forested_valley_in_Pinnacles_Provincial_Park%2C_BC.jpg?utm_source=commons.wikimedia.org&utm_campaign=imageinfo&utm_content=original,https://thumb.wikimedia.org/wikipedia/commons/thumb/4/45/Forested_valley_in_Pinnacles_Provincial_Park%2C_BC.jpg/960px-Forested_valley_in_Pinnacles_Provincial_Park%2C_BC.jpg?utm_source=commons.wikimedia.org&utm_campaign=imageinfo&utm_content=thumbnail,John Freeland,CC BY 2.0,https://creativecommons.org/licenses/by/2.0,False,True,"Forested valley in Pinnacles Provincial Park, BC"
provincial-pinnacles-park,Pinnacles Park,wikimedia_commons,"Some pinnacles in Pinnacles Provincial Park, BC.jpg","https://commons.wikimedia.org/wiki/File:Some_pinnacles_in_Pinnacles_Provincial_Park,_BC.jpg",https://upload.wikimedia.org/wikipedia/commons/d/d7/Some_pinnacles_in_Pinnacles_Provincial_Park%2C_BC.jpg?utm_source=commons.wikimedia.org&utm_campaign=imageinfo&utm_content=original,https://thumb.wikimedia.org/wikipedia/commons/thumb/d/d7/Some_pinnacles_in_Pinnacles_Provincial_Park%2C_BC.jpg/960px-Some_pinnacles_in_Pinnacles_Provincial_Park%2C_BC.jpg?utm_source=commons.wikimedia.org&utm_campaign=imageinfo&utm_content=thumbnail,John Freeland,CC BY 2.0,https://creativecommons.org/licenses/by/2.0,False,True,"Some pinnacles in Pinnacles Provincial Park, BC"
provincial-plumper-cove-marine-park,Plumper Cove Marine Park,wikimedia_commons,View from Above Plumper Cove Marine Provincial Park.jpg,https://commons.wikimedia.org/wiki/File:View_from_Above_Plumper_Cove_Marine_Provincial_Park.jpg,https://upload.wikimedia.org/wikipedia/commons/8/8b/View_from_Above_Plumper_Cove_Marine_Provincial_Park.jpg?utm_source=commons.wikimedia.org&utm_campaign=imageinfo&utm_content=original,https://thumb.wikimedia.org/wikipedia/commons/thumb/8/8b/View_from_Above_Plumper_Cove_Marine_Provincial_Park.jpg/960px-View_from_Above_Plumper_Cove_Marine_Provincial_Park.jpg?utm_source=commons.wikimedia.org&utm_campaign=imageinfo&utm_content=thumbnail,BWJinks,CC BY-SA 4.0,https://creativecommons.org/licenses/by-sa/4.0,False,True,"Drone shot from above Plumper Cove Marine Provincial Park, BC"
provincial-porteau-cove-park,Porteau Cove Park,wikimedia_commons,PorteauCovePP-water-mountains.jpg,https://commons.wikimedia.org/wiki/File:PorteauCovePP-water-mountains.jpg,https://upload.wikimedia.org/wikipedia/commons/4/4f/PorteauCovePP-water-mountains.jpg?utm_source=commons.wikimedia.org&utm_campaign=imageinfo&utm_content=original,https://thumb.wikimedia.org/wikipedia/commons/thumb/4/4f/PorteauCovePP-water-mountains.jpg/960px-PorteauCovePP-water-mountains.jpg?utm_source=commons.wikimedia.org&utm_campaign=imageinfo&utm_content=thumbnail,"Kyla Duhamel from Saskatoon, Canada",CC BY 2.0,https://creativecommons.org/licenses/by/2.0,True,False,A view of Howe Sound and mountains from Porteau Cove Provincial Park
provincial-porteau-cove-park,Porteau Cove Park,wikimedia_commons,PorteauCovePP-water.jpg,https://commons.wikimedia.org/wiki/File:PorteauCovePP-water.jpg,https://upload.wikimedia.org/wikipedia/commons/7/7c/PorteauCovePP-water.jpg?utm_source=commons.wikimedia.org&utm_campaign=imageinfo&utm_content=original,https://thumb.wikimedia.org/wikipedia/commons/thumb/7/7c/PorteauCovePP-water.jpg/960px-PorteauCovePP-water.jpg?utm_source=commons.wikimedia.org&utm_campaign=imageinfo&utm_content=thumbnail,"Kyla Duhamel from Saskatoon, Canada",CC BY 2.0,https://creativecommons.org/licenses/by/2.0,True,False,View of the Howe Sound from Porteau Cove Provincial Park
provincial-porteau-cove-park,Porteau Cove Park,wikimedia_commons,PorteauCovePP-geese1.jpg,https://commons.wikimedia.org/wiki/File:PorteauCovePP-geese1.jpg,https://upload.wikimedia.org/wikipedia/commons/5/54/PorteauCovePP-geese1.jpg?utm_source=commons.wikimedia.org&utm_campaign=imageinfo&utm_content=original,https://thumb.wikimedia.org/wikipedia/commons/thumb/5/54/PorteauCovePP-geese1.jpg/960px-PorteauCovePP-geese1.jpg?utm_source=commons.wikimedia.org&utm_campaign=imageinfo&utm_content=thumbnail,"Kyla Duhamel from Saskatoon, Canada",CC BY 2.0,https://creativecommons.org/licenses/by/2.0,True,False,Canada geese in Howe Sound at Porteau Cove Provincial Park
provincial-porteau-cove-park,Porteau Cove Park,wikimedia_commons,PorteauCovePP-FerryTerminal-stiched.jpg,https://commons.wikimedia.org/wiki/File:PorteauCovePP-FerryTerminal-stiched.jpg,https://upload.wikimedia.org/wikipedia/commons/5/51/PorteauCovePP-FerryTerminal-stiched.jpg?utm_source=commons.wikimedia.org&utm_campaign=imageinfo&utm_content=original,https://thumb.wikimedia.org/wikipedia/commons/thumb/5/51/PorteauCovePP-FerryTerminal-stiched.jpg/960px-PorteauCovePP-FerryTerminal-stiched.jpg?utm_source=commons.wikimedia.org&utm_campaign=imageinfo&utm_content=thumbnail,"Kyla Duhamel from Saskatoon, Canada",CC BY 2.0,https://creativecommons.org/licenses/by/2.0,True,False,"Panorama of the emergency ferry terminal at Porteau Cove Provincial Park, stitched from about 30 pictures"
provincial-prudhomme-lake-park,Prudhomme Lake Park,wikimedia_commons,"Prudhomme Lake, during a break in the weather..jpg","https://commons.wikimedia.org/wiki/File:Prudhomme_Lake,_during_a_break_in_the_weather..jpg",https://upload.wikimedia.org/wikipedia/commons/6/65/Prudhomme_Lake%2C_during_a_break_in_the_weather..jpg?utm_source=commons.wikimedia.org&utm_campaign=imageinfo&utm_content=original,https://thumb.wikimedia.org/wikipedia/commons/thumb/6/65/Prudhomme_Lake%2C_during_a_break_in_the_weather..jpg/960px-Prudhomme_Lake%2C_during_a_break_in_the_weather..jpg?utm_source=commons.wikimedia.org&utm_campaign=imageinfo&utm_content=thumbnail,Alan Vernon,CC BY 2.0,https://creativecommons.org/licenses/by/2.0,False,True,Prudhomme Lake is situated just a few mile East of Prince Rupert. BC.
provincial-rearguard-falls-park,Rearguard Falls Park,wikimedia_commons,"REARGUARD FALLS PROVINCIAL PARK, B.C..jpg","https://commons.wikimedia.org/wiki/File:REARGUARD_FALLS_PROVINCIAL_PARK,_B.C..jpg",https://upload.wikimedia.org/wikipedia/commons/8/85/REARGUARD_FALLS_PROVINCIAL_PARK%2C_B.C..jpg?utm_source=commons.wikimedia.org&utm_campaign=imageinfo&utm_content=original,https://thumb.wikimedia.org/wikipedia/commons/thumb/8/85/REARGUARD_FALLS_PROVINCIAL_PARK%2C_B.C..jpg/960px-REARGUARD_FALLS_PROVINCIAL_PARK%2C_B.C..jpg?utm_source=commons.wikimedia.org&utm_campaign=imageinfo&utm_content=thumbnail,JERRYE AND ROY KLOTZ MD,CC BY-SA 3.0,https://creativecommons.org/licenses/by-sa/3.0,False,True,"PROVINCIAL PARK IN BRITISH COLUMBIA, CANADA, PROTECTING THE WATERFALL OF THE SAME NAME, WHICH IS ON THE FRASER RIVER JUST ABOVE ITS 			EMERGENCE INTO THE ROCKY MOUNTAIN TRENCH NEAR THE COMMUNITY OF TETE JAUNE CACHE.  THE FALLS ARE THE UPPER LIMIT OF THE MIGRATION OF SALMON FROM THE PACIFIC 	OCEAN"
provincial-rearguard-falls-park,Rearguard Falls Park,wikimedia_commons,2019-06 Rearguard Falls (02).jpg,https://commons.wikimedia.org/wiki/File:2019-06_Rearguard_Falls_(02).jpg,https://upload.wikimedia.org/wikipedia/commons/2/2f/2019-06_Rearguard_Falls_%2802%29.jpg?utm_source=commons.wikimedia.org&utm_campaign=imageinfo&utm_content=original,https://thumb.wikimedia.org/wikipedia/commons/thumb/2/2f/2019-06_Rearguard_Falls_%2802%29.jpg/960px-2019-06_Rearguard_Falls_%2802%29.jpg?utm_source=commons.wikimedia.org&utm_campaign=imageinfo&utm_content=thumbnail,Ralf Lotys (Sicherlich),CC BY 4.0,https://creativecommons.org/licenses/by/4.0,True,True,"Commons coordinates: 52.974423, -119.363105; Die Rearguard Falls sind Wasserfälle im Rearguard Falls Provincial Park in  British Columbia, Kanada."
provincial-red-bluff-park,Red Bluff Park,openverse,"Red Bluff Provincial Park, British Columbia",https://commons.wikimedia.org/w/index.php?curid=93530503,https://upload.wikimedia.org/wikipedia/commons/a/a5/Red_Bluff_Provincial_Park%2C_British_Columbia.jpg,https://api.openverse.org/v1/images/179a0eed-21c6-473d-8d53-3ff7f35f777c/thumb/,Darren Kirby,CC BY-SA 2.0,https://creativecommons.org/licenses/by-sa/2.0/,False,True,
provincial-red-bluff-park,Red Bluff Park,wikimedia_commons,"Red Bluff Provincial Park, British Columbia.jpg","https://commons.wikimedia.org/wiki/File:Red_Bluff_Provincial_Park,_British_Columbia.jpg",https://upload.wikimedia.org/wikipedia/commons/a/a5/Red_Bluff_Provincial_Park%2C_British_Columbia.jpg?utm_source=commons.wikimedia.org&utm_campaign=imageinfo&utm_content=original,https://thumb.wikimedia.org/wikipedia/commons/thumb/a/a5/Red_Bluff_Provincial_Park%2C_British_Columbia.jpg/960px-Red_Bluff_Provincial_Park%2C_British_Columbia.jpg?utm_source=commons.wikimedia.org&utm_campaign=imageinfo&utm_content=thumbnail,Darren Kirby,CC BY-SA 2.0,https://creativecommons.org/licenses/by-sa/2.0,False,True,"Red Bluff Provincial Park, British Columbia"
provincial-rolley-lake-park,Rolley Lake Park,wikimedia_commons,Blacky Pool Lake.jpg,https://commons.wikimedia.org/wiki/File:Blacky_Pool_Lake.jpg,https://upload.wikimedia.org/wikipedia/commons/1/1f/Blacky_Pool_Lake.jpg?utm_source=commons.wikimedia.org&utm_campaign=imageinfo&utm_content=original,https://thumb.wikimedia.org/wikipedia/commons/thumb/1/1f/Blacky_Pool_Lake.jpg/960px-Blacky_Pool_Lake.jpg?utm_source=commons.wikimedia.org&utm_campaign=imageinfo&utm_content=thumbnail,Jmkwalkow,CC BY-SA 4.0,https://creativecommons.org/licenses/by-sa/4.0,True,False,"Commons coordinates: 49.242500, -122.389500; Rolley Lake"
provincial-ross-lake-park,Ross Lake Park,wikimedia_commons,Autumn View from Ross Lake Provincial Park.jpg,https://commons.wikimedia.org/wiki/File:Autumn_View_from_Ross_Lake_Provincial_Park.jpg,https://upload.wikimedia.org/wikipedia/commons/c/c8/Autumn_View_from_Ross_Lake_Provincial_Park.jpg?utm_source=commons.wikimedia.org&utm_campaign=imageinfo&utm_content=original,https://thumb.wikimedia.org/wikipedia/commons/thumb/c/c8/Autumn_View_from_Ross_Lake_Provincial_Park.jpg/960px-Autumn_View_from_Ross_Lake_Provincial_Park.jpg?utm_source=commons.wikimedia.org&utm_campaign=imageinfo&utm_content=thumbnail,Extemporalist,CC0,http://creativecommons.org/publicdomain/zero/1.0/deed.en,False,True,"Autumn View from Ross Lake Provincial Park, British Columbia, Canada"
provincial-saltery-bay-park,Saltery Bay Park,wikimedia_commons,MermaidsCove.jpg,https://commons.wikimedia.org/wiki/File:MermaidsCove.jpg,https://upload.wikimedia.org/wikipedia/commons/e/e7/MermaidsCove.jpg?utm_source=commons.wikimedia.org&utm_campaign=imageinfo&utm_content=original,https://thumb.wikimedia.org/wikipedia/commons/thumb/e/e7/MermaidsCove.jpg/960px-MermaidsCove.jpg?utm_source=commons.wikimedia.org&utm_campaign=imageinfo&utm_content=thumbnail,Redonebird,CC BY-SA 3.0,https://creativecommons.org/licenses/by-sa/3.0,True,False,"Commons coordinates: 49.779116, -124.190902; Mermaids Cove at Saltery Bay Provincial Park, B.C."
provincial-sasquatch-park,Sasquatch Park,wikimedia_commons,"Dragonfly, Deer Lake, Sasquatch Provincial Park, BC, Canada - panoramio.jpg","https://commons.wikimedia.org/wiki/File:Dragonfly,_Deer_Lake,_Sasquatch_Provincial_Park,_BC,_Canada_-_panoramio.jpg",https://upload.wikimedia.org/wikipedia/commons/2/2c/Dragonfly%2C_Deer_Lake%2C_Sasquatch_Provincial_Park%2C_BC%2C_Canada_-_panoramio.jpg?utm_source=commons.wikimedia.org&utm_campaign=imageinfo&utm_content=original,https://thumb.wikimedia.org/wikipedia/commons/thumb/2/2c/Dragonfly%2C_Deer_Lake%2C_Sasquatch_Provincial_Park%2C_BC%2C_Canada_-_panoramio.jpg/960px-Dragonfly%2C_Deer_Lake%2C_Sasquatch_Provincial_Park%2C_BC%2C_Canada_-_panoramio.jpg?utm_source=commons.wikimedia.org&utm_campaign=imageinfo&utm_content=thumbnail,B&B-Traveller,CC BY-SA 3.0,https://creativecommons.org/licenses/by-sa/3.0,True,True,"Dragonfly, Deer Lake, Sasquatch Provincial Park, BC, Canada"
provincial-seeley-lake-park,Seeley Lake Park,wikimedia_commons,Rain falls amongst the wetlands on the shores of Lake Seeley.png,https://commons.wikimedia.org/wiki/File:Rain_falls_amongst_the_wetlands_on_the_shores_of_Lake_Seeley.png,https://upload.wikimedia.org/wikipedia/commons/e/e1/Rain_falls_amongst_the_wetlands_on_the_shores_of_Lake_Seeley.png?utm_source=commons.wikimedia.org&utm_campaign=imageinfo&utm_content=original,https://thumb.wikimedia.org/wikipedia/commons/thumb/e/e1/Rain_falls_amongst_the_wetlands_on_the_shores_of_Lake_Seeley.png/960px-Rain_falls_amongst_the_wetlands_on_the_shores_of_Lake_Seeley.png?utm_source=commons.wikimedia.org&utm_campaign=imageinfo&utm_content=thumbnail,Extemporalist,CC0,http://creativecommons.org/publicdomain/zero/1.0/deed.en,False,True,"Rain falls amongst the wetlands on the shores of Lake Seeley, British Columbia, Canada, with the Hazelton Mountains shrouded in mists in the background"
provincial-shannon-falls-park,Shannon Falls Park,openverse,Where Leprechauns Live in North America:- Shannon Falls British Columbia,https://www.flickr.com/photos/14132971@N05/3363708293,https://live.staticflickr.com/3425/3363708293_914484d2da_b.jpg,https://api.openverse.org/v1/images/ffbe2435-83e4-442c-913d-978f06c03868/thumb/,Patrick Doheny,CC BY 2.0,https://creativecommons.org/licenses/by/2.0/,False,True,
provincial-shannon-falls-park,Shannon Falls Park,wikimedia_commons,Shannon falls pano.jpg,https://commons.wikimedia.org/wiki/File:Shannon_falls_pano.jpg,https://upload.wikimedia.org/wikipedia/commons/e/eb/Shannon_falls_pano.jpg?utm_source=commons.wikimedia.org&utm_campaign=imageinfo&utm_content=original,https://upload.wikimedia.org/wikipedia/commons/e/eb/Shannon_falls_pano.jpg?utm_source=commons.wikimedia.org&utm_campaign=imageinfo&utm_content=thumbnail_unscaled,"Mfield, Matthew Field, http://www.photography.mattfield.com",CC BY-SA 3.0,http://creativecommons.org/licenses/by-sa/3.0/,True,True,"Commons coordinates: 49.669627, -123.162059; A vertical panorama of Shannon Falls, located in Shannon Falls Provincial Park, 58 kilometers (36 mi) from Vancouver and 2 kilometers (1 mi) south of Squamish along the Sea to Sky Highway in British Columbia, Canada. The falls are 335m high."
provincial-shuswap-lake-park,Shuswap Lake Park,openverse,"Floating by the Nelson Beach Marine Park on Shuswap Lake, BC",https://www.flickr.com/photos/72703814@N00/4681025907,https://live.staticflickr.com/4031/4681025907_ef34ec85e6_b.jpg,https://api.openverse.org/v1/images/01637cbb-c5fd-4fe5-b1fe-540db1e84eb8/thumb/,Ryan Van Veen Photography,CC BY-SA 2.0,https://creativecommons.org/licenses/by-sa/2.0/,False,True,
provincial-shuswap-lake-park,Shuswap Lake Park,openverse,"Service boat near Nelson Beach Marine Park on Shuswap Lake, BC",https://www.flickr.com/photos/72703814@N00/4681655508,https://live.staticflickr.com/4020/4681655508_0765fd798e_b.jpg,https://api.openverse.org/v1/images/26573458-501a-447b-8125-77a43faeb83f/thumb/,Ryan Van Veen Photography,CC BY-SA 2.0,https://creativecommons.org/licenses/by-sa/2.0/,False,True,
provincial-shuswap-lake-park,Shuswap Lake Park,openverse,"Houseboating on Shuswap Lake near the Cinnemousun Narrows Provincial Park, BC",https://www.flickr.com/photos/72703814@N00/4680946333,https://live.staticflickr.com/4002/4680946333_68b6e234ee_b.jpg,https://api.openverse.org/v1/images/65e98bf6-ec89-4d89-9084-fdada30150e6/thumb/,Ryan Van Veen Photography,CC BY-SA 2.0,https://creativecommons.org/licenses/by-sa/2.0/,False,True,
provincial-shuswap-lake-park,Shuswap Lake Park,openverse,"Nelson Beach Marine Park on Shuswap Lake, BC",https://www.flickr.com/photos/72703814@N00/4681016415,https://live.staticflickr.com/4039/4681016415_9e0f292d90_b.jpg,https://api.openverse.org/v1/images/9cd0558f-b704-4bfb-8e44-500509d73f46/thumb/,Ryan Van Veen Photography,CC BY-SA 2.0,https://creativecommons.org/licenses/by-sa/2.0/,False,True,
provincial-shuswap-lake-park,Shuswap Lake Park,openverse,"Nelson Beach Marine Park on Shuswap Lake, BC",https://www.flickr.com/photos/72703814@N00/4681014117,https://live.staticflickr.com/4061/4681014117_15e993dcfd_b.jpg,https://api.openverse.org/v1/images/a7ab03c0-8e56-4608-b486-214ccdd8e214/thumb/,Ryan Van Veen Photography,CC BY-SA 2.0,https://creativecommons.org/licenses/by-sa/2.0/,False,True,
provincial-silver-lake-park,Silver Lake Park,wikimedia_commons,Silver Lake Bc (161623637).jpeg,https://commons.wikimedia.org/wiki/File:Silver_Lake_Bc_(161623637).jpeg,https://upload.wikimedia.org/wikipedia/commons/b/be/Silver_Lake_Bc_%28161623637%29.jpeg?utm_source=commons.wikimedia.org&utm_campaign=imageinfo&utm_content=original,https://thumb.wikimedia.org/wikipedia/commons/thumb/b/be/Silver_Lake_Bc_%28161623637%29.jpeg/960px-Silver_Lake_Bc_%28161623637%29.jpeg?utm_source=commons.wikimedia.org&utm_campaign=imageinfo&utm_content=thumbnail,Z S Photography,CC BY-SA 3.0,https://creativecommons.org/licenses/by-sa/3.0,False,True,"500px provided description: Crystal clean water [#Trees ,#Water ,#Mountain ,#BC ,#Reflection ,#Silverlake]"
provincial-skaha-bluffs-park,Skaha Bluffs Park,openverse,"Skaha Bluffs, Penticton, BC",https://www.flickr.com/photos/30492852@N00/9988164285,https://live.staticflickr.com/7353/9988164285_142eeb5257_b.jpg,https://api.openverse.org/v1/images/8d8d71cc-fc9a-4bc9-a476-4f8a2c181a4b/thumb/,Tim Buss,CC BY 2.0,https://creativecommons.org/licenses/by/2.0/,False,True,
provincial-skaha-bluffs-park,Skaha Bluffs Park,wikimedia_commons,"Skaha Bluffs, Penticton, BC (9988164285).jpg","https://commons.wikimedia.org/wiki/File:Skaha_Bluffs,_Penticton,_BC_(9988164285).jpg",https://upload.wikimedia.org/wikipedia/commons/c/c0/Skaha_Bluffs%2C_Penticton%2C_BC_%289988164285%29.jpg?utm_source=commons.wikimedia.org&utm_campaign=imageinfo&utm_content=original,https://thumb.wikimedia.org/wikipedia/commons/thumb/c/c0/Skaha_Bluffs%2C_Penticton%2C_BC_%289988164285%29.jpg/960px-Skaha_Bluffs%2C_Penticton%2C_BC_%289988164285%29.jpg?utm_source=commons.wikimedia.org&utm_campaign=imageinfo&utm_content=thumbnail,"Tim Buss from North County, San Diego, California, USA",CC BY 2.0,https://creativecommons.org/licenses/by/2.0,False,True,It's a long way down….
provincial-skookumchuck-narrows-park,Skookumchuck Narrows Park,wikimedia_commons,Skookumchuck.JPG,https://commons.wikimedia.org/wiki/File:Skookumchuck.JPG,https://upload.wikimedia.org/wikipedia/commons/3/38/Skookumchuck.JPG?utm_source=commons.wikimedia.org&utm_campaign=imageinfo&utm_content=original,https://thumb.wikimedia.org/wikipedia/commons/thumb/3/38/Skookumchuck.JPG/960px-Skookumchuck.JPG?utm_source=commons.wikimedia.org&utm_campaign=imageinfo&utm_content=thumbnail,Mark Reed,CC BY-SA 2.5,https://creativecommons.org/licenses/by-sa/2.5,False,True,"Skookumchuck Narrows, a salt water rapid at the entrance to Sechelt Inlet,BC, CA, during strong ebb tide."
provincial-slim-creek-park,Slim Creek Park,wikimedia_commons,"Orange Peel fungus -Aleuria aurantia- on rocks at Slim Creek, British Columbia, CA.jpg","https://commons.wikimedia.org/wiki/File:Orange_Peel_fungus_-Aleuria_aurantia-_on_rocks_at_Slim_Creek,_British_Columbia,_CA.jpg",https://upload.wikimedia.org/wikipedia/commons/e/ec/Orange_Peel_fungus_-Aleuria_aurantia-_on_rocks_at_Slim_Creek%2C_British_Columbia%2C_CA.jpg?utm_source=commons.wikimedia.org&utm_campaign=imageinfo&utm_content=original,https://thumb.wikimedia.org/wikipedia/commons/thumb/e/ec/Orange_Peel_fungus_-Aleuria_aurantia-_on_rocks_at_Slim_Creek%2C_British_Columbia%2C_CA.jpg/960px-Orange_Peel_fungus_-Aleuria_aurantia-_on_rocks_at_Slim_Creek%2C_British_Columbia%2C_CA.jpg?utm_source=commons.wikimedia.org&utm_campaign=imageinfo&utm_content=thumbnail,Clyde Charles Brown,CC BY-SA 4.0,https://creativecommons.org/licenses/by-sa/4.0,False,True,"Orange Peel fungus [Aleuria aurantia] on rocks at Slim Creek, British Columbia, CA"
provincial-stagleap-park,Stagleap Park,wikimedia_commons,Pimoa haden.jpg,https://commons.wikimedia.org/wiki/File:Pimoa_haden.jpg,https://upload.wikimedia.org/wikipedia/commons/e/e4/Pimoa_haden.jpg?utm_source=commons.wikimedia.org&utm_campaign=imageinfo&utm_content=original,https://upload.wikimedia.org/wikipedia/commons/e/e4/Pimoa_haden.jpg?utm_source=commons.wikimedia.org&utm_campaign=imageinfo&utm_content=thumbnail_unscaled,"CBG Photography Group, Centre for Biodiversity Genomics",CC BY-SA 3.0,https://creativecommons.org/licenses/by-sa/3.0,True,True,"Pimoa haden near Cornice Ridge in Stagleap Provincial Park, British Columbia, Canada"
provincial-stemwinder-park,Stemwinder Park,wikimedia_commons,Stemwinder Provincial Park - panoramio.jpg,https://commons.wikimedia.org/wiki/File:Stemwinder_Provincial_Park_-_panoramio.jpg,https://upload.wikimedia.org/wikipedia/commons/0/0c/Stemwinder_Provincial_Park_-_panoramio.jpg?utm_source=commons.wikimedia.org&utm_campaign=imageinfo&utm_content=original,https://thumb.wikimedia.org/wikipedia/commons/thumb/0/0c/Stemwinder_Provincial_Park_-_panoramio.jpg/960px-Stemwinder_Provincial_Park_-_panoramio.jpg?utm_source=commons.wikimedia.org&utm_campaign=imageinfo&utm_content=thumbnail,Kiwibirdman,CC BY 3.0,https://creativecommons.org/licenses/by/3.0,True,False,"Commons coordinates: 49.370805, -120.136485; Stemwinder Provincial Park"
provincial-tantalus-park,Tantalus Park,wikimedia_commons,Tantalus - 06 - Tantalus from Pelion shoulder (7000 ft pass) (197841728).jpg,https://commons.wikimedia.org/wiki/File:Tantalus_-_06_-_Tantalus_from_Pelion_shoulder_(7000_ft_pass)_(197841728).jpg,https://upload.wikimedia.org/wikipedia/commons/7/7b/Tantalus_-_06_-_Tantalus_from_Pelion_shoulder_%287000_ft_pass%29_%28197841728%29.jpg?utm_source=commons.wikimedia.org&utm_campaign=imageinfo&utm_content=original,https://thumb.wikimedia.org/wikipedia/commons/thumb/7/7b/Tantalus_-_06_-_Tantalus_from_Pelion_shoulder_%287000_ft_pass%29_%28197841728%29.jpg/960px-Tantalus_-_06_-_Tantalus_from_Pelion_shoulder_%287000_ft_pass%29_%28197841728%29.jpg?utm_source=commons.wikimedia.org&utm_campaign=imageinfo&utm_content=thumbnail,"McKay Savage from London, UK",CC BY 2.0,https://creativecommons.org/licenses/by/2.0,True,False,"Commons coordinates: 49.870692, -123.351568; The impressive Mt. Tantalus from the north. We approached via the shoulder of Pelion as part of a 4-day walk-in ascent of Tantalus. 

The shot is taken from the 7400ft shoulder of Pelion. Out campsite was down the ridge near the visible low point. The route meandered up around the bowl in the centre of the photo before obtaining the North ridge and following that to the summit. An excellent route."
provincial-tantalus-park,Tantalus Park,wikimedia_commons,Trips 06 - Tantalus - 05- climbing Pelion Gl towards shoulder (7000 ft pass) (197841501).jpg,https://commons.wikimedia.org/wiki/File:Trips_06_-_Tantalus_-_05-_climbing_Pelion_Gl_towards_shoulder_(7000_ft_pass)_(197841501).jpg,https://upload.wikimedia.org/wikipedia/commons/2/24/Trips_06_-_Tantalus_-_05-_climbing_Pelion_Gl_towards_shoulder_%287000_ft_pass%29_%28197841501%29.jpg?utm_source=commons.wikimedia.org&utm_campaign=imageinfo&utm_content=original,https://thumb.wikimedia.org/wikipedia/commons/thumb/2/24/Trips_06_-_Tantalus_-_05-_climbing_Pelion_Gl_towards_shoulder_%287000_ft_pass%29_%28197841501%29.jpg/960px-Trips_06_-_Tantalus_-_05-_climbing_Pelion_Gl_towards_shoulder_%287000_ft_pass%29_%28197841501%29.jpg?utm_source=commons.wikimedia.org&utm_campaign=imageinfo&utm_content=thumbnail,"McKay Savage from London, UK",CC BY 2.0,https://creativecommons.org/licenses/by/2.0,True,False,Trips '06 - Tantalus - 05- climbing Pelion Gl towards shoulder (7000 ft pass)
provincial-tantalus-park,Tantalus Park,wikimedia_commons,Trips 06 - Tantalus - 08 - panorama looking N from Pelion shoulder (7000 ft pass) (197842833).jpg,https://commons.wikimedia.org/wiki/File:Trips_06_-_Tantalus_-_08_-_panorama_looking_N_from_Pelion_shoulder_(7000_ft_pass)_(197842833).jpg,https://upload.wikimedia.org/wikipedia/commons/6/6d/Trips_06_-_Tantalus_-_08_-_panorama_looking_N_from_Pelion_shoulder_%287000_ft_pass%29_%28197842833%29.jpg?utm_source=commons.wikimedia.org&utm_campaign=imageinfo&utm_content=original,https://thumb.wikimedia.org/wikipedia/commons/thumb/6/6d/Trips_06_-_Tantalus_-_08_-_panorama_looking_N_from_Pelion_shoulder_%287000_ft_pass%29_%28197842833%29.jpg/960px-Trips_06_-_Tantalus_-_08_-_panorama_looking_N_from_Pelion_shoulder_%287000_ft_pass%29_%28197842833%29.jpg?utm_source=commons.wikimedia.org&utm_campaign=imageinfo&utm_content=thumbnail,"McKay Savage from London, UK",CC BY 2.0,https://creativecommons.org/licenses/by/2.0,True,False,Trips '06 - Tantalus - 08 - panorama looking N from Pelion shoulder (7000 ft pass)
provincial-tantalus-park,Tantalus Park,wikimedia_commons,Trips 06 - Tantalus - 03 - interesting icefall formations (197841093).jpg,https://commons.wikimedia.org/wiki/File:Trips_06_-_Tantalus_-_03_-_interesting_icefall_formations_(197841093).jpg,https://upload.wikimedia.org/wikipedia/commons/a/ad/Trips_06_-_Tantalus_-_03_-_interesting_icefall_formations_%28197841093%29.jpg?utm_source=commons.wikimedia.org&utm_campaign=imageinfo&utm_content=original,https://thumb.wikimedia.org/wikipedia/commons/thumb/a/ad/Trips_06_-_Tantalus_-_03_-_interesting_icefall_formations_%28197841093%29.jpg/960px-Trips_06_-_Tantalus_-_03_-_interesting_icefall_formations_%28197841093%29.jpg?utm_source=commons.wikimedia.org&utm_campaign=imageinfo&utm_content=thumbnail,"McKay Savage from London, UK",CC BY 2.0,https://creativecommons.org/licenses/by/2.0,True,False,Trips '06 - Tantalus - 03 - interesting icefall formations
provincial-tantalus-park,Tantalus Park,wikimedia_commons,Trips 06 - Tantalus - 04 - climbing Pelion Gl towards shoulder (7000 ft pass) (197841301).jpg,https://commons.wikimedia.org/wiki/File:Trips_06_-_Tantalus_-_04_-_climbing_Pelion_Gl_towards_shoulder_(7000_ft_pass)_(197841301).jpg,https://upload.wikimedia.org/wikipedia/commons/2/2f/Trips_06_-_Tantalus_-_04_-_climbing_Pelion_Gl_towards_shoulder_%287000_ft_pass%29_%28197841301%29.jpg?utm_source=commons.wikimedia.org&utm_campaign=imageinfo&utm_content=original,https://thumb.wikimedia.org/wikipedia/commons/thumb/2/2f/Trips_06_-_Tantalus_-_04_-_climbing_Pelion_Gl_towards_shoulder_%287000_ft_pass%29_%28197841301%29.jpg/960px-Trips_06_-_Tantalus_-_04_-_climbing_Pelion_Gl_towards_shoulder_%287000_ft_pass%29_%28197841301%29.jpg?utm_source=commons.wikimedia.org&utm_campaign=imageinfo&utm_content=thumbnail,"McKay Savage from London, UK",CC BY 2.0,https://creativecommons.org/licenses/by/2.0,True,False,"Our rope team climbing Pelion. You get very attached to your team being as you are, well, attached physically to one another."
provincial-tatshenshini-alsek-park,Tatshenshini-Alsek Park,wikimedia_commons,"2015-08-14 Samuel Glacier, Tatshenshini-Alsek Park 1347.jpg","https://commons.wikimedia.org/wiki/File:2015-08-14_Samuel_Glacier,_Tatshenshini-Alsek_Park_1347.jpg",https://upload.wikimedia.org/wikipedia/commons/c/c6/2015-08-14_Samuel_Glacier%2C_Tatshenshini-Alsek_Park_1347.jpg?utm_source=commons.wikimedia.org&utm_campaign=imageinfo&utm_content=original,https://thumb.wikimedia.org/wikipedia/commons/thumb/c/c6/2015-08-14_Samuel_Glacier%2C_Tatshenshini-Alsek_Park_1347.jpg/960px-2015-08-14_Samuel_Glacier%2C_Tatshenshini-Alsek_Park_1347.jpg?utm_source=commons.wikimedia.org&utm_campaign=imageinfo&utm_content=thumbnail,"Please attribute as: ""Wikipedia / Tobias Klenze"" (user page link optional). Remember that you must also mention the license (and link to it). So for example, if this picture is licensed under CC-BY-SA 4.0, the following is correct: Image: Wikipedia / Tobias Klenze / CC-BY-SA 4.0. The license must be a link!",CC BY-SA 4.0,https://creativecommons.org/licenses/by-sa/4.0,True,True,"Commons coordinates: 59.682737, -136.776083; Tatshenshini-Alsek Provincial Park, British Columbia, Canada."
provincial-tatshenshini-alsek-park,Tatshenshini-Alsek Park,wikimedia_commons,2015-08-12 Tatshenshini-Alsek Park 1199.jpg,https://commons.wikimedia.org/wiki/File:2015-08-12_Tatshenshini-Alsek_Park_1199.jpg,https://upload.wikimedia.org/wikipedia/commons/6/6d/2015-08-12_Tatshenshini-Alsek_Park_1199.jpg?utm_source=commons.wikimedia.org&utm_campaign=imageinfo&utm_content=original,https://thumb.wikimedia.org/wikipedia/commons/thumb/6/6d/2015-08-12_Tatshenshini-Alsek_Park_1199.jpg/960px-2015-08-12_Tatshenshini-Alsek_Park_1199.jpg?utm_source=commons.wikimedia.org&utm_campaign=imageinfo&utm_content=thumbnail,"Please attribute as: ""Wikipedia / Tobias Klenze"" (user page link optional). Remember that you must also mention the license (and link to it). So for example, if this picture is licensed under CC-BY-SA 4.0, the following is correct: Image: Wikipedia / Tobias Klenze / CC-BY-SA 4.0. The license must be a link!",CC BY-SA 4.0,https://creativecommons.org/licenses/by-sa/4.0,False,True,"Tatshenshini-Alsek Provincial Park, British Columbia, Canada."
provincial-ten-mile-lake-park,Ten Mile Lake Park,wikimedia_commons,Reflections along the shores of Ten Mile Lake.png,https://commons.wikimedia.org/wiki/File:Reflections_along_the_shores_of_Ten_Mile_Lake.png,https://upload.wikimedia.org/wikipedia/commons/5/5a/Reflections_along_the_shores_of_Ten_Mile_Lake.png?utm_source=commons.wikimedia.org&utm_campaign=imageinfo&utm_content=original,https://thumb.wikimedia.org/wikipedia/commons/thumb/5/5a/Reflections_along_the_shores_of_Ten_Mile_Lake.png/960px-Reflections_along_the_shores_of_Ten_Mile_Lake.png?utm_source=commons.wikimedia.org&utm_campaign=imageinfo&utm_content=thumbnail,Extemporalist,CC0,http://creativecommons.org/publicdomain/zero/1.0/deed.en,False,True,"Reflections along the shores of Ten Mile Lake, in Ten Mile Lake Provincial Park, British Columbia, Canada"
provincial-tetrahedron-park,Tetrahedron Park,wikimedia_commons,Trips 04 - Tetrahedron - 38 (90964552).jpg,https://commons.wikimedia.org/wiki/File:Trips_04_-_Tetrahedron_-_38_(90964552).jpg,https://upload.wikimedia.org/wikipedia/commons/1/19/Trips_04_-_Tetrahedron_-_38_%2890964552%29.jpg?utm_source=commons.wikimedia.org&utm_campaign=imageinfo&utm_content=original,https://upload.wikimedia.org/wikipedia/commons/1/19/Trips_04_-_Tetrahedron_-_38_%2890964552%29.jpg?utm_source=commons.wikimedia.org&utm_campaign=imageinfo&utm_content=thumbnail_unscaled,"McKay Savage from London, UK",CC BY 2.0,https://creativecommons.org/licenses/by/2.0,True,False,Trips '04 - Tetrahedron - 38
provincial-tetrahedron-park,Tetrahedron Park,wikimedia_commons,Trips 04 - Tetrahedron - 30 (90964406).jpg,https://commons.wikimedia.org/wiki/File:Trips_04_-_Tetrahedron_-_30_(90964406).jpg,https://upload.wikimedia.org/wikipedia/commons/4/48/Trips_04_-_Tetrahedron_-_30_%2890964406%29.jpg?utm_source=commons.wikimedia.org&utm_campaign=imageinfo&utm_content=original,https://upload.wikimedia.org/wikipedia/commons/4/48/Trips_04_-_Tetrahedron_-_30_%2890964406%29.jpg?utm_source=commons.wikimedia.org&utm_campaign=imageinfo&utm_content=thumbnail_unscaled,"McKay Savage from London, UK",CC BY 2.0,https://creativecommons.org/licenses/by/2.0,True,False,folling the river to McNair Cabin
provincial-tetrahedron-park,Tetrahedron Park,wikimedia_commons,Trips 04 - Tetrahedron - 31 (90964429).jpg,https://commons.wikimedia.org/wiki/File:Trips_04_-_Tetrahedron_-_31_(90964429).jpg,https://upload.wikimedia.org/wikipedia/commons/5/5f/Trips_04_-_Tetrahedron_-_31_%2890964429%29.jpg?utm_source=commons.wikimedia.org&utm_campaign=imageinfo&utm_content=original,https://upload.wikimedia.org/wikipedia/commons/5/5f/Trips_04_-_Tetrahedron_-_31_%2890964429%29.jpg?utm_source=commons.wikimedia.org&utm_campaign=imageinfo&utm_content=thumbnail_unscaled,"McKay Savage from London, UK",CC BY 2.0,https://creativecommons.org/licenses/by/2.0,True,False,folling the river to McNair Cabin
provincial-top-of-the-world-park,Top Of The World Park,wikimedia_commons,Fish Lake (5399708318).jpg,https://commons.wikimedia.org/wiki/File:Fish_Lake_(5399708318).jpg,https://upload.wikimedia.org/wikipedia/commons/c/ce/Fish_Lake_%285399708318%29.jpg?utm_source=commons.wikimedia.org&utm_campaign=imageinfo&utm_content=original,https://upload.wikimedia.org/wikipedia/commons/c/ce/Fish_Lake_%285399708318%29.jpg?utm_source=commons.wikimedia.org&utm_campaign=imageinfo&utm_content=thumbnail_unscaled,"Jody McIntyre from Montreal, Canada",CC BY-SA 2.0,https://creativecommons.org/licenses/by-sa/2.0,False,True,"Fish Lake, Top of the World Provincial Park, BC

Cross-Canada cycling trip, 2000"
provincial-top-of-the-world-park,Top Of The World Park,wikimedia_commons,Top of the World (5399104411).jpg,https://commons.wikimedia.org/wiki/File:Top_of_the_World_(5399104411).jpg,https://upload.wikimedia.org/wikipedia/commons/a/ad/Top_of_the_World_%285399104411%29.jpg?utm_source=commons.wikimedia.org&utm_campaign=imageinfo&utm_content=original,https://upload.wikimedia.org/wikipedia/commons/a/ad/Top_of_the_World_%285399104411%29.jpg?utm_source=commons.wikimedia.org&utm_campaign=imageinfo&utm_content=thumbnail_unscaled,"Jody McIntyre from Montreal, Canada",CC BY-SA 2.0,https://creativecommons.org/licenses/by-sa/2.0,False,True,"A view from Top of the World Provincial Park, BC

Cross-Canada cycling trip, 2000"
provincial-top-of-the-world-park,Top Of The World Park,wikimedia_commons,Hudsonospongia sp. (bowl shaped sponge).jpg,https://commons.wikimedia.org/wiki/File:Hudsonospongia_sp._(bowl_shaped_sponge).jpg,https://upload.wikimedia.org/wikipedia/commons/c/c3/Hudsonospongia_sp._%28bowl_shaped_sponge%29.jpg?utm_source=commons.wikimedia.org&utm_campaign=imageinfo&utm_content=original,https://thumb.wikimedia.org/wikipedia/commons/thumb/c/c3/Hudsonospongia_sp._%28bowl_shaped_sponge%29.jpg/960px-Hudsonospongia_sp._%28bowl_shaped_sponge%29.jpg?utm_source=commons.wikimedia.org&utm_campaign=imageinfo&utm_content=thumbnail,Bloopityboop,CC BY-SA 4.0,https://creativecommons.org/licenses/by-sa/4.0,False,True,"Hudsonospongia sp. TMP 1992.095.0006 (original not cast). 455 million years old, late Ordovician, Beaverfoot Formation, Top Of The World Provincial Park, British Columbia. At the Royal Tyrrell Museum of Palaeontology."
provincial-tweedsmuir-park,Tweedsmuir Park,wikimedia_commons,Tweedsmuir Park (250500036).jpg,https://commons.wikimedia.org/wiki/File:Tweedsmuir_Park_(250500036).jpg,https://upload.wikimedia.org/wikipedia/commons/5/5d/Tweedsmuir_Park_%28250500036%29.jpg?utm_source=commons.wikimedia.org&utm_campaign=imageinfo&utm_content=original,https://thumb.wikimedia.org/wikipedia/commons/thumb/5/5d/Tweedsmuir_Park_%28250500036%29.jpg/960px-Tweedsmuir_Park_%28250500036%29.jpg?utm_source=commons.wikimedia.org&utm_campaign=imageinfo&utm_content=thumbnail,"Shawn from Airdrie, Canada",CC BY-SA 2.0,https://creativecommons.org/licenses/by-sa/2.0,True,False,"Commons coordinates: 51.983400, -125.722732; Tweedsmuir Park"
provincial-vaseux-lake-park,Vaseux Lake Park,openverse,"Furrow Orbweaver - Larinioides patagiatus, Vaseux Lake Provincial Park, Okanagan Falls, British Columbia",https://www.flickr.com/photos/52450054@N04/15445227037,https://live.staticflickr.com/3935/15445227037_2942f85376_b.jpg,https://api.openverse.org/v1/images/33f1aefc-8a08-4dfd-8463-964236e0589b/thumb/,Judy Gallagher,CC BY 2.0,https://creativecommons.org/licenses/by/2.0/,False,True,
provincial-vaseux-lake-park,Vaseux Lake Park,openverse,"Day 282 - Western Yellowjacket - Dominula pensylvanica, Vaseux Lake Provincial Park, Okanagan Falls, British Columbia",https://www.flickr.com/photos/52450054@N04/21877271319,https://live.staticflickr.com/5782/21877271319_17c3d772e2_b.jpg,https://api.openverse.org/v1/images/453b4c95-731c-4ff3-96eb-f6adcd7b5035/thumb/,Judy Gallagher,CC BY 2.0,https://creativecommons.org/licenses/by/2.0/,False,True,
provincial-vaseux-lake-park,Vaseux Lake Park,openverse,"Arachtober 29 #1 - Marbled Orbweaver, Vaseux Lake Provincial Park, Oliver, British Columbia",https://www.flickr.com/photos/52450054@N04/30007611324,https://live.staticflickr.com/5824/30007611324_2d9d286021_b.jpg,https://api.openverse.org/v1/images/ab79a22d-a12c-46d4-ab1b-fca832d47020/thumb/,Judy Gallagher,CC BY 2.0,https://creativecommons.org/licenses/by/2.0/,False,True,
provincial-vaseux-lake-park,Vaseux Lake Park,openverse,"Marbled Orbweaver - Araneus marmoreus, Vaseux Lake Provincial Park, Okanagan Falls, British Columbia",https://www.flickr.com/photos/52450054@N04/15504396732,https://live.staticflickr.com/5604/15504396732_3fbb1d385d_b.jpg,https://api.openverse.org/v1/images/f65f0d23-24a8-4883-9ad5-d3920465f59c/thumb/,Judy Gallagher,CC BY 2.0,https://creativecommons.org/licenses/by/2.0/,False,True,
provincial-vaseux-lake-park,Vaseux Lake Park,openverse,"Marbled Orbweaver - Araneus marmoreus, Vaseux Lake Provincial Park, Okanagan Falls, British Columbia",https://www.flickr.com/photos/52450054@N04/15318084738,https://live.staticflickr.com/5615/15318084738_957430ecf5_b.jpg,https://api.openverse.org/v1/images/f95dc08b-78ea-41fa-9937-972201044a16/thumb/,Judy Gallagher,CC BY 2.0,https://creativecommons.org/licenses/by/2.0/,False,True,
provincial-vaseux-lake-park,Vaseux Lake Park,wikimedia_commons,"Marbled Orbweaver, Vaseux Lake Provincial Park, Oliver, British Columbia.jpg","https://commons.wikimedia.org/wiki/File:Marbled_Orbweaver,_Vaseux_Lake_Provincial_Park,_Oliver,_British_Columbia.jpg",https://upload.wikimedia.org/wikipedia/commons/4/42/Marbled_Orbweaver%2C_Vaseux_Lake_Provincial_Park%2C_Oliver%2C_British_Columbia.jpg?utm_source=commons.wikimedia.org&utm_campaign=imageinfo&utm_content=original,https://thumb.wikimedia.org/wikipedia/commons/thumb/4/42/Marbled_Orbweaver%2C_Vaseux_Lake_Provincial_Park%2C_Oliver%2C_British_Columbia.jpg/960px-Marbled_Orbweaver%2C_Vaseux_Lake_Provincial_Park%2C_Oliver%2C_British_Columbia.jpg?utm_source=commons.wikimedia.org&utm_campaign=imageinfo&utm_content=thumbnail,Judy Gallagher,CC BY 2.0,https://creativecommons.org/licenses/by/2.0,False,True,"Marbled Orbweaver, Vaseux Lake Provincial Park, Oliver, British Columbia"
provincial-vaseux-lake-park,Vaseux Lake Park,wikimedia_commons,"Long-jawed Orbweaver - Tetragnatha species, Vaseux Lake Provincial Park, Okanagan Falls, British Columbia.jpg","https://commons.wikimedia.org/wiki/File:Long-jawed_Orbweaver_-_Tetragnatha_species,_Vaseux_Lake_Provincial_Park,_Okanagan_Falls,_British_Columbia.jpg",https://upload.wikimedia.org/wikipedia/commons/1/17/Long-jawed_Orbweaver_-_Tetragnatha_species%2C_Vaseux_Lake_Provincial_Park%2C_Okanagan_Falls%2C_British_Columbia.jpg?utm_source=commons.wikimedia.org&utm_campaign=imageinfo&utm_content=original,https://thumb.wikimedia.org/wikipedia/commons/thumb/1/17/Long-jawed_Orbweaver_-_Tetragnatha_species%2C_Vaseux_Lake_Provincial_Park%2C_Okanagan_Falls%2C_British_Columbia.jpg/960px-Long-jawed_Orbweaver_-_Tetragnatha_species%2C_Vaseux_Lake_Provincial_Park%2C_Okanagan_Falls%2C_British_Columbia.jpg?utm_source=commons.wikimedia.org&utm_campaign=imageinfo&utm_content=thumbnail,Judy Gallagher,CC BY 2.0,https://creativecommons.org/licenses/by/2.0,False,True,"Long-jawed Orbweaver - Tetragnatha species, Vaseux Lake Provincial Park, Okanagan Falls, British Columbia"
provincial-vaseux-lake-park,Vaseux Lake Park,wikimedia_commons,"Tetragnatha species, Vaseux Lake Provincial Park, Okanagan Falls, British Columbia.jpg","https://commons.wikimedia.org/wiki/File:Tetragnatha_species,_Vaseux_Lake_Provincial_Park,_Okanagan_Falls,_British_Columbia.jpg",https://upload.wikimedia.org/wikipedia/commons/c/c4/Tetragnatha_species%2C_Vaseux_Lake_Provincial_Park%2C_Okanagan_Falls%2C_British_Columbia.jpg?utm_source=commons.wikimedia.org&utm_campaign=imageinfo&utm_content=original,https://thumb.wikimedia.org/wikipedia/commons/thumb/c/c4/Tetragnatha_species%2C_Vaseux_Lake_Provincial_Park%2C_Okanagan_Falls%2C_British_Columbia.jpg/960px-Tetragnatha_species%2C_Vaseux_Lake_Provincial_Park%2C_Okanagan_Falls%2C_British_Columbia.jpg?utm_source=commons.wikimedia.org&utm_campaign=imageinfo&utm_content=thumbnail,Judy Gallagher,CC BY 2.0,https://creativecommons.org/licenses/by/2.0,False,True,"Tetragnatha species, Vaseux Lake Provincial Park, Okanagan Falls, British Columbia"
provincial-vaseux-lake-park,Vaseux Lake Park,wikimedia_commons,"Hammock Spider - Pityohyphantes species, Vaseux Lake Provincial Park, Okanagan Falls, British Columbia.jpg","https://commons.wikimedia.org/wiki/File:Hammock_Spider_-_Pityohyphantes_species,_Vaseux_Lake_Provincial_Park,_Okanagan_Falls,_British_Columbia.jpg",https://upload.wikimedia.org/wikipedia/commons/7/7e/Hammock_Spider_-_Pityohyphantes_species%2C_Vaseux_Lake_Provincial_Park%2C_Okanagan_Falls%2C_British_Columbia.jpg?utm_source=commons.wikimedia.org&utm_campaign=imageinfo&utm_content=original,https://thumb.wikimedia.org/wikipedia/commons/thumb/7/7e/Hammock_Spider_-_Pityohyphantes_species%2C_Vaseux_Lake_Provincial_Park%2C_Okanagan_Falls%2C_British_Columbia.jpg/960px-Hammock_Spider_-_Pityohyphantes_species%2C_Vaseux_Lake_Provincial_Park%2C_Okanagan_Falls%2C_British_Columbia.jpg?utm_source=commons.wikimedia.org&utm_campaign=imageinfo&utm_content=thumbnail,Judy Gallagher,CC BY 2.0,https://creativecommons.org/licenses/by/2.0,False,True,"Hammock Spider - Pityohyphantes species, Vaseux Lake Provincial Park, Okanagan Falls, British Columbia"
provincial-vaseux-lake-park,Vaseux Lake Park,wikimedia_commons,"Marbled Orbweaver - Araneus marmoreus, Vaseux Lake Provincial Park, Okanagan Falls, British Columbia.jpg","https://commons.wikimedia.org/wiki/File:Marbled_Orbweaver_-_Araneus_marmoreus,_Vaseux_Lake_Provincial_Park,_Okanagan_Falls,_British_Columbia.jpg",https://upload.wikimedia.org/wikipedia/commons/9/9a/Marbled_Orbweaver_-_Araneus_marmoreus%2C_Vaseux_Lake_Provincial_Park%2C_Okanagan_Falls%2C_British_Columbia.jpg?utm_source=commons.wikimedia.org&utm_campaign=imageinfo&utm_content=original,https://thumb.wikimedia.org/wikipedia/commons/thumb/9/9a/Marbled_Orbweaver_-_Araneus_marmoreus%2C_Vaseux_Lake_Provincial_Park%2C_Okanagan_Falls%2C_British_Columbia.jpg/960px-Marbled_Orbweaver_-_Araneus_marmoreus%2C_Vaseux_Lake_Provincial_Park%2C_Okanagan_Falls%2C_British_Columbia.jpg?utm_source=commons.wikimedia.org&utm_campaign=imageinfo&utm_content=thumbnail,Judy Gallagher,CC BY 2.0,https://creativecommons.org/licenses/by/2.0,False,True,"Marbled Orbweaver - Araneus marmoreus, Vaseux Lake Provincial Park, Okanagan Falls, British Columbia.
 this is the same species I see back home in Virginia, but the markings are quite different."
provincial-wells-gray-park,Wells Gray Park,openverse,"Helmken Falls, Wells Gray Park, BC",https://www.flickr.com/photos/13894502@N00/8555099045,https://live.staticflickr.com/8240/8555099045_b23edb986e_b.jpg,https://api.openverse.org/v1/images/cb0eb295-aa03-4926-853d-161be9960cff/thumb/,Keira,CC BY 2.0,https://creativecommons.org/licenses/by/2.0/,False,True,
provincial-wells-gray-park,Wells Gray Park,wikimedia_commons,Bighorn Pixie.jpg,https://commons.wikimedia.org/wiki/File:Bighorn_Pixie.jpg,https://upload.wikimedia.org/wikipedia/commons/c/c6/Bighorn_Pixie.jpg?utm_source=commons.wikimedia.org&utm_campaign=imageinfo&utm_content=original,https://thumb.wikimedia.org/wikipedia/commons/thumb/c/c6/Bighorn_Pixie.jpg/960px-Bighorn_Pixie.jpg?utm_source=commons.wikimedia.org&utm_campaign=imageinfo&utm_content=thumbnail,Jason Hollinger,CC BY 2.0,https://creativecommons.org/licenses/by/2.0,False,True,"Cladonia cornuta
20090511

Wells Gray Provincial Park, BC"
provincial-wells-gray-park,Wells Gray Park,wikimedia_commons,Lecania dubitans 11616.jpg,https://commons.wikimedia.org/wiki/File:Lecania_dubitans_11616.jpg,https://upload.wikimedia.org/wikipedia/commons/a/af/Lecania_dubitans_11616.jpg?utm_source=commons.wikimedia.org&utm_campaign=imageinfo&utm_content=original,https://thumb.wikimedia.org/wikipedia/commons/thumb/a/af/Lecania_dubitans_11616.jpg/960px-Lecania_dubitans_11616.jpg?utm_source=commons.wikimedia.org&utm_campaign=imageinfo&utm_content=thumbnail,Jason Hollinger (jason),CC BY-SA 3.0,https://creativecommons.org/licenses/by-sa/3.0,False,True,"The lichen Lecania dubitans (Nyl.) A. L. Sm. Specimen photographed in Wells Gray Provincial Park, British Columbia, Canada. See Mushroom Observer page for more detailed collection notes."
provincial-wells-gray-park,Wells Gray Park,wikimedia_commons,Chestnut Pelt (5121211981).jpg,https://commons.wikimedia.org/wiki/File:Chestnut_Pelt_(5121211981).jpg,https://upload.wikimedia.org/wikipedia/commons/c/c5/Chestnut_Pelt_%285121211981%29.jpg?utm_source=commons.wikimedia.org&utm_campaign=imageinfo&utm_content=original,https://thumb.wikimedia.org/wikipedia/commons/thumb/c/c5/Chestnut_Pelt_%285121211981%29.jpg/960px-Chestnut_Pelt_%285121211981%29.jpg?utm_source=commons.wikimedia.org&utm_campaign=imageinfo&utm_content=thumbnail,Jason Hollinger,CC BY 2.0,https://creativecommons.org/licenses/by/2.0,False,True,"Peltigera castanea
20101026.26
Canada, BC, Wells Gray Provincial Park

(Stacked using CombineZP.)"
provincial-wells-gray-park,Wells Gray Park,wikimedia_commons,Leccinum holopus (4037883756).jpg,https://commons.wikimedia.org/wiki/File:Leccinum_holopus_(4037883756).jpg,https://upload.wikimedia.org/wikipedia/commons/f/f3/Leccinum_holopus_%284037883756%29.jpg?utm_source=commons.wikimedia.org&utm_campaign=imageinfo&utm_content=original,https://upload.wikimedia.org/wikipedia/commons/f/f3/Leccinum_holopus_%284037883756%29.jpg?utm_source=commons.wikimedia.org&utm_campaign=imageinfo&utm_content=thumbnail_unscaled,Jason Hollinger,CC BY 2.0,https://creativecommons.org/licenses/by/2.0,False,True,"Leccinum holopus
20090921.2

Canada, BC, Wells Gray Park"
provincial-wells-gray-park,Wells Gray Park,wikimedia_commons,Helmcken Falls.JPG,https://commons.wikimedia.org/wiki/File:Helmcken_Falls.JPG,https://upload.wikimedia.org/wikipedia/commons/1/19/Helmcken_Falls.JPG?utm_source=commons.wikimedia.org&utm_campaign=imageinfo&utm_content=original,https://upload.wikimedia.org/wikipedia/commons/1/19/Helmcken_Falls.JPG?utm_source=commons.wikimedia.org&utm_campaign=imageinfo&utm_content=thumbnail_unscaled,Sesivany/Jiri Eischmann,CC BY-SA 3.0,http://creativecommons.org/licenses/by-sa/3.0/,False,True,"Helmcken Falls in Wells Gray PP, British Columbia, Canada"
provincial-white-lake-park,White Lake Park,wikimedia_commons,WhiteLake.jpg,https://commons.wikimedia.org/wiki/File:WhiteLake.jpg,https://upload.wikimedia.org/wikipedia/commons/d/dd/WhiteLake.jpg?utm_source=commons.wikimedia.org&utm_campaign=imageinfo&utm_content=original,https://thumb.wikimedia.org/wikipedia/commons/thumb/d/dd/WhiteLake.jpg/960px-WhiteLake.jpg?utm_source=commons.wikimedia.org&utm_campaign=imageinfo&utm_content=thumbnail,The Interior,CC BY-SA 4.0,https://creativecommons.org/licenses/by-sa/4.0,False,True,"White Lake, in the Shuswap region of British Columbia."
provincial-whiteswan-lake-park,Whiteswan Lake Park,wikimedia_commons,Whiteswan lake 2016.jpg,https://commons.wikimedia.org/wiki/File:Whiteswan_lake_2016.jpg,https://upload.wikimedia.org/wikipedia/commons/3/31/Whiteswan_lake_2016.jpg?utm_source=commons.wikimedia.org&utm_campaign=imageinfo&utm_content=original,https://thumb.wikimedia.org/wikipedia/commons/thumb/3/31/Whiteswan_lake_2016.jpg/960px-Whiteswan_lake_2016.jpg?utm_source=commons.wikimedia.org&utm_campaign=imageinfo&utm_content=thumbnail,Sebb,CC BY-SA 4.0,https://creativecommons.org/licenses/by-sa/4.0,True,False,"Commons coordinates: 50.144722, -115.459722; Vue du Whiteswan lake."
provincial-whiteswan-lake-park,Whiteswan Lake Park,wikimedia_commons,"Whiteswan Lake Provincial Park, BC, Canada.jpg","https://commons.wikimedia.org/wiki/File:Whiteswan_Lake_Provincial_Park,_BC,_Canada.jpg",https://upload.wikimedia.org/wikipedia/commons/a/a6/Whiteswan_Lake_Provincial_Park%2C_BC%2C_Canada.jpg?utm_source=commons.wikimedia.org&utm_campaign=imageinfo&utm_content=original,https://thumb.wikimedia.org/wikipedia/commons/thumb/a/a6/Whiteswan_Lake_Provincial_Park%2C_BC%2C_Canada.jpg/960px-Whiteswan_Lake_Provincial_Park%2C_BC%2C_Canada.jpg?utm_source=commons.wikimedia.org&utm_campaign=imageinfo&utm_content=thumbnail,Esce03,CC BY-SA 4.0,https://creativecommons.org/licenses/by-sa/4.0,False,True,"Whiteswan Lake Provincial Park, BC, Canada"
provincial-wrinkly-face-park,Wrinkly Face Park,wikimedia_commons,Airport and UBCO from Wrinkly Face Park - panoramio.jpg,https://commons.wikimedia.org/wiki/File:Airport_and_UBCO_from_Wrinkly_Face_Park_-_panoramio.jpg,https://upload.wikimedia.org/wikipedia/commons/3/39/Airport_and_UBCO_from_Wrinkly_Face_Park_-_panoramio.jpg?utm_source=commons.wikimedia.org&utm_campaign=imageinfo&utm_content=original,https://thumb.wikimedia.org/wikipedia/commons/thumb/3/39/Airport_and_UBCO_from_Wrinkly_Face_Park_-_panoramio.jpg/960px-Airport_and_UBCO_from_Wrinkly_Face_Park_-_panoramio.jpg?utm_source=commons.wikimedia.org&utm_campaign=imageinfo&utm_content=thumbnail,Kiwibirdman,CC BY 3.0,https://creativecommons.org/licenses/by/3.0,True,False,"Commons coordinates: 50.041717, -119.311400; Airport and UBCO from Wrinkly Face Park"
provincial-wrinkly-face-park,Wrinkly Face Park,wikimedia_commons,Airport from Wrinkly Face Park - panoramio.jpg,https://commons.wikimedia.org/wiki/File:Airport_from_Wrinkly_Face_Park_-_panoramio.jpg,https://upload.wikimedia.org/wikipedia/commons/5/5c/Airport_from_Wrinkly_Face_Park_-_panoramio.jpg?utm_source=commons.wikimedia.org&utm_campaign=imageinfo&utm_content=original,https://thumb.wikimedia.org/wikipedia/commons/thumb/5/5c/Airport_from_Wrinkly_Face_Park_-_panoramio.jpg/960px-Airport_from_Wrinkly_Face_Park_-_panoramio.jpg?utm_source=commons.wikimedia.org&utm_campaign=imageinfo&utm_content=thumbnail,Kiwibirdman,CC BY 3.0,https://creativecommons.org/licenses/by/3.0,True,False,Airport from Wrinkly Face Park
provincial-wrinkly-face-park,Wrinkly Face Park,wikimedia_commons,Kelowna from Wrinkly Face Park - panoramio.jpg,https://commons.wikimedia.org/wiki/File:Kelowna_from_Wrinkly_Face_Park_-_panoramio.jpg,https://upload.wikimedia.org/wikipedia/commons/7/74/Kelowna_from_Wrinkly_Face_Park_-_panoramio.jpg?utm_source=commons.wikimedia.org&utm_campaign=imageinfo&utm_content=original,https://thumb.wikimedia.org/wikipedia/commons/thumb/7/74/Kelowna_from_Wrinkly_Face_Park_-_panoramio.jpg/960px-Kelowna_from_Wrinkly_Face_Park_-_panoramio.jpg?utm_source=commons.wikimedia.org&utm_campaign=imageinfo&utm_content=thumbnail,Kiwibirdman,CC BY 3.0,https://creativecommons.org/licenses/by/3.0,True,False,Kelowna from Wrinkly Face Park
provincial-wrinkly-face-park,Wrinkly Face Park,wikimedia_commons,Field of Wildflowers in Wrinkly Face Provincial Park.jpg,https://commons.wikimedia.org/wiki/File:Field_of_Wildflowers_in_Wrinkly_Face_Provincial_Park.jpg,https://upload.wikimedia.org/wikipedia/commons/2/22/Field_of_Wildflowers_in_Wrinkly_Face_Provincial_Park.jpg?utm_source=commons.wikimedia.org&utm_campaign=imageinfo&utm_content=original,https://thumb.wikimedia.org/wikipedia/commons/thumb/2/22/Field_of_Wildflowers_in_Wrinkly_Face_Provincial_Park.jpg/960px-Field_of_Wildflowers_in_Wrinkly_Face_Provincial_Park.jpg?utm_source=commons.wikimedia.org&utm_campaign=imageinfo&utm_content=thumbnail,Extemporalist,CC0,http://creativecommons.org/publicdomain/zero/1.0/deed.en,False,True,"Field of Wildflowers in Wrinkly Face Provincial Park, British Columbia, Canada"
provincial-wrinkly-face-park,Wrinkly Face Park,wikimedia_commons,Spruce Grove in Wrinkly Face Provincial Park.jpg,https://commons.wikimedia.org/wiki/File:Spruce_Grove_in_Wrinkly_Face_Provincial_Park.jpg,https://upload.wikimedia.org/wikipedia/commons/a/ad/Spruce_Grove_in_Wrinkly_Face_Provincial_Park.jpg?utm_source=commons.wikimedia.org&utm_campaign=imageinfo&utm_content=original,https://thumb.wikimedia.org/wikipedia/commons/thumb/a/ad/Spruce_Grove_in_Wrinkly_Face_Provincial_Park.jpg/960px-Spruce_Grove_in_Wrinkly_Face_Provincial_Park.jpg?utm_source=commons.wikimedia.org&utm_campaign=imageinfo&utm_content=thumbnail,Extemporalist,CC0,http://creativecommons.org/publicdomain/zero/1.0/deed.en,False,True,"Spruce Grove in Wrinkly Face Provincial Park, British Columbia, Canada"
regional-descanso-bay-regional-park,Descanso Bay Regional Park,wikimedia_commons,Mount Benson (7108089795).jpg,https://commons.wikimedia.org/wiki/File:Mount_Benson_(7108089795).jpg,https://upload.wikimedia.org/wikipedia/commons/b/b1/Mount_Benson_%287108089795%29.jpg?utm_source=commons.wikimedia.org&utm_campaign=imageinfo&utm_content=original,https://thumb.wikimedia.org/wikipedia/commons/thumb/b/b1/Mount_Benson_%287108089795%29.jpg/960px-Mount_Benson_%287108089795%29.jpg?utm_source=commons.wikimedia.org&utm_campaign=imageinfo&utm_content=thumbnail,"David Stanley from Nanaimo, Canada",CC BY 2.0,https://creativecommons.org/licenses/by/2.0,False,True,"Mount Benson from Descanso Bay, Gabriola Island, BC, Canada"
regional-east-point-regional-park,East Point Regional Park,openverse,"Cabin point, Coastal Trail, East Sooke Regional Park, British Columbia, Canada 003",https://commons.wikimedia.org/w/index.php?curid=70169234,https://upload.wikimedia.org/wikipedia/commons/1/10/Cabin_point%2C_Coastal_Trail%2C_East_Sooke_Regional_Park%2C_British_Columbia%2C_Canada_003.jpg,https://api.openverse.org/v1/images/6d0c90fe-7778-4c4d-8ada-4a94f4623ec1/thumb/,Michal Klajban,CC BY-SA 4.0,https://creativecommons.org/licenses/by-sa/4.0/,False,True,
regional-east-point-regional-park,East Point Regional Park,wikimedia_commons,Orcas Island (7604533586).jpg,https://commons.wikimedia.org/wiki/File:Orcas_Island_(7604533586).jpg,https://upload.wikimedia.org/wikipedia/commons/f/f0/Orcas_Island_%287604533586%29.jpg?utm_source=commons.wikimedia.org&utm_campaign=imageinfo&utm_content=original,https://thumb.wikimedia.org/wikipedia/commons/thumb/f/f0/Orcas_Island_%287604533586%29.jpg/960px-Orcas_Island_%287604533586%29.jpg?utm_source=commons.wikimedia.org&utm_campaign=imageinfo&utm_content=thumbnail,"David Stanley from Nanaimo, Canada",CC BY 2.0,https://creativecommons.org/licenses/by/2.0,False,True,"Orcas Island in Washington State seen across the Strait of Juan de Fuca from East Point, Saturna Island, British Columbia, Canada"
regional-east-point-regional-park,East Point Regional Park,wikimedia_commons,Starfish (7604533288).jpg,https://commons.wikimedia.org/wiki/File:Starfish_(7604533288).jpg,https://upload.wikimedia.org/wikipedia/commons/0/04/Starfish_%287604533288%29.jpg?utm_source=commons.wikimedia.org&utm_campaign=imageinfo&utm_content=original,https://thumb.wikimedia.org/wikipedia/commons/thumb/0/04/Starfish_%287604533288%29.jpg/960px-Starfish_%287604533288%29.jpg?utm_source=commons.wikimedia.org&utm_campaign=imageinfo&utm_content=thumbnail,"David Stanley from Nanaimo, Canada",CC BY 2.0,https://creativecommons.org/licenses/by/2.0,False,True,"starfish at low tide on Tumbo Channel at East Point, Saturna Island, British Columbia, Canada"
regional-east-point-regional-park,East Point Regional Park,wikimedia_commons,Fog Alarm Building (7604533012).jpg,https://commons.wikimedia.org/wiki/File:Fog_Alarm_Building_(7604533012).jpg,https://upload.wikimedia.org/wikipedia/commons/d/de/Fog_Alarm_Building_%287604533012%29.jpg?utm_source=commons.wikimedia.org&utm_campaign=imageinfo&utm_content=original,https://thumb.wikimedia.org/wikipedia/commons/thumb/d/de/Fog_Alarm_Building_%287604533012%29.jpg/960px-Fog_Alarm_Building_%287604533012%29.jpg?utm_source=commons.wikimedia.org&utm_campaign=imageinfo&utm_content=thumbnail,"David Stanley from Nanaimo, Canada",CC BY 2.0,https://creativecommons.org/licenses/by/2.0,False,True,"the Fog Alarm Building at East Point, Saturna Island, British Columbia, Canada, with the 1888 lighthouse in the background."
regional-george-hill-regional-park,George Hill Regional Park,wikimedia_commons,Trincomalli Channel from George Hill - panoramio.jpg,https://commons.wikimedia.org/wiki/File:Trincomalli_Channel_from_George_Hill_-_panoramio.jpg,https://upload.wikimedia.org/wikipedia/commons/1/16/Trincomalli_Channel_from_George_Hill_-_panoramio.jpg?utm_source=commons.wikimedia.org&utm_campaign=imageinfo&utm_content=original,https://thumb.wikimedia.org/wikipedia/commons/thumb/1/16/Trincomalli_Channel_from_George_Hill_-_panoramio.jpg/960px-Trincomalli_Channel_from_George_Hill_-_panoramio.jpg?utm_source=commons.wikimedia.org&utm_campaign=imageinfo&utm_content=thumbnail,Kiwibirdman,CC BY 3.0,https://creativecommons.org/licenses/by/3.0,True,False,Trincomalli Channel from George Hill
regional-greenspaces-central-kootenay-winlaw-regional-and-nature-park-8793,Winlaw Regional and Nature Park,wikimedia_commons,'10 HUGE stump and abandoned nature walk way near Winlaw - panoramio.jpg,https://commons.wikimedia.org/wiki/File:%2710_HUGE_stump_and_abandoned_nature_walk_way_near_Winlaw_-_panoramio.jpg,https://upload.wikimedia.org/wikipedia/commons/7/7c/%2710_HUGE_stump_and_abandoned_nature_walk_way_near_Winlaw_-_panoramio.jpg?utm_source=commons.wikimedia.org&utm_campaign=imageinfo&utm_content=original,https://upload.wikimedia.org/wikipedia/commons/7/7c/%2710_HUGE_stump_and_abandoned_nature_walk_way_near_Winlaw_-_panoramio.jpg?utm_source=commons.wikimedia.org&utm_campaign=imageinfo&utm_content=thumbnail_unscaled,Elusive Elements Pho…,CC BY-SA 3.0,https://creativecommons.org/licenses/by-sa/3.0,True,False,'10 HUGE stump and abandoned nature walk way near Winlaw
regional-greenspaces-comox-valley-bear-creek-nature-park-4816,Bear Creek Nature Park,wikimedia_commons,Bear Creek Nature Park.jpg,https://commons.wikimedia.org/wiki/File:Bear_Creek_Nature_Park.jpg,https://upload.wikimedia.org/wikipedia/commons/b/b3/Bear_Creek_Nature_Park.jpg?utm_source=commons.wikimedia.org&utm_campaign=imageinfo&utm_content=original,https://thumb.wikimedia.org/wikipedia/commons/thumb/b/b3/Bear_Creek_Nature_Park.jpg/960px-Bear_Creek_Nature_Park.jpg?utm_source=commons.wikimedia.org&utm_campaign=imageinfo&utm_content=thumbnail,David Stanley,CC BY 2.0,https://creativecommons.org/licenses/by/2.0,True,True,"Commons coordinates: 49.861493, -125.160595; A variety of hiking trails wind through Bear Creek Nature Park at Black Creek, British Columbia, Canada."
regional-greenspaces-comox-valley-bear-creek-nature-park-4816,Bear Creek Nature Park,wikimedia_commons,Bear Creek Nature Park (50242418446).jpg,https://commons.wikimedia.org/wiki/File:Bear_Creek_Nature_Park_(50242418446).jpg,https://upload.wikimedia.org/wikipedia/commons/f/f1/Bear_Creek_Nature_Park_%2850242418446%29.jpg?utm_source=commons.wikimedia.org&utm_campaign=imageinfo&utm_content=original,https://thumb.wikimedia.org/wikipedia/commons/thumb/f/f1/Bear_Creek_Nature_Park_%2850242418446%29.jpg/960px-Bear_Creek_Nature_Park_%2850242418446%29.jpg?utm_source=commons.wikimedia.org&utm_campaign=imageinfo&utm_content=thumbnail,"David Stanley from Nanaimo, Canada",CC BY 2.0,https://creativecommons.org/licenses/by/2.0,True,True,"Bear Creek Nature Park at Black Creek, British Columbia, Canada, was created in 2010 along the south bank of the Oyster River."
regional-greenspaces-comox-valley-morning-beach-park-4876,Morning Beach Park,wikimedia_commons,"Morning Beach Park, Denman Island (49341595687).jpg","https://commons.wikimedia.org/wiki/File:Morning_Beach_Park,_Denman_Island_(49341595687).jpg",https://upload.wikimedia.org/wikipedia/commons/d/dc/Morning_Beach_Park%2C_Denman_Island_%2849341595687%29.jpg?utm_source=commons.wikimedia.org&utm_campaign=imageinfo&utm_content=original,https://thumb.wikimedia.org/wikipedia/commons/thumb/d/dc/Morning_Beach_Park%2C_Denman_Island_%2849341595687%29.jpg/960px-Morning_Beach_Park%2C_Denman_Island_%2849341595687%29.jpg?utm_source=commons.wikimedia.org&utm_campaign=imageinfo&utm_content=thumbnail,"Gerry Thomasen from Nanaimo, Canada",CC BY 2.0,https://creativecommons.org/licenses/by/2.0,True,False,"Commons coordinates: 49.597794, -124.825920; These wooden stairs lead down the Komas Bluffs to a long beach on the northeast part of beautiful Denman Island."
regional-greenspaces-comox-valley-tsolum-spirit-park-4904,Tsolum Spirit Park,wikimedia_commons,Tsolum Spirit Park (51332758959).jpg,https://commons.wikimedia.org/wiki/File:Tsolum_Spirit_Park_(51332758959).jpg,https://upload.wikimedia.org/wikipedia/commons/a/a2/Tsolum_Spirit_Park_%2851332758959%29.jpg?utm_source=commons.wikimedia.org&utm_campaign=imageinfo&utm_content=original,https://thumb.wikimedia.org/wikipedia/commons/thumb/a/a2/Tsolum_Spirit_Park_%2851332758959%29.jpg/960px-Tsolum_Spirit_Park_%2851332758959%29.jpg?utm_source=commons.wikimedia.org&utm_campaign=imageinfo&utm_content=thumbnail,"David Stanley from Nanaimo, Canada",CC BY 2.0,https://creativecommons.org/licenses/by/2.0,True,True,"Commons coordinates: 49.751302, -125.087306; A section of the old Comox Logging Railway runs through an alder forest in Tsolum Spirit Park north of Courtenay on Vancouver Island, British Columbia, Canada."
regional-greenspaces-fraser-valley-cascade-falls-regional-park-4812,Cascade Falls Regional Park,wikimedia_commons,Cascade Falls Regional Park BC.jpg,https://commons.wikimedia.org/wiki/File:Cascade_Falls_Regional_Park_BC.jpg,https://upload.wikimedia.org/wikipedia/commons/e/e0/Cascade_Falls_Regional_Park_BC.jpg?utm_source=commons.wikimedia.org&utm_campaign=imageinfo&utm_content=original,https://thumb.wikimedia.org/wikipedia/commons/thumb/e/e0/Cascade_Falls_Regional_Park_BC.jpg/960px-Cascade_Falls_Regional_Park_BC.jpg?utm_source=commons.wikimedia.org&utm_campaign=imageinfo&utm_content=thumbnail,Casey Yee,CC BY-SA 2.0,https://creativecommons.org/licenses/by-sa/2.0,True,True,"Commons coordinates: 49.275000, -122.213000; Waterfall and forest in Cascade Falls Regional Park, Fraser Valley, British Columbia"
regional-greenspaces-fraser-valley-cascade-falls-regional-park-4812,Cascade Falls Regional Park,wikimedia_commons,Cascade Falls Park details.jpg,https://commons.wikimedia.org/wiki/File:Cascade_Falls_Park_details.jpg,https://upload.wikimedia.org/wikipedia/commons/0/08/Cascade_Falls_Park_details.jpg?utm_source=commons.wikimedia.org&utm_campaign=imageinfo&utm_content=original,https://thumb.wikimedia.org/wikipedia/commons/thumb/0/08/Cascade_Falls_Park_details.jpg/960px-Cascade_Falls_Park_details.jpg?utm_source=commons.wikimedia.org&utm_campaign=imageinfo&utm_content=thumbnail,"Casey Yee from Vancouver, BC, Canada",CC BY-SA 2.0,https://creativecommons.org/licenses/by-sa/2.0,True,False,40mm f/9 1/4s ISO 100
regional-greenspaces-fraser-valley-island-22-regional-park-4701,Island 22 Regional Park,openverse,"A small island off the coast of East Sooke Regional Park, British Columbia, Canada 22",https://commons.wikimedia.org/w/index.php?curid=70156870,https://upload.wikimedia.org/wikipedia/commons/4/47/A_small_island_off_the_coast_of_East_Sooke_Regional_Park%2C_British_Columbia%2C_Canada_22.jpg,https://api.openverse.org/v1/images/61d05c57-d255-4629-801d-54dd92fa4ec9/thumb/,Michal Klajban,CC BY-SA 4.0,https://creativecommons.org/licenses/by-sa/4.0/,False,True,
regional-greenspaces-fraser-valley-sumas-mountain-regional-park-4522,Sumas Mountain Regional Park,wikimedia_commons,Sumas panorama.jpg,https://commons.wikimedia.org/wiki/File:Sumas_panorama.jpg,https://upload.wikimedia.org/wikipedia/commons/3/31/Sumas_panorama.jpg?utm_source=commons.wikimedia.org&utm_campaign=imageinfo&utm_content=original,https://thumb.wikimedia.org/wikipedia/commons/thumb/3/31/Sumas_panorama.jpg/960px-Sumas_panorama.jpg?utm_source=commons.wikimedia.org&utm_campaign=imageinfo&utm_content=thumbnail,Purpy Pupple,CC BY-SA 3.0,https://creativecommons.org/licenses/by-sa/3.0,False,True,"Commons coordinates: 49.051588, -122.243596; View of Abbotsford, BC and Sumas Prairie looking southeast from Eagle Mountain (Lower Sumas Mountain), Abbotsford, BC, Canada. Observe Mount Baker, partially obscured by clouds, in the distance. Eagle Mountain is not to be confused with Eagle Mountain in Coquitlam, BC."
regional-greenspaces-okanagan-similkameen-osoyoos-lake-312,Osoyoos Lake,wikimedia_commons,Osoyoos Lake (4487149779).jpg,https://commons.wikimedia.org/wiki/File:Osoyoos_Lake_(4487149779).jpg,https://upload.wikimedia.org/wikipedia/commons/8/80/Osoyoos_Lake_%284487149779%29.jpg?utm_source=commons.wikimedia.org&utm_campaign=imageinfo&utm_content=original,https://thumb.wikimedia.org/wikipedia/commons/thumb/8/80/Osoyoos_Lake_%284487149779%29.jpg/960px-Osoyoos_Lake_%284487149779%29.jpg?utm_source=commons.wikimedia.org&utm_campaign=imageinfo&utm_content=thumbnail,"Darren Kirby from Edmonton, AB, Canada",CC BY-SA 2.0,https://creativecommons.org/licenses/by-sa/2.0,False,True,"Commons coordinates: 49.011045, -119.405454; This is a five image pano of Osoyoos Lake that spans across two countries. Oroville Washington is on the left, and Osoyoos British Columbia is on the right. 

Original size: 6102 x 1902"
regional-greenspaces-peace-river-charlie-lake-1298,Charlie Lake,wikimedia_commons,Catharus ustulatus Charlie Lake.jpg,https://commons.wikimedia.org/wiki/File:Catharus_ustulatus_Charlie_Lake.jpg,https://upload.wikimedia.org/wikipedia/commons/9/97/Catharus_ustulatus_Charlie_Lake.jpg?utm_source=commons.wikimedia.org&utm_campaign=imageinfo&utm_content=original,https://thumb.wikimedia.org/wikipedia/commons/thumb/9/97/Catharus_ustulatus_Charlie_Lake.jpg/960px-Catharus_ustulatus_Charlie_Lake.jpg?utm_source=commons.wikimedia.org&utm_campaign=imageinfo&utm_content=thumbnail,"Gerry from Fort St. John, BC, Canada",CC BY-SA 2.0,https://creativecommons.org/licenses/by-sa/2.0,False,True,"Commons coordinates: 56.329867, -120.952714; Swainson's Thrush Catharus ustulatus, Charlie Lake, British Columbia, Canada."
regional-greenspaces-peace-river-charlie-lake-1298,Charlie Lake,wikimedia_commons,Ixoreus naevius Charlie Lake.jpg,https://commons.wikimedia.org/wiki/File:Ixoreus_naevius_Charlie_Lake.jpg,https://upload.wikimedia.org/wikipedia/commons/c/c3/Ixoreus_naevius_Charlie_Lake.jpg?utm_source=commons.wikimedia.org&utm_campaign=imageinfo&utm_content=original,https://thumb.wikimedia.org/wikipedia/commons/thumb/c/c3/Ixoreus_naevius_Charlie_Lake.jpg/960px-Ixoreus_naevius_Charlie_Lake.jpg?utm_source=commons.wikimedia.org&utm_campaign=imageinfo&utm_content=thumbnail,"Gerry from Fort St. John, BC, Canada",CC BY-SA 2.0,https://creativecommons.org/licenses/by-sa/2.0,False,True,"Varied Thrush Ixoreus naevius, Charlie Lake, British Columbia, Canada."
regional-greenspaces-sunshine-coast-cliff-gilker-6977,Cliff Gilker,wikimedia_commons,Waterfall (15782563868).jpg,https://commons.wikimedia.org/wiki/File:Waterfall_(15782563868).jpg,https://upload.wikimedia.org/wikipedia/commons/b/b9/Waterfall_%2815782563868%29.jpg?utm_source=commons.wikimedia.org&utm_campaign=imageinfo&utm_content=original,https://thumb.wikimedia.org/wikipedia/commons/thumb/b/b9/Waterfall_%2815782563868%29.jpg/960px-Waterfall_%2815782563868%29.jpg?utm_source=commons.wikimedia.org&utm_campaign=imageinfo&utm_content=thumbnail,"Ken McMillan from Sechelt, BC, Canada",CC BY 2.0,https://creativecommons.org/licenses/by/2.0,True,True,"Commons coordinates: 49.428672, -123.641516; Cliff Gilker Park, Roberts Creek, BC"
regional-greenspaces-sunshine-coast-coopers-green-7157,Coopers Green,wikimedia_commons,Cooper Green Regional Park.jpg,https://commons.wikimedia.org/wiki/File:Cooper_Green_Regional_Park.jpg,https://upload.wikimedia.org/wikipedia/commons/d/d3/Cooper_Green_Regional_Park.jpg?utm_source=commons.wikimedia.org&utm_campaign=imageinfo&utm_content=original,https://thumb.wikimedia.org/wikipedia/commons/thumb/d/d3/Cooper_Green_Regional_Park.jpg/960px-Cooper_Green_Regional_Park.jpg?utm_source=commons.wikimedia.org&utm_campaign=imageinfo&utm_content=thumbnail,Mike,CC BY-SA 2.0,https://creativecommons.org/licenses/by-sa/2.0,False,True,"Coopers Green Regional Park in Sunshine Coast Regional District, BC"
regional-jordan-river-regional-park,Jordan River Regional Park,wikimedia_commons,Sunset on Juan de Fuca strait at River Jordan BC - panoramio.jpg,https://commons.wikimedia.org/wiki/File:Sunset_on_Juan_de_Fuca_strait_at_River_Jordan_BC_-_panoramio.jpg,https://upload.wikimedia.org/wikipedia/commons/6/6c/Sunset_on_Juan_de_Fuca_strait_at_River_Jordan_BC_-_panoramio.jpg?utm_source=commons.wikimedia.org&utm_campaign=imageinfo&utm_content=original,https://upload.wikimedia.org/wikipedia/commons/6/6c/Sunset_on_Juan_de_Fuca_strait_at_River_Jordan_BC_-_panoramio.jpg?utm_source=commons.wikimedia.org&utm_campaign=imageinfo&utm_content=thumbnail_unscaled,Roger Sylvia,CC BY-SA 3.0,https://creativecommons.org/licenses/by-sa/3.0,False,True,Sunset on Juan de Fuca strait at River Jordan BC
regional-metro-vancouver-ald,Aldergrove Regional Park,wikimedia_commons,Aldergrove 20210411 131251 (51112107733).jpg,https://commons.wikimedia.org/wiki/File:Aldergrove_20210411_131251_(51112107733).jpg,https://upload.wikimedia.org/wikipedia/commons/d/d7/Aldergrove_20210411_131251_%2851112107733%29.jpg?utm_source=commons.wikimedia.org&utm_campaign=imageinfo&utm_content=original,https://thumb.wikimedia.org/wikipedia/commons/thumb/d/d7/Aldergrove_20210411_131251_%2851112107733%29.jpg/960px-Aldergrove_20210411_131251_%2851112107733%29.jpg?utm_source=commons.wikimedia.org&utm_campaign=imageinfo&utm_content=thumbnail,waferboard,CC BY 2.0,https://creativecommons.org/licenses/by/2.0,True,False,20210411_131251
regional-metro-vancouver-ald,Aldergrove Regional Park,wikimedia_commons,Aldergrove 20210411 131605 (51112199261).jpg,https://commons.wikimedia.org/wiki/File:Aldergrove_20210411_131605_(51112199261).jpg,https://upload.wikimedia.org/wikipedia/commons/c/c0/Aldergrove_20210411_131605_%2851112199261%29.jpg?utm_source=commons.wikimedia.org&utm_campaign=imageinfo&utm_content=original,https://thumb.wikimedia.org/wikipedia/commons/thumb/c/c0/Aldergrove_20210411_131605_%2851112199261%29.jpg/960px-Aldergrove_20210411_131605_%2851112199261%29.jpg?utm_source=commons.wikimedia.org&utm_campaign=imageinfo&utm_content=thumbnail,waferboard,CC BY 2.0,https://creativecommons.org/licenses/by/2.0,True,False,20210411_131605
regional-metro-vancouver-ald,Aldergrove Regional Park,wikimedia_commons,Aldergrove 20210411 131614 (51111633697).jpg,https://commons.wikimedia.org/wiki/File:Aldergrove_20210411_131614_(51111633697).jpg,https://upload.wikimedia.org/wikipedia/commons/9/93/Aldergrove_20210411_131614_%2851111633697%29.jpg?utm_source=commons.wikimedia.org&utm_campaign=imageinfo&utm_content=original,https://thumb.wikimedia.org/wikipedia/commons/thumb/9/93/Aldergrove_20210411_131614_%2851111633697%29.jpg/960px-Aldergrove_20210411_131614_%2851111633697%29.jpg?utm_source=commons.wikimedia.org&utm_campaign=imageinfo&utm_content=thumbnail,waferboard,CC BY 2.0,https://creativecommons.org/licenses/by/2.0,True,False,20210411_131614
regional-metro-vancouver-bar,Barnston Island Regional Park,wikimedia_commons,Barnston Island Regional Park.jpg,https://commons.wikimedia.org/wiki/File:Barnston_Island_Regional_Park.jpg,https://upload.wikimedia.org/wikipedia/commons/d/df/Barnston_Island_Regional_Park.jpg?utm_source=commons.wikimedia.org&utm_campaign=imageinfo&utm_content=original,https://thumb.wikimedia.org/wikipedia/commons/thumb/d/df/Barnston_Island_Regional_Park.jpg/960px-Barnston_Island_Regional_Park.jpg?utm_source=commons.wikimedia.org&utm_campaign=imageinfo&utm_content=thumbnail,Theodor,CC BY-SA 4.0,https://creativecommons.org/licenses/by-sa/4.0,False,True,"Commons coordinates: 49.193774, -122.673442; Barnston Island Regional Park (park in Metro Vancouver, British Columbia, Canada)"
regional-metro-vancouver-bar,Barnston Island Regional Park,wikimedia_commons,Barnston Island Regional Park 2.jpg,https://commons.wikimedia.org/wiki/File:Barnston_Island_Regional_Park_2.jpg,https://upload.wikimedia.org/wikipedia/commons/6/6d/Barnston_Island_Regional_Park_2.jpg?utm_source=commons.wikimedia.org&utm_campaign=imageinfo&utm_content=original,https://thumb.wikimedia.org/wikipedia/commons/thumb/6/6d/Barnston_Island_Regional_Park_2.jpg/960px-Barnston_Island_Regional_Park_2.jpg?utm_source=commons.wikimedia.org&utm_campaign=imageinfo&utm_content=thumbnail,Theodor,CC BY-SA 4.0,https://creativecommons.org/licenses/by-sa/4.0,False,True,"Barnston Island Regional Park (park in Metro Vancouver, British Columbia, Canada)"
regional-metro-vancouver-bou,Boundary Bay Regional Park,wikimedia_commons,Boundary Bay Regional Park in Tsawwassen.jpg,https://commons.wikimedia.org/wiki/File:Boundary_Bay_Regional_Park_in_Tsawwassen.jpg,https://upload.wikimedia.org/wikipedia/commons/d/dc/Boundary_Bay_Regional_Park_in_Tsawwassen.jpg?utm_source=commons.wikimedia.org&utm_campaign=imageinfo&utm_content=original,https://thumb.wikimedia.org/wikipedia/commons/thumb/d/dc/Boundary_Bay_Regional_Park_in_Tsawwassen.jpg/960px-Boundary_Bay_Regional_Park_in_Tsawwassen.jpg?utm_source=commons.wikimedia.org&utm_campaign=imageinfo&utm_content=thumbnail,GoToVan,CC BY 2.0,https://creativecommons.org/licenses/by/2.0,False,True,"Boundary Bay Regional Park in Tsawwassen, Delta, BC"
regional-metro-vancouver-bur,Burnaby Lake Regional Park,openverse,Red-winged blackbird - Burnaby Lake Regional Park - British Columbia,https://www.flickr.com/photos/189257479@N02/50104945283,https://live.staticflickr.com/65535/50104945283_aaa6a8d482_b.jpg,https://api.openverse.org/v1/images/6b5b9701-3caf-4791-a6ff-b95ed049e946/thumb/,Wikimedia Canada,CC BY-SA 2.0,https://creativecommons.org/licenses/by-sa/2.0/,False,True,
regional-metro-vancouver-bur,Burnaby Lake Regional Park,wikimedia_commons,Canada goose - natures pics.jpg,https://commons.wikimedia.org/wiki/File:Canada_goose_-_natures_pics.jpg,https://upload.wikimedia.org/wikipedia/commons/9/9b/Canada_goose_-_natures_pics.jpg?utm_source=commons.wikimedia.org&utm_campaign=imageinfo&utm_content=original,https://thumb.wikimedia.org/wikipedia/commons/thumb/9/9b/Canada_goose_-_natures_pics.jpg/960px-Canada_goose_-_natures_pics.jpg?utm_source=commons.wikimedia.org&utm_campaign=imageinfo&utm_content=thumbnail,"Alan D. Wilson, www.naturespicsonline.com",CC BY-SA 2.5,https://creativecommons.org/licenses/by-sa/2.5,False,True,"Canada Goose, Burnaby Lake Regional Park (Piper Spit), Burnaby, British Columbia"
regional-metro-vancouver-bur,Burnaby Lake Regional Park,wikimedia_commons,Canada goose flight - natures pics.jpg,https://commons.wikimedia.org/wiki/File:Canada_goose_flight_-_natures_pics.jpg,https://upload.wikimedia.org/wikipedia/commons/8/8c/Canada_goose_flight_-_natures_pics.jpg?utm_source=commons.wikimedia.org&utm_campaign=imageinfo&utm_content=original,https://thumb.wikimedia.org/wikipedia/commons/thumb/8/8c/Canada_goose_flight_-_natures_pics.jpg/960px-Canada_goose_flight_-_natures_pics.jpg?utm_source=commons.wikimedia.org&utm_campaign=imageinfo&utm_content=thumbnail,"Alan D. Wilson, www.naturespicsonline.com",CC BY-SA 2.5,https://creativecommons.org/licenses/by-sa/2.5,False,True,"Canada Goose, Burnaby Lake Regional Park (Piper Spit), Burnaby, British Columbia"
regional-metro-vancouver-bur,Burnaby Lake Regional Park,wikimedia_commons,Canada goose gosling - natures pics.jpg,https://commons.wikimedia.org/wiki/File:Canada_goose_gosling_-_natures_pics.jpg,https://upload.wikimedia.org/wikipedia/commons/b/b5/Canada_goose_gosling_-_natures_pics.jpg?utm_source=commons.wikimedia.org&utm_campaign=imageinfo&utm_content=original,https://thumb.wikimedia.org/wikipedia/commons/thumb/b/b5/Canada_goose_gosling_-_natures_pics.jpg/960px-Canada_goose_gosling_-_natures_pics.jpg?utm_source=commons.wikimedia.org&utm_campaign=imageinfo&utm_content=thumbnail,"Alan D. Wilson, www.naturespicsonline.com",CC BY-SA 2.5,https://creativecommons.org/licenses/by-sa/2.5,False,True,"Canada Goose (Gosling), Burnaby Lake Regional Park (Piper Spit), Burnaby, British Columbia"
regional-metro-vancouver-bur,Burnaby Lake Regional Park,wikimedia_commons,Spotted Towhee.jpg,https://commons.wikimedia.org/wiki/File:Spotted_Towhee.jpg,https://upload.wikimedia.org/wikipedia/commons/6/69/Spotted_Towhee.jpg?utm_source=commons.wikimedia.org&utm_campaign=imageinfo&utm_content=original,https://upload.wikimedia.org/wikipedia/commons/6/69/Spotted_Towhee.jpg?utm_source=commons.wikimedia.org&utm_campaign=imageinfo&utm_content=thumbnail_unscaled,https://www.naturespicsonline.com/,CC BY-SA 3.0,https://creativecommons.org/licenses/by-sa/3.0,False,True,"Spotted Towhee (Pipilo maculatus), Burnaby Lake Regional Park (Piper Spit), Burnaby, British Columbia"
regional-metro-vancouver-bur,Burnaby Lake Regional Park,wikimedia_commons,Brown-Headed Cowbird.jpg,https://commons.wikimedia.org/wiki/File:Brown-Headed_Cowbird.jpg,https://upload.wikimedia.org/wikipedia/commons/9/9f/Brown-Headed_Cowbird.jpg?utm_source=commons.wikimedia.org&utm_campaign=imageinfo&utm_content=original,https://upload.wikimedia.org/wikipedia/commons/9/9f/Brown-Headed_Cowbird.jpg?utm_source=commons.wikimedia.org&utm_campaign=imageinfo&utm_content=thumbnail_unscaled,http://www.naturespicsonline.com/,CC BY-SA 3.0,https://creativecommons.org/licenses/by-sa/3.0,False,True,"Brown-Headed Cowbird (Molothrus ater), Burnaby Lake Regional Park (Piper Spit), Burnaby, British Columbia"
regional-metro-vancouver-cam,Campbell Valley Regional Park,wikimedia_commons,Stellers jay - natures pics.jpg,https://commons.wikimedia.org/wiki/File:Stellers_jay_-_natures_pics.jpg,https://upload.wikimedia.org/wikipedia/commons/e/ea/Stellers_jay_-_natures_pics.jpg?utm_source=commons.wikimedia.org&utm_campaign=imageinfo&utm_content=original,https://thumb.wikimedia.org/wikipedia/commons/thumb/e/ea/Stellers_jay_-_natures_pics.jpg/960px-Stellers_jay_-_natures_pics.jpg?utm_source=commons.wikimedia.org&utm_campaign=imageinfo&utm_content=thumbnail,"Alan D. Wilson, www.naturespicsonline.com",CC BY-SA 3.0,https://creativecommons.org/licenses/by-sa/3.0,True,True,"Commons coordinates: 49.025930, -122.656100; Stellers Jay, Little River Loop Trail, Campbell Valley Regional Park, Langley, British Columbia"
regional-metro-vancouver-cam,Campbell Valley Regional Park,wikimedia_commons,Little Campbell River Park.JPG,https://commons.wikimedia.org/wiki/File:Little_Campbell_River_Park.JPG,https://upload.wikimedia.org/wikipedia/commons/1/1b/Little_Campbell_River_Park.JPG?utm_source=commons.wikimedia.org&utm_campaign=imageinfo&utm_content=original,https://thumb.wikimedia.org/wikipedia/commons/thumb/1/1b/Little_Campbell_River_Park.JPG/960px-Little_Campbell_River_Park.JPG?utm_source=commons.wikimedia.org&utm_campaign=imageinfo&utm_content=thumbnail,Vranak,CC BY-SA 3.0,https://creativecommons.org/licenses/by-sa/3.0,False,True,"Footbridge over the 'river' (not visible) in Campbell Valley Regional Park, Langley, BC."
regional-metro-vancouver-cam,Campbell Valley Regional Park,wikimedia_commons,Annand Rowlatt Farmstead.JPG,https://commons.wikimedia.org/wiki/File:Annand_Rowlatt_Farmstead.JPG,https://upload.wikimedia.org/wikipedia/commons/c/c7/Annand_Rowlatt_Farmstead.JPG?utm_source=commons.wikimedia.org&utm_campaign=imageinfo&utm_content=original,https://thumb.wikimedia.org/wikipedia/commons/thumb/c/c7/Annand_Rowlatt_Farmstead.JPG/960px-Annand_Rowlatt_Farmstead.JPG?utm_source=commons.wikimedia.org&utm_campaign=imageinfo&utm_content=thumbnail,Colin Stepney,CC BY-SA 3.0,https://creativecommons.org/licenses/by-sa/3.0,False,True,"The Annand/Rowlatt Farmstead in Campbell Valley Regional Park, Langley, British Columbia"
regional-metro-vancouver-cam,Campbell Valley Regional Park,wikimedia_commons,Campbell Valley Regional Park - panoramio.jpg,https://commons.wikimedia.org/wiki/File:Campbell_Valley_Regional_Park_-_panoramio.jpg,https://upload.wikimedia.org/wikipedia/commons/b/b7/Campbell_Valley_Regional_Park_-_panoramio.jpg?utm_source=commons.wikimedia.org&utm_campaign=imageinfo&utm_content=original,https://thumb.wikimedia.org/wikipedia/commons/thumb/b/b7/Campbell_Valley_Regional_Park_-_panoramio.jpg/960px-Campbell_Valley_Regional_Park_-_panoramio.jpg?utm_source=commons.wikimedia.org&utm_campaign=imageinfo&utm_content=thumbnail,Colin W,CC BY-SA 3.0,https://creativecommons.org/licenses/by-sa/3.0,True,False,Campbell Valley Regional Park
regional-metro-vancouver-dea,Deas Island Regional Park,wikimedia_commons,IndustrialEquipment-DeasIsland.JPG,https://commons.wikimedia.org/wiki/File:IndustrialEquipment-DeasIsland.JPG,https://upload.wikimedia.org/wikipedia/commons/6/64/IndustrialEquipment-DeasIsland.JPG?utm_source=commons.wikimedia.org&utm_campaign=imageinfo&utm_content=original,https://thumb.wikimedia.org/wikipedia/commons/thumb/6/64/IndustrialEquipment-DeasIsland.JPG/960px-IndustrialEquipment-DeasIsland.JPG?utm_source=commons.wikimedia.org&utm_campaign=imageinfo&utm_content=thumbnail,Illustratedjc,CC BY-SA 4.0,https://creativecommons.org/licenses/by-sa/4.0,False,True,"Old industrial equipment, possibly for canning, on Deas Island in Delta, British Columbia, Canada. The plaque commemorates the opening of Deas Island Regional Park on 27 September 1981."
regional-metro-vancouver-der,Derby Reach Regional Park,wikimedia_commons,Abandoned Car Parts (111199045).jpeg,https://commons.wikimedia.org/wiki/File:Abandoned_Car_Parts_(111199045).jpeg,https://upload.wikimedia.org/wikipedia/commons/f/f8/Abandoned_Car_Parts_%28111199045%29.jpeg?utm_source=commons.wikimedia.org&utm_campaign=imageinfo&utm_content=original,https://thumb.wikimedia.org/wikipedia/commons/thumb/f/f8/Abandoned_Car_Parts_%28111199045%29.jpeg/960px-Abandoned_Car_Parts_%28111199045%29.jpeg?utm_source=commons.wikimedia.org&utm_campaign=imageinfo&utm_content=thumbnail,Jeff Macleod,CC BY-SA 3.0,https://creativecommons.org/licenses/by-sa/3.0,True,False,"Commons coordinates: 49.207757, -122.607422; 500px provided description: Located near Derby Reach Regional Park. [#park ,#leaves ,#car ,#outside ,#tree ,#grass ,#green ,#abandoned ,#part ,#overgrown ,#parts ,#reach ,#derby ,#derby reach regional park]"
regional-metro-vancouver-ion,Iona Beach Regional Park,wikimedia_commons,Chickadee - natures pics.jpg,https://commons.wikimedia.org/wiki/File:Chickadee_-_natures_pics.jpg,https://upload.wikimedia.org/wikipedia/commons/7/76/Chickadee_-_natures_pics.jpg?utm_source=commons.wikimedia.org&utm_campaign=imageinfo&utm_content=original,https://thumb.wikimedia.org/wikipedia/commons/thumb/7/76/Chickadee_-_natures_pics.jpg/960px-Chickadee_-_natures_pics.jpg?utm_source=commons.wikimedia.org&utm_campaign=imageinfo&utm_content=thumbnail,"Alan D. Wilson, www.naturespicsonline.com",CC BY-SA 2.5,https://creativecommons.org/licenses/by-sa/2.5,False,True,"Commons coordinates: 49.215356, -123.196564; A Blacked-Capped Chickadee (Poecile atricapillus, paridae), Iona Beach Regional Park, Richmond, British Columbia."
regional-metro-vancouver-ion,Iona Beach Regional Park,wikimedia_commons,Iona Beach Regional Park.jpg,https://commons.wikimedia.org/wiki/File:Iona_Beach_Regional_Park.jpg,https://upload.wikimedia.org/wikipedia/commons/3/3e/Iona_Beach_Regional_Park.jpg?utm_source=commons.wikimedia.org&utm_campaign=imageinfo&utm_content=original,https://thumb.wikimedia.org/wikipedia/commons/thumb/3/3e/Iona_Beach_Regional_Park.jpg/960px-Iona_Beach_Regional_Park.jpg?utm_source=commons.wikimedia.org&utm_campaign=imageinfo&utm_content=thumbnail,User:Usgnus,CC BY-SA 3.0,http://creativecommons.org/licenses/by-sa/3.0/,False,True,"Iona Beach Regional Park on Iona Island — Richmond, British Columbia"
regional-metro-vancouver-kan,Kanaka Creek Regional Park,wikimedia_commons,Kanaka Creek Oxbow - panoramio.jpg,https://commons.wikimedia.org/wiki/File:Kanaka_Creek_Oxbow_-_panoramio.jpg,https://upload.wikimedia.org/wikipedia/commons/7/78/Kanaka_Creek_Oxbow_-_panoramio.jpg?utm_source=commons.wikimedia.org&utm_campaign=imageinfo&utm_content=original,https://thumb.wikimedia.org/wikipedia/commons/thumb/7/78/Kanaka_Creek_Oxbow_-_panoramio.jpg/960px-Kanaka_Creek_Oxbow_-_panoramio.jpg?utm_source=commons.wikimedia.org&utm_campaign=imageinfo&utm_content=thumbnail,Kiwibirdman,CC BY 3.0,https://creativecommons.org/licenses/by/3.0,True,False,"Commons coordinates: 49.197826, -122.579794; Kanaka Creek Oxbow. The left arm opens into the Fraser River about 400m from the oxbow."
regional-metro-vancouver-kan,Kanaka Creek Regional Park,wikimedia_commons,View of the Fraser River from Kanaka Creek Park - panoramio.jpg,https://commons.wikimedia.org/wiki/File:View_of_the_Fraser_River_from_Kanaka_Creek_Park_-_panoramio.jpg,https://upload.wikimedia.org/wikipedia/commons/7/72/View_of_the_Fraser_River_from_Kanaka_Creek_Park_-_panoramio.jpg?utm_source=commons.wikimedia.org&utm_campaign=imageinfo&utm_content=original,https://thumb.wikimedia.org/wikipedia/commons/thumb/7/72/View_of_the_Fraser_River_from_Kanaka_Creek_Park_-_panoramio.jpg/960px-View_of_the_Fraser_River_from_Kanaka_Creek_Park_-_panoramio.jpg?utm_source=commons.wikimedia.org&utm_campaign=imageinfo&utm_content=thumbnail,Kiwibirdman,CC BY 3.0,https://creativecommons.org/licenses/by/3.0,True,False,View of the Fraser River from Kanaka Creek Park
regional-metro-vancouver-min,Minnekhada Regional Park,wikimedia_commons,"Minnekhada Regional Park, Coquitlam - panoramio.jpg","https://commons.wikimedia.org/wiki/File:Minnekhada_Regional_Park,_Coquitlam_-_panoramio.jpg",https://upload.wikimedia.org/wikipedia/commons/4/4d/Minnekhada_Regional_Park%2C_Coquitlam_-_panoramio.jpg?utm_source=commons.wikimedia.org&utm_campaign=imageinfo&utm_content=original,https://thumb.wikimedia.org/wikipedia/commons/thumb/4/4d/Minnekhada_Regional_Park%2C_Coquitlam_-_panoramio.jpg/960px-Minnekhada_Regional_Park%2C_Coquitlam_-_panoramio.jpg?utm_source=commons.wikimedia.org&utm_campaign=imageinfo&utm_content=thumbnail,Colin W,CC BY-SA 3.0,https://creativecommons.org/licenses/by-sa/3.0,True,False,"Commons coordinates: 49.298934, -122.702179; Minnekhada Regional Park, Coquitlam"
regional-metro-vancouver-min,Minnekhada Regional Park,wikimedia_commons,"Minnekhada Regional Park, Port Coquitlam - panoramio.jpg","https://commons.wikimedia.org/wiki/File:Minnekhada_Regional_Park,_Port_Coquitlam_-_panoramio.jpg",https://upload.wikimedia.org/wikipedia/commons/5/5a/Minnekhada_Regional_Park%2C_Port_Coquitlam_-_panoramio.jpg?utm_source=commons.wikimedia.org&utm_campaign=imageinfo&utm_content=original,https://thumb.wikimedia.org/wikipedia/commons/thumb/5/5a/Minnekhada_Regional_Park%2C_Port_Coquitlam_-_panoramio.jpg/960px-Minnekhada_Regional_Park%2C_Port_Coquitlam_-_panoramio.jpg?utm_source=commons.wikimedia.org&utm_campaign=imageinfo&utm_content=thumbnail,Colin W,CC BY-SA 3.0,https://creativecommons.org/licenses/by-sa/3.0,True,False,"Minnekhada Regional Park, Port Coquitlam"
regional-metro-vancouver-min,Minnekhada Regional Park,wikimedia_commons,"Minnekhada Regional Park, Port Coquitlam - panoramio - Colin W.jpg","https://commons.wikimedia.org/wiki/File:Minnekhada_Regional_Park,_Port_Coquitlam_-_panoramio_-_Colin_W.jpg",https://upload.wikimedia.org/wikipedia/commons/1/16/Minnekhada_Regional_Park%2C_Port_Coquitlam_-_panoramio_-_Colin_W.jpg?utm_source=commons.wikimedia.org&utm_campaign=imageinfo&utm_content=original,https://thumb.wikimedia.org/wikipedia/commons/thumb/1/16/Minnekhada_Regional_Park%2C_Port_Coquitlam_-_panoramio_-_Colin_W.jpg/960px-Minnekhada_Regional_Park%2C_Port_Coquitlam_-_panoramio_-_Colin_W.jpg?utm_source=commons.wikimedia.org&utm_campaign=imageinfo&utm_content=thumbnail,Colin W,CC BY-SA 3.0,https://creativecommons.org/licenses/by-sa/3.0,True,False,"Minnekhada Regional Park, Port Coquitlam"
regional-metro-vancouver-min,Minnekhada Regional Park,wikimedia_commons,"Minnekhada Regional Park, Port Coquitlam - panoramio - Colin W (1).jpg","https://commons.wikimedia.org/wiki/File:Minnekhada_Regional_Park,_Port_Coquitlam_-_panoramio_-_Colin_W_(1).jpg",https://upload.wikimedia.org/wikipedia/commons/0/08/Minnekhada_Regional_Park%2C_Port_Coquitlam_-_panoramio_-_Colin_W_%281%29.jpg?utm_source=commons.wikimedia.org&utm_campaign=imageinfo&utm_content=original,https://thumb.wikimedia.org/wikipedia/commons/thumb/0/08/Minnekhada_Regional_Park%2C_Port_Coquitlam_-_panoramio_-_Colin_W_%281%29.jpg/960px-Minnekhada_Regional_Park%2C_Port_Coquitlam_-_panoramio_-_Colin_W_%281%29.jpg?utm_source=commons.wikimedia.org&utm_campaign=imageinfo&utm_content=thumbnail,Colin W,CC BY-SA 3.0,https://creativecommons.org/licenses/by-sa/3.0,True,False,"Minnekhada Regional Park, Port Coquitlam"
regional-metro-vancouver-pac,Pacific Spirit Regional Park,openverse,"Pacific Spirit Regional Park, Vancouver, BC",https://www.flickr.com/photos/22168167@N00/3868075608,https://live.staticflickr.com/2584/3868075608_70de05f14a_b.jpg,https://api.openverse.org/v1/images/6c7d1552-eda6-4ee1-80b7-88fec3cda401/thumb/,abdallahh,CC BY 2.0,https://creativecommons.org/licenses/by/2.0/,False,True,
regional-metro-vancouver-pac,Pacific Spirit Regional Park,openverse,"Pacific Spirit Regional Park, Vancouver, BC",https://www.flickr.com/photos/22168167@N00/3868077390,https://live.staticflickr.com/3497/3868077390_e46dd5fd65_b.jpg,https://api.openverse.org/v1/images/bde73e6d-877c-4645-9ced-b013e0ea0f43/thumb/,abdallahh,CC BY 2.0,https://creativecommons.org/licenses/by/2.0/,False,True,
regional-metro-vancouver-pac,Pacific Spirit Regional Park,wikimedia_commons,Trees pacific spirit ubc.jpg,https://commons.wikimedia.org/wiki/File:Trees_pacific_spirit_ubc.jpg,https://upload.wikimedia.org/wikipedia/commons/f/f4/Trees_pacific_spirit_ubc.jpg?utm_source=commons.wikimedia.org&utm_campaign=imageinfo&utm_content=original,https://thumb.wikimedia.org/wikipedia/commons/thumb/f/f4/Trees_pacific_spirit_ubc.jpg/960px-Trees_pacific_spirit_ubc.jpg?utm_source=commons.wikimedia.org&utm_campaign=imageinfo&utm_content=thumbnail,JRempel,CC BY-SA 3.0,https://creativecommons.org/licenses/by-sa/3.0,False,True,"Douglas-firs at Pacific Spirit Park, University of British Columbia campus, Vancouver, Canada."
regional-metro-vancouver-pac,Pacific Spirit Regional Park,wikimedia_commons,Pacific spirit ubc.jpg,https://commons.wikimedia.org/wiki/File:Pacific_spirit_ubc.jpg,https://upload.wikimedia.org/wikipedia/commons/2/25/Pacific_spirit_ubc.jpg?utm_source=commons.wikimedia.org&utm_campaign=imageinfo&utm_content=original,https://thumb.wikimedia.org/wikipedia/commons/thumb/2/25/Pacific_spirit_ubc.jpg/960px-Pacific_spirit_ubc.jpg?utm_source=commons.wikimedia.org&utm_campaign=imageinfo&utm_content=thumbnail,JRempel,CC BY-SA 3.0,https://creativecommons.org/licenses/by-sa/3.0,False,True,"Red Alder trees in a swamp at Pacific Spirit Park, University of British Columbia campus, Vancouver, BC, Canada."
regional-metro-vancouver-pac,Pacific Spirit Regional Park,wikimedia_commons,Pacific spirit leaf.jpg,https://commons.wikimedia.org/wiki/File:Pacific_spirit_leaf.jpg,https://upload.wikimedia.org/wikipedia/commons/c/c4/Pacific_spirit_leaf.jpg?utm_source=commons.wikimedia.org&utm_campaign=imageinfo&utm_content=original,https://thumb.wikimedia.org/wikipedia/commons/thumb/c/c4/Pacific_spirit_leaf.jpg/960px-Pacific_spirit_leaf.jpg?utm_source=commons.wikimedia.org&utm_campaign=imageinfo&utm_content=thumbnail,JRempel,CC BY-SA 3.0,https://creativecommons.org/licenses/by-sa/3.0,False,True,"Frost-covered leaf. Pacific Spirit Park, Vancouver, BC, Canada. University of British Columbia campus."
regional-metro-vancouver-pac,Pacific Spirit Regional Park,wikimedia_commons,Pacific spirit park sign.jpg,https://commons.wikimedia.org/wiki/File:Pacific_spirit_park_sign.jpg,https://upload.wikimedia.org/wikipedia/commons/d/db/Pacific_spirit_park_sign.jpg?utm_source=commons.wikimedia.org&utm_campaign=imageinfo&utm_content=original,https://thumb.wikimedia.org/wikipedia/commons/thumb/d/db/Pacific_spirit_park_sign.jpg/960px-Pacific_spirit_park_sign.jpg?utm_source=commons.wikimedia.org&utm_campaign=imageinfo&utm_content=thumbnail,Visa110nick,CC BY-SA 3.0,https://creativecommons.org/licenses/by-sa/3.0,False,True,"Sign at an entrance to Pacific Spirit Park, in Vancouver, BC."
regional-metro-vancouver-sur,Surrey Bend Regional Park,wikimedia_commons,Grass seed heads (8028474697).jpg,https://commons.wikimedia.org/wiki/File:Grass_seed_heads_(8028474697).jpg,https://upload.wikimedia.org/wikipedia/commons/5/50/Grass_seed_heads_%288028474697%29.jpg?utm_source=commons.wikimedia.org&utm_campaign=imageinfo&utm_content=original,https://thumb.wikimedia.org/wikipedia/commons/thumb/5/50/Grass_seed_heads_%288028474697%29.jpg/960px-Grass_seed_heads_%288028474697%29.jpg?utm_source=commons.wikimedia.org&utm_campaign=imageinfo&utm_content=thumbnail,waferboard,CC BY 2.0,https://creativecommons.org/licenses/by/2.0,True,False,"Commons coordinates: 49.197017, -122.734451; Surrey Bend park in Surrey, B.C. 120825-16"
regional-metro-vancouver-sur,Surrey Bend Regional Park,wikimedia_commons,Dog on path (8028473393).jpg,https://commons.wikimedia.org/wiki/File:Dog_on_path_(8028473393).jpg,https://upload.wikimedia.org/wikipedia/commons/f/fe/Dog_on_path_%288028473393%29.jpg?utm_source=commons.wikimedia.org&utm_campaign=imageinfo&utm_content=original,https://thumb.wikimedia.org/wikipedia/commons/thumb/f/fe/Dog_on_path_%288028473393%29.jpg/960px-Dog_on_path_%288028473393%29.jpg?utm_source=commons.wikimedia.org&utm_campaign=imageinfo&utm_content=thumbnail,waferboard,CC BY 2.0,https://creativecommons.org/licenses/by/2.0,True,False,"Surrey Bend park in Surrey, B.C. 120825-20"
regional-metro-vancouver-sur,Surrey Bend Regional Park,wikimedia_commons,Path in the park (8028472727).jpg,https://commons.wikimedia.org/wiki/File:Path_in_the_park_(8028472727).jpg,https://upload.wikimedia.org/wikipedia/commons/8/81/Path_in_the_park_%288028472727%29.jpg?utm_source=commons.wikimedia.org&utm_campaign=imageinfo&utm_content=original,https://thumb.wikimedia.org/wikipedia/commons/thumb/8/81/Path_in_the_park_%288028472727%29.jpg/960px-Path_in_the_park_%288028472727%29.jpg?utm_source=commons.wikimedia.org&utm_campaign=imageinfo&utm_content=thumbnail,waferboard,CC BY 2.0,https://creativecommons.org/licenses/by/2.0,True,False,"Surrey Bend park in Surrey, B.C. 120825-21"
regional-metro-vancouver-sur,Surrey Bend Regional Park,wikimedia_commons,Grasses (8028469768).jpg,https://commons.wikimedia.org/wiki/File:Grasses_(8028469768).jpg,https://upload.wikimedia.org/wikipedia/commons/1/15/Grasses_%288028469768%29.jpg?utm_source=commons.wikimedia.org&utm_campaign=imageinfo&utm_content=original,https://thumb.wikimedia.org/wikipedia/commons/thumb/1/15/Grasses_%288028469768%29.jpg/960px-Grasses_%288028469768%29.jpg?utm_source=commons.wikimedia.org&utm_campaign=imageinfo&utm_content=thumbnail,waferboard,CC BY 2.0,https://creativecommons.org/licenses/by/2.0,True,False,"Surrey Bend park in Surrey, B.C. 120825-18"
regional-metro-vancouver-sur,Surrey Bend Regional Park,wikimedia_commons,Logboom on the Fraser River (8021919254).jpg,https://commons.wikimedia.org/wiki/File:Logboom_on_the_Fraser_River_(8021919254).jpg,https://upload.wikimedia.org/wikipedia/commons/2/29/Logboom_on_the_Fraser_River_%288021919254%29.jpg?utm_source=commons.wikimedia.org&utm_campaign=imageinfo&utm_content=original,https://thumb.wikimedia.org/wikipedia/commons/thumb/2/29/Logboom_on_the_Fraser_River_%288021919254%29.jpg/960px-Logboom_on_the_Fraser_River_%288021919254%29.jpg?utm_source=commons.wikimedia.org&utm_campaign=imageinfo&utm_content=thumbnail,waferboard,CC BY 2.0,https://creativecommons.org/licenses/by/2.0,True,False,"Surrey Bend park, next to the Fraser River in Surrey, B.C. 120825-12"
regional-metro-vancouver-tyn,Tynehead Regional Park,wikimedia_commons,One dead salmon on the pebbled shore (6656462773).jpg,https://commons.wikimedia.org/wiki/File:One_dead_salmon_on_the_pebbled_shore_(6656462773).jpg,https://upload.wikimedia.org/wikipedia/commons/a/a1/One_dead_salmon_on_the_pebbled_shore_%286656462773%29.jpg?utm_source=commons.wikimedia.org&utm_campaign=imageinfo&utm_content=original,https://thumb.wikimedia.org/wikipedia/commons/thumb/a/a1/One_dead_salmon_on_the_pebbled_shore_%286656462773%29.jpg/960px-One_dead_salmon_on_the_pebbled_shore_%286656462773%29.jpg?utm_source=commons.wikimedia.org&utm_campaign=imageinfo&utm_content=thumbnail,waferboard,CC BY 2.0,https://creativecommons.org/licenses/by/2.0,True,True,"Commons coordinates: 49.185630, -122.756853; I think it's a Chum. Serpentine River in Tynehead park in Surrey, BC. 111230-18"
regional-metro-vancouver-tyn,Tynehead Regional Park,wikimedia_commons,Mountain Ash berries 1 (6646922707).jpg,https://commons.wikimedia.org/wiki/File:Mountain_Ash_berries_1_(6646922707).jpg,https://upload.wikimedia.org/wikipedia/commons/1/19/Mountain_Ash_berries_1_%286646922707%29.jpg?utm_source=commons.wikimedia.org&utm_campaign=imageinfo&utm_content=original,https://thumb.wikimedia.org/wikipedia/commons/thumb/1/19/Mountain_Ash_berries_1_%286646922707%29.jpg/960px-Mountain_Ash_berries_1_%286646922707%29.jpg?utm_source=commons.wikimedia.org&utm_campaign=imageinfo&utm_content=thumbnail,waferboard,CC BY 2.0,https://creativecommons.org/licenses/by/2.0,True,True,"Tynehead park in Surrey, BC. 111230-14"
regional-metro-vancouver-tyn,Tynehead Regional Park,wikimedia_commons,The branches are red with anticipation of spring (6851705741).jpg,https://commons.wikimedia.org/wiki/File:The_branches_are_red_with_anticipation_of_spring_(6851705741).jpg,https://upload.wikimedia.org/wikipedia/commons/2/23/The_branches_are_red_with_anticipation_of_spring_%286851705741%29.jpg?utm_source=commons.wikimedia.org&utm_campaign=imageinfo&utm_content=original,https://thumb.wikimedia.org/wikipedia/commons/thumb/2/23/The_branches_are_red_with_anticipation_of_spring_%286851705741%29.jpg/960px-The_branches_are_red_with_anticipation_of_spring_%286851705741%29.jpg?utm_source=commons.wikimedia.org&utm_campaign=imageinfo&utm_content=thumbnail,waferboard,CC BY 2.0,https://creativecommons.org/licenses/by/2.0,True,True,"The last cold day in January at Tynehead park in Surrey, BC. 120130-16"
regional-metro-vancouver-tyn,Tynehead Regional Park,wikimedia_commons,Tynehead park (6844861835).jpg,https://commons.wikimedia.org/wiki/File:Tynehead_park_(6844861835).jpg,https://upload.wikimedia.org/wikipedia/commons/0/0a/Tynehead_park_%286844861835%29.jpg?utm_source=commons.wikimedia.org&utm_campaign=imageinfo&utm_content=original,https://thumb.wikimedia.org/wikipedia/commons/thumb/0/0a/Tynehead_park_%286844861835%29.jpg/960px-Tynehead_park_%286844861835%29.jpg?utm_source=commons.wikimedia.org&utm_campaign=imageinfo&utm_content=thumbnail,waferboard,CC BY 2.0,https://creativecommons.org/licenses/by/2.0,True,True,"Tynehead park in Surrey, BC. 120130-11"
regional-metro-vancouver-tyn,Tynehead Regional Park,wikimedia_commons,Wetland creations (6866222053).jpg,https://commons.wikimedia.org/wiki/File:Wetland_creations_(6866222053).jpg,https://upload.wikimedia.org/wikipedia/commons/6/6f/Wetland_creations_%286866222053%29.jpg?utm_source=commons.wikimedia.org&utm_campaign=imageinfo&utm_content=original,https://thumb.wikimedia.org/wikipedia/commons/thumb/6/6f/Wetland_creations_%286866222053%29.jpg/960px-Wetland_creations_%286866222053%29.jpg?utm_source=commons.wikimedia.org&utm_campaign=imageinfo&utm_content=thumbnail,waferboard,CC BY 2.0,https://creativecommons.org/licenses/by/2.0,True,True,"Kind of hard to see, but it's a series of ponds or marshy bits being groomed. Tynehead park in Surrey, BC. 120130-22"
regional-mount-benson-regional-park,Mount Benson Regional Park,wikimedia_commons,Mount Benson aerial 1.jpg,https://commons.wikimedia.org/wiki/File:Mount_Benson_aerial_1.jpg,https://upload.wikimedia.org/wikipedia/commons/1/1c/Mount_Benson_aerial_1.jpg?utm_source=commons.wikimedia.org&utm_campaign=imageinfo&utm_content=original,https://thumb.wikimedia.org/wikipedia/commons/thumb/1/1c/Mount_Benson_aerial_1.jpg/960px-Mount_Benson_aerial_1.jpg?utm_source=commons.wikimedia.org&utm_campaign=imageinfo&utm_content=thumbnail,KenWalker,CC BY-SA 4.0,https://creativecommons.org/licenses/by-sa/4.0,False,True,"Aerial shot of Mount Benson, Nanaimo BC"
regional-mount-benson-regional-park,Mount Benson Regional Park,wikimedia_commons,Mount Benson aerial 3.jpg,https://commons.wikimedia.org/wiki/File:Mount_Benson_aerial_3.jpg,https://upload.wikimedia.org/wikipedia/commons/4/42/Mount_Benson_aerial_3.jpg?utm_source=commons.wikimedia.org&utm_campaign=imageinfo&utm_content=original,https://thumb.wikimedia.org/wikipedia/commons/thumb/4/42/Mount_Benson_aerial_3.jpg/960px-Mount_Benson_aerial_3.jpg?utm_source=commons.wikimedia.org&utm_campaign=imageinfo&utm_content=thumbnail,KenWalker,CC BY-SA 4.0,https://creativecommons.org/licenses/by-sa/4.0,False,True,"Aerial shot of Mount Benson, Nanaimo BC"
regional-mount-benson-regional-park,Mount Benson Regional Park,wikimedia_commons,Mount Benson aerial 2.jpg,https://commons.wikimedia.org/wiki/File:Mount_Benson_aerial_2.jpg,https://upload.wikimedia.org/wikipedia/commons/0/05/Mount_Benson_aerial_2.jpg?utm_source=commons.wikimedia.org&utm_campaign=imageinfo&utm_content=original,https://thumb.wikimedia.org/wikipedia/commons/thumb/0/05/Mount_Benson_aerial_2.jpg/960px-Mount_Benson_aerial_2.jpg?utm_source=commons.wikimedia.org&utm_campaign=imageinfo&utm_content=thumbnail,KenWalker,CC BY-SA 4.0,https://creativecommons.org/licenses/by-sa/4.0,False,True,"Aerial shot of Mount Benson, Nanaimo BC"
regional-mount-benson-regional-park,Mount Benson Regional Park,wikimedia_commons,Mount Benson aerial 4.jpg,https://commons.wikimedia.org/wiki/File:Mount_Benson_aerial_4.jpg,https://upload.wikimedia.org/wikipedia/commons/a/af/Mount_Benson_aerial_4.jpg?utm_source=commons.wikimedia.org&utm_campaign=imageinfo&utm_content=original,https://thumb.wikimedia.org/wikipedia/commons/thumb/a/af/Mount_Benson_aerial_4.jpg/960px-Mount_Benson_aerial_4.jpg?utm_source=commons.wikimedia.org&utm_campaign=imageinfo&utm_content=thumbnail,KenWalker,CC BY-SA 4.0,https://creativecommons.org/licenses/by-sa/4.0,False,True,"Aerial shot of Mount Benson, Nanaimo BC"
regional-nanaimo-river-regional-park,Nanaimo River Regional Park,wikimedia_commons,Nanaimo River Rapids (9676612184).jpg,https://commons.wikimedia.org/wiki/File:Nanaimo_River_Rapids_(9676612184).jpg,https://upload.wikimedia.org/wikipedia/commons/7/7d/Nanaimo_River_Rapids_%289676612184%29.jpg?utm_source=commons.wikimedia.org&utm_campaign=imageinfo&utm_content=original,https://thumb.wikimedia.org/wikipedia/commons/thumb/7/7d/Nanaimo_River_Rapids_%289676612184%29.jpg/960px-Nanaimo_River_Rapids_%289676612184%29.jpg?utm_source=commons.wikimedia.org&utm_campaign=imageinfo&utm_content=thumbnail,"David Stanley from Nanaimo, Canada",CC BY 2.0,https://creativecommons.org/licenses/by/2.0,False,True,"Rapids in the Nanaimo River provide a challenge for kayakers at Nanaimo, British Columbia, Canada."
regional-rdco-1,Hardy Falls,openverse,"Hardy Falls, BC",https://www.flickr.com/photos/10154402@N03/6054060941,https://live.staticflickr.com/6206/6054060941_d7e2f33158_b.jpg,https://api.openverse.org/v1/images/5ae7a180-756e-4ff2-a2b5-a0f1e5183274/thumb/,Bruce Guenter,CC BY 2.0,https://creativecommons.org/licenses/by/2.0/,False,True,
regional-rdco-2,Antlers Beach,wikimedia_commons,Antlers Beach Regional Park in Late Winter.JPG,https://commons.wikimedia.org/wiki/File:Antlers_Beach_Regional_Park_in_Late_Winter.JPG,https://upload.wikimedia.org/wikipedia/commons/a/af/Antlers_Beach_Regional_Park_in_Late_Winter.JPG?utm_source=commons.wikimedia.org&utm_campaign=imageinfo&utm_content=original,https://thumb.wikimedia.org/wikipedia/commons/thumb/a/af/Antlers_Beach_Regional_Park_in_Late_Winter.JPG/960px-Antlers_Beach_Regional_Park_in_Late_Winter.JPG?utm_source=commons.wikimedia.org&utm_campaign=imageinfo&utm_content=thumbnail,Extemporalist,CC0,http://creativecommons.org/publicdomain/zero/1.0/deed.en,False,True,"Antlers Beach Regional Park, near Peachland BC."
regional-rdco-24,Mission Creek Greenway,openverse,High Creek Waters along Mission Creek Greenway - Kelowna - BC - Canada,https://www.flickr.com/photos/41000732@N04/49911703822,https://live.staticflickr.com/65535/49911703822_b6c970b73f_b.jpg,https://api.openverse.org/v1/images/0730bd00-6d25-4c62-8568-c254fc2511db/thumb/,"Adam Jones, Ph.D. - Global Photo Archive",CC BY-SA 2.0,https://creativecommons.org/licenses/by-sa/2.0/,False,True,
regional-rdco-24,Mission Creek Greenway,openverse,Waterlogged Reflection along Mission Creek Greenway - Kelowna - BC - Canada,https://www.flickr.com/photos/41000732@N04/49910889438,https://live.staticflickr.com/65535/49910889438_3916f30e74_b.jpg,https://api.openverse.org/v1/images/9df2ab16-1229-4a72-8a2e-8b8c6d2fd351/thumb/,"Adam Jones, Ph.D. - Global Photo Archive",CC BY-SA 2.0,https://creativecommons.org/licenses/by-sa/2.0/,False,True,
regional-rdco-24,Mission Creek Greenway,wikimedia_commons,Russdionnedotcom-Mission Creek Regional Park-creekview-2345Springfield Kelowna Panorama02.jpg,https://commons.wikimedia.org/wiki/File:Russdionnedotcom-Mission_Creek_Regional_Park-creekview-2345Springfield_Kelowna_Panorama02.jpg,https://upload.wikimedia.org/wikipedia/commons/7/74/Russdionnedotcom-Mission_Creek_Regional_Park-creekview-2345Springfield_Kelowna_Panorama02.jpg?utm_source=commons.wikimedia.org&utm_campaign=imageinfo&utm_content=original,https://thumb.wikimedia.org/wikipedia/commons/thumb/7/74/Russdionnedotcom-Mission_Creek_Regional_Park-creekview-2345Springfield_Kelowna_Panorama02.jpg/960px-Russdionnedotcom-Mission_Creek_Regional_Park-creekview-2345Springfield_Kelowna_Panorama02.jpg?utm_source=commons.wikimedia.org&utm_campaign=imageinfo&utm_content=thumbnail,Accuruss,CC BY-SA 3.0,https://creativecommons.org/licenses/by-sa/3.0,False,True,"Mission Creek Greenway Park Kelowna, BC Canada
Photography by www.russdionne.com

http://maps.google.ca/maps?q=Kelowna&oe=utf-8&client=firefox-a&ie=UTF8&hq=&hnear=Kelowna,+Central+Okanagan+Regional+District,+British+Columbia&gl=ca&ei=c9HETILPMIOCsQOLv9zaCw&ved=0CCIQ8gEwAA&ll=49.875237,-119.433832&spn=0.010067,0.032251&t=h&z=16"
regional-rdco-26,KLO Creek,wikimedia_commons,Early winter snow falls on KLO Creek.png,https://commons.wikimedia.org/wiki/File:Early_winter_snow_falls_on_KLO_Creek.png,https://upload.wikimedia.org/wikipedia/commons/1/1a/Early_winter_snow_falls_on_KLO_Creek.png?utm_source=commons.wikimedia.org&utm_campaign=imageinfo&utm_content=original,https://thumb.wikimedia.org/wikipedia/commons/thumb/1/1a/Early_winter_snow_falls_on_KLO_Creek.png/960px-Early_winter_snow_falls_on_KLO_Creek.png?utm_source=commons.wikimedia.org&utm_campaign=imageinfo&utm_content=thumbnail,Extemporalist,CC0,http://creativecommons.org/publicdomain/zero/1.0/deed.en,False,True,"Early winter snow falls on KLO Creek, in Southwest Kelowna, British Columbia, Canada"
regional-rdco-9,Shannon Lake,wikimedia_commons,2014 Smith Creek Fire as seen from Shannon Lake.jpg,https://commons.wikimedia.org/wiki/File:2014_Smith_Creek_Fire_as_seen_from_Shannon_Lake.jpg,https://upload.wikimedia.org/wikipedia/commons/7/79/2014_Smith_Creek_Fire_as_seen_from_Shannon_Lake.jpg?utm_source=commons.wikimedia.org&utm_campaign=imageinfo&utm_content=original,https://thumb.wikimedia.org/wikipedia/commons/thumb/7/79/2014_Smith_Creek_Fire_as_seen_from_Shannon_Lake.jpg/960px-2014_Smith_Creek_Fire_as_seen_from_Shannon_Lake.jpg?utm_source=commons.wikimedia.org&utm_campaign=imageinfo&utm_content=thumbnail,"James Abbott from West Kelowna  B.C., Canada",CC BY-SA 2.0,https://creativecommons.org/licenses/by-sa/2.0,False,True,"Commons coordinates: 49.857077, -119.611931; 2014 Smith Creek forest fire photographed from the Shannon Lake area of West Kelowna, British Columbia, Canada."
regional-rdffg-prop00003,George Hicks Regional Park,openverse,"Swift Creek, George Hicks Regional Park, in Valemount, BC",https://www.flickr.com/photos/195696549@N02/52099233523,https://live.staticflickr.com/65535/52099233523_73aba647d0_b.jpg,https://api.openverse.org/v1/images/251c5ac0-72e1-4323-b040-65cebfda9aba/thumb/,soubhik92,CC BY 2.0,https://creativecommons.org/licenses/by/2.0/,False,True,
regional-rdffg-prop00014,Giscome Portage-Huble Homestead Regional Park,wikimedia_commons,Huble Homestead (51550439591).jpg,https://commons.wikimedia.org/wiki/File:Huble_Homestead_(51550439591).jpg,https://upload.wikimedia.org/wikipedia/commons/6/69/Huble_Homestead_%2851550439591%29.jpg?utm_source=commons.wikimedia.org&utm_campaign=imageinfo&utm_content=original,https://thumb.wikimedia.org/wikipedia/commons/thumb/6/69/Huble_Homestead_%2851550439591%29.jpg/960px-Huble_Homestead_%2851550439591%29.jpg?utm_source=commons.wikimedia.org&utm_campaign=imageinfo&utm_content=thumbnail,"David Stanley from Nanaimo, Canada",CC BY 2.0,https://creativecommons.org/licenses/by/2.0,True,False,"Commons coordinates: 54.207614, -122.541096; The Huble Homestead Historic Site (1912) is near the 19th century Giscome Portage, the shortest route over the Continental Divide from the Fraser River to the Arctic drainage basin."
regional-roche-cove-regional-park,Roche Cove Regional Park,wikimedia_commons,"Sooke Basin, British Columbia, Canada 03.jpg","https://commons.wikimedia.org/wiki/File:Sooke_Basin,_British_Columbia,_Canada_03.jpg",https://upload.wikimedia.org/wikipedia/commons/e/e8/Sooke_Basin%2C_British_Columbia%2C_Canada_03.jpg?utm_source=commons.wikimedia.org&utm_campaign=imageinfo&utm_content=original,https://thumb.wikimedia.org/wikipedia/commons/thumb/e/e8/Sooke_Basin%2C_British_Columbia%2C_Canada_03.jpg/960px-Sooke_Basin%2C_British_Columbia%2C_Canada_03.jpg?utm_source=commons.wikimedia.org&utm_campaign=imageinfo&utm_content=thumbnail,Michal Klajban,CC BY-SA 4.0,https://creativecommons.org/licenses/by-sa/4.0,False,True,"Sooke Basin from Roche Cove Bridge, British Columbia, Canada"
regional-roche-cove-regional-park,Roche Cove Regional Park,wikimedia_commons,"Sooke Basin, British Columbia, Canada 04.jpg","https://commons.wikimedia.org/wiki/File:Sooke_Basin,_British_Columbia,_Canada_04.jpg",https://upload.wikimedia.org/wikipedia/commons/3/3d/Sooke_Basin%2C_British_Columbia%2C_Canada_04.jpg?utm_source=commons.wikimedia.org&utm_campaign=imageinfo&utm_content=original,https://thumb.wikimedia.org/wikipedia/commons/thumb/3/3d/Sooke_Basin%2C_British_Columbia%2C_Canada_04.jpg/960px-Sooke_Basin%2C_British_Columbia%2C_Canada_04.jpg?utm_source=commons.wikimedia.org&utm_campaign=imageinfo&utm_content=thumbnail,Michal Klajban,CC BY-SA 4.0,https://creativecommons.org/licenses/by-sa/4.0,False,True,"Sooke Basin from Roche Cove Bridge, British Columbia, Canada"
regional-sooke-potholes-regional-park,Sooke Potholes Regional Park,openverse,"Day 288 - Syrphid - Toxomerus occidentalis, Sooke Potholes Regional Park, Sooke, British Columbia",https://www.flickr.com/photos/52450054@N04/22831188795,https://live.staticflickr.com/5754/22831188795_5329f654ee_b.jpg,https://api.openverse.org/v1/images/1e97d621-a4cf-4c1f-ade8-ba73b159e047/thumb/,Judy Gallagher,CC BY 2.0,https://creativecommons.org/licenses/by/2.0/,False,True,
regional-sooke-potholes-regional-park,Sooke Potholes Regional Park,openverse,"Syrphid - Toxomerus occidentalis, Sooke Potholes Regional Park, Sooke, British Columbia",https://commons.wikimedia.org/w/index.php?curid=55252018,https://upload.wikimedia.org/wikipedia/commons/0/09/Syrphid_-_Toxomerus_occidentalis%2C_Sooke_Potholes_Regional_Park%2C_Sooke%2C_British_Columbia.jpg,https://api.openverse.org/v1/images/b18859af-f2b5-456f-8470-614354bc6f3a/thumb/,Judy Gallagher,CC BY 2.0,https://creativecommons.org/licenses/by/2.0/,False,True,
regional-sooke-potholes-regional-park,Sooke Potholes Regional Park,wikimedia_commons,"Syrphid - Toxomerus occidentalis, Sooke Potholes Regional Park, Sooke, British Columbia.jpg","https://commons.wikimedia.org/wiki/File:Syrphid_-_Toxomerus_occidentalis,_Sooke_Potholes_Regional_Park,_Sooke,_British_Columbia.jpg",https://upload.wikimedia.org/wikipedia/commons/0/09/Syrphid_-_Toxomerus_occidentalis%2C_Sooke_Potholes_Regional_Park%2C_Sooke%2C_British_Columbia.jpg?utm_source=commons.wikimedia.org&utm_campaign=imageinfo&utm_content=original,https://thumb.wikimedia.org/wikipedia/commons/thumb/0/09/Syrphid_-_Toxomerus_occidentalis%2C_Sooke_Potholes_Regional_Park%2C_Sooke%2C_British_Columbia.jpg/960px-Syrphid_-_Toxomerus_occidentalis%2C_Sooke_Potholes_Regional_Park%2C_Sooke%2C_British_Columbia.jpg?utm_source=commons.wikimedia.org&utm_campaign=imageinfo&utm_content=thumbnail,Judy Gallagher,CC BY 2.0,https://creativecommons.org/licenses/by/2.0,False,True,"Syrphid - Toxomerus occidentalis, Sooke Potholes Regional Park, Sooke, British Columbia."
