{"type":"FeatureCollection","features":[{"type":"Feature","properties":{"scope":"Outside British Columbia land and catalogued parks","sourceName":"Statistics Canada and park boundary providers","sourceUrl":"https://geo.statcan.gc.ca/geo_wa/rest/services/2021/Cartographic_boundary_files/MapServer/0"},"geometry":{"type":"MultiPolygon","coordinates":[[[[-180,-85],[180,-85],[180,85],[-180,85],[-180,-85]],[[-139.0522,60],[-135.4,60.0001],[-120,60],[-120,53.8062],[-119.9424,53.7759],[-119.8883,53.7795],[-119.8874,53.75],[-119.9157,53.7173],[-119.8443,53.7147],[-119.8396,53.6974],[-119.7929,53.7061],[-119.7556,53.6649],[-119.7345,53.6632],[-119.7372,53.6368],[-119.7134,53.6146],[-119.7592,53.591],[-119.9259,53.6145],[-119.861,53.5565],[-119.9004,53.533],[-119.8995,53.5191],[-119.8539,53.4999],[-119.8329,53.5193],[-119.7804,53.4918],[-119.7907,53.4754],[-119.7254,53.3888],[-119.6955,53.3906],[-119.6689,53.3678],[-119.6241,53.3596],[-119.5984,53.3657],[-119.5984,53.3835],[-119.4593,53.3572],[-119.3908,53.3608],[-119.3559,53.3401],[-119.356,53.3123],[-119.3297,53.2966],[-119.3405,53.2871],[-119.2515,53.199],[-119.2571,53.1766],[-119.2331,53.1935],[-119.146,53.1912],[-119.1195,53.1618],[-119.0885,53.1655],[-119.0469,53.1449],[-119.048,53.1268],[-119.0246,53.1267],[-118.9999,53.1486],[-119.0288,53.1642],[-118.9994,53.1928],[-118.9994,53.2127],[-119.0238,53.232],[-118.9752,53.2417],[-118.7865,53.1592],[-118.7725,53.133],[-118.7295,53.1155],[-118.7698,53.0745],[-118.7591,53.0658],[-118.7762,53.0454],[-118.759,53.038],[-118.7265,53.0602],[-118.6959,53.0328],[-118.6554,53.0348],[-118.6408,52.9993],[-118.6712,52.9783],[-118.6134,52.936],[-118.6138,52.8837],[-118.5755,52.8852],[-118.5438,52.9085],[-118.5002,52.9064],[-118.4483,52.8853],[-118.4612,52.8694],[-118.4525,52.8554],[-118.387,52.8471],[-118.4023,52.8425],[-118.4224,52.7758],[-118.3428,52.7386],[-118.3433,52.7089],[-118.2902,52.6777],[-118.3011,52.6541],[-118.3545,52.6337],[-118.3525,52.6107],[-118.3336,52.6062],[-118.3326,52.5802],[-118.2728,52.566],[-118.2892,52.5385],[-118.2355,52.4902],[-118.1934,52.4778],[-118.2554,52.4495],[-118.2194,52.3742],[-118.1801,52.3726],[-118.1381,52.4075],[-118.0442,52.3985],[-118.0304,52.4381],[-118.0507,52.4572],[-118.0211,52.4555],[-118.0133,52.4839],[-117.988,52.5002],[-117.9668,52.4697],[-117.8869,52.4261],[-117.7665,52.4177],[-117.7058,52.3654],[-117.7529,52.3164],[-117.778,52.3189],[-117.7961,52.2925],[-117.8396,52.2741],[-117.8183,52.2264],[-117.7432,52.194],[-117.6635,52.1979],[-117.6113,52.1443],[-117.5231,52.1583],[-117.5002,52.1443],[-117.3813,52.1377],[-117.3341,52.1486],[-117.3173,52.194],[-117.292,52.0854],[-117.3051,52.0743],[-117.2503,52.0351],[-117.2147,52.0285],[-117.2336,52.0118],[-117.196,51.9791],[-117.1032,51.9565],[-117.0977,51.9397],[-117.0108,51.8897],[-117.0335,51.8564],[-116.9798,51.8356],[-116.989,51.8111],[-116.9612,51.7909],[-116.9764,51.7602],[-116.9266,51.7291],[-116.9206,51.7098],[-116.8098,51.7054],[-116.798,51.7236],[-116.8193,51.7386],[-116.749,51.8051],[-116.6591,51.8052],[-116.6432,51.7867],[-116.6504,51.7537],[-116.5854,51.7128],[-116.595,51.6618],[-116.4999,51.6277],[-116.469,51.6017],[-116.4647,51.5658],[-116.3909,51.5456],[-116.3938,51.5057],[-116.3606,51.4709],[-116.284,51.4565],[-116.2942,51.4299],[-116.2825,51.4068],[-116.3114,51.385],[-116.2777,51.3617],[-116.29,51.3431],[-116.268,51.3119],[-116.219,51.2916],[-116.1641,51.2978],[-116.1533,51.2634],[-116.0076,51.222],[-116,51.194],[-116.0369,51.1701],[-116.0074,51.1563],[-116.0088,51.126],[-115.9683,51.1222],[-115.9236,51.0831],[-115.9009,51.0938],[-115.8425,51.0765],[-115.8128,51.0865],[-115.8028,51.0696],[-115.7534,51.0744],[-115.7736,51.0577],[-115.7671,51.0394],[-115.7268,51.0187],[-115.6924,51.0286],[-115.6283,50.9809],[-115.5971,50.9399],[-115.6098,50.9263],[-115.5621,50.8943],[-115.6489,50.8742],[-115.6394,50.838],[-115.5731,50.8377],[-115.5604,50.8047],[-115.4976,50.7824],[-115.4811,50.7552],[-115.4363,50.7557],[-115.4124,50.7336],[-115.4138,50.7113],[-115.3789,50.7053],[-115.3546,50.7227],[-115.3123,50.7239],[-115.2742,50.6489],[-115.3115,50.6286],[-115.2397,50.5892],[-115.231,50.5449],[-115.2081,50.5278],[-115.1546,50.5733],[-115.1175,50.5698],[-115.0853,50.5898],[-115.0521,50.5715],[-115.0151,50.5824],[-114.9122,50.4514],[-114.8598,50.4238],[-114.8623,50.3945],[-114.8248,50.3933],[-114.8192,50.3691],[-114.7686,50.3588],[-114.8,50.3298],[-114.7804,50.2998],[-114.7528,50.2938],[-114.7702,50.25],[-114.7247,50.1902],[-114.736,50.1204],[-114.6913,50.0713],[-114.6625,50.0649],[-114.6761,50.0481],[-114.6577,50.0297],[-114.6666,50.0033],[-114.6515,49.9755],[-114.6833,49.9671],[-114.6918,49.8963],[-114.6399,49.8277],[-114.6361,49.7848],[-114.6591,49.7651],[-114.6337,49.7304],[-114.6768,49.6962],[-114.6577,49.6613],[-114.6678,49.6375],[-114.7465,49.6185],[-114.7326,49.5764],[-114.6962,49.5468],[-114.5736,49.5575],[-114.6051,49.4389],[-114.5906,49.3961],[-114.4876,49.3473],[-114.4789,49.3268],[-114.4921,49.3138],[-114.454,49.2981],[-114.448,49.2644],[-114.3814,49.2508],[-114.4027,49.2417],[-114.399,49.2104],[-114.3185,49.2],[-114.2873,49.178],[-114.2216,49.1891],[-114.1613,49.1548],[-114.1491,49.1437],[-114.1661,49.1356],[-114.1532,49.0995],[-114.081,49.0597],[-114.0546,49.0243],[-114.0683,48.9989],[-122.7549,49.0022],[-122.8711,49.0261],[-122.8879,49.0569],[-122.8608,49.063],[-122.8495,49.0827],[-122.8909,49.0915],[-123.046,49.0472],[-123.0566,49.0278],[-123.0353,49.0021],[-123.0909,49.0019],[-123.1032,49.0233],[-123.1327,49.0045],[-123.0983,49.0366],[-123.1225,49.0499],[-123.1687,49.0162],[-123.1238,49.0508],[-123.1579,49.0668],[-123.0841,49.0947],[-123.0842,49.1112],[-123.067,49.1141],[-123.0724,49.1045],[-123.0526,49.1266],[-123.0802,49.1164],[-123,49.1576],[-123.1436,49.1107],[-123.2006,49.1259],[-123.1999,49.1742],[-123.1538,49.1753],[-123.1177,49.2006],[-123.10014652403581,49.20103711145914],[-123.1056271061461,49.201957677985476],[-123.137,49.2002],[-123.2677,49.2543],[-123.2624,49.2708],[-123.13074411538705,49.27220410918345],[-123.1579,49.2979],[-123.1418,49.3141],[-123.1164,49.3005],[-123.1338,49.294],[-123.0842,49.2838],[-122.9874,49.2953],[-122.8349,49.2841],[-122.9292,49.3043],[-122.9187,49.3298],[-122.92,49.3135],[-122.8869,49.336],[-122.8626,49.3836],[-122.8715,49.3946],[-122.8542,49.438],[-122.882,49.4712],[-122.8796,49.3807],[-122.949,49.3294],[-122.9368,49.3216],[-122.9558,49.3006],[-123.115,49.3085],[-123.2122,49.3411],[-123.2676,49.3318],[-123.2682,49.3569],[-123.2936,49.3727],[-123.2721,49.3747],[-123.2343,49.4181],[-123.2628,49.5195],[-123.2059,49.6206],[-123.2249,49.647],[-123.1692,49.6664],[-123.1436,49.7083],[-123.1636,49.6834],[-123.1566,49.6944],[-123.2573,49.6637],[-123.2492,49.6117],[-123.2701,49.5852],[-123.4899,49.5291],[-123.4805,49.5212],[-123.4962,49.5013],[-123.47,49.4854],[-123.4873,49.4671],[-123.4668,49.4431],[-123.5002,49.3937],[-123.5339,49.3837],[-123.7232,49.4385],[-123.7442,49.4703],[-123.8577,49.4785],[-123.8709,49.4679],[-123.9081,49.4848],[-123.9085,49.5122],[-123.9647,49.5092],[-123.9641,49.5278],[-123.941,49.5232],[-124.0017,49.5553],[-124.03595458333334,49.60959208333334],[-124.0372,49.6055],[-124.0592,49.6034],[-124.0598,49.6243],[-124.0393,49.6259],[-124.0487,49.6156],[-124.033,49.6193],[-124.03497764641688,49.61280201891597],[-123.9862,49.624],[-123.9963,49.6293],[-123.985,49.639],[-124.0186,49.6266],[-124.0727,49.6372],[-124.0669,49.6938],[-124.0341,49.7416],[-123.9719,49.7669],[-123.9078,49.7471],[-123.7929,49.547],[-123.7985,49.5125],[-123.756,49.4806],[-123.7452,49.5023],[-123.7794,49.5217],[-123.7591,49.5435],[-123.7822,49.5641],[-123.7901,49.6021],[-123.7184,49.6369],[-123.6636,49.6377],[-123.5632,49.6714],[-123.5284,49.6991],[-123.5313,49.7113],[-123.5625,49.6807],[-123.8047,49.6245],[-123.8404,49.6594],[-123.8182,49.6547],[-123.8269,49.676],[-123.7395,49.7233],[-123.7158,49.7862],[-123.7272,49.7872],[-123.7511,49.7242],[-123.8389,49.6864],[-123.8926,49.7493],[-123.947,49.7754],[-123.9204,49.7846],[-123.9242,49.7976],[-123.8736,49.8446],[-123.8682,49.8796],[-123.8864,49.9065],[-123.8659,49.917],[-123.9367,49.9193],[-123.9742,49.9572],[-123.9744,49.9805],[-123.9564,49.9977],[-123.7897,50.0463],[-123.7871,50.0685],[-123.7428,50.0872],[-123.8509,50.1635],[-123.7736,50.1884],[-123.7703,50.206],[-123.8568,50.1621],[-123.98873620030892,50.20843473701325],[-123.9732,50.186],[-123.8539,50.1354],[-123.8332,50.1047],[-123.8023,50.0932],[-123.8424,50.0577],[-124.0156,50],[-123.9755,49.9166],[-123.9033,49.8784],[-123.9216,49.8277],[-123.9455,49.8384],[-123.9667,49.8172],[-123.9594,49.8075],[-124.0012,49.8126],[-123.9958,49.8424],[-124.0334,49.8749],[-124.017,49.9141],[-124.0389,49.9319],[-124.0779,49.8698],[-124.0384,49.8358],[-124.0899,49.8397],[-124.1004,49.817],[-124.0788,49.7995],[-124.1435,49.7799],[-124.2778,49.7754],[-124.2611,49.7604],[-124.2691,49.7408],[-124.3304,49.7734],[-124.4073,49.7675],[-124.5264,49.8043],[-124.5304,49.8461],[-124.5564,49.8719],[-124.7522,49.9635],[-124.8062,50.0107],[-124.8428,50.064],[-124.7905,50.0563],[-124.7332,50.013],[-124.7366,50.0264],[-124.6746,49.9641],[-124.7196,50.0354],[-124.7069,50.0664],[-124.69830363165441,50.06854511964262],[-124.7238,50.0827],[-124.723,50.0453],[-124.7431,50.0364],[-124.7548,50.0424],[-124.7441,50.0567],[-124.7656,50.0423],[-124.8061,50.0753],[-124.7867,50.0672],[-124.701,50.0987],[-124.6898,50.1244],[-124.7279,50.1235],[-124.6315,50.161],[-124.606,50.1998],[-124.614,50.2348],[-124.5901,50.2417],[-124.6658,50.3173],[-124.7357,50.3259],[-124.6984,50.3395],[-124.6457,50.4037],[-124.5245,50.3969],[-124.4986,50.4225],[-124.4111,50.4396],[-124.3636,50.4852],[-124.3656,50.5],[-124.3826,50.4956],[-124.4117,50.4671],[-124.5451,50.4206],[-124.6748,50.434],[-124.7121,50.3734],[-124.8301,50.3067],[-124.9616,50.3373],[-124.9387,50.3804],[-124.9632,50.4295],[-125.0086,50.4464],[-124.9696,50.3758],[-125.0031,50.3428],[-125.0445,50.351],[-125.0319,50.3328],[-125.0416,50.3206],[-125.0805,50.3255],[-125.093,50.3491],[-125.0541,50.3722],[-125.0661,50.4114],[-125.0431,50.452],[-125.0522,50.4798],[-124.9695,50.5006],[-124.9355,50.534],[-124.9438,50.5535],[-124.8863,50.5604],[-124.8588,50.5918],[-124.8755,50.6009],[-124.8525,50.6654],[-124.8637,50.689],[-124.8397,50.7019],[-124.8322,50.7327],[-124.8648,50.7642],[-124.903,50.7751],[-124.917,50.8007],[-124.8639,50.8229],[-124.8376,50.8726],[-124.7867,50.8859],[-124.822,50.9307],[-124.8607,50.9306],[-124.8542,50.9013],[-124.8948,50.8718],[-124.9112,50.8375],[-124.9545,50.8341],[-124.9824,50.8101],[-124.9817,50.7973],[-124.9435,50.7828],[-124.9478,50.755],[-124.8865,50.7281],[-124.9292,50.6715],[-124.8981,50.6388],[-124.9067,50.613],[-124.9892,50.5685],[-124.9931,50.5365],[-125.1099,50.5025],[-125.0976,50.4455],[-125.1756,50.4069],[-125.2253,50.4233],[-125.2275,50.4444],[-125.2696,50.4599],[-125.2452,50.4883],[-125.2502,50.5029],[-125.1387,50.514],[-125.2561,50.506],[-125.31,50.4553],[-125.3523,50.4847],[-125.365,50.5686],[-125.3798,50.5271],[-125.4031,50.5303],[-125.3735,50.5052],[-125.3975,50.4676],[-125.4787,50.441],[-125.52075651129266,50.44410852474772],[-125.5039,50.4356],[-125.4993,50.4074],[-125.596,50.385],[-125.6171,50.396],[-125.6268,50.3809],[-125.7432,50.3767],[-125.7796,50.3827],[-125.7694,50.3904],[-125.7853,50.4011],[-125.6571,50.413],[-125.53039217071047,50.44482072566121],[-125.5937,50.4495],[-125.5234,50.5478],[-125.5397,50.5672],[-125.53,50.6339],[-125.509,50.6604],[-125.5193,50.6645],[-125.4583,50.6739],[-125.4314,50.7155],[-125.4018,50.7156],[-125.4218,50.7201],[-125.4756,50.7227],[-125.4667,50.6895],[-125.5279,50.6739],[-125.5588,50.629],[-125.5528,50.5954],[-125.5753,50.5777],[-125.5609,50.5781],[-125.5498,50.5501],[-125.6118,50.5166],[-125.59,50.512],[-125.6356,50.4981],[-125.5818,50.5046],[-125.6162,50.4515],[-125.6572,50.4287],[-125.7104,50.4228],[-125.7693,50.4666],[-125.6969,50.4904],[-125.7691,50.4734],[-125.7824,50.48],[-125.7627,50.4817],[-125.7651,50.495],[-125.8173,50.49],[-125.8076,50.5051],[-125.7207,50.5249],[-125.779,50.5364],[-125.808,50.5212],[-125.8354,50.5406],[-125.8264,50.5202],[-125.8426,50.4998],[-125.9152,50.4739],[-126.0019,50.4749],[-125.9849,50.494],[-126.0356,50.4742],[-126.084,50.485],[-126.0772,50.506],[-125.9094,50.5481],[-125.9392,50.5475],[-125.9389,50.5616],[-126.0685,50.5197],[-126.0952,50.4849],[-126.1553,50.4856],[-126.2872,50.5211],[-126.2108,50.5379],[-126.1863,50.5142],[-126.172,50.5211],[-126.1907,50.5688],[-126.1529,50.5878],[-126.0048,50.6111],[-125.9382,50.6368],[-125.9746,50.6424],[-126.1991,50.5788],[-126.2598269007325,50.59407318135893],[-126.2058,50.5676],[-126.2462,50.5385],[-126.2807,50.5381],[-126.2474,50.5692],[-126.2727,50.5699],[-126.3173,50.5246],[-126.3935,50.5284],[-126.4339,50.5127],[-126.6095,50.5239],[-126.6296,50.5391],[-126.611,50.5426],[-126.6778,50.5501],[-126.54,50.5465],[-126.4604,50.5627],[-126.4344,50.5501],[-126.4238,50.5544],[-126.4651,50.5705],[-126.3547,50.5835],[-126.358,50.5995],[-126.2797,50.5708],[-126.3136,50.5979],[-126.2958,50.6117],[-126.2665738095238,50.59737916666667],[-126.2755,50.613],[-126.2423,50.6271],[-126.2744,50.6172],[-126.2995,50.6309],[-126.1143,50.6432],[-126.0075,50.6676],[-125.7614,50.6753],[-125.7596,50.6875],[-125.7381,50.6877],[-125.7283,50.6549],[-125.7245,50.6826],[-125.6824,50.7101],[-125.6837,50.7394],[-125.6161,50.7588],[-125.5909,50.796],[-125.6344,50.8248],[-125.6468,50.8546],[-125.6145,50.8748],[-125.5497,50.8681],[-125.522,50.9216],[-125.4957,50.9387],[-125.5366,50.9747],[-125.5267,50.9854],[-125.5433,51.0088],[-125.5429,51.0567],[-125.5882,51.0803],[-125.5877,51.0949],[-125.6372,51.0932],[-125.6365,51.0716],[-125.5906,51.0359],[-125.6124,51.0222],[-125.5921,51.0156],[-125.5784,50.9864],[-125.5915,50.9657],[-125.5448,50.9373],[-125.5661,50.9038],[-125.6226,50.9047],[-125.6408,50.8988],[-125.6368,50.8864],[-125.685,50.875],[-125.6856,50.8251],[-125.6519,50.8085],[-125.6461,50.776],[-125.6864,50.7812],[-125.7226,50.7452],[-125.7101,50.7182],[-125.7278,50.7083],[-125.9284,50.6876],[-125.9926,50.6872],[-125.9529,50.7076],[-126.0152,50.7031],[-126.0943,50.6751],[-126.1851,50.6688],[-126.1977,50.6885],[-126.1885,50.7169],[-126.0087,50.7931],[-126.0259,50.8067],[-126.119,50.7691],[-126.1934,50.7813],[-126.2046,50.8092],[-126.1675,50.8411],[-126.1646,50.8782],[-126.1862,50.8759],[-126.1932,50.8419],[-126.2167,50.8325],[-126.2606,50.8427],[-126.2364,50.8698],[-126.2803,50.8459],[-126.329,50.8507],[-126.476,50.8137],[-126.5079,50.8176],[-126.4668,50.8505],[-126.5108,50.8664],[-126.552,50.8511],[-126.4842,50.8458],[-126.4934,50.8359],[-126.5659,50.8331],[-126.5838,50.8498],[-126.56,50.8445],[-126.5597,50.866],[-126.537,50.8726],[-126.55,50.8966],[-126.4954,50.925],[-126.4152,50.8963],[-126.4829,50.8728],[-126.4132,50.8839],[-126.3996,50.901],[-126.419,50.9077],[-126.3991,50.9179],[-126.2117,50.9011],[-126.1866,50.9267],[-126.4616,50.9441],[-126.5291,51.0439],[-126.5499,51.0029],[-126.5116,50.9414],[-126.5894,50.8987],[-126.6559,50.8831],[-126.664,50.8651],[-126.8407,50.912],[-126.6354,50.9339],[-126.6841,50.9335],[-126.6749,50.9391],[-126.7146,50.9528],[-126.6915,50.9379],[-126.8054,50.9457],[-126.7751,50.9624],[-126.7924,50.9714],[-126.7839,51.0209],[-126.796,50.9591],[-126.8391,50.965],[-126.8295,50.9539],[-126.8523,50.947],[-126.8729,50.9634],[-126.8664,50.9509],[-126.8816,50.9497],[-126.8621,50.9444],[-126.8726,50.9277],[-126.9042,50.9352],[-126.8851,50.9234],[-126.9127,50.9065],[-126.8887,50.9047],[-126.902,50.8943],[-127.0203,50.9036],[-127.03,50.9175],[-127.056,50.9068],[-127.1377,50.9318],[-127.1198,50.9438],[-127.1314,50.95],[-127.1013,50.9467],[-127.1207,50.9393],[-127.0358,50.9584],[-127.0372,50.9838],[-127.0713,51.0094],[-127.044,50.9593],[-127.1419,50.9501],[-127.1408,50.9361],[-127.1999,50.9195],[-127.1672,50.9242],[-127.0451,50.8884],[-126.8959,50.8858],[-126.9406,50.8518],[-127.0097,50.8339],[-127.0149,50.8175],[-127.0583,50.8287],[-127.058,50.8185],[-127.0735,50.8403],[-127.2702,50.9121],[-127.2404,50.9153],[-127.251,50.9212],[-127.2192,50.9432],[-127.2508,50.9231],[-127.2937,50.9358],[-127.2574,50.9197],[-127.2978,50.9006],[-127.3365,50.9055],[-127.3523,50.929],[-127.3657,50.9169],[-127.4071,50.9257],[-127.4534,50.9605],[-127.4118,50.9655],[-127.5185,51.0017],[-127.5199,51.0348],[-127.4964,51.0618],[-127.5114,51.0707],[-127.5222,51.0398],[-127.5144,51.0807],[-127.4719,51.0714],[-127.5093,51.0877],[-127.5009,51.0982],[-127.4055,51.0541],[-127.4475,51.0529],[-127.3236,51.034],[-127.2883,51.0017],[-127.2755,51.0032],[-127.2941,51.0144],[-127.2551,51],[-127.3055,50.9891],[-127.247,50.9937],[-127.2073,50.9781],[-127.1975,50.9705],[-127.2188,50.965],[-127.2088,50.9508],[-127.2026,50.9685],[-127.1715,50.9661],[-127.2339,50.9947],[-127.1933,51.0043],[-127.1905,51.021],[-127.2439,50.9996],[-127.3145,51.0325],[-127.28114349862464,51.03648722028102],[-127.23,51.032],[-127.0988,51.0476],[-127.0923,51.0296],[-127.0892,51.0459],[-127.0293,51.0594],[-126.7661,51.0682],[-126.7065,50.9982],[-126.7379,50.9986],[-126.7414,50.9855],[-126.6968,50.9972],[-126.7071,51.0389],[-126.6442,51.0522],[-126.7211,51.0468],[-126.7366,51.0668],[-126.7751,51.072],[-126.7165,51.1201],[-126.6604,51.14],[-126.6457,51.1748],[-126.6622,51.2012],[-126.6744,51.1545],[-126.7923,51.0819],[-126.8281,51.0758],[-126.8537,51.0839],[-126.7911,51.0977],[-126.947,51.0755],[-127.0201,51.0834],[-127.1558,51.0532],[-127.3091,51.0597],[-127.3463,51.0547],[-127.3395,51.038],[-127.4674,51.0902],[-127.2066,51.0848],[-127.19565050163692,51.07702185024818],[-127.1974,51.0951],[-127.4674,51.0936],[-127.5544,51.125],[-127.2682,51.1275],[-127.0932,51.1035],[-126.9073,51.0997],[-126.9191,51.1112],[-127.1341,51.1218],[-127.1063,51.1447],[-127.1063,51.1641],[-127.01824312852692,51.16317480419342],[-127.085,51.1724],[-127.0951,51.1885],[-127.1169,51.1413],[-127.1543,51.1239],[-127.4094,51.1349],[-127.4014,51.1529],[-127.4167,51.1855],[-127.4032,51.2016],[-127.2818,51.1864],[-127.2546,51.1943],[-127.2494,51.2112],[-127.305,51.1925],[-127.4154,51.2094],[-127.4223,51.1698],[-127.4772,51.1602],[-127.424,51.1619],[-127.4184,51.1434],[-127.4319,51.1345],[-127.466,51.1352],[-127.4545,51.1545],[-127.4708,51.1381],[-127.5492,51.1319],[-127.6159,51.143],[-127.5982,51.1329],[-127.6164,51.1277],[-127.5072,51.0974],[-127.6701,51.0921],[-127.6822,51.1328],[-127.7875,51.1635],[-127.7713,51.1836],[-127.7974,51.1973],[-127.7713,51.2147],[-127.786,51.2305],[-127.7702,51.2469],[-127.632,51.2814],[-127.6002,51.2691],[-127.6,51.2842],[-127.5721,51.28],[-127.5997,51.2652],[-127.5822,51.2606],[-127.4254,51.2688],[-127.4182,51.2767],[-127.4654,51.2775],[-127.3567,51.2909],[-127.3525,51.2809],[-127.1574,51.3169],[-127.1231,51.3379],[-127.1702,51.3268],[-127.1354,51.3606],[-127.0564,51.3526],[-127.1159,51.3588],[-127.1167,51.3999],[-127.1281,51.3693],[-127.2152,51.3176],[-127.33807334450208,51.30754160572184],[-127.3481,51.3269],[-127.3346,51.335],[-127.1749,51.3478],[-127.3467,51.3383],[-127.353,51.3112],[-127.37,51.307],[-127.5404,51.3201],[-127.4874,51.3352],[-127.5345,51.3386],[-127.4273,51.3637],[-127.3556,51.4092],[-127.4453,51.3741],[-127.4287,51.3762],[-127.4358,51.3684],[-127.4716,51.3713],[-127.5725,51.338],[-127.6735,51.3411],[-127.7014,51.3254],[-127.7806,51.3206],[-127.768,51.3268],[-127.7876,51.3353],[-127.7843,51.3724],[-127.7553,51.3692],[-127.7213,51.4018],[-127.6671,51.4033],[-127.6669,51.3685],[-127.6322,51.4324],[-127.5657,51.4729],[-127.53455792435936,51.460799615187824],[-127.5374,51.487],[-127.5634,51.4776],[-127.5618,51.5012],[-127.5366,51.5071],[-127.5454,51.4888],[-127.5211,51.5133],[-127.5125,51.5555],[-127.5239,51.5733],[-127.5047,51.6233],[-127.2502,51.6785],[-127.3354,51.6927],[-127.3491,51.7192],[-127.3647,51.6818],[-127.3953,51.6827],[-127.4296,51.657],[-127.4512,51.6645],[-127.4349,51.7057],[-127.4488,51.7547],[-127.3789,51.7795],[-127.3869,51.796],[-127.3566,51.8233],[-127.3562,51.8717],[-127.4004,51.7818],[-127.4277,51.7686],[-127.4518,51.78],[-127.4574,51.6953],[-127.5614,51.7124],[-127.6615,51.7073],[-127.5515,51.6824],[-127.4581,51.6852],[-127.485,51.6462],[-127.5341,51.6407],[-127.55,51.6637],[-127.5737,51.586],[-127.6616,51.5168],[-127.6763,51.5132],[-127.6691,51.526],[-127.6879,51.5369],[-127.7364,51.5219],[-127.7572,51.5452],[-127.7808,51.517],[-127.7797,51.5302],[-127.8013,51.533],[-127.7521,51.571],[-127.7955,51.562],[-127.7856,51.609],[-127.76,51.5999],[-127.7565,51.5827],[-127.7445,51.6067],[-127.665,51.6023],[-127.6886,51.6135],[-127.6868,51.6345],[-127.721,51.6144],[-127.7157,51.6513],[-127.727,51.6281],[-127.7347,51.6381],[-127.7545,51.6239],[-127.7637,51.6535],[-127.7693,51.6324],[-127.7951,51.6474],[-127.7921,51.6232],[-127.8168,51.624],[-127.818,51.6691],[-127.8424,51.639],[-127.8896,51.6927],[-127.8573,51.7128],[-127.8915,51.7153],[-127.8736,51.7742],[-127.8974,51.8158],[-127.8734,51.8412],[-127.8933,51.8387],[-127.8686,51.8438],[-127.882,51.8519],[-127.8487,51.8746],[-127.8717,51.8665],[-127.8633,51.8888],[-127.8868,51.8782],[-127.8775,51.9019],[-127.8389,51.8982],[-127.8234,51.9273],[-127.7475,51.9528],[-127.7046,51.9406],[-127.668,51.9511],[-127.674,51.9663],[-127.6301,52.0247],[-127.6554,52.0296],[-127.6076,52.1214],[-127.5551,52.1232],[-127.5271,52.1583],[-127.4753,52.1472],[-127.4657,52.1089],[-127.5771,52.102],[-127.6121,52.0313],[-127.5542,52.0898],[-127.4675,52.077],[-127.4357,52.1074],[-127.3755,52.1007],[-127.435,52.1177],[-127.473,52.1871],[-127.4266,52.1886],[-127.374,52.2257],[-127.292,52.2312],[-127.2573,52.2614],[-127.2128,52.2728],[-127.2054,52.2932],[-127.1821,52.2927],[-127.1774,52.3142],[-127.0001,52.2983],[-126.9554,52.2603],[-126.9271,52.1886],[-126.8379,52.1488],[-126.7657,52.0914],[-126.6949,52.0244],[-126.7023,51.9981],[-126.6862,51.993],[-126.6817,51.9629],[-126.6666,51.9641],[-126.6868,52.019],[-126.6799,52.0382],[-126.66,52.0362],[-126.7978,52.1504],[-126.9006,52.1968],[-126.9162,52.2525],[-126.9649,52.3096],[-126.9284,52.3492],[-126.7636,52.378],[-126.7831,52.3767],[-126.7746,52.394],[-126.9564,52.3669],[-126.9861,52.332],[-127.1084,52.3338],[-127.1638,52.3433],[-127.1846,52.3767],[-127.2169,52.3853],[-127.1895,52.4233],[-127.2423,52.4504],[-127.2156,52.4715],[-127.2378,52.514],[-127.2298,52.5358],[-127.117,52.5781],[-127.0743,52.6173],[-126.9873,52.6292],[-126.9741,52.6808],[-126.9189,52.7115],[-126.9576,52.7618],[-126.9541,52.8044],[-126.9823,52.813],[-126.9631,52.8344],[-127.0103,52.8388],[-127.0841,52.8841],[-126.9959,52.813],[-126.987,52.7937],[-127.0023,52.7638],[-126.9629,52.7164],[-127.009,52.6842],[-127.0097,52.6682],[-127.0323,52.6645],[-127.0379,52.6426],[-127.1126,52.6217],[-127.1342,52.5938],[-127.1696,52.6087],[-127.1628,52.5887],[-127.1819,52.5776],[-127.2169,52.5677],[-127.2435,52.5823],[-127.2209,52.5575],[-127.2557,52.5428],[-127.266,52.4982],[-127.295,52.4945],[-127.2759,52.4961],[-127.2601,52.4759],[-127.3172,52.4429],[-127.3185,52.457],[-127.3229,52.4299],[-127.3441,52.4179],[-127.4287,52.4269],[-127.6328,52.6071],[-127.6101,52.567],[-127.4892,52.4542],[-127.4183,52.4098],[-127.4544,52.407],[-127.4811,52.3756],[-127.5414,52.3998],[-127.4851,52.3696],[-127.4762,52.3534],[-127.4899,52.3377],[-127.6004,52.3197],[-127.606,52.2937],[-127.6284,52.2838],[-127.6723,52.2943],[-127.7169,52.272],[-127.7593,52.2717],[-127.7337,52.3395],[-127.6854,52.3518],[-127.7228,52.3604],[-127.785,52.2678],[-127.8825,52.1993],[-127.9008,52.2588],[-127.9303,52.2922],[-127.9264,52.3476],[-127.8662,52.3628],[-127.8378,52.3384],[-127.8825,52.4268],[-127.8984,52.414],[-127.9274,52.4449],[-127.8887,52.4617],[-127.89,52.4827],[-127.8716,52.4954],[-127.8133,52.476],[-127.8021,52.4513],[-127.78838958259009,52.45414555833036],[-127.8402,52.5155],[-127.8582,52.5002],[-127.8902,52.5023],[-127.9055,52.4674],[-127.93,52.4497],[-127.9399,52.4653],[-127.946,52.4457],[-127.883,52.3724],[-127.9439,52.358],[-127.945,52.3231],[-128.0078,52.3181],[-127.9986,52.3579],[-128.0124,52.3692],[-127.9893,52.3845],[-127.984,52.4436],[-127.9596,52.478],[-127.9301,52.4749],[-127.9621,52.4794],[-128.0018,52.4467],[-127.9943,52.4007],[-128.0168,52.3919],[-128.0003,52.3849],[-128.0194,52.3726],[-128.0099,52.3548],[-128.0257,52.3193],[-128.0859,52.4325],[-128.0777,52.458],[-128.0298,52.4662],[-128.0462,52.4835],[-128.0353,52.4975],[-127.9788,52.5176],[-128.0126,52.5172],[-128.013,52.5303],[-127.9914,52.528],[-128.0341,52.5349],[-128.0245,52.5136],[-128.0705,52.5113],[-128.1022,52.5511],[-128.0939,52.5912],[-128.0435,52.6007],[-128.0288,52.6232],[-128.0509,52.6534],[-128.0487,52.6265],[-128.1127,52.5971],[-128.1142,52.5482],[-128.0823,52.5122],[-128.1061,52.5115],[-128.0959,52.4973],[-128.1056,52.4716],[-128.1419,52.4398],[-128.1612,52.474],[-128.1603,52.4452],[-128.2071,52.4632],[-128.1501,52.431],[-128.1517,52.4093],[-128.1986,52.3625],[-128.238,52.4037],[-128.2046,52.3527],[-128.2863,52.2601],[-128.322,52.2657],[-128.2939,52.2863],[-128.3583,52.2662],[-128.3569,52.2808],[-128.3215,52.2847],[-128.3696,52.2898],[-128.321,52.3433],[-128.324,52.3576],[-128.3252,52.3393],[-128.343,52.3377],[-128.3419152175546,52.34826888039662],[-128.3718,52.3352],[-128.3767,52.3503],[-128.3501,52.3635],[-128.34147818910634,52.35252678613533],[-128.3395,52.3718],[-128.3049,52.4012],[-128.2756,52.4054],[-128.2603,52.3902],[-128.2655,52.4053],[-128.2333,52.4249],[-128.2247,52.4745],[-128.1958,52.4824],[-128.2386,52.5014],[-128.2466,52.5713],[-128.2308,52.5703],[-128.182,52.6288],[-128.1697,52.6793],[-128.1153,52.758],[-128.0822,52.7636],[-127.9435,52.7286],[-127.88,52.752],[-127.8202,52.7326],[-127.8809,52.7528],[-127.88080412622038,52.754365938400426],[-127.9473,52.739],[-127.9829,52.7566],[-127.9934,52.7888],[-128.0023,52.7576],[-128.0897,52.7764],[-128.1306,52.7685],[-128.1232,52.8321],[-128.1439,52.8464],[-128.1365,52.8769],[-128.1253,52.8926],[-128.1265,52.8736],[-128.1152,52.8761],[-128.1171,52.8971],[-128.0213,52.901],[-128.033,52.9209],[-128.1163,52.9097],[-128.1347,52.9286],[-128.1611,52.8572],[-128.2253,52.8373],[-128.2041,52.8328],[-128.2408,52.7996],[-128.334,52.7983],[-128.3917,52.8186],[-128.3753,52.8392],[-128.4304,52.8145],[-128.4428,52.8217],[-128.4984,52.8838],[-128.5004,52.9218],[-128.475,52.9142],[-128.4154,52.9329],[-128.3766,52.9959],[-128.3991,52.9903],[-128.4135,52.9448],[-128.4865,52.9201],[-128.5035,52.9327],[-128.5134,52.9807],[-128.5043,53.0139],[-128.5205,53.0134],[-128.5507,53.0675],[-128.5201,53.089],[-128.4119,53.0858],[-128.4659,53.1068],[-128.5566,53.0874],[-128.5659,53.1229],[-128.5126,53.1235],[-128.4762,53.1451],[-128.5792,53.1283],[-128.6443,53.1849],[-128.6836,53.25],[-128.6562,53.1808],[-128.7287,53.2023],[-128.8511,53.2705],[-128.8896,53.3292],[-128.8839,53.3503],[-128.8467,53.3607],[-128.8901,53.3566],[-128.8816,53.4018],[-128.9047,53.4298],[-128.8696,53.4659],[-128.8349,53.4695],[-128.8714,53.4811],[-128.9228,53.4453],[-128.9751,53.4941],[-128.9611,53.535],[-128.9869,53.5418],[-128.9622,53.5499],[-128.8697,53.5295],[-128.8143,53.5683],[-128.7679,53.5036],[-128.7846,53.4706],[-128.7606,53.4904],[-128.7311,53.4895],[-128.6845,53.446],[-128.6813,53.4611],[-128.7217,53.4906],[-128.6574,53.4753],[-128.5743,53.4171],[-128.52253583877996,53.40231023965141],[-128.4816,53.4298],[-128.3704,53.4406],[-128.3549,53.454],[-128.3624,53.4774],[-128.2784,53.4469],[-128.1608,53.4554],[-128.0993,53.4281],[-128.074,53.3809],[-128.1227,53.3365],[-128.1071,53.3311],[-128.0375,53.3711],[-128.0093,53.3407],[-127.9418,53.321],[-127.9544,53.2675],[-127.8751,53.2246],[-127.8742,53.2479],[-127.9323,53.2754],[-127.9277,53.33],[-127.9991,53.3504],[-128.0605,53.3916],[-128.0582,53.4064],[-128.1307,53.4702],[-128.1229,53.4834],[-128.3084,53.4751],[-128.3678,53.5115],[-128.396,53.4828],[-128.3812,53.4563],[-128.5384,53.428],[-128.5532,53.4497],[-128.5995,53.4603],[-128.5865,53.4766],[-128.6018,53.4884],[-128.6868,53.502],[-128.7331,53.5535],[-128.748,53.54],[-128.7682,53.5522],[-128.7645,53.5667],[-128.8161,53.6078],[-128.8368,53.6467],[-128.7863,53.6902],[-128.7765,53.7265],[-128.8046,53.7425],[-128.8065,53.7719],[-128.7232,53.8141],[-128.7044,53.7991],[-128.707,53.8277],[-128.6684,53.8548],[-128.6079,53.8324],[-128.4848,53.827],[-128.4973,53.8479],[-128.6032,53.8448],[-128.713,53.8842],[-128.7029,53.9106],[-128.6746,53.8925],[-128.6914,53.9133],[-128.6572,53.9474],[-128.6518,53.9785],[-128.6409,53.9736],[-128.6526,53.9985],[-128.6091,54.0312],[-128.6812,54.0163],[-128.6773,53.9929],[-128.6844,54.0043],[-128.6976,53.9958],[-128.7228,53.9284],[-128.7569,53.9232],[-128.7687,53.8974],[-128.7949,53.9024],[-128.7924,53.8738],[-128.815,53.8563],[-128.8466,53.859],[-128.87,53.8162],[-128.9034,53.8188],[-128.8964,53.807],[-128.9474,53.7709],[-128.9513,53.7922],[-128.9189,53.8248],[-128.9149,53.8557],[-128.9427,53.843],[-128.9616,53.7982],[-128.9649,53.8728],[-129.0338,53.8986],[-128.9815,53.8712],[-128.9697,53.7727],[-129.0099,53.7587],[-129.030245513834,53.76360428853755],[-129.0309,53.7536],[-129.1173,53.7179],[-129.144,53.6808],[-129.2315,53.6309],[-129.304,53.6492],[-129.2983,53.6302],[-129.2401,53.6125],[-129.2534,53.5888],[-129.2334,53.5188],[-129.2924,53.5229],[-129.3514,53.5755],[-129.2876,53.5054],[-129.291,53.5199],[-129.2353,53.5097],[-129.2374,53.4248],[-129.2911,53.397],[-129.2734,53.3632],[-129.3419,53.3839],[-129.5957,53.5391],[-129.5687,53.5634],[-129.6017,53.5423],[-129.6841,53.5944],[-129.7622,53.6769],[-129.6871,53.654],[-129.7139,53.6672],[-129.711,53.7078],[-129.7323,53.7191],[-129.719,53.6736],[-129.741,53.7085],[-129.7555,53.6945],[-129.814,53.7242],[-129.8187,53.7562],[-129.8443,53.7398],[-129.954,53.8098],[-129.8528,53.8132],[-129.9291,53.8238],[-129.9545,53.8133],[-130.0076,53.8447],[-129.972,53.8649],[-129.9876,53.8799],[-129.9684,53.8755],[-129.9746,53.8856],[-130.0051,53.8907],[-129.9836,53.8693],[-130.0146,53.8548],[-130.0713,53.8906],[-130.0826,53.9271],[-130.1092,53.9486],[-130.0894,53.9691],[-130.1049,53.9786],[-130.0971,53.9992],[-130.0716,53.9784],[-130.0776,54.0017],[-130.0956,54.0054],[-130.0854,54.0237],[-130.1026,54.0658],[-130.0526,54.1487],[-129.9884,54.1431],[-129.954,54.1614],[-129.946,54.1323],[-129.8975,54.0956],[-129.8559,54.0372],[-129.827,54.0313],[-129.7982,54],[-129.7526,54],[-129.7902,54.0052],[-129.8387,54.0414],[-129.9548,54.1814],[-129.8385,54.2151],[-129.7764,54.1984],[-129.7188,54.2058],[-129.6129,54.1745],[-129.5861,54.1877],[-129.5773,54.2129],[-129.5,54.238],[-129.578,54.2213],[-129.6233,54.1869],[-129.6906,54.2116],[-129.8603,54.2361],[-129.9862,54.1962],[-130.0225,54.17],[-130.0812,54.1727],[-130.1289,54.1484],[-130.2022,54.1877],[-130.2784,54.2041],[-130.3026,54.2433],[-130.2859,54.2322],[-130.2588,54.2537],[-130.2109,54.2611],[-130.1904,54.2478],[-130.2034,54.2632],[-130.1458,54.2849],[-130.2317,54.268],[-130.2567,54.3273],[-130.2758,54.3369],[-130.238,54.4014],[-130.3248,54.4383],[-130.2575,54.3991],[-130.2881,54.3471],[-130.3381,54.3294],[-130.3516,54.3433],[-130.3459,54.3313],[-130.3589,54.3224],[-130.3638,54.3387],[-130.3728,54.3194],[-130.3817,54.3357],[-130.4066,54.3214],[-130.4232,54.3449],[-130.4635,54.3371],[-130.4647,54.3584],[-130.4875,54.3634],[-130.4743,54.3901],[-130.4902,54.4031],[-130.4776,54.4155],[-130.4892,54.4301],[-130.4478,54.4571],[-130.3876,54.4517],[-130.3834,54.4664],[-130.4134,54.4674],[-130.4105,54.4778],[-130.4287,54.474],[-130.4458,54.4925],[-130.4405,54.5631],[-130.3817,54.5606],[-130.4571,54.6202],[-130.4313,54.6373],[-130.3885,54.6174],[-130.3383,54.5763],[-130.3788,54.5935],[-130.3757,54.5804],[-130.3129,54.5489],[-130.2647,54.4945],[-130.1142,54.3939],[-130.0711,54.3427],[-129.9796,54.3017],[-129.9822,54.331],[-129.994,54.313],[-130.0434,54.3351],[-130.1036,54.4052],[-130.0662,54.4424],[-130.0811,54.4629],[-130.0729,54.4738],[-130.0045,54.4881],[-129.9844,54.5093],[-130.0751,54.4879],[-130.0941,54.4606],[-130.0852,54.4382],[-130.1146,54.4184],[-130.2271,54.4933],[-130.227,54.5077],[-130.2452,54.5114],[-130.2275,54.5175],[-130.2579,54.5217],[-130.3031,54.563],[-130.292,54.5739],[-130.392,54.6309],[-130.3874,54.6474],[-130.3471,54.6224],[-130.2894,54.6621],[-130.3534,54.6345],[-130.3804,54.6537],[-130.3635,54.6856],[-130.2283,54.7164],[-130.2171,54.7113],[-130.2261,54.7036],[-130.1582,54.7087],[-130.0994,54.6632],[-130.0936,54.6853],[-130.0648,54.6397],[-129.9812,54.603],[-129.9458,54.5958],[-129.8979,54.6165],[-129.907,54.6243],[-129.9451,54.6026],[-129.9838,54.6129],[-130.0572,54.6536],[-130.0841,54.6906],[-130.217,54.724],[-130.1828,54.7822],[-130.1512,54.7732],[-130.1761,54.7934],[-130.1693,54.8153],[-130.1075,54.8385],[-130.0553,54.8905],[-130.0902,54.8877],[-130.1374,54.8466],[-130.1759,54.849],[-130.0194,54.9745],[-129.9485,54.9599],[-129.9999,54.9256],[-129.9806,54.9137],[-129.9421,54.9386],[-129.8822,54.9444],[-129.8514,54.9796],[-129.6907,54.97],[-129.6164,55],[-129.6944,54.9838],[-129.8168,55.0071],[-129.879,55.0037],[-129.9177,54.9846],[-130.0056,55.0103],[-129.9764,55.0752],[-129.8616,55.1736],[-129.8577,55.2094],[-129.8126,55.2646],[-129.7564,55.28],[-129.7554,55.2975],[-129.7406,55.2886],[-129.7399,55.3209],[-129.6842,55.3736],[-129.6984,55.3795],[-129.6891,55.3924],[-129.677,55.3778],[-129.6644,55.432],[-129.6196,55.446],[-129.5199,55.4385],[-129.457,55.4699],[-129.4909,55.4802],[-129.5171,55.4512],[-129.6368,55.4574],[-129.6758,55.4404],[-129.7007,55.4073],[-129.7234,55.4684],[-129.7454,55.4807],[-129.7736,55.5343],[-129.7671,55.5493],[-129.7861,55.5768],[-129.7772,55.5967],[-129.8124,55.634],[-129.7999,55.5922],[-129.8108,55.5691],[-129.7669,55.4718],[-129.7821,55.4291],[-129.8269,55.4168],[-129.8415,55.3721],[-129.8303,55.3535],[-129.8099,55.3821],[-129.8176,55.3996],[-129.7947,55.4155],[-129.7867,55.4],[-129.8149,55.3574],[-129.7852,55.3816],[-129.7764,55.3629],[-129.8286,55.3402],[-129.833,55.3138],[-129.8158,55.2886],[-129.8546,55.2669],[-129.8461,55.2589],[-129.8879,55.2134],[-129.901,55.1665],[-130.0078,55.0828],[-130.0491,55.0142],[-130.1114,54.9876],[-130.1636,55.0885],[-130.0854,55.194],[-129.9437,55.2882],[-130.0031,55.3361],[-130.0241,55.4611],[-130.0692,55.4957],[-130.1101,55.5633],[-130.0853,55.683],[-130.1326,55.7175],[-130.134,55.7644],[-130.0039,55.8832],[-129.9871,55.9175],[-130.0019,55.9354],[-130.0201,55.9117],[-130.0022,56.0066],[-130.1037,56.122],[-130.2413,56.0958],[-130.4197,56.1389],[-130.4651,56.2415],[-130.6335,56.2716],[-130.7812,56.3681],[-131.0872,56.4064],[-131.1642,56.4473],[-131.4674,56.5511],[-131.5818,56.6124],[-131.8337,56.5988],[-131.8575,56.7018],[-131.9019,56.7544],[-131.8708,56.8063],[-132.1212,56.8669],[-132.0459,57.044],[-132.3693,57.0914],[-132.2446,57.212],[-132.3696,57.3514],[-132.5636,57.5068],[-132.7595,57.7075],[-132.8681,57.8446],[-133.0696,58.0001],[-133.1724,58.1516],[-133.3541,58.2834],[-133.4613,58.3899],[-133.3818,58.4326],[-133.6995,58.6091],[-133.8414,58.7302],[-134.2565,58.8591],[-134.3374,58.9203],[-134.3123,58.9614],[-134.4076,58.9784],[-134.3854,59.0414],[-134.4848,59.1334],[-134.5698,59.1335],[-134.678,59.1928],[-134.6993,59.2484],[-134.959,59.2811],[-135.0302,59.3484],[-134.9893,59.3879],[-135.0975,59.427],[-135.028,59.4763],[-135.0277,59.5639],[-135.1176,59.6234],[-135.1545,59.6265],[-135.2218,59.6642],[-135.2347,59.696],[-135.377,59.7429],[-135.479,59.7986],[-135.9457,59.6636],[-136.1953,59.6388],[-136.3557,59.6007],[-136.2414,59.5591],[-136.2363,59.5267],[-136.3015,59.4658],[-136.3315,59.456],[-136.3978,59.4472],[-136.4763,59.4642],[-136.4675,59.2846],[-136.4951,59.2751],[-136.4888,59.258],[-136.582,59.1655],[-136.8247,59.1598],[-137.2884,58.9995],[-137.4466,58.9087],[-137.5267,58.9066],[-137.4993,58.9831],[-137.6021,59.2407],[-138.6054,59.7577],[-138.6563,59.7992],[-138.7058,59.9062],[-139.0522,60]],[[-133.197,53.9396],[-133.1579,53.9302],[-133.1809,53.9142],[-133.197,53.9396]],[[-133.1544,53.9145],[-133.1239,53.9299],[-133.1348,53.9469],[-133.087,53.9373],[-133.1194,53.9469],[-133.1183,54.0013],[-133.0861,54.0037],[-133.0856,54.0197],[-133.0426,54.0325],[-133.0575,54.0334],[-133.051,54.0473],[-133.0761,54.0777],[-133.0604,54.1006],[-133.1023,54.1152],[-133.0284,54.1731],[-133.087,54.1709],[-133.0763,54.182],[-132.9439,54.1706],[-132.9178,54.1483],[-132.7981,54.1234],[-132.7988,54.1342],[-132.6712,54.1547],[-132.5815,54.1204],[-132.5902,54.1042],[-132.5711,54.0858],[-132.5849,54.0713],[-132.5682,54.0478],[-132.6912,53.9773],[-132.6592,53.9672],[-132.6899,53.9544],[-132.6707,53.9515],[-132.7028,53.9105],[-132.6695,53.9476],[-132.5886,53.9736],[-132.556,54.0033],[-132.5677,54.0167],[-132.5815,54.0097],[-132.5641,54.024],[-132.5686,54.0413],[-132.4314,54.0838],[-132.4351,54.1007],[-132.3143,54.1147],[-132.2431,54.0765],[-132.246,54.0332],[-132.1765,54.0157],[-132.1445,53.967],[-132.1527,53.9306],[-132.1067,53.888],[-132.1282,53.8434],[-132.2029,53.8156],[-132.2597,53.7647],[-132.3864,53.7538],[-132.4825,53.7026],[-132.6603,53.6897],[-132.6841,53.6584],[-132.6568,53.6818],[-132.6145,53.6876],[-132.583,53.672],[-132.6157,53.6369],[-132.5363,53.6747],[-132.5413,53.6456],[-132.5024,53.6569],[-132.5102,53.6312],[-132.4427,53.6744],[-132.3523,53.6743],[-132.4599,53.6177],[-132.4881,53.5793],[-132.4807,53.5639],[-132.4392,53.6121],[-132.4058,53.6066],[-132.3932,53.6231],[-132.3543,53.6246],[-132.3172,53.6131],[-132.30637852178216,53.621013205946795],[-132.3117,53.626],[-132.2805,53.6322],[-132.3323,53.6409],[-132.3421,53.6714],[-132.2209,53.6719],[-132.204,53.6419],[-132.2012,53.6678],[-132.1658,53.7082],[-132.1462,53.6877],[-132.1359,53.6991],[-132.1605,53.7128],[-132.16147708201277,53.73020982495491],[-132.1802,53.7121],[-132.2154,53.7714],[-132.1412,53.8235],[-132.1405,53.7505],[-132.14876643228183,53.74250425693648],[-132.1395,53.7498],[-132.1341,53.824],[-132.1078,53.8467],[-132.0883,53.9022],[-132.1272,53.9339],[-132.1232,53.9685],[-132.1432,53.9998],[-132.1307,54.0156],[-132.1425,54.0227],[-132.1445,54.0066],[-132.1989,54.049],[-131.9839,54.0252],[-131.9967,54.0275],[-131.7915,54.0719],[-131.7118,54.1146],[-131.6417,54.1931],[-131.7081,53.9773],[-131.8847,53.7702],[-131.8743,53.7094],[-131.9334,53.6197],[-131.93878402799373,53.595277604976864],[-131.9317,53.6191],[-131.9248,53.5635],[-131.9573,53.5206],[-131.9118,53.4307],[-131.9338,53.3835],[-131.9263,53.3577],[-131.9715,53.2772],[-132.0023,53.2447],[-132.0903,53.2548],[-132.1488,53.2356],[-132.1794,53.2434],[-132.2461,53.218],[-132.2424,53.2005],[-132.3226,53.2341],[-132.2729,53.1886],[-132.2091,53.195],[-132.2229,53.2044],[-132.2126,53.2094],[-132.1306,53.1893],[-132.2143,53.1478],[-132.2995,53.1549],[-132.3137,53.1842],[-132.3367,53.1896],[-132.3209,53.1709],[-132.3287,53.1526],[-132.4687,53.135],[-132.4994,53.1447],[-132.4303,53.1689],[-132.4842,53.1677],[-132.4748,53.2221],[-132.5143,53.1526],[-132.5639,53.176],[-132.5424,53.194],[-132.5939,53.1986],[-132.5628,53.2313],[-132.595,53.2296],[-132.6196,53.2479],[-132.5026,53.2853],[-132.6303,53.2474],[-132.7161,53.2542],[-132.7072,53.2844],[-132.6293,53.29],[-132.6377,53.3153],[-132.5775,53.3224],[-132.5558,53.3002],[-132.5547,53.3329],[-132.7506,53.3155],[-132.7688,53.325],[-132.7106,53.3592],[-132.7297,53.3656],[-132.7206,53.3769],[-132.5308,53.3633],[-132.4831,53.3221],[-132.4415,53.3218],[-132.4277,53.291],[-132.412,53.3209],[-132.4203,53.3403],[-132.5228,53.3787],[-132.5342,53.4159],[-132.6756,53.433],[-132.6547,53.4751],[-132.6701,53.4992],[-132.6761,53.462],[-132.6967,53.445],[-132.7756,53.4618],[-132.7297,53.491],[-132.7529,53.5157],[-132.7294,53.5241],[-132.7335,53.538],[-132.7607,53.5186],[-132.7552,53.4933],[-132.7674,53.4852],[-132.8992,53.4678],[-132.8917,53.4986],[-132.8498,53.4998],[-132.8374,53.5157],[-132.944,53.5191],[-132.9225,53.5447],[-132.934,53.5545],[-132.9019,53.5635],[-132.9866,53.5582],[-132.9691,53.5703],[-133.0048,53.5925],[-132.9581,53.6057],[-132.93803874314227,53.597703802381226],[-132.9433,53.6118],[-132.9191,53.5976],[-132.93777831858407,53.5976],[-132.9014,53.5831],[-132.8169,53.6019],[-132.9095,53.6035],[-132.9423,53.6471],[-132.9693,53.6406],[-132.9492,53.6484],[-132.9554,53.6713],[-133.0107,53.6686],[-133.0316,53.6933],[-132.9907,53.6727],[-132.973,53.6989],[-132.9567,53.6922],[-132.967,53.6828],[-132.9417,53.6814],[-132.9488,53.6941],[-132.9276,53.6853],[-132.9367,53.6925],[-132.9232,53.6982],[-132.9978,53.7162],[-132.9926,53.7437],[-133.0129,53.7498],[-132.9945,53.7721],[-133.0375,53.7478],[-133.0613,53.7701],[-133.1191,53.777],[-133.1208,53.8087],[-133.0814,53.826],[-133.1104,53.8364],[-133.109,53.8574],[-133.1378,53.8639],[-133.1544,53.9145]],[[-133.0814,54.2237],[-133.0776,54.248],[-133.0598,54.2563],[-133.0018,54.256],[-132.9638,54.2379],[-132.9876,54.2188],[-132.9788,54.1874],[-133.0165,54.1928],[-133.0024,54.2122],[-133.0111,54.2199],[-133.0814,54.2237]],[[-133.0066,53.5471],[-132.954,53.5264],[-132.9833,53.5225],[-133.0066,53.5471]],[[-132.5918,53.1228],[-132.5842,53.1521],[-132.4916,53.1247],[-132.407,53.1286],[-132.3932,53.108],[-132.5436,53.1052],[-132.5918,53.1228]],[[-132.574,53.0825],[-132.5706,53.0967],[-132.3933,53.1038],[-132.3924,53.1275],[-132.3018,53.1532],[-132.232,53.1393],[-132.1341,53.1607],[-132.1136,53.1513],[-132.1428,53.1444],[-132.0809,53.1484],[-132.0221,53.1946],[-131.9821,53.2011],[-131.993,53.2175],[-131.9614,53.2125],[-131.9216,53.2404],[-131.8482,53.2366],[-131.8227,53.2608],[-131.8027,53.2539],[-131.8068,53.2344],[-131.773,53.1971],[-131.7787,53.1727],[-131.8006,53.1614],[-131.7645,53.1607],[-131.7628,53.1428],[-131.7117,53.1498],[-131.6917,53.1115],[-131.6455,53.1091],[-131.6314,53.0457],[-131.6064,53.0341],[-131.6514,53.0312],[-131.6564,53.0453],[-131.7593,53.0496],[-131.8057,53.068],[-131.8874,53.0643],[-131.9279,53.0473],[-132.0304,53.0563],[-132.0189,53.0518],[-132.0325,53.0521],[-132.0295,53.0374],[-131.9551,53.0371],[-131.9641,53.0137],[-131.9118,52.9696],[-131.9036,52.9399],[-131.9715,52.9375],[-131.8936,52.9121],[-132.0118,52.8779],[-131.8889,52.8919],[-131.8457,52.8617],[-131.8785,52.865],[-131.864,52.8509],[-131.8864,52.8327],[-131.8516,52.8338],[-131.8402,52.809],[-131.8115,52.7954],[-131.6567,52.81],[-131.656,52.7973],[-131.7012,52.7846],[-131.7587,52.7878],[-131.7992,52.7561],[-131.8464,52.7704],[-131.8892,52.7511],[-131.875,52.7398],[-131.8846,52.7519],[-131.8259,52.76],[-131.8033,52.7425],[-131.8486,52.7039],[-131.8273,52.7148],[-131.8076,52.7025],[-131.8052,52.7187],[-131.7673,52.7061],[-131.7707,52.6914],[-131.7398,52.6919],[-131.6878,52.6217],[-131.7635,52.6337],[-131.6771,52.595],[-131.7148,52.5792],[-131.6827,52.5885],[-131.6184,52.5673],[-131.6364,52.5479],[-131.6589,52.5523],[-131.6511,52.5402],[-131.6921,52.5527],[-131.6712,52.5418],[-131.6771,52.5315],[-131.6111,52.5333],[-131.6182,52.5073],[-131.5754,52.5369],[-131.5379,52.5267],[-131.582,52.4885],[-131.5236,52.5172],[-131.4734,52.504],[-131.4721,52.4777],[-131.5133,52.4684],[-131.4645,52.4739],[-131.4803,52.4437],[-131.456,52.4699],[-131.4249,52.4663],[-131.4265,52.4083],[-131.452,52.3912],[-131.4395,52.3801],[-131.4118,52.4091],[-131.3925,52.3994],[-131.3839,52.3726],[-131.4066,52.3508],[-131.3626,52.3763],[-131.3513,52.3503],[-131.3712,52.3451],[-131.3446,52.3388],[-131.3526,52.3249],[-131.3378,52.3139],[-131.3514,52.3054],[-131.3332,52.3034],[-131.3229,52.2756],[-131.3067,52.3026],[-131.2413,52.2451],[-131.2189,52.2622],[-131.2676,52.2876],[-131.2562,52.2997],[-131.2194,52.2916],[-131.2145,52.3132],[-131.1737,52.3262],[-131.1434,52.318],[-131.1672,52.2948],[-131.1371,52.3113],[-131.1349,52.2942],[-131.1577,52.2786],[-131.0913,52.2884],[-131.085,52.2484],[-131.1903,52.2248],[-131.142,52.2333],[-131.123,52.2133],[-131.0977,52.2257],[-131.0799,52.2149],[-131.0321,52.2332],[-131.0006,52.2144],[-131.0143,52.1806],[-131.0452,52.1633],[-131.111,52.1621],[-131.1187,52.1933],[-131.153,52.2055],[-131.1373,52.1896],[-131.1418,52.1391],[-131.1835,52.1183],[-131.2127,52.139],[-131.2206,52.1835],[-131.2942,52.2434],[-131.2332,52.1594],[-131.2451,52.1459],[-131.2324,52.1282],[-131.2618,52.1188],[-131.2856,52.1489],[-131.3116,52.1477],[-131.2958,52.1578],[-131.3465,52.2005],[-131.3416,52.2178],[-131.355,52.2179],[-131.3514,52.2395],[-131.3739,52.273],[-131.3644,52.1825],[-131.429,52.221],[-131.4605,52.2731],[-131.5083,52.293],[-131.5111,52.3214],[-131.5603,52.3256],[-131.531,52.3484],[-131.5759,52.3445],[-131.5778,52.3649],[-131.5998,52.3775],[-131.5902,52.4006],[-131.544,52.4091],[-131.5053,52.3945],[-131.5174,52.4158],[-131.5537,52.4232],[-131.5472,52.4381],[-131.6102,52.4139],[-131.6323,52.4422],[-131.6197,52.4526],[-131.6488,52.451],[-131.6586,52.4823],[-131.7689,52.5046],[-131.7933,52.5241],[-131.7478,52.5343],[-131.8026,52.5286],[-131.8074,52.5444],[-131.8405,52.5555],[-131.7847,52.5827],[-131.8484,52.5594],[-131.8959,52.5827],[-131.8792,52.5865],[-131.9062,52.5875],[-131.9093,52.6053],[-131.8598,52.6136],[-131.9335,52.616],[-131.9373,52.6316],[-131.9246,52.6301],[-131.9417,52.6434],[-131.881,52.6532],[-131.9385,52.6476],[-131.9492,52.6656],[-131.9533,52.6503],[-131.9789,52.6475],[-132.001,52.6677],[-131.9883,52.6763],[-132.0201,52.6716],[-132.1084,52.7344],[-132.0358,52.7674],[-131.9814,52.7177],[-131.9832,52.7369],[-132.0245,52.7695],[-132.0146,52.7837],[-131.9171,52.7143],[-131.9632,52.7562],[-131.9387,52.7559],[-131.969,52.7953],[-132.031,52.8002],[-132.0843,52.8581],[-132.0918,52.8452],[-132.0594,52.8147],[-132.0614,52.7913],[-132.0987,52.7867],[-132.1082,52.7437],[-132.1217,52.7569],[-132.1379,52.745],[-132.1701,52.7849],[-132.1917,52.784],[-132.185,52.7967],[-132.2355,52.8001],[-132.2642,52.8397],[-132.2418,52.8616],[-132.152,52.8442],[-132.2253,52.8619],[-132.1988,52.8789],[-132.2601,52.8638],[-132.3261,52.8942],[-132.2592,52.9203],[-132.3169,52.9039],[-132.3656,52.9291],[-132.3567,52.9475],[-132.2859,52.9594],[-132.1655,52.9298],[-132.2299,52.9606],[-132.2135,52.9694],[-132.1315,52.9341],[-132.1906,52.967],[-132.1664,52.9766],[-132.1147,52.9575],[-132.1569,52.9779],[-132.1367,52.9935],[-132.0739,52.9675],[-132.1384,52.9998],[-132.2025,52.9951],[-132.2571,53.0184],[-132.3606,53.0261],[-132.2622,53.0607],[-132.3874,53.0271],[-132.4381,53.0452],[-132.4976,53.0273],[-132.5335,53.0454],[-132.526,53.0665],[-132.4976,53.0687],[-132.5517,53.0687],[-132.574,53.0825]],[[-132.4918,53.6683],[-132.485,53.6877],[-132.4686,53.6801],[-132.4918,53.6683]],[[-132.4762,53.0288],[-132.4572,53.0317],[-132.4631,53.0232],[-132.4762,53.0288]],[[-132.4703,53.3332],[-132.4351,53.3317],[-132.4576,53.3231],[-132.4703,53.3332]],[[-132.429,53.0094],[-132.4018,53.0069],[-132.4223,53.0024],[-132.429,53.0094]],[[-132.4169,53.7131],[-132.4136,53.7216],[-132.3969,53.7182],[-132.4169,53.7131]],[[-132.3904,53.6284],[-132.3755,53.6426],[-132.3577,53.6393],[-132.3904,53.6284]],[[-132.3785,53.0051],[-132.2923,53.0052],[-132.1896,52.9799],[-132.3277,52.9631],[-132.3207,52.9772],[-132.3346,52.9894],[-132.3785,53.0051]],[[-132.161,53.2277],[-132.1334,53.237],[-132.0943,53.2317],[-132.1435,53.2176],[-132.161,53.2277]],[[-132.1308,53.2011],[-132.0563,53.2226],[-132.0297,53.2155],[-132.0731,53.1916],[-132.1198,53.1873],[-132.1308,53.2011]],[[-132.1237,53.1698],[-132.1212,53.186],[-132.1102,53.1804],[-132.0842,53.1708],[-132.1237,53.1698]],[[-131.986,52.7712],[-131.9656,52.7635],[-131.9653,52.7536],[-131.986,52.7712]],[[-131.9301,52.9923],[-131.927,53.0156],[-131.8781,53.0384],[-131.8204,53.0374],[-131.7557,53.01],[-131.6628,52.9994],[-131.6033,52.9635],[-131.6424,52.9441],[-131.6179,52.9293],[-131.6405,52.9116],[-131.6205,52.9002],[-131.656,52.9039],[-131.6922,52.8652],[-131.7952,52.8865],[-131.8216,52.884],[-131.782,52.8798],[-131.818,52.8669],[-131.8987,52.9366],[-131.9096,52.9771],[-131.9301,52.9923]],[[-131.8491,52.8378],[-131.841,52.8465],[-131.751,52.8606],[-131.7211,52.8452],[-131.7595,52.8434],[-131.7462,52.8382],[-131.6451,52.8336],[-131.7397,52.8072],[-131.8302,52.8189],[-131.8491,52.8378]],[[-131.7658,52.7596],[-131.7239,52.7321],[-131.7316,52.7115],[-131.7652,52.7307],[-131.7658,52.7596]],[[-131.7556,52.7692],[-131.6419,52.7784],[-131.6094,52.753],[-131.7108,52.7457],[-131.7556,52.7692]],[[-131.7299,52.7075],[-131.69,52.7327],[-131.5784,52.7266],[-131.578,52.7147],[-131.6789,52.7136],[-131.6856,52.6999],[-131.6337,52.7072],[-131.6467,52.6929],[-131.6329,52.687],[-131.5903,52.7068],[-131.5648,52.6807],[-131.5329,52.7246],[-131.4883,52.7385],[-131.4453,52.712],[-131.4581,52.6925],[-131.4395,52.6856],[-131.4636,52.6746],[-131.4583,52.6408],[-131.4774,52.6195],[-131.5199,52.6164],[-131.6056,52.656],[-131.5903,52.6424],[-131.6144,52.6435],[-131.5996,52.6349],[-131.6101,52.6303],[-131.5463,52.5987],[-131.5682,52.5938],[-131.6211,52.6371],[-131.5773,52.5958],[-131.5809,52.5806],[-131.6053,52.5833],[-131.6627,52.639],[-131.6634,52.6524],[-131.6405,52.6507],[-131.7299,52.7075]],[[-131.5906,52.7509],[-131.5753,52.7753],[-131.5492,52.7701],[-131.5906,52.7509]],[[-131.5442,52.8702],[-131.49,52.8777],[-131.5154,52.8618],[-131.5442,52.8702]],[[-131.5104,52.6076],[-131.4674,52.6111],[-131.4831,52.5986],[-131.5104,52.6076]],[[-131.4843,52.5875],[-131.4379,52.6148],[-131.4561,52.5823],[-131.4843,52.5875]],[[-131.4366,52.5637],[-131.3723,52.5858],[-131.347,52.5619],[-131.3924,52.5407],[-131.4366,52.5637]],[[-131.3878,52.4397],[-131.3853,52.46],[-131.3545,52.465],[-131.3589,52.4343],[-131.3878,52.4397]],[[-131.3708,52.419],[-131.3494,52.4285],[-131.2386,52.4466],[-131.2439,52.4234],[-131.3273,52.354],[-131.2962,52.3592],[-131.2887,52.38],[-131.2762,52.3772],[-131.2828,52.3641],[-131.2444,52.3729],[-131.2611,52.3443],[-131.3061,52.35],[-131.3169,52.3253],[-131.3316,52.3277],[-131.3708,52.419]],[[-131.2333,52.0947],[-131.2224,52.104],[-131.209,52.0863],[-131.2333,52.0947]],[[-131.1328,52.1023],[-131.1146,52.1518],[-131.0526,52.1497],[-131.0212,52.1238],[-131.0655,52.1237],[-131.0175,52.1138],[-131.0211,52.096],[-130.9981,52.0896],[-130.9973,52.1113],[-130.9366,52.0936],[-130.9397,52.0775],[-130.9881,52.0593],[-131.024,52.0684],[-131.0251,52.052],[-131.0727,52.0761],[-131.0545,52.0378],[-130.9771,52.0111],[-131.0568,52.0227],[-131.0097,51.9834],[-131.0421,51.9679],[-131.014,51.9445],[-131.0502,51.9529],[-131.1092,52.0014],[-131.0769,52.0234],[-131.0811,52.0389],[-131.1032,52.0382],[-131.1106,52.069],[-131.1299,52.0734],[-131.1122,52.0806],[-131.1328,52.1023]],[[-131.1004,54.5876],[-131.0954,54.6129],[-131.0779,54.6206],[-131.0869,54.6259],[-131.054,54.6249],[-131.0456,54.6097],[-131.0768,54.5807],[-131.1004,54.5876]],[[-130.9832,54.5065],[-130.9668,54.5136],[-130.9737,54.5466],[-130.9297,54.5908],[-130.9489,54.593],[-130.9339,54.6154],[-130.8949,54.6348],[-130.8768,54.6105],[-130.8544,54.6298],[-130.8456,54.6168],[-130.8795,54.6084],[-130.8987,54.5812],[-130.847,54.6121],[-130.8389,54.5963],[-130.7784,54.6269],[-130.7577,54.6142],[-130.753,54.5862],[-130.7756,54.5515],[-130.8745,54.4945],[-130.8943,54.5058],[-130.9445,54.4668],[-130.9647,54.4906],[-130.9584,54.5059],[-130.9832,54.5065]],[[-130.9729,54.4657],[-130.9687,54.4899],[-130.9502,54.4578],[-130.9729,54.4657]],[[-130.8562,54.4561],[-130.8199,54.4667],[-130.8427,54.4692],[-130.8079,54.4922],[-130.7895,54.4969],[-130.7889,54.4731],[-130.856,54.4382],[-130.8562,54.4561]],[[-130.8385,54.4292],[-130.7863,54.4693],[-130.764,54.4714],[-130.7302,54.4201],[-130.7656,54.413],[-130.7654,54.4268],[-130.7901,54.4256],[-130.8024,54.4437],[-130.8385,54.4292]],[[-130.8309,54.1491],[-130.8219,54.1614],[-130.8011,54.1476],[-130.8193,54.1399],[-130.8147,54.1514],[-130.8309,54.1491]],[[-130.822,54.1761],[-130.8051,54.1775],[-130.7935,54.2161],[-130.664,54.1584],[-130.6361,54.1291],[-130.6879,54.1075],[-130.7129,54.1153],[-130.7056,54.1298],[-130.7225,54.1186],[-130.7315,54.1357],[-130.7442,54.1209],[-130.7378,54.1371],[-130.7775,54.141],[-130.7661,54.1468],[-130.7797,54.1577],[-130.7979,54.1461],[-130.799,54.1653],[-130.8097,54.1581],[-130.822,54.1761]],[[-130.816,54.3894],[-130.8031,54.3947],[-130.7978,54.3839],[-130.816,54.3894]],[[-130.8059,54.4108],[-130.7941,54.4196],[-130.7672,54.42],[-130.8059,54.4108]],[[-130.7944,54.378],[-130.7768,54.3993],[-130.7212,54.4126],[-130.7211,54.3939],[-130.7016,54.3912],[-130.7173,54.3797],[-130.6994,54.3778],[-130.7596,54.3547],[-130.7944,54.378]],[[-130.7717,54.4886],[-130.7695,54.5052],[-130.7615,54.4955],[-130.7717,54.4886]],[[-130.7714,54.1209],[-130.7665,54.1388],[-130.7507,54.1162],[-130.7714,54.1209]],[[-130.7321,53.91],[-130.7225,53.9401],[-130.6756,53.9686],[-130.6657,54.0049],[-130.6453,53.9709],[-130.6204,54.0173],[-130.6003,54.0341],[-130.5623,54.0318],[-130.5501,54.0567],[-130.5258,54.0457],[-130.5308,54.0655],[-130.4598,54.0786],[-130.4354,54.0517],[-130.4464,54.0845],[-130.4151,54.1024],[-130.4106,54.0865],[-130.3764,54.0767],[-130.3828,54.0893],[-130.3172,54.0531],[-130.2893,54.0278],[-130.2983,54.0098],[-130.2794,54.0173],[-130.2455,53.9924],[-130.2312,53.949],[-130.2696,53.9531],[-130.2398,53.9352],[-130.335,53.8796],[-130.3538,53.8443],[-130.3388,53.8443],[-130.3415,53.8281],[-130.4355,53.8335],[-130.4387,53.8597],[-130.4482,53.8396],[-130.5034,53.8374],[-130.4841,53.848],[-130.5164,53.8703],[-130.4684,53.8867],[-130.4288,53.9616],[-130.3358,53.964],[-130.37803853435867,53.978675303697],[-130.388,53.9736],[-130.4347,53.9846],[-130.4519,53.973],[-130.4731,53.8918],[-130.5568,53.896],[-130.6095,53.9482],[-130.6444,53.96],[-130.6317,53.9408],[-130.6615,53.9362],[-130.6686,53.9579],[-130.6891,53.9444],[-130.6804,53.9158],[-130.7009,53.9127],[-130.6989,53.8924],[-130.6108,53.8564],[-130.6351,53.8562],[-130.6158,53.8452],[-130.6446,53.8347],[-130.7069,53.8472],[-130.7224,53.8687],[-130.7108,53.8971],[-130.7321,53.91]],[[-130.7163,54.0261],[-130.7084,54.0409],[-130.6977,54.0264],[-130.7163,54.0261]],[[-130.6837,54.0097],[-130.6755,54.0365],[-130.6502,54.0335],[-130.6603,54.0269],[-130.645,54.0101],[-130.6738,54.0235],[-130.6684,54.0054],[-130.6837,54.0097]],[[-130.6626,53.8991],[-130.6328,53.9207],[-130.6066,53.9163],[-130.5866,53.8914],[-130.6167,53.8738],[-130.6489,53.8843],[-130.6098,53.8845],[-130.6626,53.8991]],[[-130.6482,54.0846],[-130.6435,54.1204],[-130.5988,54.1052],[-130.5692,54.0671],[-130.6175,54.0754],[-130.6274,54.1049],[-130.6482,54.0846]],[[-130.6441,54.7616],[-130.6291,54.7745],[-130.6,54.7658],[-130.5868,54.7408],[-130.5872,54.7561],[-130.5712,54.7525],[-130.5871,54.7709],[-130.493,54.826],[-130.4421,54.7734],[-130.4579,54.7545],[-130.4359,54.7571],[-130.4743,54.7051],[-130.5298,54.7268],[-130.5166,54.7081],[-130.5312,54.7014],[-130.6441,54.7616]],[[-130.6427,53.8105],[-130.5774,53.8473],[-130.5004,53.8196],[-130.5387,53.8093],[-130.5319,53.7961],[-130.5487,53.7877],[-130.6427,53.8105]],[[-130.6319,54.0714],[-130.5852,54.0596],[-130.6251,54.0534],[-130.6319,54.0714]],[[-130.6312,53.4851],[-130.6307,53.5038],[-130.5932,53.4938],[-130.584,53.4669],[-130.6312,53.4851]],[[-130.6101,53.8476],[-130.6063,53.8556],[-130.5954,53.8418],[-130.6101,53.8476]],[[-130.5777,53.6053],[-130.5624,53.6228],[-130.5438712595712,53.61902400076569],[-130.5401,53.6275],[-130.4503,53.6251],[-130.4791,53.634],[-130.4655,53.6377],[-130.4012,53.62],[-130.1709,53.5339],[-130.1907,53.5284],[-130.1661,53.5344],[-130.1083,53.5147],[-129.9936,53.453],[-129.9056,53.3918],[-129.8826,53.363],[-129.8919,53.3566],[-129.8693,53.3501],[-129.8835,53.3419],[-129.803,53.2915],[-129.7947,53.255],[-129.7536,53.216],[-129.7579,53.1956],[-129.7907,53.1631],[-129.8296,53.1735],[-129.8345,53.1883],[-129.8707,53.188],[-129.9013,53.1636],[-129.9618,53.1702],[-129.9991,53.2157],[-130.0134,53.2069],[-130.021,53.2381],[-130.0346,53.2278],[-130.0203,53.2526],[-130.056,53.2449],[-130.0567,53.2647],[-130.072,53.2672],[-130.0752,53.2532],[-130.0997,53.2715],[-130.0918,53.2883],[-130.1195,53.3441],[-130.1328,53.3458],[-130.1218,53.3218],[-130.1346,53.3177],[-130.1601,53.3321],[-130.1542,53.351],[-130.2214,53.3589],[-130.2205,53.3742],[-130.199,53.3769],[-130.3047,53.3834],[-130.4082,53.4571],[-130.3961,53.4752],[-130.4148,53.4669],[-130.386,53.5057],[-130.3021,53.5129],[-130.3578,53.5102],[-130.3791,53.53],[-130.3944,53.5105],[-130.4211,53.5164],[-130.44,53.5028],[-130.4879,53.5155],[-130.4953,53.5318],[-130.4834,53.5394],[-130.5472,53.5501],[-130.5324,53.5613],[-130.5488,53.5756],[-130.5271,53.5726],[-130.5435,53.5894],[-130.5213,53.6016],[-130.537,53.5933],[-130.5347,53.6068],[-130.5502,53.6048],[-130.54464395058878,53.6172873585777],[-130.5777,53.6053]],[[-130.5174,54.3191],[-130.509,54.3393],[-130.495,54.332],[-130.5174,54.3191]],[[-130.499,53.7984],[-130.4941,53.8104],[-130.4836,53.8034],[-130.499,53.7984]],[[-130.4894,54.8262],[-130.4647,54.8389],[-130.414,54.7873],[-130.4563,54.8438],[-130.2756,54.9532],[-130.201,55.0302],[-130.1812,55.0299],[-130.1529,54.9577],[-130.2748,54.8502],[-130.276,54.8336],[-130.3637,54.804],[-130.4145,54.768],[-130.4894,54.8262]],[[-130.4874,54.5336],[-130.4797,54.5671],[-130.4556,54.5447],[-130.4652,54.5218],[-130.4874,54.5336]],[[-130.4782,53.7658],[-130.4707,53.7774],[-130.4488,53.7686],[-130.4443,53.7864],[-130.4717,53.7789],[-130.4596,53.792],[-130.4098,53.7915],[-130.4027,53.7706],[-130.417,53.7566],[-130.4261,53.7718],[-130.4189,53.7552],[-130.4405,53.7621],[-130.4328,53.7501],[-130.4465,53.7499],[-130.4782,53.7658]],[[-130.4744,54.3076],[-130.4507,54.3054],[-130.4474,54.3282],[-130.4156,54.3232],[-130.4098,54.3063],[-130.3883,54.3068],[-130.3862,54.2859],[-130.3744,54.2899],[-130.3858,54.2804],[-130.3641,54.2549],[-130.3957,54.2709],[-130.3778,54.2352],[-130.4691,54.2955],[-130.4744,54.3076]],[[-130.4522,54.6344],[-130.4475,54.6483],[-130.4337,54.6378],[-130.4522,54.6344]],[[-130.4486,53.4792],[-130.4381,53.4898],[-130.438,53.4696],[-130.4486,53.4792]],[[-130.4384,54.6555],[-130.3918,54.6702],[-130.3947,54.6309],[-130.4384,54.6555]],[[-130.4358,53.4931],[-130.4265,53.5024],[-130.4156,53.5021],[-130.4239,53.4825],[-130.4358,53.4931]],[[-130.4088,53.6736],[-130.4039,53.6906],[-130.3757,53.7001],[-130.4005,53.7066],[-130.3035,53.7509],[-130.2758,53.7467],[-130.3181,53.7757],[-130.2974,53.7888],[-130.3118,53.7968],[-130.2421,53.7925],[-130.2208,53.7603],[-130.2312,53.7256],[-130.1228,53.6956],[-130.1103,53.6762],[-130.1294,53.6696],[-130.1143,53.632],[-130.1288,53.6184],[-130.1011,53.6058],[-130.103,53.5836],[-130.0754,53.5639],[-130.1261956103196,53.56659711205237],[-130.1186,53.5616],[-130.1539,53.5638],[-130.1262172192292,53.5665982594281],[-130.1545,53.5681],[-130.165,53.5868],[-130.1908,53.5801],[-130.3025,53.6201],[-130.3333,53.6176],[-130.3597,53.6327],[-130.3222,53.6406],[-130.4088,53.6736]],[[-130.3908,53.767],[-130.3723,53.7686],[-130.3788,53.7823],[-130.3211,53.7622],[-130.3524,53.7424],[-130.3636,53.7564],[-130.3881,53.7527],[-130.3908,53.767]],[[-130.3851,53.7482],[-130.3622,53.7501],[-130.3807,53.7323],[-130.3851,53.7482]],[[-130.3796,54.6925],[-130.3693,54.7203],[-130.258,54.7681],[-130.2271,54.8004],[-130.2129,54.7984],[-130.2288,54.7758],[-130.2017,54.783],[-130.2316,54.7225],[-130.3796,54.6925]],[[-130.3607,54.2848],[-130.292,54.3319],[-130.2755,54.332],[-130.2482,54.2987],[-130.2617,54.291],[-130.2583,54.2544],[-130.2977,54.2615],[-130.2951,54.2497],[-130.3203,54.2374],[-130.2949,54.2139],[-130.3083,54.2023],[-130.3345,54.2249],[-130.3607,54.2848]],[[-130.3393,54.0745],[-130.2915,54.0577],[-130.2872,54.0387],[-130.3393,54.0745]],[[-130.3025,54.2014],[-130.2919,54.2105],[-130.2775,54.1932],[-130.3025,54.2014]],[[-130.2952,53.8452],[-130.2868,53.8698],[-130.2205,53.9067],[-130.1125,53.8831],[-130.075,53.849],[-130.0343,53.8395],[-130.0065,53.8094],[-129.8407,53.7208],[-129.7061,53.5996],[-129.4189,53.4137],[-129.4413,53.417],[-129.4352,53.3996],[-129.4662,53.381],[-129.4605,53.3667],[-129.4735,53.3724],[-129.4812,53.3362],[-129.4641,53.3096],[-129.4788,53.285],[-129.5043,53.2832],[-129.5254,53.308],[-129.5171,53.3171],[-129.553,53.3414],[-129.5507,53.3218],[-129.525,53.3063],[-129.5228,53.2928],[-129.5399,53.2915],[-129.5007,53.2728],[-129.5124,53.2575],[-129.4878,53.2291],[-129.5048,53.2249],[-129.4995,53.2095],[-129.5259,53.2208],[-129.5876,53.2119],[-129.6549,53.2685],[-129.6474,53.2776],[-129.666,53.2771],[-129.6516,53.2879],[-129.6689,53.2823],[-129.6855,53.3077],[-129.63076810416774,53.31299350190392],[-129.6988,53.3185],[-129.6335,53.3383],[-129.6433,53.3646],[-129.6352,53.3409],[-129.6994,53.3412],[-129.7142,53.3231],[-129.7787,53.3652],[-129.7601,53.3824],[-129.7848,53.3811],[-129.7839,53.369],[-129.8087,53.3757],[-129.7843,53.4064],[-129.8085,53.3786],[-129.8326,53.3874],[-129.85,53.4096],[-129.8324,53.4055],[-129.8287,53.4196],[-129.85,53.4189],[-129.8273,53.425],[-129.8473,53.4295],[-129.7727,53.453],[-129.8013,53.4514],[-129.7817,53.4597],[-129.8419,53.4375],[-129.837,53.4528],[-129.8182,53.4527],[-129.839,53.4706],[-129.8544,53.4482],[-129.8671,53.462],[-129.9157,53.4634],[-129.867,53.474],[-129.9116,53.4739],[-129.8993,53.4992],[-129.863,53.5012],[-129.8932,53.5012],[-129.8888,53.5161],[-129.8137,53.5132],[-129.8746,53.5173],[-129.8867,53.5526],[-129.9509,53.5515],[-129.9018,53.5731],[-129.8783,53.5679],[-129.8971,53.5846],[-129.9539,53.5738],[-129.9187,53.5994],[-129.9327,53.6019],[-129.9046,53.6085],[-129.9273,53.6138],[-129.942,53.5971],[-129.9492,53.6069],[-129.9562,53.5785],[-130.0088,53.5648],[-130.0618,53.5979],[-130.065,53.6229],[-129.9233,53.6486],[-129.8321,53.6211],[-129.9395,53.6567],[-130.0726,53.6306],[-130.1003,53.6673],[-130.0889,53.6726],[-130.1019,53.6982],[-130.0764,53.7141],[-130.0827,53.7245],[-130.1036,53.6984],[-130.2059,53.7214],[-130.2202,53.8084],[-130.1706,53.8152],[-130.2729,53.8194],[-130.2901,53.8236],[-130.2952,53.8452]],[[-130.2893,54.1517],[-130.2816,54.1701],[-130.1998,54.1629],[-130.2742,54.1746],[-130.2499,54.1863],[-130.2658,54.1851],[-130.2593,54.1946],[-130.174,54.1647],[-130.1549,54.1506],[-130.1604,54.1368],[-130.1961,54.1171],[-130.2457,54.1169],[-130.2893,54.1517]],[[-130.2778,54.0432],[-130.26,54.0408],[-130.2673,54.0259],[-130.2778,54.0432]],[[-130.2585,54.0257],[-130.2273,53.9884],[-130.2559,54.0022],[-130.2585,54.0257]],[[-130.2227,54.0614],[-130.1864,54.0793],[-130.1308,54.0268],[-130.1475,53.9878],[-130.1859,53.9881],[-130.217,54.0192],[-130.2227,54.0614]],[[-130.2176,54.1119],[-130.1958,54.1138],[-130.2057,54.1035],[-130.2176,54.1119]],[[-130.1895,53.5784],[-130.1704,53.5841],[-130.1653,53.5717],[-130.1895,53.5784]],[[-130.1655,54.1181],[-130.1479,54.1469],[-130.1233,54.1296],[-130.1467,54.0894],[-130.1605,54.1072],[-130.151,54.1183],[-130.1655,54.1181]],[[-130.1644,53.937],[-130.1404,53.9301],[-130.163,53.9215],[-130.1644,53.937]],[[-130.1575,53.9666],[-130.1421,53.9711],[-130.142,53.9585],[-130.1575,53.9666]],[[-130.0996,53.5599],[-130.0629,53.5544],[-130.0939,53.5472],[-130.0996,53.5599]],[[-130.0269,53.5068],[-129.9793,53.5273],[-129.9665,53.5065],[-129.9868,53.4928],[-129.9575,53.4955],[-129.9678,53.5092],[-129.954,53.5141],[-129.9714,53.5161],[-129.9409,53.5474],[-129.8913,53.5338],[-129.9093,53.5028],[-129.9557,53.4967],[-129.909,53.5005],[-129.9277,53.4695],[-129.9544,53.4678],[-130.0269,53.5068]],[[-130.0002,53.5484],[-129.9906,53.553],[-129.9601,53.5499],[-129.9662,53.5329],[-129.9783,53.5401],[-129.9697,53.5487],[-130.0002,53.5484]],[[-129.9878,53.5552],[-129.9792,53.5619],[-129.9576,53.5616],[-129.9878,53.5552]],[[-129.9477,53.5599],[-129.9415,53.5723],[-129.9143,53.5762],[-129.9477,53.5599]],[[-129.756,55.3837],[-129.7500700012478,55.390725178701935],[-129.7533,55.4611],[-129.7229,55.3967],[-129.7477,55.3759],[-129.756,55.3837]],[[-129.7557,55.3394],[-129.7401,55.3631],[-129.7175,55.3763],[-129.7557,55.3394]],[[-129.7504,53.1322],[-129.6932,53.134],[-129.7018,53.1198],[-129.6783,53.1349],[-129.5944,53.0704],[-129.6245,53.0503],[-129.7276,53.0742],[-129.75,53.0983],[-129.7398,53.113],[-129.7504,53.1322]],[[-129.7379,53.074],[-129.7065,53.0636],[-129.7295,53.063],[-129.7379,53.074]],[[-129.6947,53.066],[-129.6604,53.0449],[-129.6212,53.0463],[-129.5974,53.0138],[-129.6934,53.0465],[-129.6947,53.066]],[[-129.6823,52.9964],[-129.6708,53.0139],[-129.6561,53.0028],[-129.6372,53.0075],[-129.6423,53.021],[-129.6212,53.0181],[-129.536,52.9599],[-129.564,52.9503],[-129.571,52.9672],[-129.6013,52.9724],[-129.587,52.9842],[-129.6068,52.9881],[-129.6006,52.954],[-129.6268,52.9481],[-129.641,52.9866],[-129.6597,52.9806],[-129.6823,52.9964]],[[-129.6199,53.0484],[-129.6062,53.0576],[-129.5795,53.055],[-129.6025,53.0357],[-129.6199,53.0484]],[[-129.599,53.0258],[-129.5754,53.0522],[-129.5467,53.0182],[-129.546,53.033],[-129.5324,53.0284],[-129.5375,53.0088],[-129.5642,52.9995],[-129.5853,53.02],[-129.5733,53.0328],[-129.599,53.0258]],[[-129.5953,53.0092],[-129.5937,53.0177],[-129.579,53.0058],[-129.5953,53.0092]],[[-129.5693,53.1474],[-129.553,53.1595],[-129.5601,53.1713],[-129.534,53.185],[-129.4862,53.1904],[-129.3942,53.0881],[-129.3157,53.0468],[-129.303,52.9662],[-129.3543,52.9671],[-129.431,53.0123],[-129.4356,53.0403],[-129.4649,53.0674],[-129.4592,53.0823],[-129.4846,53.09],[-129.4653,53.0533],[-129.499,53.0891],[-129.4695,53.1004],[-129.5182,53.1136],[-129.5174,53.0928],[-129.5377,53.109],[-129.5125656827906,53.116152041482344],[-129.5035,53.1299],[-129.5614,53.1321],[-129.5506,53.1494],[-129.5693,53.1474]],[[-129.5465,53.1278],[-129.5279,53.1292],[-129.5423,53.1183],[-129.5465,53.1278]],[[-129.465,53.3601],[-129.4467,53.3536],[-129.4401,53.3339],[-129.4516,53.3219],[-129.46371588938578,53.34124925618326],[-129.465,53.3601]],[[-129.4578,53.3751],[-129.4475,53.3851],[-129.4283,53.3739],[-129.4465,53.3868],[-129.4087,53.4088],[-129.3352,53.3637],[-129.3455,53.3459],[-129.3354,53.3023],[-129.4155,53.2942],[-129.3845,53.3221],[-129.3999,53.3473],[-129.4516,53.3605],[-129.4578,53.3751]],[[-129.428,52.6762],[-129.4167,52.6913],[-129.4016,52.6797],[-129.4137,52.6665],[-129.428,52.6762]],[[-129.3809,53.2604],[-129.3457,53.2722],[-129.3716,53.2814],[-129.3061,53.2817],[-129.3687,53.2322],[-129.3725,53.2516],[-129.3535,53.2663],[-129.3809,53.2604]],[[-129.3729,52.8206],[-129.3564,52.8573],[-129.3136,52.8356],[-129.3246,52.7988],[-129.3729,52.8206]],[[-129.3572,52.7894],[-129.3477,52.788],[-129.3455,52.7728],[-129.3572,52.7894]],[[-129.3449,53.2074],[-129.3014,53.2251],[-129.2562,53.2688],[-129.288,53.319],[-129.2736,53.3262],[-129.1723,53.2844],[-129.1773,53.2511],[-129.1496,53.206],[-129.1717,53.1937],[-129.1723,53.1522],[-129.1399,53.1165],[-129.153,53.097],[-129.2077,53.1057],[-129.2613,53.0877],[-129.2701,53.1033],[-129.2784,53.079],[-129.3416,53.1336],[-129.3431,53.1953],[-129.3149,53.1976],[-129.3449,53.2074]],[[-129.3053,52.7601],[-129.3029,52.7787],[-129.2793,52.7871],[-129.2904,52.8219],[-129.215,52.8031],[-128.931,52.6127],[-128.9435,52.4757],[-128.9744,52.4533],[-128.9969,52.4567],[-128.9901,52.4793],[-129.0162,52.4799],[-128.997,52.496],[-129.0226,52.5362],[-129.0481,52.5309],[-129.0378,52.5153],[-129.0701,52.516],[-129.0892,52.5487],[-129.1181,52.5441],[-129.1395,52.5618],[-129.1473,52.5847],[-129.1229,52.6066],[-129.1687,52.6026],[-129.2119,52.6279],[-129.1995,52.6405],[-129.2216,52.6396],[-129.2329,52.6683],[-129.2017,52.6685],[-129.2405,52.6804],[-129.2431,52.6954],[-129.1751,52.6755],[-129.2819,52.7192],[-129.2613,52.735],[-129.3053,52.7601]],[[-129.2708,53.401],[-129.2324,53.4091],[-129.2284,53.3581],[-129.2616,53.3671],[-129.2708,53.401]],[[-129.2309,53.0656],[-129.1989,53.0774],[-129.1976,53.0527],[-129.2204,53.0478],[-129.2309,53.0656]],[[-129.2009,52.9808],[-129.1966,53.0211],[-129.1608,53.0539],[-129.1835,53.0672],[-129.125,53.0782],[-129.1178,53.053],[-129.0964,53.068],[-129.1114,53.081],[-129.0822,53.097],[-129.0806,53.1385],[-129.0969,53.1856],[-129.0559,53.2124],[-129.04270189513582,53.205770814908405],[-129.085,53.2592],[-129.0889,53.2705],[-129.0737,53.2717],[-129.094,53.2828],[-129.0861,53.2929],[-129.0366,53.308],[-128.9674,53.2845],[-128.9083,53.299],[-128.8701,53.2588],[-128.6944,53.1591],[-128.634,53.1549],[-128.5758,53.094],[-128.5371,53.0217],[-128.5221,52.9433],[-128.5646,52.7363],[-128.5939,52.7476],[-128.5698,52.686],[-128.6273,52.6584],[-128.6334,52.6391],[-128.6803,52.6393],[-128.6442,52.6281],[-128.6048,52.6667],[-128.5764,52.669],[-128.5952,52.6062],[-128.7129,52.6173],[-128.7599,52.6054],[-128.7543,52.654],[-128.7348,52.6545],[-128.7614,52.7487],[-128.7246,52.7448],[-128.7595,52.7572],[-128.7358,52.7836],[-128.7137,52.8548],[-128.6966,52.869],[-128.6779,52.8589],[-128.6858,52.8783],[-128.6559,52.9004],[-128.6586,52.9709],[-128.6895,52.9615],[-128.6743,52.9244],[-128.6982,52.8934],[-128.718,52.894],[-128.7438,52.9233],[-128.7208,52.8836],[-128.7466,52.8375],[-128.8131,52.8486],[-128.7534,52.8278],[-128.766,52.8197],[-128.7511,52.8052],[-128.7716,52.8173],[-128.7761,52.7734],[-128.7943,52.7524],[-128.7899,52.7225],[-128.7644,52.7034],[-128.763,52.6687],[-128.7908,52.6643],[-128.7822,52.6755],[-128.8065,52.7143],[-128.8165,52.6719],[-128.8664,52.6716],[-128.8364,52.6612],[-128.8928,52.6489],[-129.0065,52.7022],[-128.9728,52.7261],[-128.976,52.7431],[-129.0098,52.7083],[-129.0754,52.7524],[-128.9871,52.7756],[-129.0787,52.7652],[-129.1034,52.7849],[-129.0534,52.7859],[-129.1032,52.7862],[-129.0758,52.806],[-129.1133,52.7972],[-129.1371,52.8478],[-129.133,52.8744],[-129.0862,52.8747],[-129.0021,52.8384],[-129.0315,52.8531],[-129.0306,52.8662],[-129.0957,52.8877],[-128.9809,52.9318],[-128.9731,52.9633],[-128.9448,52.9748],[-128.9752,52.9679],[-128.97295047791647,52.98149086258805],[-128.9867,52.9591],[-129.0317,52.9239],[-129.1265,52.8995],[-129.1313,52.9802],[-129.1527,52.9622],[-129.1374,52.926],[-129.1518,52.9413],[-129.157,52.9167],[-129.1835,52.9337],[-129.1841,52.9545],[-129.1981,52.9516],[-129.1966,52.9716],[-129.1799,52.9645],[-129.2009,52.9808]],[[-129.1826,53.4306],[-129.1683,53.5516],[-129.181,53.619],[-129.088,53.673],[-129.06221978478476,53.68051830262532],[-129.085,53.6915],[-128.892,53.775],[-128.8599,53.7746],[-128.9089,53.7507],[-128.8985,53.7332],[-128.935,53.7112],[-128.9848,53.717],[-129.05131377001968,53.68369883152144],[-128.9721,53.7068],[-128.9373,53.694],[-128.873,53.7174],[-128.828,53.706],[-128.8885,53.6567],[-128.8717,53.6347],[-128.8874,53.6181],[-128.88836555246056,53.597788914312225],[-128.8735,53.6246],[-128.8579,53.6068],[-128.8831,53.5789],[-128.88869464041096,53.590866314212334],[-128.8902,53.5592],[-128.9321,53.5645],[-128.9561,53.5844],[-129.0159,53.5489],[-129.0245,53.5572],[-129.1032,53.4924],[-129.0829,53.448],[-129.1485,53.4157],[-129.1659,53.3817],[-129.1826,53.4306]],[[-129.1527,52.5599],[-129.1358,52.5441],[-129.1456,52.5454],[-129.1527,52.5599]],[[-129.1505,53.3471],[-129.1114,53.4039],[-129.0601,53.4373],[-129.0656,53.492],[-129.023,53.5302],[-129.0049,53.5297],[-128.9828,53.4579],[-128.92,53.3967],[-128.928,53.3278],[-128.9575,53.3128],[-128.992,53.336],[-129.0326,53.3369],[-129.1251,53.3125],[-129.1505,53.3471]],[[-129.1038,52.5187],[-129.0892,52.5213],[-129.089,52.5112],[-129.1038,52.5187]],[[-129.0913,50.8584],[-129.0869,50.8693],[-129.0735,50.8553],[-129.0913,50.8584]],[[-128.8989,53.7154],[-128.865,53.7614],[-128.8469,53.7598],[-128.832,53.7225],[-128.8493,53.7215],[-128.8454,53.7359],[-128.8989,53.7154]],[[-128.8279,52.5148],[-128.814,52.5584],[-128.7384,52.5101],[-128.7373,52.5259],[-128.6797,52.5271],[-128.7281,52.5495],[-128.6557,52.5382],[-128.7062,52.5571],[-128.6234,52.5497],[-128.71144254891112,52.558287109591106],[-128.7099,52.5557],[-128.7389,52.5693],[-128.7558,52.559],[-128.7355,52.5831],[-128.7551,52.5928],[-128.7183,52.597],[-128.7365,52.5721],[-128.7049,52.602],[-128.5828,52.5988],[-128.5493,52.6775],[-128.5179,52.5719],[-128.4663,52.4772],[-128.4992,52.4312],[-128.6957,52.4975],[-128.702,52.5058],[-128.6815,52.5074],[-128.6912,52.5203],[-128.7275,52.5097],[-128.7058,52.5043],[-128.7081,52.4822],[-128.7341,52.495],[-128.7322,52.4834],[-128.7595,52.4794],[-128.7684,52.4997],[-128.7991,52.4963],[-128.7881,52.5064],[-128.8074,52.5065],[-128.8126,52.5229],[-128.8279,52.5148]],[[-128.809,52.6501],[-128.8026,52.6848],[-128.7963,52.6653],[-128.809,52.6501]],[[-128.7833,52.6572],[-128.7581,52.6581],[-128.7634,52.6167],[-128.7833,52.6572]],[[-128.7724,53.8419],[-128.735,53.8717],[-128.7243,53.8455],[-128.7659,53.8197],[-128.7724,53.8419]],[[-128.7723,52.4173],[-128.7649,52.4726],[-128.6981,52.4718],[-128.7071,52.4798],[-128.6873,52.4865],[-128.6743,52.4796],[-128.6905,52.4649],[-128.6665,52.4673],[-128.6697,52.4825],[-128.6243,52.4575],[-128.6157,52.3325],[-128.6301,52.3061],[-128.6683,52.2923],[-128.6614,52.2811],[-128.7335,52.3138],[-128.7421,52.3505],[-128.7191,52.3594],[-128.7571,52.3765],[-128.7424,52.3856],[-128.7633,52.399],[-128.7455,52.418],[-128.7723,52.4173]],[[-128.7485,53.5244],[-128.7214,53.5018],[-128.7469,53.5105],[-128.7485,53.5244]],[[-128.7134,50.8102],[-128.7099,50.8357],[-128.668,50.8255],[-128.6565,50.8066],[-128.7134,50.8102]],[[-128.6929,53.1795],[-128.6411,53.1694],[-128.6861,53.1745],[-128.6929,53.1795]],[[-128.6758,52.9522],[-128.6711,52.9637],[-128.6627,52.9291],[-128.6758,52.9522]],[[-128.6323,50.808],[-128.603,50.8185],[-128.571,50.7968],[-128.619,50.7821],[-128.6323,50.808]],[[-128.5531,52.709],[-128.5103,52.8834],[-128.466,52.8437],[-128.4529,52.8081],[-128.4719,52.7683],[-128.4883,52.7817],[-128.4756,52.7055],[-128.5059,52.642],[-128.5249,52.6436],[-128.5531,52.709]],[[-128.5183,52.1617],[-128.5147,52.1753],[-128.4898,52.191],[-128.5183,52.1617]],[[-128.5183,52.6087],[-128.49,52.553],[-128.5112,52.5764],[-128.5183,52.6087]],[[-128.4997,52.1542],[-128.48,52.1886],[-128.4601,52.1799],[-128.4768,52.1685],[-128.455,52.1774],[-128.4729,52.1986],[-128.4511,52.2208],[-128.4289,52.2207],[-128.4374,52.2048],[-128.4023,52.2062],[-128.4225,52.211],[-128.4024,52.2164],[-128.4344,52.2373],[-128.3773,52.2371],[-128.3959,52.1965],[-128.4252,52.1839],[-128.3931,52.1906],[-128.3836,52.1725],[-128.4075,52.157],[-128.4311,52.1556],[-128.4421,52.1726],[-128.4498,52.1583],[-128.4997,52.1542]],[[-128.4805,51.9491],[-128.4479,51.9663],[-128.4303,52.0028],[-128.4088,51.9934],[-128.4169,51.9547],[-128.4617,51.9257],[-128.4607,51.9588],[-128.4805,51.9491]],[[-128.4787,52.396],[-128.419,52.4089],[-128.3995,52.4582],[-128.286,52.4788],[-128.266,52.4558],[-128.2966,52.4452],[-128.2886,52.4165],[-128.3309,52.41],[-128.3631,52.371],[-128.456,52.3612],[-128.4416,52.3847],[-128.4787,52.396]],[[-128.4775,52.3314],[-128.4738,52.3498],[-128.4619,52.3447],[-128.4775,52.3314]],[[-128.4565,52.3505],[-128.3824,52.3599],[-128.3963,52.3229],[-128.4241,52.3138],[-128.4511,52.3236],[-128.4565,52.3505]],[[-128.4519,52.7452],[-128.4271,52.7796],[-128.39,52.7719],[-128.4112,52.7917],[-128.3901,52.8051],[-128.3526,52.7854],[-128.3496,52.7324],[-128.2894,52.6848],[-128.3033,52.6358],[-128.2851,52.541],[-128.2936,52.5228],[-128.4423,52.548],[-128.4348,52.6174],[-128.4464,52.6122],[-128.4494,52.6307],[-128.4364,52.6781],[-128.3535,52.665],[-128.3493,52.6759],[-128.4321,52.694],[-128.428,52.7124],[-128.3887,52.705],[-128.4258,52.7141],[-128.4165,52.7323],[-128.3978,52.7263],[-128.42325030120483,52.73931656626506],[-128.4413,52.7333],[-128.4519,52.7452]],[[-128.4482,52.1238],[-128.4187,52.1534],[-128.397,52.1542],[-128.4482,52.1238]],[[-128.445229,50.787981],[-128.445004,50.788049],[-128.3867883,50.801508],[-128.3574994,50.8082793],[-128.357276,50.808318],[-128.3570525,50.8083315],[-128.2957664,50.8087473],[-128.276476,50.808878],[-128.276221,50.808864],[-128.2762009,50.8088206],[-128.27625,50.80547],[-128.27479,50.80601],[-128.27448,50.80627],[-128.27401,50.80635],[-128.27388,50.80649],[-128.27385,50.80665],[-128.27372,50.80672],[-128.2734161,50.806693],[-128.2728675,50.806527],[-128.27277,50.80649],[-128.2727336,50.8064903],[-128.2713624,50.8061707],[-128.27119,50.80598],[-128.2702325,50.8058963],[-128.270175,50.805879],[-128.270041,50.805752],[-128.268262,50.803692],[-128.26793101270744,50.80338247604723],[-128.25882784245016,50.803390858340286],[-128.258699,50.803496],[-128.257854,50.8043382],[-128.2577,50.80435],[-128.25729,50.80447],[-128.25718,50.80497],[-128.2571176,50.8050551],[-128.25706,50.805102],[-128.25682,50.805067],[-128.2564306,50.8049844],[-128.25635,50.80485],[-128.25625,50.80482],[-128.2559918,50.8048912],[-128.251953,50.804034],[-128.251057,50.8039073],[-128.25099,50.80367],[-128.25088,50.80353],[-128.25063325749744,50.80339840399862],[-128.2489,50.8034],[-128.2115,50.834],[-128.18269617207085,50.83566375901396],[-128.179983,50.837234],[-128.1793889,50.8376474],[-128.17931,50.8376],[-128.17907,50.83758],[-128.17862,50.8379],[-128.17869,50.83809],[-128.1784,50.83815],[-128.17847,50.83835],[-128.1786266,50.838479],[-128.178391,50.838865],[-128.178204,50.8395],[-128.1781079,50.8401596],[-128.17794,50.84025],[-128.17747,50.84067],[-128.17727,50.841],[-128.17732,50.84165],[-128.17754,50.8419],[-128.1778237,50.8421116],[-128.177665,50.8432011],[-128.17759,50.84328],[-128.17755,50.84337],[-128.177589,50.8435882],[-128.177576,50.84363],[-128.177317,50.843618],[-128.1773071,50.8436169],[-128.17716,50.84334],[-128.17661,50.84327],[-128.17631,50.84332],[-128.17604,50.84347],[-128.1759968,50.8434711],[-128.1714396,50.8429642],[-128.17081,50.84262],[-128.17002,50.84254],[-128.16922,50.84257],[-128.1686534,50.8426542],[-128.168184,50.842602],[-128.167911,50.842552],[-128.167909,50.842552],[-128.1678404,50.8425227],[-128.16761,50.84234],[-128.1672293,50.8422619],[-128.1672155,50.842256],[-128.16696,50.84203],[-128.167,50.84123],[-128.16685,50.84093],[-128.16649,50.84065],[-128.16579,50.84048],[-128.165,50.84053],[-128.16411,50.84097],[-128.16372,50.84136],[-128.16283,50.84153],[-128.16263,50.84181],[-128.1623,50.84182],[-128.16218,50.84171],[-128.16187,50.8417],[-128.16163,50.84191],[-128.1616206,50.8422101],[-128.161612,50.842213],[-128.1614726,50.8422202],[-128.16147,50.84222],[-128.16064,50.84187],[-128.16043,50.84188],[-128.16028,50.84203],[-128.16018,50.84202],[-128.16003,50.84189],[-128.15986,50.84188],[-128.15922,50.84201],[-128.1587566,50.8421996],[-128.1583577,50.8421953],[-128.15832,50.84212],[-128.15786,50.84185],[-128.15742,50.84175],[-128.15692,50.84176],[-128.15629,50.84195],[-128.1558089,50.8421906],[-128.1552816,50.8422186],[-128.15491,50.8422],[-128.15415,50.84206],[-128.15311,50.84214],[-128.15268,50.84229],[-128.15248,50.84243],[-128.15216,50.8429],[-128.15157,50.84309],[-128.15151,50.84318],[-128.15151,50.84343],[-128.1518141,50.8434479],[-128.151429,50.843746],[-128.1513142,50.8438554],[-128.1511,50.84387],[-128.1511049,50.8440548],[-128.151028,50.844128],[-128.150876,50.844247],[-128.150802,50.8442112],[-128.15031,50.84384],[-128.1500855,50.8437982],[-128.148036,50.84258],[-128.147873,50.842464],[-128.147875,50.842398],[-128.1478578,50.8422763],[-128.14862,50.842],[-128.14903,50.84164],[-128.14943,50.8405],[-128.14934,50.84018],[-128.14875,50.8395],[-128.14818,50.83915],[-128.14794,50.83888],[-128.14646,50.83926],[-128.14599,50.83926],[-128.14122,50.83853],[-128.14008,50.83822],[-128.13935378155014,50.83816729059638],[-128.1284,50.8388],[-128.11754092566792,50.85068918415014],[-128.11797,50.8511],[-128.11806,50.85163],[-128.11865,50.85228],[-128.11916,50.85264],[-128.1193511,50.8526531],[-128.1197458,50.8530938],[-128.11977,50.8534],[-128.12002,50.8538],[-128.12016,50.85386],[-128.12039,50.85386],[-128.1204208,50.8538473],[-128.120494,50.853929],[-128.120594,50.854071],[-128.120367,50.854132],[-128.1199636,50.8542116],[-128.11955,50.85399],[-128.11868,50.85407],[-128.11728,50.8545],[-128.11642,50.85491],[-128.11562,50.85577],[-128.1152,50.85646],[-128.1151678,50.856565],[-128.1148712,50.8569574],[-128.11481,50.85696],[-128.1147542,50.8571123],[-128.1145399,50.8573958],[-128.11424,50.85765],[-128.1140432,50.8580528],[-128.1135592,50.858693],[-128.11341,50.85879],[-128.1131206,50.8592582],[-128.113055,50.859328],[-128.1129765,50.8593436],[-128.11178,50.85939],[-128.11165,50.85944],[-128.1115679,50.8595494],[-128.1100474,50.8597618],[-128.11002,50.85974],[-128.1093750568999,50.85962968078551],[-128.1031,50.8665],[-128.10308335947468,50.86650346257396],[-128.103083,50.866515],[-128.10297654837254,50.866525687914404],[-128.09786556957863,50.86758918451192],[-128.097639,50.867717],[-128.096995,50.868253],[-128.096919,50.868331],[-128.096687,50.868283],[-128.09575638698092,50.868028064931245],[-128.06117525025823,50.87522373580486],[-128.061164,50.875259],[-128.061089,50.875414],[-128.060834,50.875427],[-128.0602255143297,50.87542135762433],[-128.0536,50.8768],[-128.02761288837655,50.86641662868909],[-128.027572,50.866424],[-128.027351,50.866354],[-128.0269785,50.8662075],[-128.02697,50.86618],[-128.02697,50.866159757174394],[-128.0260223920893,50.86578113238005],[-128.0259151,50.865821],[-128.025267,50.865621],[-128.0245959,50.8655125],[-128.02478,50.86532],[-128.0247753586988,50.86528286959047],[-128.0244185421582,50.86514030050913],[-128.02424,50.86513],[-128.02197,50.86532],[-128.02125,50.86548],[-128.02028,50.8656],[-128.02008,50.86568],[-128.0200328,50.8658413],[-128.0187129,50.8660644],[-128.01869,50.86595],[-128.0186,50.86589],[-128.01759,50.86597],[-128.01732,50.8661],[-128.0173296,50.8662983],[-128.014972,50.866697],[-128.014731,50.866723],[-128.0147073,50.866702],[-128.01469,50.86665],[-128.0145952,50.8666026],[-128.01459,50.866598],[-128.0144693,50.8664656],[-128.01448,50.86643],[-128.01472,50.86621],[-128.01456,50.86548],[-128.0144,50.8652],[-128.01404,50.86498],[-128.01381,50.8647],[-128.01328,50.86432],[-128.01285,50.86421],[-128.0124419,50.8642414],[-128.0114477,50.8631507],[-128.01142,50.86262],[-128.0113,50.86234],[-128.01116,50.86222],[-128.01061,50.86194],[-128.0104,50.86194],[-128.0103568,50.8619539],[-128.009418,50.860924],[-128.009148,50.8606886],[-128.00913,50.86065],[-128.0090330943915,50.858992914094614],[-128.00836958046767,50.85872780146722],[-128.0081357496158,50.85872590040338],[-128.00740515573253,50.85884110668664],[-128.0074,50.85897],[-128.00725,50.85905],[-128.00678,50.85911],[-128.0063194566613,50.85901230898876],[-127.97546858736061,50.86387713754646],[-127.97522,50.86396],[-127.97500194817356,50.863950721198876],[-127.97420554201412,50.86407630532392],[-127.97396,50.86424],[-127.97371,50.86467],[-127.97347,50.86494],[-127.97258,50.86555],[-127.97193,50.86582],[-127.96998,50.8664],[-127.96828,50.86729],[-127.96748,50.86759],[-127.96701,50.86798],[-127.96609,50.86849],[-127.96464,50.86913],[-127.96435,50.86935],[-127.96429,50.86949],[-127.96431,50.87006],[-127.9643026,50.8700664],[-127.9629835,50.8707181],[-127.96285,50.87058],[-127.96262,50.87066],[-127.96247,50.87091],[-127.96203,50.87091],[-127.96197,50.87096],[-127.96197,50.87112],[-127.9619,50.87116],[-127.96149,50.87102],[-127.96108,50.87106],[-127.96053,50.87139],[-127.96045,50.87166],[-127.96056,50.8719],[-127.9605394,50.8719138],[-127.960465,50.871944],[-127.96022,50.871916],[-127.958368,50.871594],[-127.9580082,50.8715577],[-127.95801,50.8715],[-127.95779,50.8713],[-127.95746,50.87122],[-127.95651,50.87127],[-127.95562,50.87157],[-127.9556026,50.8715797],[-127.954733,50.871742],[-127.9470199,50.8737881],[-127.94693,50.87379],[-127.94599,50.87398],[-127.94439,50.87403],[-127.94396,50.87415],[-127.9428492,50.8748906],[-127.942634,50.874932],[-127.9425207,50.8749381],[-127.94214,50.8749],[-127.94171,50.8745],[-127.94094,50.87408],[-127.94023,50.87404],[-127.9396,50.87429],[-127.93921,50.87434],[-127.93825,50.87402],[-127.93729,50.87387],[-127.93683,50.87395],[-127.9359,50.87447],[-127.93497,50.87464],[-127.93461,50.87479],[-127.93411,50.8748],[-127.9338084,50.8748718],[-127.9326083,50.8748612],[-127.93258,50.87484],[-127.93238,50.87485],[-127.9323562,50.874859],[-127.931558,50.874852],[-127.931335,50.874838],[-127.9313151,50.8748324],[-127.93122,50.87472],[-127.93084,50.87431],[-127.93027,50.87404],[-127.93009,50.87362],[-127.92956,50.87334],[-127.92867,50.87341],[-127.92814,50.87317],[-127.92791,50.87316],[-127.927013,50.8733394],[-127.9243616,50.8724116],[-127.92435,50.87229],[-127.92385068287832,50.8720166895755],[-127.9062,50.8748],[-127.89327708699368,50.871348538762284],[-127.891801,50.871239],[-127.891552,50.871206],[-127.891371,50.871093],[-127.89129,50.8710319],[-127.89129,50.871],[-127.89149,50.87096],[-127.89157178459938,50.87089308532778],[-127.88360603334789,50.868765586546324],[-127.880013,50.86889],[-127.87974,50.868881],[-127.8796428,50.8687586],[-127.88034,50.86841],[-127.88039,50.86833],[-127.88035,50.86815],[-127.88017,50.86802],[-127.87935,50.86788],[-127.87896,50.86753],[-127.8788019,50.8675252],[-127.87875941605492,50.86747114838734],[-127.874,50.8662],[-127.87374657205304,50.86541667725484],[-127.873293,50.865297],[-127.873065,50.865219],[-127.8730472,50.8650935],[-127.87305,50.86504],[-127.87356,50.86491],[-127.87355183745584,50.86481477031802],[-127.87344537074149,50.86448569138277],[-127.87312,50.8642],[-127.87309670588235,50.86340799999997],[-127.87262458015267,50.861948702290086],[-127.87246,50.86179],[-127.87215,50.8616],[-127.87164,50.86161],[-127.87142,50.86169],[-127.8713499,50.8617569],[-127.870785,50.861439],[-127.870244,50.861188],[-127.87002,50.861057],[-127.86991,50.860878],[-127.8698445,50.8607209],[-127.86986,50.86045],[-127.86997,50.86014],[-127.86993,50.85943],[-127.86968,50.85915],[-127.8695,50.85854],[-127.86928,50.85811],[-127.86908,50.85792],[-127.8686735,50.8579108],[-127.8685114,50.8575218],[-127.86852,50.85728],[-127.8683796,50.8572057],[-127.8681598,50.8566781],[-127.86854,50.85627],[-127.86852,50.85556],[-127.86813,50.85497],[-127.8672733,50.8545507],[-127.867065,50.854051],[-127.867022,50.853871],[-127.867121,50.853649],[-127.86713,50.8536174],[-127.8673,50.85346],[-127.86859,50.85343],[-127.86863,50.85234],[-127.86952133882076,50.85235686544599],[-127.8676179245283,50.84647358490566],[-127.8676,50.84647],[-127.86752,50.84639],[-127.8675089954338,50.84613689497717],[-127.86740150000001,50.845804636363646],[-127.86739862288135,50.84580097457627],[-127.8544,50.855],[-127.7582,50.8367],[-127.4881,50.767],[-127.494,50.7149],[-127.4778,50.6981],[-127.4828,50.7161],[-127.4412,50.7324],[-127.4501,50.745],[-127.4079,50.7474],[-127.4264,50.7131],[-127.4174,50.6961],[-127.3837,50.6999],[-127.193,50.61],[-127.0788,50.6044],[-127.1339,50.5916],[-126.9987,50.5859],[-126.9682,50.5601],[-126.8543,50.5519],[-126.882,50.5417],[-126.8672,50.528],[-126.8218,50.5503],[-126.62381014283869,50.49130987132523],[-126.621098,50.493285],[-126.62105,50.493314],[-126.621006,50.493283],[-126.6158543,50.48896],[-126.61581635991745,50.4889281620302],[-126.5882,50.4807],[-126.57139922487416,50.48089886932416],[-126.5666495,50.4854224],[-126.566607,50.485455],[-126.5665418,50.4854521],[-126.541505,50.482545],[-126.53140549712515,50.48137227162544],[-126.3601,50.4834],[-126.2822,50.4647],[-126.1267,50.4579],[-125.9948,50.4168],[-125.9382,50.3726],[-125.9453,50.3907],[-125.8206,50.3836],[-125.7218,50.3565],[-125.5797,50.3682],[-125.5198,50.3363],[-125.48612527070269,50.334010617909335],[-125.486038,50.3341],[-125.4860314,50.3341086],[-125.48597,50.33417],[-125.4859514,50.33425],[-125.485951,50.334251],[-125.485887,50.334526],[-125.4858869,50.3345274],[-125.48587,50.3346],[-125.4858926,50.3346565],[-125.485896,50.334673],[-125.4861646,50.3354203],[-125.48616,50.33546],[-125.48629,50.33577],[-125.48647,50.33593],[-125.48732,50.33634],[-125.48737,50.3363382],[-125.487379,50.336341],[-125.487484,50.33636],[-125.48981,50.336646],[-125.489838,50.336652],[-125.489852,50.336668],[-125.4899649,50.3368441],[-125.49007,50.33712],[-125.49027,50.33732],[-125.49032,50.3373443],[-125.490365,50.337378],[-125.49149,50.338065],[-125.4915228,50.338082],[-125.49153,50.33809],[-125.4915494,50.3380957],[-125.491577,50.33811],[-125.494181,50.339209],[-125.4942122,50.3392196],[-125.49423,50.33923],[-125.4942595,50.3392357],[-125.494284,50.339244],[-125.495732,50.339632],[-125.495757,50.339641],[-125.4957596,50.3396572],[-125.4957344,50.3406554],[-125.49571,50.341601],[-125.495708,50.341617],[-125.495685,50.341611],[-125.487178,50.338586],[-125.487142,50.338574],[-125.481631,50.336902],[-125.4816228,50.3368999],[-125.48159,50.33689],[-125.47779,50.33604],[-125.4749,50.33558],[-125.4745562,50.3355381],[-125.470585,50.335054],[-125.4705777,50.3350534],[-125.47055,50.33505],[-125.4705232,50.3350487],[-125.470515,50.335048],[-125.468585,50.334955],[-125.46662,50.33486],[-125.46442,50.33484],[-125.4591922,50.3350288],[-125.459185,50.335029],[-125.4591809,50.3350292],[-125.45916,50.33503],[-125.45619,50.33518],[-125.45391,50.33542],[-125.45146,50.33573],[-125.43549,50.33807],[-125.435473,50.3380731],[-125.435467,50.338074],[-125.4354547,50.3380764],[-125.43081,50.33892],[-125.427088,50.3397162],[-125.427072,50.339718],[-125.4270701,50.3397016],[-125.42711,50.32909],[-125.42715,50.318479],[-125.427153,50.318462],[-125.42718,50.31846],[-125.442681,50.31846],[-125.4427068,50.3184619],[-125.44256,50.31855],[-125.44258,50.31861],[-125.4428264,50.31861],[-125.442872,50.318646],[-125.442972,50.318699],[-125.443087,50.318737],[-125.4433684,50.3188073],[-125.44356,50.31891],[-125.4439667,50.3189569],[-125.444471,50.319083],[-125.444498,50.319091],[-125.444512,50.319108],[-125.444686,50.31937],[-125.444696,50.31939],[-125.4446971,50.3194024],[-125.44457,50.31995],[-125.44464,50.32027],[-125.4446966,50.320352],[-125.444698,50.320355],[-125.444827,50.320542],[-125.444836,50.32056],[-125.444818,50.320574],[-125.444482,50.320786],[-125.444459,50.320798],[-125.4444562,50.3207982],[-125.4442394,50.3206949],[-125.444198,50.320645],[-125.44412,50.320584],[-125.443636,50.320276],[-125.443574,50.3202437],[-125.44357,50.32023],[-125.4435,50.32019],[-125.443433,50.320191],[-125.44343,50.32019],[-125.443312,50.320168],[-125.442958,50.320125],[-125.442839,50.320119],[-125.44272,50.320127],[-125.4426924,50.3201323],[-125.44248,50.32001],[-125.44224,50.32004],[-125.44194,50.32037],[-125.44196,50.32049],[-125.44234,50.32084],[-125.4428791,50.3211242],[-125.4428927,50.3211354],[-125.44292,50.32119],[-125.44277,50.32135],[-125.44278,50.32143],[-125.44303,50.32147],[-125.44325,50.32129],[-125.4432654,50.321289],[-125.443323,50.321297],[-125.443447,50.321298],[-125.443569,50.321284],[-125.443669,50.321266],[-125.443707,50.3212614],[-125.4438892,50.3212978],[-125.44392,50.321357],[-125.443978,50.321422],[-125.4440495,50.3214759],[-125.44407,50.32151],[-125.44433,50.32165],[-125.44487,50.32163],[-125.44506,50.32152],[-125.4453312,50.3214639],[-125.44535,50.321461],[-125.4453562,50.321461],[-125.44628,50.32161],[-125.4465875,50.3215108],[-125.44659,50.321511],[-125.446612,50.321516],[-125.447406,50.321714],[-125.447429,50.321721],[-125.4474416,50.3217287],[-125.4475676,50.3218232],[-125.447648,50.321884],[-125.4476516,50.3218862],[-125.44787,50.32205],[-125.4480401,50.3220184],[-125.448084,50.322023],[-125.448208,50.322019],[-125.44928,50.321923],[-125.44931,50.321922],[-125.4493243,50.3219252],[-125.45025,50.32226],[-125.4505133,50.3222863],[-125.451474,50.322579],[-125.45154,50.322606],[-125.45367789608723,50.323751569382075],[-125.4352,50.3046],[-125.4411,50.2801],[-125.3984,50.252],[-125.3637,50.1535],[-125.3592,50.1294],[-125.3914,50.1382],[-125.386,50.1226],[-125.3247,50.1132],[-125.2998,50.0753],[-125.2714,50.0693],[-125.1729,49.9061],[-125.1221,49.8882],[-125.1108,49.8595],[-125.10046540375312,49.853180252939204],[-125.095653,49.856461],[-125.09564,49.856468],[-125.095623,49.856459],[-125.092095,49.854295],[-125.088564,49.852128],[-125.088553,49.85212],[-125.088565,49.852109],[-125.089504,49.851469],[-125.092507,49.849421],[-125.092509,49.84942],[-125.09264,49.84933],[-125.09264144762912,49.84839579667819],[-124.99916401403817,49.79123306655555],[-124.999095,49.791219],[-124.99897,49.791194],[-124.998951,49.791189],[-124.998937,49.791183],[-124.99685,49.790155],[-124.996827,49.790141],[-124.996157,49.789686],[-124.995768,49.789422],[-124.995737,49.789396],[-124.99551,49.78915],[-124.995284,49.788905],[-124.995262,49.788873],[-124.99524287509823,49.78883523642279],[-124.89832364790067,49.729567802399814],[-124.89831,49.729994],[-124.898308,49.730007],[-124.898294,49.729998],[-124.897634,49.72952],[-124.897621,49.729509],[-124.897612,49.729498],[-124.897311,49.729022],[-124.89728911316128,49.72893517024638],[-124.89557757557628,49.72788854158632],[-124.895488,49.727881],[-124.895483,49.727879],[-124.895493,49.727867],[-124.89551172620534,49.72784827379466],[-124.8624,49.7076],[-124.9059,49.6619],[-124.9793,49.6735],[-124.923,49.643],[-124.8185,49.4961],[-124.7927,49.498],[-124.7918,49.4619],[-124.7742,49.4683],[-124.7468,49.4514],[-124.7251,49.4676],[-124.5735,49.3803],[-124.4584,49.3543],[-124.3558,49.3519],[-124.3201,49.3234],[-124.2843,49.3316],[-124.27563080919778,49.327377409648015],[-124.27561,49.328067],[-124.275608,49.32808],[-124.275603,49.328092],[-124.274278,49.330445],[-124.274268,49.330458],[-124.274245,49.33046],[-124.261704,49.330455],[-124.249664,49.33045],[-124.249642,49.330449],[-124.249635,49.330436],[-124.24752,49.3239],[-124.245405,49.317365],[-124.245402,49.317351],[-124.245418,49.317347],[-124.25260742212096,49.31616317589096],[-124.2069,49.2939],[-124.198,49.2996],[-124.2143,49.315],[-124.1857,49.3126],[-124.1089,49.2702],[-124.1933,49.2685],[-124.1704,49.2535],[-124.083,49.2572],[-123.9483,49.2289],[-123.9402,49.2129],[-123.9696,49.2017],[-123.9235,49.162],[-123.9151,49.1309],[-123.8739,49.1341],[-123.8945,49.1667],[-123.8717,49.1423],[-123.8185,49.1357],[-123.8045,49.1199],[-123.8096,49.094],[-123.77359354892118,49.063088261394974],[-123.772935,49.063012],[-123.772933,49.063012],[-123.77283,49.063],[-123.772729,49.063018],[-123.772727,49.063018],[-123.77198,49.06315],[-123.770981,49.063326],[-123.77096,49.063328],[-123.770953,49.063326],[-123.77039,49.06301],[-123.769378,49.062693],[-123.769353,49.06268],[-123.768417,49.06212],[-123.768403,49.06211],[-123.768418,49.062104],[-123.770261,49.061506],[-123.770281,49.061502],[-123.770302,49.061499],[-123.77169810780235,49.061461014647485],[-123.7467,49.04],[-123.7917,49.0265],[-123.7609,49.0045],[-123.7693,48.9812],[-123.8512,49.0288],[-123.8601,49.0211],[-123.7103,48.9183],[-123.7058,48.9299],[-123.6663,48.8914],[-123.6739,48.8809],[-123.6451,48.8834],[-123.6359,48.8618],[-123.62206041360554,48.85747314080541],[-123.620039,48.858131],[-123.61791,48.858823],[-123.617891,48.858828],[-123.617885,48.858815],[-123.617677,48.85821],[-123.617671,48.858171],[-123.617712,48.857523],[-123.617757,48.856823],[-123.617757,48.85682],[-123.61776,48.85677],[-123.61774,48.85672],[-123.617706,48.856652],[-123.617703,48.856643],[-123.617741,48.856654],[-123.617824,48.856674],[-123.617911,48.856683],[-123.61793,48.856683],[-123.61793,48.85673],[-123.61876002572639,48.85644129539951],[-123.5924,48.8482],[-123.5842,48.8244],[-123.6098,48.8152],[-123.5992,48.7878],[-123.5889,48.8086],[-123.5625,48.799],[-123.55820267177816,48.781906183295355],[-123.5580121,48.7817499],[-123.558003,48.78174],[-123.558013,48.781728],[-123.55813162532615,48.78162357629739],[-123.558,48.7811],[-123.55803917970401,48.78107780972517],[-123.5580256,48.7810652],[-123.558023,48.781061],[-123.558043,48.781058],[-123.5580784683777,48.78105555773299],[-123.55902521022463,48.780519349961274],[-123.5587,48.780123],[-123.558692,48.78011],[-123.5586931,48.7801088],[-123.55892,48.78002],[-123.5589411,48.779872],[-123.559057,48.779762],[-123.559071,48.779752],[-123.5590855,48.779756],[-123.55984883054043,48.78005287473817],[-123.5806,48.7683],[-123.5699,48.7428],[-123.5979,48.7685],[-123.6053,48.7556],[-123.6355,48.7709],[-123.6452,48.7597],[-123.6242,48.7484],[-123.6561,48.75],[-123.5866,48.734],[-123.5349,48.6939],[-123.5339,48.6599],[-123.5596,48.6557],[-123.5186,48.6149],[-123.5145,48.5684],[-123.5579,48.5497],[-123.54350384615384,48.52090769230768],[-123.54106329584033,48.53093196607861],[-123.5413329,48.5313592],[-123.54135,48.53151],[-123.5419056,48.5322703],[-123.541915,48.532291],[-123.541922,48.532325],[-123.5420894,48.5351562],[-123.54207,48.53551],[-123.542128,48.535809],[-123.542183,48.536739],[-123.5421912,48.5367686],[-123.54219,48.53685],[-123.5422224,48.536881],[-123.542243,48.536955],[-123.543022,48.538495],[-123.543035,48.53853],[-123.543027,48.538566],[-123.5424223,48.5401775],[-123.54228,48.54036],[-123.5422,48.54077],[-123.54237,48.54137],[-123.5427036,48.542161],[-123.5427184,48.5422467],[-123.54269,48.54309],[-123.54248,48.5436],[-123.5426573,48.5443],[-123.542631,48.545176],[-123.542626,48.545209],[-123.542612,48.545241],[-123.5419452,48.5463948],[-123.54164,48.5467],[-123.5414884,48.5471853],[-123.541177,48.547724],[-123.541107,48.54781],[-123.5403195,48.5485425],[-123.540286,48.548567],[-123.540242,48.54859],[-123.537705,48.549661],[-123.537658,48.549677],[-123.5376194,48.5496846],[-123.53517,48.54996],[-123.534593,48.5500952],[-123.533616,48.5502275],[-123.53287,48.55024],[-123.53059,48.55054],[-123.52818,48.5509636],[-123.522085,48.551789],[-123.5220386,48.5517987],[-123.52186,48.55182],[-123.52076,48.55212],[-123.51984,48.55259],[-123.5194295,48.5528948],[-123.517784,48.553622],[-123.5176627,48.5536609],[-123.51704,48.55378],[-123.51598,48.55382],[-123.5146955,48.5543302],[-123.513203,48.554666],[-123.5130856,48.5546824],[-123.51063,48.55479],[-123.51018,48.55488],[-123.5102457,48.5551898],[-123.510215,48.55522],[-123.510126,48.555359],[-123.51008,48.555508],[-123.509963,48.5562469],[-123.50968,48.55665],[-123.50978,48.5572],[-123.5097245,48.5577367],[-123.509688,48.557831],[-123.509014,48.558922],[-123.508984,48.558957],[-123.508944,48.558988],[-123.5072507,48.5600438],[-123.50713,48.5601],[-123.50684,48.5603],[-123.5068045,48.5603492],[-123.506759,48.560386],[-123.5060071,48.5611875],[-123.50589,48.56129],[-123.5058411,48.5613645],[-123.505214,48.562033],[-123.505175,48.562067],[-123.505125,48.562093],[-123.503089,48.562957],[-123.5029946,48.5630042],[-123.50294,48.56302],[-123.50254,48.56328],[-123.5024709,48.563387],[-123.500582,48.5648657],[-123.50008,48.56503],[-123.4998159,48.5654603],[-123.499807,48.565466],[-123.499747,48.56547],[-123.49679003339078,48.565480285271605],[-123.4876,48.5777],[-123.47726432763422,48.56944920575092],[-123.47713,48.56965],[-123.4771929,48.5698833],[-123.477193,48.569884],[-123.477346,48.570451],[-123.4776011,48.5713971],[-123.477605,48.571429],[-123.477576,48.571456],[-123.4764612,48.5723085],[-123.476417,48.572336],[-123.4763607,48.5723397],[-123.4751653,48.5723347],[-123.474106,48.57233],[-123.474054,48.572327],[-123.474038,48.572294],[-123.47308129066386,48.56950491090005],[-123.4647,48.5903],[-123.4812,48.6067],[-123.4644,48.629],[-123.4799,48.6286],[-123.446,48.6552],[-123.4889,48.6772],[-123.474,48.6806],[-123.4833,48.6927],[-123.4396,48.6991],[-123.3963,48.6759],[-123.425,48.6763],[-123.3925,48.662],[-123.4103,48.6283],[-123.3947,48.5929],[-123.3699,48.5966],[-123.36875636202804,48.57858770194143],[-123.368661,48.578553],[-123.368138,48.578192],[-123.368123,48.578179],[-123.368119,48.578169],[-123.36805,48.57732],[-123.367919,48.576973],[-123.367836,48.576477],[-123.367828,48.576454],[-123.36783,48.57644],[-123.367534,48.575892],[-123.36688,48.574678],[-123.366867,48.574641],[-123.366698,48.573531],[-123.366684,48.573481],[-123.366667,48.57345],[-123.36667,48.57335],[-123.36668,48.57323],[-123.36669,48.57306],[-123.366657,48.573041],[-123.366654,48.572966],[-123.36667,48.57294],[-123.366641,48.572662],[-123.366642,48.572651],[-123.366646,48.57265],[-123.36695,48.57264],[-123.36694,48.57246],[-123.368288,48.57246],[-123.368292,48.572473],[-123.368318,48.572637],[-123.368318,48.572649],[-123.368298,48.57265],[-123.36746,48.57265],[-123.367857,48.573635],[-123.368156,48.574378],[-123.368158,48.574381],[-123.36825,48.57461],[-123.36850387405138,48.574611016309255],[-123.3647,48.5147],[-123.3068,48.4964],[-123.3028,48.4767],[-123.2646,48.4512],[-123.2973,48.4571],[-123.2916,48.4382],[-123.3076,48.4271],[-123.2937,48.4116],[-123.3489,48.4029],[-123.3915,48.4146],[-123.37754991536899,48.42653981042653],[-123.4099,48.4168],[-123.4374,48.428],[-123.4204,48.4326],[-123.4338,48.45],[-123.4636,48.4567],[-123.4471,48.4309],[-123.45542052980133,48.430160397350996],[-123.4887,48.396],[-123.478,48.3862],[-123.5122984093518,48.38798073005664],[-123.512622,48.387424],[-123.512631,48.387412],[-123.5126491517857,48.38741677678571],[-123.51393,48.38787],[-123.51484791566263,48.38802624096385],[-123.514866,48.388031],[-123.514855,48.388042],[-123.51477172172464,48.388109141308504],[-123.51746659568506,48.38824905575792],[-123.51757,48.38822],[-123.5176424137931,48.388156275862066],[-123.517647,48.388153],[-123.517685,48.388119],[-123.51768579341318,48.3881181017964],[-123.51782,48.388],[-123.51779,48.38792],[-123.51785,48.38784],[-123.51774334177215,48.3877818227848],[-123.517743,48.38778],[-123.517754,48.387766],[-123.51793826086956,48.38758173913043],[-123.51226431843786,48.38638722493428],[-123.511839,48.386543],[-123.51182,48.386549],[-123.511799,48.386549],[-123.510734,48.386521],[-123.510713,48.386519],[-123.51072033333334,48.38650708333333],[-123.51101800000004,48.38613499999996],[-123.51102639130436,48.38612660869565],[-123.5109,48.3861],[-123.53392674819986,48.364101231630485],[-123.533779,48.364047],[-123.533763,48.364039],[-123.533766,48.364027],[-123.53433,48.3629],[-123.534893,48.361775],[-123.534901,48.361762],[-123.534918,48.361766],[-123.53597273031565,48.36214658800201],[-123.5445,48.354],[-123.5347,48.3373],[-123.5791,48.3494],[-123.5405,48.3201],[-123.6011,48.3147],[-123.5887,48.3427],[-123.6273,48.3371],[-123.63846067979131,48.32746874669862],[-123.63463,48.3274106],[-123.634593,48.327407],[-123.6345921,48.3274047],[-123.63463,48.32731],[-123.63452,48.32712],[-123.6341252,48.3269868],[-123.634121,48.326985],[-123.6339771,48.3269369],[-123.63369,48.32684],[-123.6335921,48.3268422],[-123.633505,48.326833],[-123.632653,48.326802],[-123.632612,48.326797],[-123.632588,48.326775],[-123.6323394,48.3264923],[-123.63208,48.32606],[-123.63173,48.3258],[-123.63138,48.32581],[-123.6309879,48.3260406],[-123.630201,48.326297],[-123.63016,48.326307],[-123.630122,48.326293],[-123.6299846,48.3262319],[-123.62985,48.32603],[-123.6295638,48.3260447],[-123.629387,48.325966],[-123.629356,48.325949],[-123.629376,48.325926],[-123.630126,48.325232],[-123.630151,48.325213],[-123.630214,48.325245],[-123.630369,48.325306],[-123.630539,48.325345],[-123.63061,48.3255],[-123.6307,48.32554],[-123.63089,48.32553],[-123.6310508,48.3253218],[-123.631071,48.325318],[-123.631084,48.325313],[-123.631085,48.325314],[-123.63116,48.325293],[-123.6311651,48.3252935],[-123.63135,48.32542],[-123.63183,48.32541],[-123.63204,48.32537],[-123.6322276,48.325198],[-123.632544,48.325029],[-123.632582,48.325013],[-123.6325947,48.3250098],[-123.63318,48.325],[-123.63409,48.32487],[-123.63444,48.32476],[-123.63503,48.32473],[-123.63552,48.3245],[-123.635629,48.3243407],[-123.6357,48.324269],[-123.6360825,48.3237801],[-123.63652,48.3234],[-123.63692,48.32271],[-123.63695,48.32241],[-123.63679,48.32203],[-123.63643,48.32178],[-123.63618,48.32174],[-123.6361647,48.321744],[-123.635906,48.321626],[-123.635875,48.321609],[-123.6358768,48.3215993],[-123.63613,48.3212],[-123.6362567,48.3204691],[-123.636266,48.320452],[-123.636295,48.320423],[-123.6369586,48.3199093],[-123.6373,48.31975],[-123.6375,48.31949],[-123.63746,48.31928],[-123.6374304,48.319233],[-123.637429,48.319218],[-123.637328,48.318829],[-123.637324,48.318801],[-123.637346,48.318776],[-123.637763,48.318393],[-123.637855,48.318287],[-123.6378725,48.3182508],[-123.63806,48.31812],[-123.63805,48.31792],[-123.6377081,48.3175879],[-123.637704,48.31758],[-123.637706,48.317553],[-123.637863,48.31686],[-123.637874,48.316832],[-123.637908,48.316813],[-123.638862,48.316387],[-123.6389,48.316374],[-123.638936,48.316388],[-123.6391759,48.3165098],[-123.6392,48.31654],[-123.6392325,48.3165386],[-123.639377,48.316612],[-123.639538,48.316677],[-123.6395685,48.3166838],[-123.63961,48.31673],[-123.6398061,48.3167242],[-123.639903,48.316732],[-123.64138,48.31674],[-123.641419,48.316742],[-123.6414271,48.3167448],[-123.64182,48.31701],[-123.64251,48.31719],[-123.64298,48.31687],[-123.6432064,48.3166245],[-123.644605,48.315488],[-123.644684,48.315438],[-123.6461425,48.3147204],[-123.64623,48.3147],[-123.6465724,48.3145108],[-123.6466351,48.314488],[-123.64699,48.31446],[-123.6475103,48.314275],[-123.648112,48.3141316],[-123.64842,48.31412],[-123.64853,48.314032],[-123.648859,48.3139536],[-123.64937,48.31394],[-123.6498474,48.3137181],[-123.650427,48.31358],[-123.650469,48.313573],[-123.650509,48.313601],[-123.650535,48.313622],[-123.6505392,48.3136244],[-123.6505,48.31375],[-123.65056,48.31379],[-123.6509142,48.3137729],[-123.650975,48.313786],[-123.651144,48.3138],[-123.6515703,48.3138076],[-123.652,48.31386],[-123.65235,48.31384],[-123.6524146,48.3138226],[-123.6534122,48.3138404],[-123.65352,48.31389],[-123.653612,48.313844],[-123.6542361435434,48.313855105757],[-123.6543,48.3138],[-123.6544415938718,48.31385876145679],[-123.654455,48.313859],[-123.654495,48.313863],[-123.65449567425239,48.31388120481474],[-123.7143,48.3387],[-123.703,48.3586],[-123.7171,48.3658],[-123.6825,48.3765],[-123.6523,48.3578],[-123.62525165879961,48.36920365604615],[-123.627026,48.369871],[-123.627048,48.369882],[-123.627065,48.369895],[-123.627137,48.369967],[-123.627147,48.369979],[-123.627132,48.36998],[-123.627083,48.369982],[-123.627067,48.369982],[-123.62677,48.36999],[-123.62664,48.37015],[-123.626626,48.370213],[-123.626509,48.370396],[-123.626499,48.370408],[-123.626481,48.370401],[-123.626239,48.370283],[-123.626164,48.370253],[-123.626163,48.370253],[-123.62613,48.37023],[-123.626,48.370224],[-123.625995,48.370223],[-123.62558,48.370203],[-123.624946,48.370171],[-123.624891,48.370163],[-123.624189,48.370001],[-123.624185,48.37],[-123.62375,48.3699],[-123.62363,48.3699],[-123.62362368188514,48.369906892488956],[-123.63215071384234,48.3723886405959],[-123.63224,48.37238],[-123.632248,48.372311],[-123.632678,48.372177],[-123.632698,48.372172],[-123.632698,48.372174],[-123.6326,48.3724],[-123.63261779755284,48.37252458286986],[-123.632906255446,48.3726085370328],[-123.63288,48.37243],[-123.632886,48.372431],[-123.632905,48.372441],[-123.633117,48.372538],[-123.633195,48.372567],[-123.633205,48.372569],[-123.63323,48.37259],[-123.633276,48.372585],[-123.633279,48.372586],[-123.633367,48.372594],[-123.633991,48.37261],[-123.63401,48.372611],[-123.634019,48.372614],[-123.63475,48.37295],[-123.63514,48.37305],[-123.636138,48.373177],[-123.636159,48.373181],[-123.636177,48.373191],[-123.637014,48.373749],[-123.637028,48.373761],[-123.63703,48.373775],[-123.63703,48.373955],[-123.637028,48.373969],[-123.637024,48.373973],[-123.63694490835941,48.37400724950508],[-123.6328,48.3896],[-123.7065,48.3826],[-123.732,48.3644],[-123.7111,48.3583],[-123.7347,48.3539],[-123.7621,48.3715],[-123.8221,48.3569],[-123.8659,48.3812],[-123.9211,48.3766],[-124.02780244541333,48.41721338752757],[-124.0282165,48.4170976],[-124.029339,48.416894],[-124.02936,48.416891],[-124.029381,48.416894],[-124.030584,48.417135],[-124.030608,48.417142],[-124.0306281,48.4171511],[-124.0310557,48.4174143],[-124.031375,48.417611],[-124.0313963,48.417626],[-124.03219,48.41838],[-124.03271,48.41876],[-124.032751,48.4187819],[-124.032754,48.418784],[-124.034791432335,48.41987355556004],[-124.0367,48.4206],[-124.04001727967663,48.421375890344535],[-124.0400781,48.4213785],[-124.041212,48.421532],[-124.0412483,48.4215339],[-124.04127,48.42154],[-124.042418,48.421505],[-124.042814,48.421493],[-124.0428151,48.4214929],[-124.04291,48.42149],[-124.0429898,48.4214647],[-124.042997,48.421463],[-124.043589,48.421275],[-124.0435923,48.4212737],[-124.04373,48.42123],[-124.0443,48.42058],[-124.044352,48.4204559],[-124.04474,48.419973],[-124.044751,48.419961],[-124.0447601,48.4199606],[-124.04582,48.42002],[-124.0471317,48.4199904],[-124.04715,48.419992],[-124.0471698,48.4199958],[-124.0479534,48.420224],[-124.048149,48.420281],[-124.0481907,48.4202978],[-124.04859,48.42059],[-124.04937,48.42095],[-124.04998,48.42112],[-124.05051,48.42117],[-124.05149,48.42118],[-124.0528459,48.4209953],[-124.054896,48.420842],[-124.054917,48.420842],[-124.054912,48.420855],[-124.054792,48.421073],[-124.0547735,48.4211196],[-124.05476,48.42113],[-124.0547676,48.421289],[-124.054779,48.421534],[-124.054778,48.42155],[-124.054766,48.421564],[-124.054593,48.421737],[-124.054579,48.421748],[-124.0545602,48.4217452],[-124.05269,48.42129],[-124.0526332,48.4212886],[-124.052622,48.421287],[-124.049751,48.421161],[-124.049731,48.421159],[-124.049713,48.421152],[-124.0484833,48.4206029],[-124.04784,48.42024],[-124.04747,48.42015],[-124.04554,48.42015],[-124.0451277,48.4202753],[-124.044864,48.420355],[-124.0448592,48.4203568],[-124.04475,48.42039],[-124.044527,48.4205954],[-124.044439,48.420676],[-124.0444376,48.4206778],[-124.04437,48.42074],[-124.0443541,48.4208178],[-124.044354,48.420818],[-124.044291,48.421125],[-124.0442909,48.4211269],[-124.04428,48.42118],[-124.04443,48.42164],[-124.0444505,48.4216605],[-124.044466,48.421682],[-124.045189,48.422527],[-124.045198,48.42254],[-124.045198,48.422555],[-124.04519482813676,48.4225868855726],[-124.07373429084639,48.42926208203269],[-124.0739552,48.4242577],[-124.073973,48.424166],[-124.0741,48.424207],[-124.0767265,48.4252813],[-124.07717,48.42554],[-124.0785,48.42648],[-124.07907,48.42677],[-124.0802,48.42707],[-124.08438,48.42844],[-124.0846079,48.4285049],[-124.0863947,48.4292358],[-124.08663,48.42963],[-124.08689,48.42985],[-124.08736,48.4301],[-124.08864,48.43026],[-124.0893642,48.4304631],[-124.0895133,48.4305439],[-124.09036,48.4314],[-124.09181,48.43252],[-124.09327,48.4334],[-124.09412515037495,48.434031372706734],[-124.09756782006168,48.434836590966796],[-124.09817,48.43465],[-124.09957,48.4344],[-124.10164,48.43419],[-124.1022,48.43399],[-124.10314,48.43381],[-124.10341,48.43354],[-124.10335,48.43337],[-124.10341,48.43332],[-124.10371,48.43341],[-124.10396,48.43335],[-124.10446,48.43297],[-124.1048,48.43288],[-124.1051628,48.4326795],[-124.106778,48.432278],[-124.106925,48.432251],[-124.1069657,48.432283],[-124.10742,48.43283],[-124.10778,48.4331],[-124.10807,48.43343],[-124.10828,48.43352],[-124.1087795,48.4334674],[-124.109053,48.433558],[-124.1093611,48.4336127],[-124.10962,48.43369],[-124.11039,48.43377],[-124.1105471,48.4337655],[-124.111237,48.43384],[-124.111406,48.433871],[-124.1114103,48.433877],[-124.1113,48.43407],[-124.11133,48.43423],[-124.11176,48.4346],[-124.11147,48.43503],[-124.11202,48.43566],[-124.11241,48.43631],[-124.11331,48.43743],[-124.11451,48.43849],[-124.11537,48.439],[-124.11537322079067,48.43900115948464],[-124.11903382863987,48.43985735207682],[-124.1197392,48.4399386],[-124.1208861,48.4401354],[-124.12115,48.44023],[-124.12135653881747,48.44040061902312],[-124.12147716829928,48.440428833481754],[-124.12171,48.44045],[-124.12191,48.44036],[-124.12203,48.44038],[-124.12245497852025,48.44065753699282],[-124.12280687960698,48.44073984438986],[-124.12324,48.4408],[-124.12336663793101,48.440870768255564],[-124.12374542888972,48.44095936502042],[-124.12385,48.44094],[-124.12423,48.44103],[-124.12557,48.44109],[-124.12627,48.44123],[-124.12649,48.44135],[-124.1271,48.44135],[-124.12732,48.44151],[-124.12747,48.44154],[-124.12808,48.44138],[-124.1281386,48.44138],[-124.1291813,48.4415589],[-124.12972,48.44184],[-124.1301184,48.4417197],[-124.1344242,48.4424587],[-124.13461,48.44256],[-124.1355,48.44273],[-124.13582,48.4429],[-124.13619,48.44299],[-124.13675,48.44342],[-124.13723,48.44355],[-124.13778,48.44328],[-124.13823,48.44325],[-124.13885,48.44352],[-124.13922,48.44352],[-124.13947,48.44339],[-124.13983,48.44339],[-124.13999,48.44351],[-124.1402,48.44351],[-124.14043,48.44364],[-124.1412744,48.44364],[-124.141305,48.443647],[-124.141406,48.4436831],[-124.14151,48.44391],[-124.14211,48.44419],[-124.14307,48.44482],[-124.14383,48.44484],[-124.14425,48.44501],[-124.1444587,48.4450044],[-124.1447895,48.4451477],[-124.14532,48.44561],[-124.1453,48.44582],[-124.14537,48.44589],[-124.14583,48.44597],[-124.14654,48.44627],[-124.14805,48.44647],[-124.14828,48.44666],[-124.14925,48.44645],[-124.14968,48.44644],[-124.1499,48.44627],[-124.15012,48.44623],[-124.15003,48.44611],[-124.15005,48.44603],[-124.1501312,48.4459542],[-124.150905,48.445659],[-124.15106,48.445613],[-124.1510735,48.445617],[-124.15157,48.44624],[-124.15218,48.44638],[-124.15256,48.44663],[-124.15338,48.44693],[-124.15453,48.44692],[-124.15471,48.44702],[-124.1548419,48.4470228],[-124.1588478,48.4485296],[-124.15902,48.44878],[-124.15973,48.44913],[-124.15989,48.44929],[-124.16113042253515,48.449703474178385],[-124.16136887804899,48.4497592473868],[-124.16195,48.44988],[-124.16198213649851,48.44990268458718],[-124.17090017528486,48.45198855640415],[-124.171,48.45198],[-124.17113848024316,48.452044294398604],[-124.17141940119761,48.45211],[-124.17213,48.45211],[-124.17245,48.45221],[-124.17277,48.45218],[-124.17301,48.45229],[-124.17384,48.45229],[-124.17437,48.45236],[-124.17653,48.45281],[-124.17774,48.45271],[-124.17839,48.45284],[-124.17896,48.45306],[-124.17945,48.45313],[-124.1816035,48.4531022],[-124.182566,48.453224],[-124.18276,48.453265],[-124.182933,48.453336],[-124.1840255,48.4539093],[-124.18428,48.45428],[-124.18456,48.45453],[-124.18486,48.45466],[-124.1855,48.45473],[-124.18576,48.45482],[-124.1859227,48.4547802],[-124.18607,48.454824],[-124.186624,48.45492],[-124.1897523,48.4552813],[-124.18985,48.45536],[-124.19022,48.45542],[-124.1906195,48.4553815],[-124.1930437,48.4556615],[-124.19319,48.45572],[-124.19381,48.45584],[-124.19421,48.45581],[-124.19444,48.4559],[-124.1955818,48.4559546],[-124.197023,48.4561211],[-124.1971,48.45614],[-124.197198,48.4561413],[-124.1983285,48.4562719],[-124.19866,48.45642],[-124.19924,48.45643],[-124.2007,48.45678],[-124.20171,48.45694],[-124.2032,48.45736],[-124.20329,48.45737],[-124.20354,48.45717],[-124.2037,48.45713],[-124.20408,48.45724],[-124.20455,48.45728],[-124.20474,48.45744],[-124.2049,48.45747],[-124.20553,48.45735],[-124.20572,48.45751],[-124.20619,48.45751],[-124.20631,48.45766],[-124.20659,48.45752],[-124.20669,48.45729],[-124.2069214,48.4572735],[-124.206956,48.45728],[-124.2069582,48.4572852],[-124.20666,48.45767],[-124.20661,48.45782],[-124.20672,48.45818],[-124.20693,48.45831],[-124.2074,48.45847],[-124.2077127,48.4583597],[-124.207713,48.45836],[-124.2080652,48.4585899],[-124.20818,48.45874],[-124.20852,48.4589],[-124.2088605,48.4589597],[-124.211847,48.4599639],[-124.21184,48.46002],[-124.21205,48.46019],[-124.2126165,48.4602226],[-124.217941,48.462013],[-124.2180213,48.462037],[-124.21808,48.46206],[-124.218119,48.4620663],[-124.218225,48.462098],[-124.2269195,48.4643925],[-124.22724,48.46455],[-124.22868,48.4649],[-124.22906,48.4651],[-124.22962,48.46512],[-124.23016,48.46545],[-124.2305538,48.4653515],[-124.23085,48.4654297],[-124.23087,48.46557],[-124.23101,48.46568],[-124.23155,48.46567],[-124.23184,48.4659],[-124.23211,48.466],[-124.2337,48.4663],[-124.234,48.46649],[-124.2342,48.46676],[-124.23538,48.46689],[-124.23577783281733,48.4671630225217],[-124.2360450676254,48.467225527021625],[-124.23664,48.46717],[-124.23701,48.46721],[-124.23736190680201,48.4675335272212],[-124.24617715645348,48.46959535732176],[-124.24653,48.4696],[-124.2468207,48.4696443],[-124.2473915,48.469795],[-124.24787,48.46998],[-124.2483364,48.4700443],[-124.2488377,48.4701766],[-124.24945072018079,48.47036102278739],[-124.2509,48.4707],[-124.25193192406417,48.47129168342246],[-124.25278,48.47151],[-124.25425,48.47211],[-124.25554,48.47283],[-124.25591,48.47322],[-124.25647,48.4736],[-124.25788,48.4741],[-124.25842,48.47419],[-124.25872,48.47443],[-124.26001,48.47501],[-124.26039,48.47516],[-124.26174,48.47536],[-124.26408,48.47652],[-124.2653,48.47677],[-124.26776,48.47774],[-124.26859,48.4778],[-124.268806,48.4778576],[-124.269037,48.477977],[-124.272494,48.480242],[-124.2730342,48.4805229],[-124.27307,48.48062],[-124.27342,48.48071],[-124.2735179,48.4806898],[-124.27384,48.480789],[-124.2788579,48.4818869],[-124.27965,48.48216],[-124.28178,48.48269],[-124.28307,48.48288],[-124.28403,48.48322],[-124.28451,48.48329],[-124.28489,48.48348],[-124.28628,48.48371],[-124.28688,48.48398],[-124.28819,48.48433],[-124.28974,48.48444],[-124.29102,48.48468],[-124.2918435,48.484728],[-124.292159,48.484797],[-124.292299,48.484837],[-124.292362,48.484929],[-124.2925687,48.4853229],[-124.29254,48.48576],[-124.29289,48.48698],[-124.29316,48.48717],[-124.29359,48.4873],[-124.2936126,48.487313],[-124.294069,48.488183],[-124.294109,48.488299],[-124.294036,48.488407],[-124.293067,48.489511],[-124.292783,48.489924],[-124.2926923,48.4901825],[-124.29198,48.49053],[-124.29167,48.4908],[-124.29159,48.49102],[-124.29162,48.49116],[-124.29208,48.49159],[-124.29276,48.49174],[-124.29301,48.49187],[-124.29341,48.49225],[-124.29351,48.49267],[-124.29364,48.49286],[-124.29426,48.49331],[-124.29426,48.4931],[-124.29506,48.49346],[-124.296,48.49368],[-124.2962439,48.4937879],[-124.2967386,48.494069],[-124.29685,48.49415],[-124.2969821,48.4942074],[-124.297703,48.494617],[-124.297831,48.494707],[-124.2978602,48.4947691],[-124.29802,48.49585],[-124.29821,48.49623],[-124.2983539,48.4964159],[-124.29888124020987,48.498211427833645],[-124.3095,48.5043],[-124.39139874805619,48.51925064394046],[-124.39141,48.515438],[-124.391426,48.515337],[-124.391567,48.515376],[-124.3950332,48.5165997],[-124.39533,48.5171],[-124.39551,48.51728],[-124.39568,48.51734],[-124.3959,48.51731],[-124.3962422,48.5170265],[-124.39715,48.517347],[-124.397288,48.517408],[-124.39738,48.5175],[-124.397629,48.517808],[-124.398007,48.518183],[-124.3983517,48.5184107],[-124.3984,48.51847],[-124.39855,48.51882],[-124.39857,48.51932],[-124.39881,48.51971],[-124.39952,48.52034],[-124.39954447066685,48.5207376483365],[-124.4010309913597,48.521009013187815],[-124.40105,48.52098],[-124.40122,48.52041],[-124.40135,48.5202],[-124.40175,48.51981],[-124.40187,48.51927],[-124.402345,48.5187369],[-124.402365,48.51873],[-124.402521,48.518717],[-124.406403,48.518633],[-124.406557,48.518639],[-124.406697,48.518681],[-124.4089668,48.5195288],[-124.40895,48.51956],[-124.40945,48.51979],[-124.41047,48.52009],[-124.41108,48.52018],[-124.41134,48.52016],[-124.4119538,48.5198092],[-124.412158,48.519771],[-124.412316,48.519752],[-124.4123599,48.5197718],[-124.41306,48.52033],[-124.414,48.52094],[-124.41609,48.52194],[-124.416389,48.5219959],[-124.417829,48.522794],[-124.418395,48.523049],[-124.418797,48.5231618],[-124.41878,48.52324],[-124.41894,48.52341],[-124.41934,48.52327],[-124.4193419,48.5232684],[-124.419697,48.523316],[-124.420382,48.523317],[-124.4229512,48.5231519],[-124.4235,48.5232],[-124.425046,48.5230172],[-124.4260801,48.5229508],[-124.42791,48.52292],[-124.42831,48.52287],[-124.4285013,48.5227951],[-124.4296537,48.5227211],[-124.43002,48.52284],[-124.43019,48.52282],[-124.4304294,48.5226819],[-124.430446,48.522682],[-124.430602,48.522726],[-124.4306664,48.5227496],[-124.43074,48.52286],[-124.4308713,48.5228248],[-124.431202,48.522946],[-124.4313366,48.5230072],[-124.43111,48.52313],[-124.43045,48.52306],[-124.42999,48.5231],[-124.42983,48.52318],[-124.42991,48.52329],[-124.43093,48.52343],[-124.43125,48.52369],[-124.43152,48.52381],[-124.43198,48.52385],[-124.43213,48.52373],[-124.4323301,48.523368],[-124.432821,48.523471],[-124.433496,48.523521],[-124.434173,48.523483],[-124.434439,48.52345],[-124.4346,48.52344],[-124.4346134,48.5234409],[-124.43482,48.52361],[-124.4348,48.52371],[-124.43416,48.52369],[-124.43385,48.52376],[-124.43375,48.52388],[-124.43405,48.52434],[-124.43457,48.52467],[-124.4368509,48.5231567],[-124.436915,48.523137],[-124.437503,48.522841],[-124.440083,48.521233],[-124.440205,48.52117],[-124.4402897,48.5211749],[-124.44176,48.52142],[-124.4432,48.5218],[-124.4462886,48.5218762],[-124.449026,48.522198],[-124.449198,48.522232],[-124.449305,48.522327],[-124.450603,48.523788],[-124.45099,48.524142],[-124.4510026,48.5241498],[-124.45112,48.52437],[-124.4518239,48.5245871],[-124.452031,48.524673],[-124.4548852,48.5256221],[-124.45566,48.5261],[-124.45685,48.52664],[-124.4583781,48.5267835],[-124.459814,48.527261],[-124.459937,48.527312],[-124.4598492,48.5273836],[-124.45615,48.52984],[-124.4561574,48.5307914],[-124.456157,48.530794],[-124.45615939864403,48.53107272243703],[-124.4585,48.5315],[-124.45609945401684,48.53260980015302],[-124.45617,48.53261],[-124.45617,48.53399],[-124.462576,48.53399],[-124.46273,48.534],[-124.462708,48.534102],[-124.461076,48.538487],[-124.461011,48.538604],[-124.460909,48.538708],[-124.4604463,48.5390843],[-124.46039,48.53913],[-124.45968,48.53958],[-124.4592074,48.5400917],[-124.4571268,48.5417836],[-124.45675,48.542],[-124.45446,48.54358],[-124.4522459,48.5457452],[-124.452199,48.545777],[-124.4520919,48.5457182],[-124.44753,48.54269],[-124.44714,48.54294],[-124.44696,48.54342],[-124.44685,48.54354],[-124.44573,48.54427],[-124.4451653,48.5447532],[-124.445128,48.54478],[-124.444909,48.54497],[-124.4446013,48.5451713],[-124.44407,48.54541],[-124.44362,48.54538],[-124.44257,48.5458],[-124.4417764,48.5465587],[-124.441293,48.546795],[-124.441134,48.546857],[-124.44095,48.546867],[-124.4404192,48.5468599],[-124.44001,48.54659],[-124.43967,48.54653],[-124.43912,48.54657],[-124.43822,48.54683],[-124.43795,48.547],[-124.43772,48.54731],[-124.43768,48.54763],[-124.4376585,48.5476627],[-124.43757,48.547724],[-124.437222,48.548076],[-124.43717,48.54814],[-124.437108,48.548201],[-124.437111,48.548127],[-124.437482,48.546116],[-124.437496,48.545654],[-124.43737,48.5452],[-124.4372813,48.5450542],[-124.43739,48.54496],[-124.43832,48.54359],[-124.43806,48.54299],[-124.43812,48.54266],[-124.43839,48.54233],[-124.43914,48.5422],[-124.43955,48.54231],[-124.44014,48.54192],[-124.44052,48.54155],[-124.44169,48.54093],[-124.44283,48.54059],[-124.44293,48.54049],[-124.44328,48.54037],[-124.44362,48.53974],[-124.44498,48.53906],[-124.44572,48.53784],[-124.44578695719954,48.537377386621316],[-124.44549359307655,48.537513012246016],[-124.44545,48.5378],[-124.44476,48.53894],[-124.44339,48.53963],[-124.44308,48.54021],[-124.4428,48.54021],[-124.44201,48.54049],[-124.44068,48.54108],[-124.43999,48.54174],[-124.43966,48.54189],[-124.43905,48.54198],[-124.43886,48.54194],[-124.438,48.54225],[-124.4377,48.54282],[-124.43793,48.54335],[-124.43788,48.54372],[-124.4371037,48.5447517],[-124.43709,48.544659],[-124.43709,48.54355],[-124.43709728133715,48.541394724205944],[-124.3988,48.5591],[-124.4138,48.5766],[-124.49447748268345,48.54396316631302],[-124.49453682,48.54163201],[-124.494537,48.541631],[-124.4945748,48.54014],[-124.49459108,48.53950055],[-124.494646,48.539181],[-124.49480676,48.53917137],[-124.49789,48.53949],[-124.50092,48.53962],[-124.50178,48.53957],[-124.50389,48.53921],[-124.50448869,48.53919608],[-124.504745,48.53921],[-124.50514,48.539272],[-124.51039728,48.54037168],[-124.51047,48.5404],[-124.51169,48.54072],[-124.51360548,48.54104276],[-124.51931563,48.54223717],[-124.52032,48.54256],[-124.52307,48.54398],[-124.52384,48.54424],[-124.52759,48.54497],[-124.53474,48.54615],[-124.53681,48.54656],[-124.53845,48.54696],[-124.53963,48.54731],[-124.54075,48.54777],[-124.54105,48.54796],[-124.54205,48.54891],[-124.54277,48.54924],[-124.54404,48.54942],[-124.54664,48.54957],[-124.5496,48.55002],[-124.55744,48.55168],[-124.56107,48.55264],[-124.56317,48.55301],[-124.56403,48.5531],[-124.56531,48.55308],[-124.56941635,48.55271691],[-124.57981423,48.55489188],[-124.57984,48.5549],[-124.58396,48.55579],[-124.58467831,48.55590931],[-124.5877972,48.5565617],[-124.58965,48.55715],[-124.59127,48.55756],[-124.59254,48.55772],[-124.59375328,48.55780756],[-124.60385049,48.55991963],[-124.60559,48.56073],[-124.60719,48.56117],[-124.60971,48.56158],[-124.61341,48.56244],[-124.61379,48.56257],[-124.61463,48.56323],[-124.61565,48.56376],[-124.61805,48.56441],[-124.62143,48.56493],[-124.62431,48.56558],[-124.62938,48.56638],[-124.63152,48.56662],[-124.63584,48.56687],[-124.63705,48.56717],[-124.64014,48.56823],[-124.6417,48.56873],[-124.6425,48.56892],[-124.64463,48.56922],[-124.6468,48.56933],[-124.6481,48.56927],[-124.64935534,48.56943804],[-124.64939514,48.56944636],[-124.65099,48.56985],[-124.65207,48.57035],[-124.65432,48.57121],[-124.65552,48.57154],[-124.65776,48.57242],[-124.65971,48.57306],[-124.66168,48.57365],[-124.66497,48.57439],[-124.66583,48.57449],[-124.66886,48.57447],[-124.67271,48.57486],[-124.67484,48.57518],[-124.67762,48.576],[-124.67886,48.57625],[-124.68014,48.5764],[-124.68274,48.57648],[-124.68361844,48.576623],[-124.683935,48.576717],[-124.68427146,48.57679203],[-124.68474,48.57699],[-124.68501,48.57721],[-124.68617,48.57844],[-124.68699,48.57911],[-124.68892,48.58028],[-124.69008,48.58065],[-124.69053,48.58065],[-124.69134,48.58044],[-124.69199,48.58005],[-124.69225,48.57982],[-124.69241,48.57956],[-124.69249,48.57927],[-124.69247,48.57898],[-124.69205,48.57816],[-124.69172,48.57732],[-124.69166,48.57704],[-124.69167168,48.57698993],[-124.692314,48.576873],[-124.69246,48.576824],[-124.693323,48.576611],[-124.693849,48.576707],[-124.69501548,48.57700898],[-124.69606,48.57741],[-124.6996,48.57851],[-124.70109,48.5791],[-124.70316,48.58015],[-124.70469,48.5807],[-124.70552,48.58084],[-124.70769,48.58093],[-124.71238,48.58151],[-124.71317,48.58173],[-124.7143,48.58218],[-124.71635,48.58323],[-124.71711,48.58351],[-124.71998,48.58419],[-124.72341,48.58453],[-124.7251,48.5848],[-124.72561824,48.58493232],[-124.726016,48.585062],[-124.726335,48.585279],[-124.73113529,48.58917628],[-124.73166,48.58992],[-124.73211,48.59066],[-124.73251,48.59148],[-124.73274,48.59173],[-124.73339,48.59221],[-124.73464,48.59291],[-124.73679,48.59443],[-124.73919,48.59588],[-124.74205,48.59814],[-124.74331,48.59932],[-124.74424,48.60046],[-124.74484,48.60088],[-124.74599,48.60154],[-124.74732,48.60249],[-124.74799,48.60286],[-124.74904326,48.6032563],[-124.749522,48.603492],[-124.76934,48.611668],[-124.771374,48.612323],[-124.77290888,48.61257742],[-124.77772,48.61473],[-124.77903,48.61569],[-124.77941,48.61582],[-124.78005,48.61583],[-124.78047,48.61549],[-124.78056,48.61536],[-124.78058,48.61508],[-124.78044,48.61465],[-124.78027,48.61438],[-124.77928,48.61362],[-124.77904,48.61337],[-124.77894,48.61309],[-124.77893,48.6128],[-124.779,48.61251],[-124.77915,48.61224],[-124.782784,48.611277],[-124.783258,48.611187],[-124.783364,48.611505],[-124.78353432,48.61247355],[-124.78352,48.61251],[-124.78317,48.61303],[-124.78257,48.61347],[-124.78239,48.61371],[-124.78254,48.61413],[-124.78303,48.61478],[-124.78314,48.61506],[-124.78312,48.61549],[-124.78285,48.61603],[-124.78272,48.61646],[-124.78272,48.61733],[-124.78281,48.61761],[-124.78328,48.61825],[-124.78375,48.61875],[-124.7848,48.61967],[-124.78587,48.62038],[-124.78711226,48.62098773],[-124.787796,48.621482],[-124.79927579,48.62841666],[-124.79937,48.6285],[-124.8008,48.62958],[-124.80152,48.63051],[-124.80197,48.63092],[-124.80588,48.63401],[-124.80822,48.63571],[-124.81013,48.63689],[-124.81413,48.63911],[-124.82597,48.64588],[-124.82878,48.64723],[-124.831,48.64813],[-124.83243,48.64879],[-124.83312,48.64914],[-124.83636,48.65108],[-124.83773,48.65178],[-124.83845,48.65208],[-124.84231,48.65338],[-124.84875,48.65517],[-124.86227,48.6591],[-124.86677576,48.66023821],[-124.869761,48.661098],[-124.870312,48.661311],[-124.870771,48.661605],[-124.873354,48.663712],[-124.87432889,48.66434474],[-124.8752,48.66532],[-124.87578,48.66569],[-124.87655,48.66584],[-124.87746,48.66584],[-124.87776365,48.66582482],[-124.87955,48.66622],[-124.907336,48.670125],[-124.907848,48.670233],[-124.908317,48.670406],[-124.90860836,48.67054035],[-124.90889,48.67095],[-124.90902,48.67157],[-124.90931,48.67213],[-124.91028,48.67311],[-124.91087,48.67352],[-124.91158,48.67382],[-124.91238,48.67405],[-124.91654,48.67499],[-124.91718,48.67535],[-124.91908,48.67734],[-124.9196,48.67779],[-124.92029,48.67808],[-124.92203,48.67829],[-124.92286,48.67849],[-124.92523,48.67919],[-124.9299,48.68073],[-124.93215,48.68161],[-124.94001,48.68522],[-124.94229,48.68607],[-124.94388,48.68653],[-124.94636,48.68707],[-124.94856262,48.68741561],[-124.95383487,48.68854678],[-124.95458,48.68882],[-124.95805,48.6906],[-124.95878,48.69089],[-124.95957,48.69114],[-124.96286,48.6919],[-124.96364,48.69216],[-124.96583,48.69313],[-124.96661,48.69336],[-124.96744,48.69348],[-124.97094,48.69359],[-124.9744,48.69384],[-124.97956,48.69434],[-124.98287554,48.69477753],[-124.985856,48.695417],[-124.986695,48.69565],[-124.98823682,48.69618128],[-124.98929,48.69666],[-124.9951,48.70014],[-124.99743,48.70126],[-125.00724,48.70325],[-125.01136,48.7042],[-125.01291148,48.7046837],[-125.01914697,48.70683233],[-125.02094,48.70757],[-125.02332,48.70827],[-125.02498,48.70862],[-125.02779891,48.70893008],[-125.04258896,48.7111085],[-125.04353,48.71149],[-125.04435,48.71167],[-125.04564,48.71183],[-125.04811107,48.71192184],[-125.06723837,48.71473909],[-125.06802,48.71488],[-125.07057,48.71523],[-125.07099119,48.71522673],[-125.072086,48.715316],[-125.074183,48.715219],[-125.07600356,48.71489509],[-125.07608,48.71491],[-125.0783,48.71581],[-125.07874,48.71589],[-125.07914,48.71588],[-125.0797,48.71544],[-125.07987,48.71516],[-125.07991,48.71487],[-125.07982,48.7146],[-125.0793,48.71381],[-125.07930581,48.71364165],[-125.079772,48.713408],[-125.080997,48.712502],[-125.081075,48.712454],[-125.081551,48.712512],[-125.090923,48.714276],[-125.091398,48.714399],[-125.091829,48.714578],[-125.12764977,48.73278903],[-125.12803,48.73321],[-125.12833,48.73359],[-125.12855,48.734],[-125.12867,48.73442],[-125.12915,48.73507],[-125.12942,48.7353],[-125.12982,48.73542],[-125.13025,48.73543],[-125.13241,48.73529],[-125.13338918,48.73572519],[-125.13389284,48.73603983],[-125.13421,48.73631],[-125.1346,48.73682],[-125.1346,48.7371],[-125.13438,48.73767],[-125.13385,48.73812],[-125.13214,48.73875],[-125.13182,48.73895],[-125.13149,48.73948],[-125.13155,48.74035],[-125.13192,48.74102],[-125.13266,48.74191],[-125.13303,48.74225],[-125.13355,48.74252],[-125.1338,48.74292],[-125.13454,48.74346],[-125.13484,48.74383],[-125.13511,48.74438],[-125.13549,48.74565],[-125.13554,48.74723],[-125.13565,48.74781],[-125.13577,48.74809],[-125.13604,48.74848],[-125.13655,48.74894],[-125.1376,48.74947],[-125.138,48.74957],[-125.13866,48.74949],[-125.13885,48.74941],[-125.13917,48.74906],[-125.13981,48.74814],[-125.14041,48.74753],[-125.14084,48.74671],[-125.14088,48.74615],[-125.1407,48.74543],[-125.14053,48.74517],[-125.14005,48.74487],[-125.13926,48.74418],[-125.13911,48.74376],[-125.13917,48.74333],[-125.13954,48.74298],[-125.14007,48.74272],[-125.1413,48.74244],[-125.14258,48.74227],[-125.14359,48.74199],[-125.14439,48.7415],[-125.14479,48.74117],[-125.14499,48.74091],[-125.14507,48.74034],[-125.14496,48.74006],[-125.14402,48.73909],[-125.14342,48.73868],[-125.14312,48.73828],[-125.14318,48.73816],[-125.14366774,48.73797499],[-125.143758,48.737972],[-125.14426,48.738018],[-125.15497,48.739683],[-125.155498,48.739805],[-125.155913,48.740064],[-125.156301,48.740373],[-125.15711646,48.74082274],[-125.15733,48.74101],[-125.1577,48.74168],[-125.15786,48.74298],[-125.15804,48.7434],[-125.15871,48.74396],[-125.15909,48.7441],[-125.15953,48.7441],[-125.16026,48.74379],[-125.16065,48.7435],[-125.16171,48.74241],[-125.16182038,48.74232006],[-125.16335,48.742476],[-125.164095,48.742507],[-125.164231,48.742838],[-125.165588,48.748301],[-125.16562,48.748664],[-125.165427,48.749005],[-125.16276,48.752541],[-125.162437,48.752872],[-125.1618,48.753284],[-125.160443,48.75435],[-125.15982402,48.75508974],[-125.15851,48.75595],[-125.15779,48.75628],[-125.15739,48.75632],[-125.15673,48.75621],[-125.15656,48.75613],[-125.15549,48.75522],[-125.15421,48.75467],[-125.15357,48.75457],[-125.15293,48.75459],[-125.15126,48.75494],[-125.15054,48.75525],[-125.14974,48.75573],[-125.14888,48.75639],[-125.14853,48.75675],[-125.14807,48.7574],[-125.14779,48.7581],[-125.14775,48.75853],[-125.14818,48.76009],[-125.14859,48.76091],[-125.14872,48.76148],[-125.14896,48.76203],[-125.14916,48.76229],[-125.14942,48.76299],[-125.14978,48.76367],[-125.1506,48.76468],[-125.15115,48.76513],[-125.15201,48.76557],[-125.1526,48.76575],[-125.15429,48.76604],[-125.15624,48.76616],[-125.15994,48.76616],[-125.16512,48.76568],[-125.16809098,48.76552544],[-125.169,48.765608],[-125.172985,48.765715],[-125.17349,48.765763],[-125.17349,48.765764],[-125.173629,48.767079],[-125.17379132,48.76749292],[-125.17284,48.76755],[-125.17242,48.76763],[-125.17206,48.7678],[-125.17185,48.76805],[-125.17184,48.76819],[-125.17186,48.76834],[-125.17204,48.76861],[-125.17417,48.76961],[-125.17476,48.76978],[-125.17541,48.77017],[-125.17585458,48.77036253],[-125.176134,48.770621],[-125.177572,48.771536],[-125.17887,48.772222],[-125.17934873,48.77242558],[-125.182,48.77412],[-125.18314,48.77452],[-125.18479,48.77489],[-125.18617,48.77531],[-125.18665,48.77561],[-125.1876,48.77595],[-125.18777,48.77604],[-125.18814,48.77641],[-125.1886,48.77704],[-125.18957,48.77801],[-125.1901,48.77828],[-125.1905,48.77837],[-125.19127,48.77825],[-125.19191,48.77793],[-125.19282,48.7772],[-125.19322,48.77653],[-125.19339,48.77594],[-125.1934,48.77525],[-125.19286,48.77356],[-125.19274,48.77245],[-125.1928,48.77224],[-125.1931048,48.77187556],[-125.193308,48.77177],[-125.193861,48.771415],[-125.194377,48.771422],[-125.19635346,48.77157825],[-125.19807,48.77213],[-125.19984,48.77283],[-125.20084,48.77301],[-125.20128,48.77301],[-125.20248,48.77282],[-125.20392,48.7725],[-125.20431,48.77236],[-125.20504258,48.7722652],[-125.207026,48.772422],[-125.207493,48.772487],[-125.2076,48.772532],[-125.2084542,48.77281287],[-125.20921,48.77333],[-125.2096,48.77368],[-125.21001,48.77419],[-125.21023,48.77489],[-125.21071,48.77586],[-125.21099,48.77624],[-125.21114,48.77635],[-125.21186,48.77667],[-125.21357,48.77685],[-125.21466,48.7769],[-125.21727,48.77676],[-125.21788,48.77661],[-125.2185,48.77619],[-125.21856,48.77607],[-125.21849,48.77593],[-125.218,48.77564],[-125.2176,48.77553],[-125.21608,48.77536],[-125.21533,48.77508],[-125.21491,48.77475],[-125.21482,48.77462],[-125.21478,48.77433],[-125.21485,48.77404],[-125.21509,48.77364],[-125.21522939,48.77351639],[-125.216168,48.773423],[-125.218256,48.772914],[-125.218718,48.772764],[-125.218939,48.773041],[-125.22037777,48.77535604],[-125.22038,48.77538],[-125.22054,48.77624],[-125.22071,48.77665],[-125.22153,48.77798],[-125.22222,48.77872],[-125.2229,48.77962],[-125.22335887,48.78015274],[-125.22747529,48.78677621],[-125.22651,48.78707],[-125.22614,48.78743],[-125.22602,48.7877],[-125.22604,48.78784],[-125.22621,48.78812],[-125.22635,48.78821],[-125.22781,48.78852],[-125.22834,48.78877],[-125.22905583,48.78931936],[-125.229252,48.789635],[-125.229399,48.789961],[-125.229196,48.790114],[-125.2286154,48.79065187],[-125.22832,48.79068],[-125.22662,48.79042],[-125.22602,48.79053],[-125.22574,48.79066],[-125.22548,48.79093],[-125.22545,48.79125],[-125.2256,48.79153],[-125.22607,48.79183],[-125.22711,48.7923],[-125.22719377,48.79238028],[-125.227065,48.79257],[-125.226589,48.793956],[-125.226568,48.794512],[-125.226491,48.794932],[-125.226091,48.79514],[-125.22598802,48.79518351],[-125.22554,48.7953],[-125.22267,48.79575],[-125.22234,48.79588],[-125.22109,48.79613],[-125.21741,48.79711],[-125.2158,48.79744],[-125.21404,48.798],[-125.21385,48.7982],[-125.21357,48.79836],[-125.20979,48.79984],[-125.19846284,48.80678851],[-125.198316,48.806838],[-125.197811,48.80687],[-125.19681234,48.80687043],[-125.17617692133761,48.80687632577058],[-125.141,48.8394],[-125.1633,48.8142],[-125.1352,48.8225],[-125.135,48.8364],[-125.1126,48.829],[-125.1062,48.8377],[-125.1344,48.8398],[-125.0888,48.8777],[-125,48.8964],[-125.0059,48.9195],[-125.0325,48.9334],[-125.0187,48.9437],[-124.9817,48.936],[-124.976,48.9526],[-124.9889,48.9576],[-124.9716,48.9699],[-124.9053,48.9734],[-124.8582,49.0014],[-124.8149,49.1125],[-124.7874,49.1421],[-124.8165,49.1841],[-124.8094,49.2445],[-124.83250142991221,49.24382303502089],[-124.8393,49.2336],[-124.8233,49.1896],[-124.8325,49.1762],[-124.8085,49.1556],[-124.8165,49.1208],[-124.8375,49.1017],[-124.8314,49.0879],[-124.8861,49.0638],[-124.8631,49.0554],[-124.8658,49.0272],[-124.9115,48.9849],[-124.9845,48.9805],[-124.9759,48.9877],[-125.0339,49.0163],[-125.028,49.0277],[-125.0515,49.0139],[-124.9935,48.9774],[-125.0296,48.955],[-125.0241,48.9796],[-125.0109,48.9798],[-125.0363,48.9878],[-125.0253,48.9945],[-125.0524,48.9976],[-125.0953,48.9729],[-125.1271,48.9796],[-125.1317,48.9968],[-125.15171542593497,49.000087557883035],[-125.1624,48.985],[-125.1855,48.9902],[-125.1352,49.0459],[-125.1529,49.0748],[-125.2006,49.0978],[-125.1455,49.0532],[-125.1747,49.0574],[-125.1571,49.0271],[-125.1934,49.007],[-125.1838,48.979],[-125.2217,48.9511],[-125.2419,48.9441],[-125.2765,48.9682],[-125.3235,48.9693],[-125.287,48.9742],[-125.2891,49.0066],[-125.3236,49.0122],[-125.199,49.0399],[-125.2901,49.0236],[-125.3585,49.0416],[-125.3689,48.9981],[-125.4802,48.9213],[-125.5105,48.922],[-125.5865,48.9759],[-125.573,48.9477],[-125.5277,48.931],[-125.5419,48.9208],[-125.5411,48.9346],[-125.6042,48.9583],[-125.61570865778272,48.974129060057145],[-125.649899,48.974702],[-125.650391,48.97474],[-125.650777,48.974944],[-125.65855247,48.97990177],[-125.6604,48.98156],[-125.66169,48.98247],[-125.66395,48.98378],[-125.66797,48.98595],[-125.67055,48.98756],[-125.67671,48.99166],[-125.67977,48.99343],[-125.68291,48.99488],[-125.68694,48.99641],[-125.68732449,48.99653191],[-125.702413,49.002727],[-125.70309086,49.0030876],[-125.70437,49.00456],[-125.70638,49.00706],[-125.7075,49.00786],[-125.71198,49.00988],[-125.71325,49.01071],[-125.71577,49.01308],[-125.72184,49.01711],[-125.72547,49.01942],[-125.72996,49.02246],[-125.73423,49.02455],[-125.73672343,49.0258634],[-125.746681,49.032622],[-125.74721659,49.03292188],[-125.7477,49.03333],[-125.74892,49.03414],[-125.75022,49.03453],[-125.75184,49.03469],[-125.75254388,49.03469947],[-125.760703,49.035959],[-125.761192,49.036068],[-125.761417,49.036373],[-125.76245,49.03821],[-125.763386,49.039477],[-125.76368575,49.03973694],[-125.76384,49.04098],[-125.76498,49.04271],[-125.76665,49.04297],[-125.76915,49.04276],[-125.77057692,49.04275216],[-125.772289,49.04291],[-125.77328828,49.04293734],[-125.77394,49.04299],[-125.77791,49.04472],[-125.77951,49.04512],[-125.78191,49.04505],[-125.78303,49.04447],[-125.78399,49.0438],[-125.7849118,49.0432553],[-125.788995,49.043367],[-125.78948,49.043409],[-125.78972091,49.04345966],[-125.79149,49.04407],[-125.79551,49.04586],[-125.79758,49.04667],[-125.79898,49.04669],[-125.80097,49.04658],[-125.80097247,49.04658017],[-125.80820936,49.04859715],[-125.80919,49.04915],[-125.81083,49.04972],[-125.81174373,49.04958221],[-125.81803069,49.05133444],[-125.8196,49.05302],[-125.82166,49.05393],[-125.82462,49.05448],[-125.82793,49.05531],[-125.83061,49.05647],[-125.84519,49.0611],[-125.84881,49.06201],[-125.85383,49.06193],[-125.85728683,49.06229693],[-125.857385,49.062331],[-125.857697,49.062557],[-125.8668218,49.07040372],[-125.86687,49.07049],[-125.86748,49.07125],[-125.86818,49.07187],[-125.86962,49.07281],[-125.87078562,49.07308909],[-125.87187,49.073556],[-125.886955,49.078553],[-125.887424,49.07875],[-125.887821,49.079006],[-125.907139,49.094304],[-125.907445,49.094605],[-125.907541,49.09496],[-125.907759,49.096922],[-125.907744,49.097256],[-125.907236,49.097291],[-125.87937792,49.09734805],[-125.87809707165071,49.09735066593442],[-125.8737,49.1063],[-125.915,49.1392],[-125.913,49.1536],[-125.8899,49.1506],[-125.8791,49.1132],[-125.8497,49.1195],[-125.8622,49.1146],[-125.8568,49.0989],[-125.8447,49.0944],[-125.8577,49.1132],[-125.8424,49.1145],[-125.83837338859074,49.099034151632615],[-125.83828,49.09901],[-125.83816,49.09891],[-125.83805,49.09873],[-125.83803,49.09833],[-125.83786,49.09805],[-125.83793,49.09778],[-125.83792,49.09769],[-125.83783,49.09763],[-125.83763,49.09765],[-125.83747,49.09786],[-125.83726,49.09852],[-125.83704,49.0987],[-125.83655,49.09874],[-125.83632,49.09866],[-125.83603,49.09842],[-125.83587,49.09817],[-125.83573,49.09811],[-125.83561,49.09836],[-125.83538,49.09849],[-125.83479,49.09853],[-125.83448,49.09873],[-125.83405,49.09873],[-125.83367,49.09857],[-125.83322,49.09815],[-125.83296593083149,49.09787211184695],[-125.83265906504064,49.097888699186996],[-125.83285,49.09834],[-125.83289,49.09872],[-125.83276,49.09894],[-125.83270103,49.09898774],[-125.83264,49.098994],[-125.83204636,49.09913128],[-125.83184,49.09914],[-125.83171,49.09908],[-125.83167,49.09874],[-125.83156,49.09858],[-125.83143,49.09861],[-125.83136,49.09907],[-125.83122,49.0993],[-125.83113673,49.09934164],[-125.830733,49.099435],[-125.83061558,49.09947939],[-125.83046,49.09949],[-125.83026253,49.09961287],[-125.82980414,49.09978617],[-125.82861,49.09988],[-125.82778,49.09952],[-125.82755,49.09951],[-125.82753,49.09978],[-125.82787,49.09993],[-125.82809,49.10043],[-125.82807228,49.1006072],[-125.827445,49.100959],[-125.827122,49.101177],[-125.82691543,49.10134755],[-125.82676,49.10133],[-125.82622,49.101],[-125.82609,49.10073],[-125.82577,49.10058],[-125.82562,49.10038],[-125.82533,49.10029],[-125.82528,49.10038],[-125.82534,49.1007],[-125.825,49.10096],[-125.82493,49.10108],[-125.82553,49.10146],[-125.82586,49.10153],[-125.82598,49.10163],[-125.82619,49.10188],[-125.82619434,49.10194292],[-125.825757,49.102304],[-125.8254773,49.10266465],[-125.82543297042325,49.10266785476057],[-125.83079763911967,49.11292129412386],[-125.83117272,49.11306798],[-125.83122,49.11311],[-125.83157,49.1139],[-125.83189,49.11408],[-125.83225,49.11417],[-125.83304,49.11412],[-125.83387,49.11417],[-125.83406721,49.11420367],[-125.834417,49.114371],[-125.83456894,49.1145218],[-125.83472,49.11474],[-125.83476,49.11499],[-125.83463,49.11557],[-125.83423,49.11581],[-125.83363,49.11603],[-125.83361,49.11617],[-125.83386,49.11623],[-125.83475,49.11618],[-125.83551,49.11636],[-125.83587,49.11661],[-125.83588,49.11678],[-125.8358,49.11697],[-125.83587,49.11714],[-125.8369,49.11749],[-125.83706782,49.11757756],[-125.8372,49.117784],[-125.83715842,49.11794388],[-125.83706,49.11812],[-125.83688,49.11825],[-125.83567,49.11878],[-125.83529,49.11903],[-125.8351,49.11924],[-125.83504,49.1197],[-125.83518,49.11994],[-125.83541,49.12015],[-125.83612282,49.12053455],[-125.83583474,49.1212387],[-125.83543,49.12126],[-125.83535,49.12137],[-125.83558,49.1218],[-125.83554268,49.12190908],[-125.83552014315215,49.12194737037951],[-125.8356,49.1221],[-125.83543745841091,49.122087852763805],[-125.835405,49.122143],[-125.834865,49.122193],[-125.83024398,49.12229263],[-125.83005,49.12217],[-125.82935,49.12186],[-125.82914,49.12182],[-125.82832,49.12187],[-125.82804,49.1218],[-125.82784,49.12164],[-125.82673139,49.12236836],[-125.811396,49.122699],[-125.810911,49.12268],[-125.81057,49.122453],[-125.807791,49.120216],[-125.80704704125434,49.11971530049229],[-125.8062548974403,49.11921741198467],[-125.80540965,49.11882162],[-125.80541,49.11881],[-125.80524648089823,49.118583588936026],[-125.80360938861958,49.11755462245671],[-125.79953409,49.11757626],[-125.799231,49.117559],[-125.786124,49.117582],[-125.78512685,49.11765276],[-125.78188,49.11767],[-125.7812,49.11759],[-125.78115,49.11765],[-125.78146978,49.11828042],[-125.779638,49.118981],[-125.777931,49.12],[-125.7763877324789,49.1211370619439],[-125.7769,49.1216],[-125.77608121542578,49.12136290021982],[-125.774979,49.122175],[-125.7746,49.122405],[-125.774085,49.122391],[-125.77369212,49.12235526],[-125.77326,49.12225],[-125.77296023,49.12228868],[-125.77130888,49.12213845],[-125.77069,49.12174],[-125.77036,49.12165],[-125.77023,49.12153],[-125.76945,49.1216],[-125.76935,49.12175],[-125.76906,49.12187],[-125.76898763,49.12192729],[-125.76756564,49.12179793],[-125.76744,49.12145],[-125.76747,49.12124],[-125.76799,49.12041],[-125.76787,49.12036],[-125.76742,49.12038],[-125.76718,49.12053],[-125.76671,49.12055],[-125.76624,49.12032],[-125.76527,49.12004],[-125.76472,49.12004],[-125.76463,49.12023],[-125.76427,49.12037],[-125.76388,49.12101],[-125.76322,49.12133],[-125.76269328,49.12135469],[-125.762224,49.121312],[-125.761671,49.121222],[-125.76144465,49.1211495],[-125.76139,49.12094],[-125.76054336,49.12080539],[-125.75279,49.117624],[-125.752398,49.117427],[-125.75243463,49.11733003],[-125.75271,49.11701],[-125.75271,49.1167],[-125.75265,49.11658],[-125.75305,49.11626],[-125.7535,49.11604],[-125.75338,49.11569],[-125.75307,49.11518],[-125.75482343628006,49.11520717266797],[-125.751,49.1141],[-125.75741449752883,49.1116686985173],[-125.7572,49.11154],[-125.75697,49.11151],[-125.75661,49.11163],[-125.75627,49.11164],[-125.75569,49.11177],[-125.75518,49.11175],[-125.75501,49.11166],[-125.75477,49.1117],[-125.75458,49.11182],[-125.75457,49.11175],[-125.75437,49.11174],[-125.75381,49.11205],[-125.75375,49.11216],[-125.75365,49.11216],[-125.75348,49.11228],[-125.75322,49.11229],[-125.75610122678114,49.10955498472715],[-125.668,49.1363],[-125.6802,49.1542],[-125.6497,49.1543],[-125.6242,49.1927],[-125.6413,49.1937],[-125.6001,49.2055],[-125.5957,49.2336],[-125.6088,49.212],[-125.6568,49.2006],[-125.6642,49.1684],[-125.6709,49.2147],[-125.688,49.1808],[-125.7141,49.1766],[-125.7031,49.1683],[-125.7245,49.1443],[-125.7445,49.1711],[-125.743,49.1497],[-125.77,49.1454],[-125.7614,49.1312],[-125.79054538445268,49.1403882059461],[-125.79077,49.14039],[-125.797657,49.14042],[-125.797718,49.14042],[-125.797739,49.140421],[-125.797748,49.140431],[-125.800821,49.144568],[-125.800827,49.14458],[-125.800811,49.144589],[-125.795073,49.147427],[-125.7926,49.14865],[-125.792558,49.14869],[-125.792556,49.148691],[-125.789022,49.152003],[-125.788155,49.152816],[-125.788138,49.152828],[-125.788119,49.152831],[-125.78488,49.153019],[-125.784861,49.153018],[-125.784848,49.15301],[-125.781102,49.149881],[-125.78076205871639,49.149596991955384],[-125.7461,49.1807],[-125.7542,49.2231],[-125.7253,49.2584],[-125.7788,49.2402],[-125.8122,49.2456],[-125.7919,49.3099],[-125.8018,49.3346],[-125.7708,49.3579],[-125.7764,49.3706],[-125.8379,49.292],[-125.8343,49.2615],[-125.8682,49.2572],[-125.8424,49.2777],[-125.9127,49.2796],[-125.9445,49.2508],[-125.9364,49.2449],[-125.9735,49.2269],[-126.0131,49.2433],[-126.0325,49.2846],[-126.0026,49.2831],[-126.0186,49.2955],[-126.0118,49.3055],[-125.9481,49.299],[-125.9597,49.311],[-125.9236,49.3795],[-125.9352,49.3837],[-125.9041,49.3982],[-125.9028066829451,49.411995381918935],[-125.91930529471428,49.41172753943056],[-125.9453,49.3984],[-125.9731,49.3463],[-125.9904,49.3555],[-125.9901,49.3293],[-126.0057,49.3192],[-126.0586,49.3403],[-126.0637,49.3831],[-126.08101338878241,49.3937055837044],[-126.0810344,49.39334567],[-126.08103801,49.39328394],[-126.081045,49.393251],[-126.08107518,49.39322813],[-126.08956746,49.38795022],[-126.089601,49.387933],[-126.089643,49.387946],[-126.09059885,49.38830156],[-126.1156916,49.39763572],[-126.11576341,49.39766784],[-126.14699728,49.41434719],[-126.147033,49.414371],[-126.147012,49.414401],[-126.14601783,49.41551269],[-126.1458,49.41569],[-126.14564228,49.41593264],[-126.144948,49.416709],[-126.144916,49.416738],[-126.144876,49.416761],[-126.142631,49.417847],[-126.14253244,49.41790373],[-126.14248,49.41792],[-126.14244217,49.41796746],[-126.142375,49.418022],[-126.141186,49.419174],[-126.141157,49.419198],[-126.1411319,49.41921234],[-126.14009,49.41967],[-126.13949307,49.41999679],[-126.13633083,49.42150864],[-126.13568,49.42166],[-126.13494366,49.42217184],[-126.13444081,49.42241226],[-126.13371,49.42273],[-126.13312,49.4229],[-126.13207685,49.42353967],[-126.13201,49.423565],[-126.13059929,49.42398685],[-126.12936,49.42423],[-126.12885,49.42451],[-126.12910549,49.42489324],[-126.129106,49.424968],[-126.129154,49.425113],[-126.129442,49.425684],[-126.129454,49.42572],[-126.129454,49.425757],[-126.12939957427017,49.42608908919895],[-126.1731,49.4033],[-126.1488,49.4009],[-126.2143,49.4016],[-126.238,49.4188],[-126.2158,49.428],[-126.2333,49.4329],[-126.215,49.4471],[-126.2371,49.4432],[-126.2289,49.4743],[-126.2473,49.4699],[-126.24960857632861,49.442276690137085],[-126.248939,49.441288],[-126.24886,49.44107],[-126.2485,49.44064],[-126.24796,49.44019],[-126.2471979,49.4397849],[-126.247177,49.439768],[-126.247173,49.4397261],[-126.2475074,49.4348384],[-126.247516,49.434802],[-126.247555,49.434772],[-126.2487,49.43405],[-126.255914,49.429509],[-126.255962,49.429484],[-126.256023,49.42948],[-126.26083152993348,49.42948],[-126.26019157825624,49.357325448391116],[-126.2601471,49.3573256],[-126.260144,49.357325],[-126.259742,49.357294],[-126.249254,49.357161],[-126.24916,49.357154],[-126.249154,49.357092],[-126.2495208,49.350473],[-126.2499764,49.3422552],[-126.249989,49.342196],[-126.2500762,49.3421923],[-126.2589779,49.342404],[-126.260822,49.342448],[-126.260996,49.342462],[-126.284611,49.345627],[-126.284704,49.345645],[-126.2847659,49.3456931],[-126.28755,49.34834],[-126.2895917,49.348585],[-126.291955,49.348869],[-126.292043,49.348885],[-126.292077,49.34894],[-126.293764,49.352681],[-126.2938058,49.3528413],[-126.2939117,49.3543191],[-126.293954,49.35491],[-126.2939541,49.3549103],[-126.29403,49.35597],[-126.3007723,49.3568881],[-126.300857,49.356905],[-126.300937,49.356931],[-126.3065233,49.3591506],[-126.3099774,49.3605232],[-126.310059,49.360564],[-126.310066,49.360633],[-126.309908,49.363537],[-126.3099082,49.3635397],[-126.30988,49.36406],[-126.3101089,49.3641581],[-126.310177,49.364257],[-126.310394,49.364462],[-126.312472,49.366089],[-126.3125754,49.3661518],[-126.31264,49.36622],[-126.312719,49.3662392],[-126.312852,49.36632],[-126.315608,49.367626],[-126.3158419,49.3677202],[-126.31587,49.36775],[-126.3159631,49.3677585],[-126.316177,49.367817],[-126.3216433,49.3690096],[-126.32317,49.36959],[-126.3244201,49.3696195],[-126.324436,49.369624],[-126.324467,49.3696372],[-126.32538,49.37022],[-126.3258763,49.3703562],[-126.3283993,49.3716502],[-126.3286,49.37183],[-126.32947,49.37244],[-126.32962,49.37265],[-126.33075,49.37326],[-126.33154,49.37356],[-126.33253,49.37378],[-126.3326621,49.3738365],[-126.3347072,49.3748854],[-126.33508,49.37519],[-126.3365029,49.3758095],[-126.336543,49.375834],[-126.3366,49.375887],[-126.3387175,49.3782781],[-126.33921,49.37913],[-126.33954,49.37926],[-126.33986,49.37972],[-126.3408507,49.3806871],[-126.3411616,49.3810382],[-126.34137,49.38148],[-126.34155,49.38154],[-126.3417692,49.3817329],[-126.3418026,49.3817824],[-126.3419,49.38263],[-126.34204,49.38272],[-126.3425,49.38405],[-126.34275,49.38427],[-126.34281,49.38456],[-126.34309,49.3847],[-126.34386,49.38591],[-126.344039,49.3859924],[-126.344265,49.386154],[-126.3452028,49.3867176],[-126.34597,49.38732],[-126.3463257,49.3873925],[-126.34931,49.389186],[-126.349388,49.389245],[-126.3494209,49.3892863],[-126.34996,49.39048],[-126.35013,49.39066],[-126.3502721,49.3907418],[-126.351523,49.392896],[-126.351698,49.393129],[-126.3517348,49.3931607],[-126.35174,49.39327],[-126.3519179,49.3933185],[-126.351937,49.393335],[-126.352232,49.393509],[-126.3553157,49.3950099],[-126.35534,49.39503],[-126.3558209,49.3952573],[-126.355882,49.395294],[-126.355943,49.395348],[-126.357838,49.3974381],[-126.35825,49.39836],[-126.3591,49.39883],[-126.3593301,49.3988913],[-126.359603,49.399011],[-126.3619182,49.3998441],[-126.36245,49.40011],[-126.3636823,49.4004789],[-126.3640906,49.4006258],[-126.36496,49.40119],[-126.36577,49.40145],[-126.36602,49.40161],[-126.36827,49.40213],[-126.37028,49.40233],[-126.3703027,49.402331],[-126.37431,49.402727],[-126.374518,49.4027371],[-126.37464,49.40276],[-126.3747146,49.4027389],[-126.374969,49.402725],[-126.381519,49.402022],[-126.381629,49.402018],[-126.3817373,49.4020288],[-126.3818587,49.4020501],[-126.3846725,49.402547],[-126.38581,49.4029],[-126.38648,49.40291],[-126.3871788,49.4029895],[-126.390149,49.403514],[-126.390236,49.403535],[-126.390317,49.403566],[-126.396207,49.406329],[-126.3965013,49.4064407],[-126.39672,49.40657],[-126.3969446,49.4065495],[-126.396947,49.40655],[-126.397352,49.406587],[-126.40482,49.406788],[-126.404908,49.406795],[-126.404987,49.406821],[-126.412081,49.409678],[-126.412154,49.409714],[-126.412217,49.409758],[-126.41464,49.41178],[-126.414691,49.411832],[-126.41471,49.411893],[-126.4148715,49.4128716],[-126.415099,49.4142532],[-126.415099,49.414319],[-126.415058,49.414381],[-126.412773,49.417054],[-126.412592,49.417209],[-126.4124473,49.4173016],[-126.41037,49.41863],[-126.4104091,49.4187717],[-126.410385,49.418803],[-126.410273,49.419094],[-126.409712,49.421777],[-126.4097088,49.4218671],[-126.40968,49.42193],[-126.40974,49.42447],[-126.4103,49.42645],[-126.411,49.42692],[-126.4137,49.42847],[-126.41896,49.43092],[-126.419926,49.4310465],[-126.421609,49.431267],[-126.421703,49.431285],[-126.4217289,49.4313164],[-126.42267,49.43313],[-126.4231712,49.4335448],[-126.424354,49.435378],[-126.424386,49.435452],[-126.424393,49.435528],[-126.424168,49.438062],[-126.4241781,49.4382059],[-126.42395,49.43858],[-126.42408,49.43905],[-126.4253238,49.4393573],[-126.425494,49.439415],[-126.432726,49.441283],[-126.4328546,49.4413274],[-126.43389,49.44206],[-126.43472,49.44219],[-126.4368503,49.4430655],[-126.436905,49.443094],[-126.436963,49.4431362],[-126.4389045,49.4448316],[-126.438952,49.444882],[-126.43897,49.44494],[-126.439364,49.447304],[-126.4393573,49.4474329],[-126.4392,49.44766],[-126.439208,49.4480375],[-126.43873,49.449814],[-126.438698,49.449887],[-126.438641,49.449953],[-126.436702,49.451712],[-126.4366422,49.4517834],[-126.43655,49.45185],[-126.4365292,49.4519182],[-126.436454,49.452008],[-126.434863,49.454635],[-126.434823,49.454687],[-126.434771,49.454734],[-126.429285,49.4588196],[-126.42912,49.45887],[-126.428623,49.4593096],[-126.428596,49.459327],[-126.4285336,49.4593567],[-126.4260692,49.4603481],[-126.425987,49.460374],[-126.425889,49.460379],[-126.42119,49.460322],[-126.420762,49.460345],[-126.42035,49.460425],[-126.4202665,49.4604539],[-126.41944576544053,49.4603160810707],[-126.41933353999596,49.460422735039295],[-126.4192418,49.4611068],[-126.419235,49.461114],[-126.419142,49.46112],[-126.41859985074626,49.46112],[-126.41859724625994,49.46112247518559],[-126.41912,49.461123],[-126.41923,49.46113],[-126.4192355,49.4611791],[-126.419185,49.461697],[-126.419159,49.461955],[-126.419205,49.462357],[-126.4195419,49.4625376],[-126.419575,49.462582],[-126.419848,49.46282],[-126.422174,49.464493],[-126.422244,49.464555],[-126.422222,49.46463],[-126.421851,49.465447],[-126.4218,49.465525],[-126.4217747,49.4655396],[-126.420619,49.465798],[-126.420099,49.466079],[-126.41966,49.466513],[-126.419618,49.466852],[-126.4195793,49.4671298],[-126.419547,49.467229],[-126.419391,49.468213],[-126.419387,49.468502],[-126.4193968,49.4685388],[-126.419269,49.468987],[-126.4196221,49.4690614],[-126.419847,49.469305],[-126.420141,49.469521],[-126.4229471,49.4712382],[-126.423226,49.471507],[-126.423352,49.471819],[-126.423544,49.471895],[-126.424064,49.472005],[-126.424385,49.472118],[-126.4247528,49.4719876],[-126.42512,49.472016],[-126.425562,49.471997],[-126.431013,49.471432],[-126.4313281,49.4713745],[-126.431582,49.471373],[-126.431687,49.471291],[-126.4317933,49.471247],[-126.43205,49.471154],[-126.43229,49.4710415],[-126.433299,49.470624],[-126.434392,49.470113],[-126.434956,49.469814],[-126.4349813,49.4697799],[-126.4377348,49.4684892],[-126.438154,49.468386],[-126.438467,49.468148],[-126.439212,49.467889],[-126.439368,49.4677236],[-126.4410711,49.4669253],[-126.441545,49.466729],[-126.4416012,49.4666768],[-126.441605,49.466675],[-126.4417164,49.4666137],[-126.441913,49.466531],[-126.4419635,49.4664633],[-126.442138,49.466332],[-126.444475,49.464272],[-126.444711,49.464017],[-126.444868,49.463738],[-126.4448681,49.4637378],[-126.445391,49.463465],[-126.445354,49.463421],[-126.4445599,49.4624718],[-126.444518,49.462409],[-126.4445124,49.4623456],[-126.44463,49.4600908],[-126.444645,49.460017],[-126.444702,49.459952],[-126.447123,49.457727],[-126.447359,49.457457],[-126.4473755,49.4574249],[-126.44755,49.457335],[-126.447525,49.457223],[-126.4475085,49.457166],[-126.44751,49.457163],[-126.447568,49.456855],[-126.447633,49.455128],[-126.447642,49.455068],[-126.447666,49.45501],[-126.4481828,49.4540391],[-126.448309,49.453829],[-126.448917,49.453056],[-126.448945,49.453033],[-126.4499927,49.4506487],[-126.450025,49.450604],[-126.450052,49.4505886],[-126.452077,49.450075],[-126.452688,49.449724],[-126.452948,49.449588],[-126.453265,49.449412],[-126.453721,49.4492],[-126.454082,49.449029],[-126.454313,49.448931],[-126.454582,49.448803],[-126.454889,49.448665],[-126.455072,49.448559],[-126.455158,49.448516],[-126.455475,49.448246],[-126.456418,49.447671],[-126.4551569,49.4467918],[-126.455125,49.446692],[-126.454522,49.442608],[-126.454523,49.442532],[-126.454609,49.44248],[-126.4583671,49.4406517],[-126.4589383,49.4403739],[-126.459013,49.440343],[-126.4590395,49.4403352],[-126.461555,49.440007],[-126.46227,49.440023],[-126.4634745,49.4392886],[-126.465994,49.438696],[-126.466104,49.438678],[-126.466216,49.438688],[-126.470692,49.43936],[-126.471185,49.4394],[-126.4715814,49.4393792],[-126.472022,49.43956],[-126.47221,49.439386],[-126.472348,49.439268],[-126.4724257,49.4391894],[-126.472594,49.439131],[-126.472975,49.438924],[-126.475075,49.437519],[-126.4751822,49.4374281],[-126.475277,49.437385],[-126.4753688,49.4372698],[-126.475424,49.437223],[-126.4767529,49.4357629],[-126.476795,49.435721],[-126.477303,49.435285],[-126.477817,49.434816],[-126.477895,49.434769],[-126.478223,49.434438],[-126.478441,49.434258],[-126.478739,49.433941],[-126.478883,49.433768],[-126.479046,49.433564],[-126.479192,49.433388],[-126.479367,49.433194],[-126.479576,49.432943],[-126.479766,49.432743],[-126.480001,49.432384],[-126.480293,49.431972],[-126.480655,49.431536],[-126.480878,49.431301],[-126.480986,49.431178],[-126.481137,49.43099],[-126.48128,49.430825],[-126.481386,49.430673],[-126.481463,49.430557],[-126.481533,49.430442],[-126.481687,49.430171],[-126.481935,49.429795],[-126.482003,49.4297],[-126.48204,49.429642],[-126.482102,49.429503],[-126.482183,49.429266],[-126.482346,49.428922],[-126.48246,49.428615],[-126.482626,49.428186],[-126.482801,49.427862],[-126.48282807222809,49.427777775290394],[-126.47612191438836,49.42086039988091],[-126.466101,49.420524],[-126.465991,49.420513],[-126.465943,49.420447],[-126.4651432,49.4190041],[-126.4637322,49.4164574],[-126.463707,49.416392],[-126.46374,49.416324],[-126.464972,49.414449],[-126.4650819,49.4142084],[-126.465196,49.414108],[-126.4651629,49.4137391],[-126.465163,49.413738],[-126.465127,49.413335],[-126.4651265,49.4133326],[-126.465041,49.41238],[-126.464609,49.412329],[-126.4643261,49.4122606],[-126.464083,49.412129],[-126.463699,49.411988],[-126.458333,49.410423],[-126.458241,49.41039],[-126.4581604,49.4103472],[-126.4566777,49.40941],[-126.456599,49.409347],[-126.456539,49.409268],[-126.455401,49.407225],[-126.45537,49.407138],[-126.455369,49.407049],[-126.456148,49.402693],[-126.456175,49.402614],[-126.456226,49.402541],[-126.4585076,49.4000242],[-126.458691,49.4],[-126.460489,49.397838],[-126.4601055,49.3975688],[-126.460048,49.397359],[-126.459866,49.397062],[-126.4584622,49.3953132],[-126.458404,49.395158],[-126.458351,49.395066],[-126.4581534,49.3949285],[-126.456969,49.393453],[-126.456926,49.393383],[-126.4569043,49.3933099],[-126.456373,49.3895931],[-126.456374,49.389521],[-126.456469,49.389481],[-126.4581686,49.3889125],[-126.459508,49.388465],[-126.45957,49.3883613],[-126.459843,49.388173],[-126.46339,49.385086],[-126.463444,49.3850248],[-126.463566,49.384933],[-126.463779,49.384617],[-126.464097,49.384197],[-126.464386,49.383905],[-126.4643683,49.3836996],[-126.465703,49.381649],[-126.465773,49.381569],[-126.465871,49.381502],[-126.467623,49.380558],[-126.467942,49.38035],[-126.4681635,49.380139],[-126.468564,49.380051],[-126.468524,49.37994],[-126.468459,49.379621],[-126.4684566,49.3796137],[-126.468479,49.37955],[-126.468496,49.379256],[-126.468181,49.375579],[-126.468186,49.375505],[-126.4682631,49.3754586],[-126.4715535,49.3738543],[-126.474119,49.372604],[-126.474206,49.372569],[-126.4742167,49.3725675],[-126.475337,49.372911],[-126.476095,49.372542],[-126.4784312,49.3722141],[-126.478502,49.372213],[-126.47863,49.37223],[-126.484027,49.373363],[-126.484138,49.373395],[-126.48422,49.373453],[-126.486531,49.375455],[-126.486843,49.375677],[-126.4870643,49.3757844],[-126.487194,49.375969],[-126.487285,49.376108],[-126.487553,49.376141],[-126.488476,49.376206],[-126.488692,49.376191],[-126.488946,49.376185],[-126.489376,49.376157],[-126.48965,49.376151],[-126.490603,49.376101],[-126.490886,49.376095],[-126.490959,49.376092],[-126.491292,49.376071],[-126.491756,49.376054],[-126.4942853,49.3759715],[-126.494387,49.375977],[-126.494501,49.3760202],[-126.496112,49.376792],[-126.4968482,49.3760963],[-126.4968968,49.3760852],[-126.50091,49.375799],[-126.5028557,49.375104],[-126.5029066,49.3750987],[-126.505404,49.375335],[-126.505894,49.375214],[-126.50686,49.375011],[-126.507608,49.374889],[-126.5080084,49.3748354],[-126.51128,49.374669],[-126.5114966,49.374647],[-126.511524,49.374649],[-126.511603,49.374649],[-126.511662,49.37465],[-126.512021,49.374577],[-126.512133,49.374545],[-126.512347,49.37449],[-126.5128536,49.3743296],[-126.515004,49.373751],[-126.515102,49.373731],[-126.5151338,49.3737282],[-126.516995,49.373904],[-126.51795,49.373877],[-126.518233,49.373883],[-126.5196831,49.3735792],[-126.520385,49.3735568],[-126.52099,49.373614],[-126.522324,49.373534],[-126.522477,49.373558],[-126.522794,49.373546],[-126.523133,49.373517],[-126.524047,49.373513],[-126.524474,49.373522],[-126.524681,49.373515],[-126.525002,49.373514],[-126.525228,49.373506],[-126.525733,49.373495],[-126.526434,49.37351],[-126.529556,49.37339],[-126.529856,49.373377],[-126.530074,49.373321],[-126.531377,49.373228],[-126.5324116,49.3731749],[-126.532523,49.373179],[-126.532653,49.373205],[-126.543534,49.376257],[-126.5437399,49.376335],[-126.544575,49.37682],[-126.5450606,49.3769918],[-126.545086,49.377007],[-126.545095,49.3770626],[-126.545095,49.377791],[-126.545096,49.382583],[-126.545134,49.382752],[-126.545153,49.382914],[-126.545156,49.383121],[-126.545132,49.383337],[-126.545233,49.383528],[-126.5452901,49.3836607],[-126.545305,49.384169],[-126.545298,49.384236],[-126.545211,49.384274],[-126.54455792041337,49.38450721492899],[-126.5771,49.4147],[-126.562826083804,49.42902071592124],[-126.562823,49.429034],[-126.562789,49.429159],[-126.562769,49.429285],[-126.562763,49.429411],[-126.562757,49.429528],[-126.562803,49.429717],[-126.56289,49.429917],[-126.562953,49.430026],[-126.563121,49.430255],[-126.5632201,49.4303729],[-126.5635228,49.4311035],[-126.56353,49.43119],[-126.563616,49.431399],[-126.563666,49.431508],[-126.563738,49.431725],[-126.56381,49.431943],[-126.563924,49.432152],[-126.563974,49.432252],[-126.564032,49.43246],[-126.564079,49.432641],[-126.564194,49.432823],[-126.5643012,49.4329825],[-126.56492,49.434476],[-126.564938,49.434544],[-126.56484,49.434572],[-126.5647222,49.4345967],[-126.564618,49.434569],[-126.564333,49.434464],[-126.56417,49.434424],[-126.563978,49.434393],[-126.563813,49.434381],[-126.563542,49.4344],[-126.563369,49.434443],[-126.563302,49.43447],[-126.563045,49.434571],[-126.562862,49.43464],[-126.562666,49.434707],[-126.56247,49.434766],[-126.562287,49.434834],[-126.561949,49.434971],[-126.561653,49.4351],[-126.561385,49.435229],[-126.56127,49.435308],[-126.56113,49.43535],[-126.561099,49.43543],[-126.560785,49.43563],[-126.560699,49.435709],[-126.56058,49.435869],[-126.560504,49.436029],[-126.5604511,49.4361074],[-126.559505,49.4371631],[-126.559437,49.43723],[-126.559334,49.437354],[-126.559186,49.437567],[-126.559066,49.437753],[-126.558992,49.43786],[-126.558944,49.437984],[-126.558882,49.438118],[-126.558849,49.438243],[-126.558782,49.438467],[-126.5587583,49.4385517],[-126.557603,49.440952],[-126.5575753,49.4410398],[-126.557564,49.44105],[-126.557458,49.441237],[-126.55738,49.441415],[-126.557373,49.441559],[-126.557418,49.441776],[-126.557415,49.441821],[-126.557467,49.441894],[-126.557529,49.44203],[-126.557615,49.442248],[-126.557666,49.442339],[-126.557916,49.442569],[-126.5579208,49.442575],[-126.558031,49.442812],[-126.558054,49.442886],[-126.558009,49.442955],[-126.557634,49.443408],[-126.557555,49.443481],[-126.5574845,49.4435225],[-126.557342,49.443582],[-126.557004,49.443719],[-126.556822,49.443769],[-126.556626,49.443828],[-126.556471,49.443888],[-126.556231,49.444009],[-126.555931,49.444209],[-126.5558471,49.4442773],[-126.55561,49.444386],[-126.555504,49.444425],[-126.55539,49.444399],[-126.5549321,49.4442598],[-126.554827,49.44419],[-126.554708,49.444111],[-126.554614,49.444064],[-126.554315,49.443959],[-126.554193,49.443911],[-126.554071,49.443873],[-126.553784,49.443831],[-126.553467,49.443815],[-126.55315,49.443817],[-126.5529567,49.4438513],[-126.552821,49.443851],[-126.551518,49.443924],[-126.551063,49.443978],[-126.550632,49.444087],[-126.5504608,49.4441575],[-126.550372,49.444172],[-126.550054,49.444202],[-126.549874,49.444216],[-126.549542,49.444218],[-126.549377,49.444205],[-126.549103,49.444172],[-126.548843,49.44414],[-126.548568,49.444107],[-126.548472,49.444096],[-126.54832,49.444102],[-126.548056,49.44415],[-126.547719,49.444269],[-126.54762,49.444312],[-126.54754138511613,49.44435552837529],[-126.54708271150972,49.4448157058296],[-126.547054,49.444876],[-126.54697491949442,49.44492385126134],[-126.5466,49.4453],[-126.54692437662102,49.44552249659926],[-126.546995,49.445504],[-126.547221,49.445392],[-126.547478,49.445227],[-126.547564,49.445147],[-126.547791,49.445035],[-126.547945,49.444976],[-126.548267,49.444883],[-126.548517,49.444864],[-126.548544,49.444862],[-126.54871,49.444857],[-126.548942,49.444916],[-126.549143,49.445028],[-126.549209,49.445083],[-126.549291,49.445112],[-126.549354,49.4451915],[-126.549327,49.445262],[-126.549325,49.445273],[-126.548878,49.4464069],[-126.548793,49.446514],[-126.548718,49.446629],[-126.54867191532257,49.44672116935484],[-126.55768172585667,49.45290118380061],[-126.557854,49.452976],[-126.558194,49.453082],[-126.55852,49.453197],[-126.558695,49.453273],[-126.558871,49.453348],[-126.559208,49.453499],[-126.55937,49.453575],[-126.559695,49.453708],[-126.559992,49.453831],[-126.560127,49.453888],[-126.560372,49.453974],[-126.560507,49.454022],[-126.56054,49.45404],[-126.560789,49.454181],[-126.560923,49.454255],[-126.561223,49.454325],[-126.561388,49.454355],[-126.561581,49.454359],[-126.561655,49.454354],[-126.561899,49.454339],[-126.5618992,49.454339],[-126.5634729,49.4550095],[-126.563506,49.455047],[-126.563626,49.45514],[-126.563796,49.455323],[-126.563875,49.455397],[-126.563982,49.455462],[-126.564238,49.455585],[-126.564565,49.455673],[-126.564728,49.455721],[-126.565054,49.455836],[-126.56519,49.455884],[-126.565527,49.456044],[-126.565757,49.45612],[-126.566002,49.456198],[-126.566317,49.456249],[-126.5664699,49.4562865],[-126.566525,49.45631],[-126.566717,49.456412],[-126.5670984,49.45666],[-126.567164,49.456708],[-126.567374,49.45691],[-126.567627,49.457104],[-126.567826,49.457271],[-126.568037,49.457464],[-126.56817,49.457566],[-126.568483,49.457662],[-126.568686,49.457738],[-126.568874,49.457841],[-126.569048,49.457944],[-126.5691534,49.4579964],[-126.570895,49.459129],[-126.570966,49.459185],[-126.57102,49.459248],[-126.5714029,49.4598149],[-126.571382,49.459873],[-126.571405,49.459955],[-126.571498,49.460038],[-126.571602,49.460157],[-126.5717174,49.4602805],[-126.571969,49.460653],[-126.572004,49.460723],[-126.5719813,49.4607793],[-126.571787,49.460875],[-126.571759,49.460889],[-126.571715,49.460951],[-126.571697,49.461031],[-126.57173,49.461203],[-126.57161,49.461389],[-126.571421,49.461601],[-126.571318,49.461716],[-126.5713,49.461815],[-126.571337,49.461896],[-126.571391,49.461936],[-126.57163,49.462109],[-126.571657,49.462128],[-126.57179,49.462221],[-126.5719075,49.4622929],[-126.571925,49.462323],[-126.572195,49.462596],[-126.5729859,49.4632414],[-126.573035,49.463291],[-126.573153,49.463419],[-126.573322,49.463629],[-126.57332233312367,49.463629398171484],[-126.57394884788447,49.464059137538094],[-126.5740059,49.4640739],[-126.574191,49.464225],[-126.57419171063306,49.46422572209489],[-126.5743,49.4643],[-126.5698837098681,49.4728953415377],[-126.571115,49.47492],[-126.571145,49.474988],[-126.57106,49.475033],[-126.5705879,49.4752364],[-126.570469,49.475246],[-126.570233,49.475277],[-126.570078,49.475337],[-126.569807,49.475511],[-126.569781,49.475538],[-126.5696967,49.4756204],[-126.568413,49.4761735],[-126.56822954554305,49.47611481012076],[-126.56662733277027,49.479233166385136],[-126.566775,49.479307],[-126.5669134,49.4793481],[-126.567781,49.480053],[-126.56784,49.480112],[-126.5678128,49.4801397],[-126.567711,49.480208],[-126.567514,49.480285],[-126.567422,49.480327],[-126.567231,49.480414],[-126.566947,49.480579],[-126.56666,49.480789],[-126.56656,49.480861],[-126.566403,49.480972],[-126.566173,49.481156],[-126.565957,49.481323],[-126.56587,49.481411],[-126.565903,49.481583],[-126.565913,49.481655],[-126.565888,49.4817122],[-126.565876,49.481722],[-126.565788,49.48178],[-126.5657567,49.4817933],[-126.565546,49.481827],[-126.565311,49.481831],[-126.56529173762777,49.48183260982361],[-126.5615118796201,49.48918927561541],[-126.561515,49.489291],[-126.561576,49.48948],[-126.5615789,49.4894864],[-126.561606,49.489801],[-126.561603,49.489866],[-126.561567,49.489927],[-126.5607671,49.4910091],[-126.560578,49.491213],[-126.560445,49.491381],[-126.560312,49.491558],[-126.560268,49.49162],[-126.5602577126794,49.49163023689254],[-126.55800320843929,49.49601813564088],[-126.558155,49.4967927],[-126.558143,49.496899],[-126.558139,49.496937],[-126.5581,49.497152],[-126.558076,49.497368],[-126.558055,49.497511],[-126.558059,49.4977],[-126.558057,49.497754],[-126.558091,49.497899],[-126.558125,49.498034],[-126.558177,49.498116],[-126.558443,49.49832],[-126.5584497,49.498338],[-126.5584518,49.4984602],[-126.558288,49.49865],[-126.558197,49.498819],[-126.558229,49.498999],[-126.558248,49.499171],[-126.558259,49.499234],[-126.558239,49.499368],[-126.558245,49.499512],[-126.558138,49.499726],[-126.558092,49.499824],[-126.558042,49.5],[-126.558036,49.500111],[-126.558043,49.500246],[-126.558044,49.500275],[-126.558049,49.500399],[-126.558068,49.500406],[-126.5581339,49.5004287],[-126.557788,49.502553],[-126.5577884,49.5025602],[-126.557774,49.502588],[-126.557751,49.502776],[-126.557746,49.502875],[-126.557754,49.503001],[-126.557813,49.503192],[-126.557914,49.503392],[-126.5579317,49.5034306],[-126.558128,49.50414],[-126.558138,49.504215],[-126.558125,49.50429],[-126.5580768,49.5044365],[-126.558052,49.504501],[-126.557959,49.504706],[-126.557913,49.504795],[-126.557862,49.504992],[-126.55781,49.505207],[-126.557744,49.505421],[-126.5577,49.5055833],[-126.557145,49.507272],[-126.557092,49.507576],[-126.5571069,49.507693],[-126.557106,49.507693],[-126.557008,49.507709],[-126.556993,49.507735],[-126.5571256,49.5078399],[-126.557131,49.507882],[-126.55726,49.508177],[-126.557958,49.509332],[-126.557988,49.5094],[-126.557903,49.509445],[-126.553334,49.511416],[-126.553224,49.511453],[-126.553181,49.511461],[-126.552791,49.511504],[-126.5527002,49.5115269],[-126.552425,49.511507],[-126.552275,49.511486],[-126.551988,49.511417],[-126.551687,49.511347],[-126.551441,49.511297],[-126.551154,49.511237],[-126.551045,49.511217],[-126.550728,49.511201],[-126.550423,49.511222],[-126.550338,49.511247],[-126.550198,49.511298],[-126.55011,49.511386],[-126.55011708028763,49.511419246568025],[-126.5504175348319,49.511757807542274],[-126.550423,49.511762],[-126.55044936619717,49.51179367605632],[-126.56751716007555,49.531026165743675],[-126.5676093,49.5310731],[-126.567632,49.531089],[-126.5676595,49.5310987],[-126.5680997,49.5313229],[-126.568182,49.531433],[-126.568424,49.531564],[-126.568738,49.531652],[-126.5687644,49.5316641],[-126.568812,49.531693],[-126.568858,49.531751],[-126.5688701,49.5317696],[-126.568883,49.53179],[-126.568836,49.531887],[-126.568678,49.53201],[-126.568661,49.532073],[-126.568769,49.532138],[-126.568926,49.532303],[-126.568963,49.532394],[-126.569042,49.532486],[-126.569033,49.532665],[-126.56900646581529,49.53270435904065],[-126.56922988979832,49.53295611972396],[-126.569483,49.533071],[-126.56959,49.533127],[-126.569791,49.533257],[-126.569754,49.533454],[-126.56974957016317,49.53354171076923],[-126.57041867076836,49.53429567291459],[-126.5705764,49.5343984],[-126.570582,49.534407],[-126.570613,49.534473],[-126.57057694454404,49.53447402043743],[-126.5706,49.5345],[-126.5587,49.5417],[-126.5703,49.5773],[-126.5007,49.6051],[-126.4781,49.6442],[-126.4528,49.6294],[-126.4203,49.6395],[-126.3715,49.6285],[-126.1049,49.6584],[-126.0461,49.6077],[-126.1161,49.6845],[-126.2668,49.6507],[-126.3483,49.6446],[-126.3767,49.6542],[-126.3738,49.6651],[-126.4413,49.6529],[-126.4989,49.69],[-126.4849,49.6904],[-126.4787,49.7125],[-126.4639,49.7039],[-126.4363,49.7581],[-126.3841,49.7551],[-126.4046,49.7724],[-126.456,49.7624],[-126.4385,49.7957],[-126.4635,49.7881],[-126.4961,49.8021],[-126.4563,49.7494],[-126.4688,49.7307],[-126.4889,49.727],[-126.483,49.7368],[-126.519,49.7539],[-126.4965,49.7117],[-126.5483,49.7153],[-126.5302,49.7051],[-126.5873,49.6947],[-126.6422,49.7765],[-126.6517,49.9213],[-126.6632,49.9198],[-126.6727,49.8595],[-126.7516,49.8733],[-126.802,49.949],[-126.8459,49.9594],[-126.8566,49.9863],[-126.8612,49.9567],[-126.8185,49.9447],[-126.8008,49.907],[-126.8255,49.8808],[-126.9101,49.8687],[-126.9234,49.9035],[-126.91499168396315,49.931749891075],[-126.9235,49.9735],[-126.9442,49.989],[-126.9363,49.8915],[-126.9473,49.8733],[-126.9311,49.8716],[-126.9431,49.8601],[-126.9783,49.8601],[-126.963,49.8723],[-127.0087,49.8837],[-127.0447,49.9438],[-127.0236,49.8861],[-126.992,49.8649],[-127.0032,49.866],[-126.9977,49.8522],[-127.1518,49.8595],[-127.219,49.9273],[-127.22394,49.94953],[-127.223976,49.94953],[-127.224,49.949531],[-127.224022,49.949536],[-127.22904,49.950845],[-127.234061,49.952155],[-127.234078,49.952161],[-127.234089,49.952174],[-127.235712,49.954638],[-127.235718,49.95465],[-127.235718,49.954661],[-127.235335,49.956836],[-127.23519931780936,49.957607618718924],[-127.24320526554929,49.96084686731106],[-127.24719,49.960259],[-127.259631,49.958423],[-127.259648,49.958422],[-127.259655,49.958434],[-127.262455,49.965798],[-127.262458,49.96581],[-127.262446,49.965821],[-127.254025,49.972498],[-127.254009,49.972509],[-127.253986,49.972511],[-127.246349,49.972963],[-127.24046984838346,49.97331093465238],[-127.1863,50.0013],[-127.123,49.9962],[-127.1532,50.0007],[-127.149,50.0227],[-127.0773,50.0228],[-127.1967,50.0229],[-127.1718,50.0389],[-127.185,50.0649],[-127.1744,50.0735],[-127.1507,50.0688],[-127.1757,50.0595],[-127.0963,50.06],[-127.1561,50.0789],[-127.0917,50.1031],[-127.09390117196456,50.144922267326734],[-127.09407,50.145144],[-127.094106,50.145207],[-127.09402,50.145238],[-127.09391924449018,50.14526564531344],[-127.094,50.1468],[-127.1030832392469,50.1361941368331],[-127.10267,50.136062],[-127.102582,50.136027],[-127.102601,50.135961],[-127.102602,50.135958],[-127.10282,50.13588],[-127.10286,50.1358],[-127.102768,50.135584],[-127.102938,50.135203],[-127.10298,50.135135],[-127.102994,50.135129],[-127.10372,50.13511],[-127.10421,50.13481],[-127.104239,50.134733],[-127.10436964220442,50.13469209407345],[-127.1286,50.1064],[-127.2129,50.0932],[-127.2348,50.1055],[-127.2183,50.1049],[-127.2303,50.1186],[-127.307,50.1599],[-127.3085,50.1961],[-127.3112,50.1532],[-127.2973,50.1436],[-127.3112,50.128],[-127.2743,50.112],[-127.3019,50.1339],[-127.2909,50.1354],[-127.2651,50.1184],[-127.2631,50.1037],[-127.2841,50.0969],[-127.27,50.0824],[-127.2891,50.0791],[-127.2673,50.0578],[-127.3442,50.0196],[-127.3589,50.0228],[-127.3493,50.0459],[-127.3621,50.0286],[-127.41993026621405,50.03493875290334],[-127.4101,50.0256],[-127.4244,50.0253],[-127.42015971611093,50.03496390281696],[-127.4287,50.0359],[-127.4848,50.0927],[-127.4777,50.1149],[-127.4197,50.1386],[-127.51467393997629,50.12190458107785],[-127.514628,50.12182],[-127.5146277,50.1218196],[-127.51459,50.12175],[-127.51299,50.12071],[-127.5129513,50.1206986],[-127.512921,50.120686],[-127.510813,50.119965],[-127.5107669,50.1199521],[-127.51074,50.11994],[-127.5104792,50.1199107],[-127.5097,50.119823],[-127.509671,50.119818],[-127.5096498,50.1198104],[-127.5090612,50.1195296],[-127.509041,50.11952],[-127.509022,50.119509],[-127.509017,50.119494],[-127.5088876,50.1188624],[-127.50865,50.1177],[-127.5017,50.11457],[-127.4982158,50.1140553],[-127.496442,50.113793],[-127.496421,50.113789],[-127.4964109,50.113778],[-127.4922425,50.1082755],[-127.488903,50.103867],[-127.488893,50.10385],[-127.48889,50.103831],[-127.48889,50.093616],[-127.488892,50.093601],[-127.488915,50.0936],[-127.4954302,50.0935866],[-127.5035099,50.0935701],[-127.503539,50.093572],[-127.5035645,50.0935782],[-127.5154239,50.0975246],[-127.515439,50.097531],[-127.515452,50.097543],[-127.522799,50.105158],[-127.5227996,50.1051585],[-127.52283,50.10519],[-127.5228685,50.1052149],[-127.522871,50.105217],[-127.526896,50.107825],[-127.5269368,50.1078588],[-127.5352597,50.1171884],[-127.535267,50.117199],[-127.5352502,50.1172049],[-127.5191233,50.1211774],[-127.514874,50.122224],[-127.514851,50.122228],[-127.514842,50.122214],[-127.51468033202262,50.12191634961174],[-127.4335,50.1894],[-127.44857523917743,50.18828980796755],[-127.447196,50.186049],[-127.447133,50.185907],[-127.447115,50.18576],[-127.447195,50.183289],[-127.447224,50.183142],[-127.447403,50.183094],[-127.45037,50.18256],[-127.45232,50.18243],[-127.45314,50.18231],[-127.4542,50.18204],[-127.45478,50.18168],[-127.45533,50.18104],[-127.45766,50.17718],[-127.45945,50.17455],[-127.45995,50.17351],[-127.460191,50.173121],[-127.460367,50.1729],[-127.463716,50.169445],[-127.46396,50.1692],[-127.46686,50.16655],[-127.468051,50.164974],[-127.472222,50.160672],[-127.472381,50.160543],[-127.472579,50.160439],[-127.476111,50.158977],[-127.476329,50.158906],[-127.476566,50.158866],[-127.477967,50.158728],[-127.47993,50.15864],[-127.48077,50.15864],[-127.48328,50.15882],[-127.48439,50.15878],[-127.4855,50.15864],[-127.48683,50.15836],[-127.48811,50.15798],[-127.48878,50.15766],[-127.49021,50.1568],[-127.49224,50.15531],[-127.49335,50.15427],[-127.494234,50.15331],[-127.506838,50.14326],[-127.507203,50.143026],[-127.508943,50.142134],[-127.51104,50.14121],[-127.51483,50.13936],[-127.51961,50.13686],[-127.52098,50.13596],[-127.52148,50.13553],[-127.52187,50.13505],[-127.5224,50.13421],[-127.5233,50.13251],[-127.524183,50.130541],[-127.528497,50.12324],[-127.528797,50.122886],[-127.53514,50.117315],[-127.53527,50.11722],[-127.535402,50.117314],[-127.543412,50.12423],[-127.543417,50.124233],[-127.54566,50.12617],[-127.54585,50.12598],[-127.54609,50.12592],[-127.54615,50.1257],[-127.54637,50.12557],[-127.54682,50.12558],[-127.5479,50.12631],[-127.54853,50.12626],[-127.54869,50.12617],[-127.54883,50.12595],[-127.54921,50.12601],[-127.54955,50.12598],[-127.55004,50.12567],[-127.55007,50.12536],[-127.55017,50.12529],[-127.55059,50.12516],[-127.55136,50.12504],[-127.55169,50.12491],[-127.55176,50.12477],[-127.55177,50.12451],[-127.55189,50.12439],[-127.55193,50.12424],[-127.55189,50.12398],[-127.55172,50.12386],[-127.55153,50.12382],[-127.551463,50.123736],[-127.551632,50.123517],[-127.551722,50.123533],[-127.552379,50.12369],[-127.55266,50.12382],[-127.55305,50.12391],[-127.55307,50.12404],[-127.55282,50.1242],[-127.55292,50.12437],[-127.55311,50.12438],[-127.55344,50.12426],[-127.55378,50.1243],[-127.55387,50.1244],[-127.55373,50.12459],[-127.55375,50.12473],[-127.55388,50.1248],[-127.55407,50.1248],[-127.55422,50.12464],[-127.5545,50.12467],[-127.55449,50.1248],[-127.55432,50.12506],[-127.55374,50.12528],[-127.55369,50.12541],[-127.55374,50.12591],[-127.55383,50.12598],[-127.55409,50.12598],[-127.55504,50.12573],[-127.55515,50.12559],[-127.55514,50.12474],[-127.55525,50.12435],[-127.55532,50.12423],[-127.55574,50.12414],[-127.55579,50.12408],[-127.55577,50.12358],[-127.555877,50.123465],[-127.555908,50.123456],[-127.556144,50.123424],[-127.556283,50.123415],[-127.5564,50.12363],[-127.55774,50.12388],[-127.55821,50.12387],[-127.55845,50.12373],[-127.55886,50.12362],[-127.55912,50.12363],[-127.55947,50.1238],[-127.55971,50.12384],[-127.56023,50.12382],[-127.56073,50.12351],[-127.56079,50.12328],[-127.56093,50.12316],[-127.561205,50.123093],[-127.56125,50.123093],[-127.561378,50.123197],[-127.562088,50.123899],[-127.562189,50.124024],[-127.562191,50.124038],[-127.56192,50.12429],[-127.56134,50.12455],[-127.56128,50.12466],[-127.56127,50.12497],[-127.56152,50.12512],[-127.56173,50.12513],[-127.56225,50.12496],[-127.562559,50.125041],[-127.562711,50.125285],[-127.562885,50.125461],[-127.56293,50.12607],[-127.56319,50.12627],[-127.56399,50.12666],[-127.56452,50.12671],[-127.56477,50.12667],[-127.564842,50.126615],[-127.565274,50.126748],[-127.566121,50.126894],[-127.566678,50.126956],[-127.567694,50.126996],[-127.568641,50.126902],[-127.56879,50.12714],[-127.56898,50.12725],[-127.56915,50.1273],[-127.56972,50.12729],[-127.57015,50.12717],[-127.57039,50.12691],[-127.57044,50.1268],[-127.5704,50.1267],[-127.57021,50.12651],[-127.57021,50.126421],[-127.570497,50.126299],[-127.570932,50.126011],[-127.571063,50.125939],[-127.571081,50.126027],[-127.57082,50.12655],[-127.57086,50.1268],[-127.571134,50.126929],[-127.5711826260354,50.127854450705506],[-127.5777,50.128],[-127.6046,50.1078],[-127.60095843017424,50.1165667421731],[-127.605007,50.115881],[-127.605907,50.115663],[-127.606719,50.115334],[-127.607268,50.114994],[-127.60738,50.11496],[-127.60855,50.11528],[-127.6092,50.11479],[-127.608536,50.112995],[-127.608542,50.112956],[-127.60855,50.112949],[-127.60979,50.11292],[-127.61086,50.11229],[-127.61037,50.11206],[-127.610436,50.111694],[-127.612506,50.110337],[-127.612641,50.110265],[-127.612623,50.110374],[-127.61138,50.11414],[-127.611898,50.114659],[-127.612208,50.11512],[-127.613436,50.116573],[-127.613947,50.117058],[-127.614594,50.117472],[-127.614754,50.117541],[-127.61483,50.11795],[-127.6151,50.11845],[-127.61529882576657,50.11871878298075],[-127.61957433977618,50.11816605493388],[-127.61998,50.11794],[-127.620125,50.117699],[-127.620166,50.117685],[-127.62059,50.11763],[-127.62111,50.11773],[-127.62132,50.11771],[-127.62184,50.11719],[-127.622057,50.117074],[-127.622124,50.117057],[-127.62217,50.117059],[-127.62302,50.11738],[-127.62352,50.11743],[-127.6245,50.11737],[-127.62476834134067,50.11749458705102],[-127.62492110056925,50.11747483870968],[-127.625352,50.117398],[-127.625372,50.117402],[-127.6253685736035,50.11741699048472],[-127.6255,50.1174],[-127.63032975772603,50.124657413725885],[-127.631691,50.12466],[-127.631886,50.124672],[-127.631797,50.124784],[-127.631568,50.125016],[-127.631242,50.125427],[-127.63098023577685,50.12563485164352],[-127.63821169486012,50.13650117111256],[-127.63824,50.13646],[-127.6384,50.13639],[-127.63855,50.13638],[-127.63859,50.1364],[-127.638668,50.136454],[-127.638628,50.136586],[-127.63848179129246,50.13690703030191],[-127.64389177500938,50.14503631800351],[-127.644137,50.145175],[-127.64411274783816,50.14536836183088],[-127.64425434018389,50.145581124932406],[-127.64435,50.14565],[-127.64435554684438,50.145733202665625],[-127.6444,50.1458],[-127.6443996491517,50.14580042797851],[-127.646954,50.145828],[-127.646964,50.145829],[-127.672626,50.146108],[-127.672817,50.14612],[-127.673003,50.146152],[-127.673527,50.146273],[-127.674453,50.14642],[-127.675406,50.146446],[-127.67575,50.14641],[-127.675769,50.146412],[-127.676044,50.146607],[-127.676788,50.146962],[-127.677625,50.147216],[-127.681417,50.148089],[-127.682315,50.148234],[-127.68324,50.148264],[-127.683325,50.148256],[-127.68333,50.14826],[-127.68337,50.14837],[-127.68379,50.14869],[-127.68407,50.1487],[-127.68431,50.14859],[-127.68439,50.14833],[-127.68452,50.14826],[-127.68472,50.14824],[-127.68521,50.1484],[-127.68548,50.1484],[-127.6873,50.14824],[-127.68786,50.14793],[-127.68793,50.1478],[-127.6881943116883,50.14764306493507],[-127.68857289156621,50.147295180722935],[-127.68865,50.14722],[-127.68863,50.14676],[-127.68819,50.14643],[-127.6879,50.14602],[-127.68788,50.14572],[-127.6878,50.14559],[-127.6877,50.145539],[-127.687736,50.145098],[-127.687603,50.144511],[-127.687399,50.143985],[-127.687126,50.143491],[-127.68714,50.14346],[-127.68714,50.14298],[-127.6871,50.14287],[-127.68696,50.1428],[-127.68656,50.14275],[-127.68649,50.14267],[-127.68645,50.14251],[-127.68666,50.14219],[-127.68664,50.14202],[-127.68643,50.14186],[-127.6863,50.14187],[-127.68579,50.14221],[-127.685383,50.142182],[-127.685352,50.142167],[-127.6853,50.14208],[-127.68533,50.14199],[-127.68548,50.1419],[-127.68588,50.14184],[-127.68606,50.14171],[-127.68607,50.14134],[-127.68601,50.14131],[-127.678403,50.14122],[-127.678397,50.141216],[-127.678447,50.141111],[-127.68412,50.13315],[-127.68396,50.133],[-127.68396,50.13285],[-127.68408,50.13256],[-127.684081,50.132552],[-127.685038,50.1311],[-127.68511855813954,50.13100526959518],[-127.6851,50.131],[-127.68512152413894,50.13100178179958],[-127.685146,50.130973],[-127.685364,50.130935],[-127.685407,50.13093],[-127.68584,50.13102],[-127.68656,50.13103],[-127.68674222702703,50.13113594594595],[-127.6873996242038,50.13119036624204],[-127.68821,50.13063],[-127.688365,50.130611],[-127.688524,50.130603],[-127.688566,50.130624],[-127.68871,50.13076],[-127.688547604344,50.1312853977106],[-127.68934167022351,50.131351131641026],[-127.68971,50.13108],[-127.689773,50.131077],[-127.690369,50.131218],[-127.69032,50.13131],[-127.69013456041444,50.13141676824623],[-127.69132998963013,50.13151572761839],[-127.69135,50.13149],[-127.69151,50.1315],[-127.69159086751849,50.13153732347008],[-127.69343322221125,50.13168983627577],[-127.69354,50.13151],[-127.69419,50.13128],[-127.69421,50.13112],[-127.69412,50.13089],[-127.694174,50.130831],[-127.694178,50.13083],[-127.694427,50.130725],[-127.694656,50.130729],[-127.69619,50.130852],[-127.6962,50.13086],[-127.69615,50.13113],[-127.69637,50.13128],[-127.69707,50.13137],[-127.69763,50.13127],[-127.69781,50.13133],[-127.69858,50.13137],[-127.69955,50.1317],[-127.69969,50.13168],[-127.69977,50.13158],[-127.69977,50.13143],[-127.69989,50.13134],[-127.70032,50.13125],[-127.70067,50.13134],[-127.70101,50.13157],[-127.70192,50.1318],[-127.70229,50.13182],[-127.70463,50.13164],[-127.705822,50.131614],[-127.706617,50.131627],[-127.706945,50.13159],[-127.70741,50.13158],[-127.70814,50.1315],[-127.70857,50.13153],[-127.70875,50.13163],[-127.70881,50.13188],[-127.70904,50.13205],[-127.70955,50.13208],[-127.71052,50.132],[-127.71133,50.13174],[-127.71158,50.13147],[-127.71167,50.13132],[-127.71182,50.13066],[-127.71182,50.13032],[-127.71191,50.13008],[-127.7119,50.12976],[-127.71184,50.12965],[-127.71148,50.12943],[-127.71103,50.12935],[-127.71092,50.12929],[-127.710906,50.1292],[-127.710923,50.129166],[-127.710933,50.129155],[-127.71122,50.12911],[-127.7121,50.12922],[-127.71254,50.12858],[-127.71325,50.12812],[-127.71324,50.128],[-127.71295,50.12774],[-127.7129,50.12761],[-127.712909,50.127354],[-127.713006,50.127284],[-127.713111,50.127253],[-127.713255,50.127223],[-127.71339,50.12724],[-127.71392,50.12748],[-127.71432,50.12748],[-127.71459,50.12733],[-127.71522,50.12726],[-127.71558,50.12684],[-127.71593,50.12682],[-127.7166,50.12729],[-127.71722,50.12756],[-127.71742,50.12758],[-127.71769,50.12755],[-127.71839,50.12725],[-127.71862,50.12713],[-127.71891,50.12685],[-127.71906,50.1263],[-127.71899,50.12596],[-127.71888,50.12582],[-127.71874,50.12571],[-127.7183,50.12563],[-127.71712,50.12525],[-127.716496,50.124889],[-127.716576,50.124753],[-127.716686,50.124607],[-127.71689,50.12451],[-127.71689,50.124335],[-127.716957,50.124246],[-127.717075,50.124123],[-127.717295,50.124092],[-127.718001,50.124037],[-127.71889,50.12405],[-127.71894,50.12401],[-127.718944,50.123963],[-127.719891,50.123889],[-127.71998,50.12395],[-127.72079,50.12406],[-127.72119,50.12418],[-127.72368,50.12425],[-127.72452,50.12407],[-127.725935,50.123417],[-127.726858,50.123345],[-127.72737,50.12335],[-127.72916,50.12364],[-127.73020418972331,50.12367509881423],[-127.74078069845535,50.11670302216251],[-127.74079,50.11669],[-127.74183,50.11598],[-127.74218,50.11556],[-127.74299,50.11492],[-127.74322,50.11464],[-127.74336,50.11413],[-127.74397,50.11385],[-127.74446,50.11343],[-127.74469,50.11299],[-127.74477,50.11224],[-127.744915,50.112018],[-127.744951,50.11199],[-127.745139,50.111944],[-127.748175,50.111394],[-127.749084,50.111161],[-127.749294,50.111072],[-127.7493160263916,50.111076500015486],[-127.75094779589878,50.11000083106175],[-127.751113,50.109835],[-127.752248,50.108381],[-127.752365,50.108261],[-127.752566,50.108202],[-127.753601,50.107974],[-127.753763,50.107927],[-127.75408727922904,50.10793127115499],[-127.7567690628513,50.10616342871742],[-127.75677,50.10614],[-127.756721,50.105732],[-127.757785,50.103721],[-127.757874,50.103595],[-127.75809,50.1036],[-127.759173,50.103692],[-127.75973,50.10412],[-127.75982513642911,50.10414885285145],[-127.77985185533339,50.09094716004142],[-127.77986,50.09091],[-127.7803,50.0904],[-127.780436,50.090284],[-127.78101,50.08994],[-127.78155775559104,50.08982262380192],[-127.78305463738297,50.08883587336694],[-127.78311,50.08813],[-127.783189,50.087953],[-127.783242,50.087908],[-127.783382,50.08781],[-127.783517,50.087765],[-127.78392,50.08767],[-127.78453,50.08762],[-127.78518,50.08726],[-127.7854618667639,50.08724901817803],[-127.78655854111942,50.086526086077996],[-127.78649,50.08629],[-127.786361,50.086077],[-127.786495,50.0859],[-127.78673,50.085285],[-127.786867,50.084642],[-127.78692,50.084504],[-127.78714,50.084488],[-127.787873,50.084482],[-127.78872,50.08471],[-127.78927352438411,50.084736358304006],[-127.7957,50.0805],[-127.79595330889725,50.08056961800819],[-127.796,50.08053],[-127.796139,50.080432],[-127.796345,50.080418],[-127.813824,50.080282],[-127.814038,50.080294],[-127.814056,50.080431],[-127.81393137020363,50.08551060836722],[-127.82398251841568,50.08827301002815],[-127.824027,50.085903],[-127.824027,50.085869],[-127.82405,50.08574],[-127.824213,50.085775],[-127.82584,50.08626],[-127.826098,50.086313],[-127.826389,50.086397],[-127.827272,50.086586],[-127.827372,50.086594],[-127.83143,50.08795],[-127.83292,50.08827],[-127.833036,50.083644],[-127.833059,50.083515],[-127.83326,50.083525],[-127.870967,50.087788],[-127.871153,50.08782],[-127.871314,50.087889],[-127.874491,50.08952],[-127.909355,50.107414],[-127.90936,50.107416],[-127.91003,50.10776],[-127.920125,50.109851],[-127.920339,50.109912],[-127.920411,50.110052],[-127.927297,50.130781],[-127.927322,50.130936],[-127.927197,50.131068],[-127.908714,50.146517],[-127.908579,50.146611],[-127.908406,50.146669],[-127.890973,50.15128],[-127.877798,50.154765],[-127.877792,50.154767],[-127.8771,50.15495],[-127.84256,50.17389],[-127.842786,50.17545],[-127.842786,50.175452],[-127.844277,50.185744],[-127.844275,50.185896],[-127.844177,50.186035],[-127.840382,50.190203],[-127.838133,50.192673],[-127.837965,50.192815],[-127.83775,50.192927],[-127.80509,50.20612],[-127.805747,50.208169],[-127.805747,50.208172],[-127.808571,50.216984],[-127.810087,50.221717],[-127.81011,50.221847],[-127.80999,50.221955],[-127.80571,50.225163],[-127.785189,50.240543],[-127.785008,50.240652],[-127.784759,50.240667],[-127.762919,50.240433],[-127.727664031538,50.24005556684832],[-127.7226,50.2414],[-127.7348,50.2474],[-127.72,50.2643],[-127.744,50.2431],[-127.7994,50.2467],[-127.864,50.289],[-127.8129,50.2972],[-127.7993,50.3182],[-127.7175,50.2962],[-127.7926,50.3253],[-127.8578,50.3129],[-127.8745,50.3443],[-127.92126914290596,50.32714419567681],[-127.9213194,50.3254221],[-127.921323,50.325403],[-127.921356,50.325408],[-127.9214635,50.3254304],[-127.92198,50.32554],[-127.9221285,50.3254339],[-127.922187,50.325419],[-127.922321,50.325362],[-127.922641,50.325195],[-127.922671,50.325182],[-127.9226999,50.3251812],[-127.9233875,50.3252087],[-127.923418,50.325212],[-127.92344,50.325231],[-127.923781,50.32559],[-127.923878,50.325672],[-127.9239892,50.3257345],[-127.92401,50.32583],[-127.9241993,50.3258039],[-127.92429,50.325823],[-127.92445,50.325836],[-127.924736,50.325839],[-127.924779,50.325843],[-127.9247905,50.3258458],[-127.92479777741694,50.325849825939905],[-127.93955549723785,50.32043641577729],[-127.939493,50.319975],[-127.939494,50.319951],[-127.939524,50.319938],[-127.9397412,50.3198639],[-127.93976,50.31988],[-127.94013,50.31985],[-127.94023,50.31979],[-127.9402493,50.3196935],[-127.940251,50.319693],[-127.940295,50.319696],[-127.9406763,50.3197426],[-127.9409464,50.3197759],[-127.940978,50.319782],[-127.941008,50.319797],[-127.9414507,50.320073],[-127.94181,50.32039],[-127.94186356164383,50.320401643835616],[-127.94206153505047,50.32042564061218],[-127.9423071,50.3202619],[-127.942451,50.320229],[-127.942589,50.320175],[-127.942842,50.320054],[-127.942871,50.320042],[-127.942905,50.320041],[-127.944287,50.32009],[-127.9444488,50.3200837],[-127.94457,50.3201],[-127.94556,50.31974],[-127.9459226,50.3194776],[-127.946926,50.319016],[-127.94696,50.319003],[-127.946998,50.319011],[-127.947767,50.319226],[-127.947911,50.319256],[-127.9480245,50.3192658],[-127.94821,50.31938],[-127.94846,50.31942],[-127.94861,50.31938],[-127.94862,50.31917],[-127.9486459,50.319123],[-127.948722,50.319071],[-127.948803,50.31899],[-127.949073,50.318652],[-127.949092,50.318632],[-127.949128,50.318626],[-127.950013,50.318544],[-127.950049,50.318542],[-127.950076,50.318557],[-127.950686,50.318954],[-127.950708,50.318971],[-127.950724,50.31899],[-127.9507262,50.318993],[-127.9509,50.31924],[-127.95098,50.3196],[-127.951428,50.3199584],[-127.9514362,50.3199717],[-127.9518603,50.3207717],[-127.951868,50.32079],[-127.95187,50.32081],[-127.951873,50.320955],[-127.95188,50.32134],[-127.95204,50.32148],[-127.9525032,50.3216622],[-127.9525766975204,50.321700205760045],[-127.9550439781022,50.32199927007299],[-127.95539,50.32189],[-127.9563744,50.3215001],[-127.956401,50.321493],[-127.9564388,50.3214887],[-127.9572618,50.3214613],[-127.957298,50.321463],[-127.95733,50.321481],[-127.957775,50.321793],[-127.957797,50.321811],[-127.9578,50.321834],[-127.9578,50.32233333333333],[-127.9733974346895,50.32422393147751],[-127.973402,50.324222],[-127.973438,50.324213],[-127.975277,50.323858],[-127.97532,50.323853],[-127.975362,50.323861],[-127.976811,50.32423],[-127.976847,50.324242],[-127.976872,50.324262],[-127.97738,50.32477],[-127.977396,50.32479],[-127.977393,50.324813],[-127.97718977596058,50.32554753434586],[-127.9942680204709,50.34900764917318],[-127.994286,50.348996],[-127.994311,50.348982],[-127.994345,50.348978],[-127.99553,50.348903],[-127.995568,50.348903],[-127.995595,50.348921],[-127.996308,50.349512],[-127.996327,50.349531],[-127.996327,50.349553],[-127.996183,50.350815],[-127.996176,50.350839],[-127.996155,50.35086],[-127.9952513,50.3515896],[-127.99487,50.35179],[-127.994561,50.3521468],[-127.993612,50.352913],[-127.993588,50.352928],[-127.993556,50.352935],[-127.99266,50.353055],[-127.99262,50.353057],[-127.992582,50.35305],[-127.9918604,50.3528494],[-127.99165,50.35273],[-127.99143,50.35273],[-127.991365,50.3527481],[-127.991351,50.352747],[-127.9912,50.352753],[-127.98947,50.352925],[-127.9893908,50.3529381],[-127.98932,50.35294],[-127.98822,50.35335],[-127.9881929,50.3534001],[-127.988113,50.353478],[-127.987681,50.353994],[-127.987656,50.354018],[-127.9876392,50.3540237],[-127.98677,50.35418],[-127.9861617,50.3544247],[-127.985328,50.35465],[-127.98529,50.354657],[-127.985252,50.354649],[-127.984099,50.354311],[-127.984064,50.354298],[-127.984057,50.354273],[-127.983958,50.35351],[-127.983929,50.353408],[-127.9839269,50.3534047],[-127.98393,50.35329],[-127.98364,50.35306],[-127.98324,50.35301],[-127.9830342,50.3530344],[-127.981571,50.352972],[-127.981532,50.352967],[-127.981507,50.3529567],[-127.9807,50.35249],[-127.98032,50.35234],[-127.9801987,50.3523117],[-127.980193,50.35231],[-127.977963,50.35179],[-127.9779022,50.3517707],[-127.97778621012648,50.35171029219811],[-127.97032592432431,50.35213578378379],[-127.97001,50.35227],[-127.96979,50.35242],[-127.96969,50.35257],[-127.96967,50.35319],[-127.96979,50.35341],[-127.9702428,50.3539137],[-127.970829,50.354654],[-127.970845,50.354681],[-127.97085,50.35471],[-127.970858,50.355465],[-127.9708584,50.3554672],[-127.97086,50.35562],[-127.9709275,50.3556677],[-127.970996,50.355748],[-127.971516,50.356238],[-127.971536,50.356261],[-127.971538,50.356287],[-127.9715046,50.3568052],[-127.97145,50.35696],[-127.97148,50.35719],[-127.971654,50.3572459],[-127.971699,50.357285],[-127.971811,50.357352],[-127.971878,50.357384],[-127.971906,50.357401],[-127.971914,50.357426],[-127.972005,50.357944],[-127.972006,50.357969],[-127.971983,50.35799],[-127.971472,50.358368],[-127.97139,50.358441],[-127.9713742,50.358462],[-127.97128,50.35851],[-127.97123,50.35873],[-127.9712751,50.3588111],[-127.97127,50.359111],[-127.971265,50.359139],[-127.971249,50.359166],[-127.971026,50.35945],[-127.971008,50.359468],[-127.970977,50.359479],[-127.9704824,50.3596101],[-127.97015,50.35963],[-127.9699852,50.3597418],[-127.969743,50.359806],[-127.969605,50.359853],[-127.969568,50.3598723],[-127.96935,50.35991],[-127.969254,50.36021],[-127.969199,50.36038],[-127.969185,50.360408],[-127.96916,50.360434],[-127.9686137,50.3608711],[-127.968588,50.360887],[-127.968547,50.360891],[-127.967601,50.360919],[-127.967564,50.360917],[-127.967561,50.360894],[-127.96765941523898,50.35632816887419],[-127.9589,50.3798],[-127.971,50.3884],[-127.9194,50.4264],[-127.9399,50.4371],[-127.9368,50.4643],[-127.8909,50.454],[-127.843,50.4705],[-127.8088,50.4567],[-127.7708,50.4828],[-127.6134,50.4822],[-127.6262,50.4947],[-127.5813,50.4804],[-127.5856,50.4907],[-127.4349,50.3422],[-127.4423,50.3792],[-127.4859,50.408],[-127.5016,50.4456],[-127.5773,50.5163],[-127.5829,50.5042],[-127.609,50.5243],[-127.562,50.5244],[-127.5584170975941,50.534284971816255],[-127.563324,50.534312],[-127.57038,50.53435],[-127.570429,50.534353],[-127.570473,50.534366],[-127.573007,50.535291],[-127.573054,50.535312],[-127.57306,50.535349],[-127.57306116964334,50.536099576836676],[-127.6017,50.552],[-127.6109,50.5337],[-127.6629,50.5331],[-127.8017,50.4843],[-127.80211296544547,50.48433643812754],[-127.8030031,50.4840919],[-127.80301,50.484091],[-127.803034,50.484091],[-127.8037301,50.4841123],[-127.80403,50.48417],[-127.80431,50.48413],[-127.8044517,50.4840789],[-127.804455,50.484078],[-127.8048946,50.4839193],[-127.8053999,50.4837372],[-127.80542,50.483732],[-127.805446,50.483734],[-127.807501,50.484039],[-127.8075807,50.4840447],[-127.80764,50.48406],[-127.807689,50.4840447],[-127.807778,50.484037],[-127.810754,50.483536],[-127.810827,50.48353],[-127.8117256,50.48353],[-127.81206,50.4836],[-127.81292,50.48353],[-127.8129786,50.4835095],[-127.81303,50.483499],[-127.814824,50.482997],[-127.81485,50.482992],[-127.814874,50.483],[-127.815372,50.483203],[-127.815465,50.483234],[-127.8154955,50.4832397],[-127.81561,50.4833],[-127.81677,50.4831],[-127.8173101,50.4829134],[-127.817319,50.482912],[-127.817339,50.482923],[-127.8176624,50.4831407],[-127.81771,50.48323],[-127.8182011,50.483505],[-127.818208,50.483511],[-127.81822,50.483525],[-127.818646,50.484161],[-127.8186492,50.4841646],[-127.81874,50.4843],[-127.81903,50.48442],[-127.81915,50.48438],[-127.819208,50.484382],[-127.819323,50.48437],[-127.8197736,50.4842928],[-127.82032,50.48427],[-127.8208906,50.4841028],[-127.8209,50.484102],[-127.820923,50.484108],[-127.821488,50.484291],[-127.8214916,50.4842919],[-127.82164,50.48434],[-127.8216899,50.4843279],[-127.821699,50.484329],[-127.82181,50.484328],[-127.822192,50.484302],[-127.822218,50.484302],[-127.8222227,50.4843092],[-127.8223,50.48457],[-127.82239,50.48467],[-127.82282,50.48467],[-127.8231489,50.4844873],[-127.823154,50.484485],[-127.8237178,50.4841712],[-127.8240585,50.4839819],[-127.824082,50.483972],[-127.824111,50.483965],[-127.825023,50.483805],[-127.82505,50.483802],[-127.8250733,50.4838085],[-127.8254339,50.4839405],[-127.825457,50.483952],[-127.8254677,50.4839602],[-127.82565,50.4842],[-127.8259095,50.4843832],[-127.826244,50.484705],[-127.826257,50.484721],[-127.82626,50.484738],[-127.82625,50.485283],[-127.826253,50.4853021],[-127.82625,50.48531],[-127.82613,50.48543],[-127.82553,50.48568],[-127.82562,50.48572],[-127.8265764,50.4856137],[-127.826638,50.485632],[-127.826755,50.485649],[-127.826874,50.485651],[-127.82758,50.485612],[-127.82761,50.485612],[-127.827638,50.485616],[-127.828797,50.485868],[-127.828861,50.4858778],[-127.8289,50.48589],[-127.8290057,50.4858869],[-127.829009,50.485887],[-127.830928,50.485831],[-127.83095,50.485831],[-127.830972,50.485834],[-127.83334,50.486243],[-127.833416,50.486264],[-127.834732,50.486785],[-127.8347688,50.4867967],[-127.83482,50.48682],[-127.8355693,50.4869161],[-127.835598,50.486922],[-127.8356112,50.4869295],[-127.83609058193102,50.48733446311156],[-127.8391,50.4876],[-127.83911376081896,50.487646068828695],[-127.839349,50.48776],[-127.839368,50.487771],[-127.8393752,50.4877809],[-127.83963,50.48831],[-127.83977,50.48844],[-127.84033,50.48876],[-127.840938,50.489108],[-127.840958,50.489121],[-127.840972,50.489137],[-127.84107,50.48927],[-127.8411692,50.4894053],[-127.841177,50.48942],[-127.8411809,50.4894383],[-127.8411836,50.4894974],[-127.841194,50.489731],[-127.8411946,50.4897336],[-127.8412,50.48985],[-127.8413155,50.4899445],[-127.841316,50.489945],[-127.8413167,50.4899454],[-127.84142,50.49003],[-127.8415735,50.4900643],[-127.841579,50.490066],[-127.842004,50.490161],[-127.8420087,50.4901617],[-127.84218,50.4902],[-127.8423276,50.4901697],[-127.842359,50.490166],[-127.8425876,50.4901223],[-127.84287,50.49016],[-127.8432237,50.4900008],[-127.843516,50.489945],[-127.84354,50.489941],[-127.843565,50.489941],[-127.844389,50.489969],[-127.844419,50.489972],[-127.844444,50.489983],[-127.845018,50.490288],[-127.845037,50.490301],[-127.845037,50.490318],[-127.844963,50.490723],[-127.844958,50.490739],[-127.84494,50.490751],[-127.844581,50.490948],[-127.844559,50.490958],[-127.844532,50.490962],[-127.8434907,50.4910443],[-127.84333,50.49104],[-127.84278,50.4911],[-127.84097,50.49162],[-127.84084,50.49177],[-127.84085,50.49185],[-127.84186,50.49211],[-127.84216,50.49208],[-127.8422172,50.4920552],[-127.842253,50.492058],[-127.842368,50.492052],[-127.842621,50.492023],[-127.842647,50.492022],[-127.842647,50.492039],[-127.842629,50.492174],[-127.8426228,50.4922196],[-127.842616,50.492239],[-127.842603,50.492258],[-127.8420462,50.4928389],[-127.84177,50.49307],[-127.84168,50.49322],[-127.84166,50.49356],[-127.84173,50.494],[-127.84187,50.49406],[-127.8420648,50.494031],[-127.842074,50.494034],[-127.84218,50.494053],[-127.842463,50.494087],[-127.842488,50.494091],[-127.8424909,50.4941072],[-127.842501,50.49431],[-127.842516,50.494613],[-127.8425162,50.4946139],[-127.84252,50.49469],[-127.8425727,50.4947595],[-127.842573,50.49476],[-127.8426036,50.4948002],[-127.8427268,50.4949626],[-127.842736,50.494981],[-127.84274,50.495001],[-127.84274,50.495911],[-127.842737,50.495929],[-127.842717,50.495943],[-127.8426512,50.4959804],[-127.8423857,50.4961311],[-127.842369,50.496139],[-127.842346,50.496143],[-127.8420332,50.4961888],[-127.8417049,50.4962364],[-127.84168017839414,50.49623798853692],[-127.8437,50.503],[-127.8346424792862,50.50218530236966],[-127.83519,50.50246],[-127.8352437,50.5024721],[-127.835262,50.502479],[-127.8393677,50.5035802],[-127.84036,50.50388],[-127.84165677888993,50.504200090991816],[-127.8425756240807,50.50435817188485],[-127.8431684,50.5044404],[-127.843209,50.504446],[-127.8432091,50.504446],[-127.84331,50.50446],[-127.843406,50.5044512],[-127.843413,50.504451],[-127.8439782,50.5043988],[-127.8445982,50.504342],[-127.844618,50.504342],[-127.84462,50.5043568],[-127.84461953096863,50.50470981177955],[-127.862,50.5077],[-127.8911,50.4798],[-127.9287,50.4893],[-127.9916,50.4669],[-128.0318,50.5004],[-128.0096,50.5277],[-127.942,50.544],[-127.8952,50.5199],[-127.9341,50.5441],[-127.9912,50.5438],[-128.0232,50.5315],[-128.0522,50.4889],[-128.0951,50.5046],[-128.0296,50.4625],[-128.0471,50.4435],[-128.0817,50.4792],[-128.1092,50.472],[-128.1405,50.5056],[-128.2068,50.5289],[-128.2189,50.5372],[-128.2104,50.5503],[-128.23922784233068,50.567675685788345],[-128.24069,50.56747],[-128.240738,50.567456],[-128.24074,50.567456],[-128.242147,50.567057],[-128.242169,50.567052],[-128.242185,50.567063],[-128.246546,50.570741],[-128.24816,50.572104],[-128.248193,50.57214],[-128.250643,50.575873],[-128.260611,50.591066],[-128.260617,50.59108],[-128.260604,50.59109],[-128.25606,50.59387],[-128.255974,50.593996],[-128.255777,50.594119],[-128.255759,50.594129],[-128.255736,50.594134],[-128.25418,50.594368],[-128.254133,50.594378],[-128.2541,50.59438],[-128.25352966531645,50.59459537113924],[-128.3271,50.6296],[-128.30172757552666,50.65049216364628],[-128.370193,50.657949],[-128.370458,50.657996],[-128.37058,50.658154],[-128.3939935,50.6988599],[-128.4451674,50.7878291],[-128.445229,50.787981]],[[-128.4421,51.8976],[-128.4409,51.9288],[-128.4287,51.9191],[-128.4421,51.8976]],[[-128.4376,52.5447],[-128.2812,52.5201],[-128.2687,52.4938],[-128.4197,52.4624],[-128.42,52.5124],[-128.3794,52.497],[-128.3077,52.4992],[-128.4113,52.5107],[-128.4376,52.5447]],[[-128.4129,52.2901],[-128.3724,52.318],[-128.357,52.3212],[-128.3786,52.2894],[-128.4129,52.2901]],[[-128.3905,52.2064],[-128.3679,52.2375],[-128.2639,52.2289],[-128.3773,52.1518],[-128.3818,52.1935],[-128.3683,52.2122],[-128.3905,52.2064]],[[-128.3845,52.1074],[-128.3413,52.1656],[-128.3465,52.1275],[-128.3845,52.1074]],[[-128.3808,52.0941],[-128.3354,52.1279],[-128.3275,52.0842],[-128.347,52.1055],[-128.3578,52.083],[-128.3808,52.0941]],[[-128.3782,52.2724],[-128.3685,52.2825],[-128.3643,52.2721],[-128.3782,52.2724]],[[-128.3438,52.7843],[-128.2034,52.7753],[-128.2197,52.792],[-128.146,52.8441],[-128.1732,52.7238],[-128.2003,52.6918],[-128.2243,52.7187],[-128.2086,52.6879],[-128.2139,52.6515],[-128.2495,52.601],[-128.2765,52.5898],[-128.293,52.5913],[-128.2924,52.6167],[-128.2711,52.674],[-128.334,52.7349],[-128.3293,52.7644],[-128.3438,52.7843]],[[-128.3287,52.1521],[-128.3105,52.1925],[-128.2901,52.2044],[-128.2736,52.1944],[-128.2878,52.2076],[-128.2739,52.2153],[-128.2552,52.2005],[-128.247,52.2248],[-128.2056,52.2163],[-128.2704,52.1847],[-128.2793,52.1525],[-128.3175,52.128],[-128.3287,52.1521]],[[-128.3046,52.0238],[-128.3009,52.0538],[-128.2937,52.0331],[-128.3046,52.0238]],[[-128.2996,52.0904],[-128.2839,52.0728],[-128.2665,52.0939],[-128.251,52.0832],[-128.2687,52.0588],[-128.2949,52.0679],[-128.2996,52.0904]],[[-128.2927,52.1126],[-128.24,52.1827],[-128.1681,52.1926],[-128.1858,52.2111],[-128.1567,52.2084],[-128.1498,52.1863],[-128.137,52.1975],[-128.1115,52.1852],[-128.1432,52.1862],[-128.1469,52.137],[-128.134,52.1316],[-128.1466,52.1045],[-128.1342,52.0862],[-128.1579,52.0845],[-128.1535,52.0716],[-128.1865,52.0519],[-128.19321814403875,52.06983082106115],[-128.1832,52.0101],[-128.238,52.0148],[-128.2521,52.0307],[-128.2361,52.045],[-128.247,52.0791],[-128.2078,52.0553],[-128.2392,52.09],[-128.282,52.1035],[-128.2483,52.1309],[-128.2372,52.1219],[-128.2326,52.1408],[-128.2619,52.144],[-128.2695,52.1169],[-128.2927,52.1126]],[[-128.2752,51.8408],[-128.2548,51.8615],[-128.2373,51.8369],[-128.2752,51.8408]],[[-128.2534,51.9339],[-128.2434,51.9499],[-128.23,51.9326],[-128.2534,51.9339]],[[-128.2519,51.8082],[-128.2337,51.806],[-128.2467,51.7944],[-128.2519,51.8082]],[[-128.2506,51.8899],[-128.1851,51.9024],[-128.1894,51.9248],[-128.1602,51.9342],[-128.1737,51.8977],[-128.1588,51.9317],[-128.1305,51.9368],[-128.1966,51.9356],[-128.2046,51.9644],[-128.1637,51.9979],[-128.1567,52.0395],[-128.1218,52.063],[-128.1054,52.0503],[-128.1097,52.0712],[-128.0912,52.0477],[-128.0668,52.0441],[-128.073,52.0566],[-128.0533,52.0543],[-128.0653,52.062],[-128.009,52.059],[-128.0117,52.0739],[-127.9496,52.0611],[-127.9617,52.0244],[-127.9467,52.0077],[-127.9546,51.9691],[-127.97794939312399,51.93728557009389],[-127.9681,51.9277],[-127.9942,51.9007],[-128.0336,51.9006],[-128.0052,51.896],[-128.0146,51.8435],[-128.0737,51.839],[-128.0277,51.8309],[-128.0591,51.8189],[-128.0521,51.8039],[-128.0776,51.7861],[-128.1079,51.7884],[-128.0897,51.8063],[-128.1101,51.8237],[-128.1336,51.808],[-128.1009,51.8406],[-128.1198,51.8362],[-128.1123,51.8518],[-128.1274,51.8573],[-128.10864444909052,51.88801628684928],[-128.1232,51.8741],[-128.121,51.8978],[-128.1426,51.8718],[-128.1533,51.882],[-128.1319,51.8877],[-128.1511,51.8887],[-128.168,51.8464],[-128.1726,51.8651],[-128.2314,51.862],[-128.2288,51.882],[-128.2506,51.8899]],[[-128.2487,51.9319],[-128.2289,51.9311],[-128.2351,51.904],[-128.2487,51.9319]],[[-128.239,51.9502],[-128.2312,51.9771],[-128.215,51.9684],[-128.22263242506813,51.94645677792916],[-128.2171,51.9465],[-128.2239,51.9333],[-128.2299,51.9464],[-128.226423857868,51.946427157360404],[-128.239,51.9502]],[[-128.2309,51.9985],[-128.2231,52.0113],[-128.2152,51.9947],[-128.2309,51.9985]],[[-128.2262,51.86],[-128.2152,51.8592],[-128.2234,51.8422],[-128.2262,51.86]],[[-128.2245,52.2572],[-128.2087,52.2622],[-128.1892,52.2521],[-128.2245,52.2572]],[[-128.2225,51.9123],[-128.2134,51.9277],[-128.2093,51.9197],[-128.2225,51.9123]],[[-128.2128,51.8588],[-128.1814,51.8601],[-128.176,51.8417],[-128.2031,51.8482],[-128.2111,51.83],[-128.2128,51.8588]],[[-128.2128,51.9281],[-128.2118,51.9463],[-128.203,51.937],[-128.2128,51.9281]],[[-128.203,52.2812],[-128.1899,52.2928],[-128.2019,52.3054],[-128.1689,52.3001],[-128.1969,52.3153],[-128.1736,52.3285],[-128.1077,52.4381],[-128.079,52.4137],[-128.0471,52.3188],[-128.1153,52.304],[-128.1286,52.2816],[-128.1595,52.2731],[-128.203,52.2812]],[[-128.201,51.8027],[-128.199,51.8248],[-128.1848,51.8142],[-128.201,51.8027]],[[-128.1838,52.2377],[-128.1491,52.2469],[-128.1521,52.2603],[-128.13,52.2706],[-128.083,52.2674],[-128.0971,52.2926],[-128.0462,52.3092],[-128.0005,52.2991],[-128.0028,52.2844],[-128.0423,52.2815],[-128.0799,52.2312],[-128.1838,52.2377]],[[-128.1552,51.6398],[-128.1387,51.6539],[-128.1547,51.6625],[-128.1169,51.6677],[-128.0998,51.6879],[-128.0981,51.6562],[-128.134,51.658],[-128.1208,51.6422],[-127.9558,51.6468],[-127.9149,51.6085],[-127.8972,51.5531],[-127.9112,51.5328],[-127.9398,51.5284],[-127.9093,51.5241],[-127.8868,51.4963],[-127.8758,51.4634],[-127.8873,51.4271],[-127.9384,51.4269],[-127.9632,51.4514],[-127.9542,51.4572],[-127.9794,51.4569],[-128.0054,51.479],[-128.0252,51.4623],[-128.0874,51.4805],[-128.1176,51.5745],[-128.1512,51.5995],[-128.1432,51.6362],[-128.1552,51.6398]],[[-128.1379,51.8363],[-128.1283,51.8312],[-128.1349,51.8207],[-128.1379,51.8363]],[[-128.1353,52.148],[-128.1161,52.1593],[-128.0776,52.141],[-128.0618,52.1576],[-128.0079,52.1434],[-128.0457,52.1622],[-128.0078,52.1708],[-127.9131,52.1509],[-127.883,52.1839],[-127.8903,52.1265],[-127.9184,52.1198],[-127.9425,52.0758],[-128.101,52.0898],[-128.1353,52.148]],[[-128.1313,51.7514],[-128.1103,51.7673],[-128.1127,51.7837],[-128.0768,51.7825],[-128.0825,51.7664],[-128.1039,51.7755],[-128.0819,51.7555],[-128.1166,51.7362],[-128.1313,51.7514]],[[-128.0958,52.2039],[-128.0336,52.2364],[-127.997,52.2205],[-128.0243,52.2685],[-128.0017,52.2676],[-127.9825,52.3017],[-127.9436,52.2889],[-127.9169,52.2523],[-127.9052,52.1965],[-127.9158,52.1979],[-127.8941,52.1891],[-127.915,52.1643],[-127.9463,52.162],[-127.9876,52.1851],[-127.9823,52.1751],[-128.0413,52.1762],[-128.0958,52.2039]],[[-128.0871,51.6586],[-128.0612,51.7107],[-128.0518,51.7025],[-128.0103,51.732],[-127.994,51.7278],[-127.9615,51.656],[-128.0871,51.6586]],[[-128.0808,52.1635],[-128.0756,52.1687],[-128.051,52.1663],[-128.0808,52.1635]],[[-128.0726,52.4939],[-128.0313,52.5099],[-128.0655,52.4728],[-128.0726,52.4939]],[[-128.0698,51.7544],[-128.0663,51.784],[-128.0489,51.7833],[-128.0698,51.7544]],[[-128.0547,51.7576],[-128.0484,51.7787],[-128.0077,51.7988],[-128.0092,51.7551],[-128.0482,51.7451],[-128.0504,51.7577],[-128.015,51.7772],[-128.0547,51.7576]],[[-128.0373,52.2488],[-128.0309,52.267],[-128.0224,52.2558],[-128.0373,52.2488]],[[-128.028167,50.521611],[-128.028158,50.521623],[-128.027512,50.522336],[-128.027499,50.522349],[-128.02748,50.522351],[-128.027145,50.52236],[-128.026815,50.522369],[-128.026793,50.522369],[-128.026794,50.522355],[-128.026835,50.522205],[-128.026876,50.522055],[-128.026882,50.522041],[-128.026885,50.522038],[-128.02722,50.52192],[-128.02744,50.52177],[-128.027499,50.521622],[-128.027501,50.521621],[-128.027525,50.52162],[-128.027842,50.521615],[-128.028152,50.52161],[-128.028167,50.521611]],[[-127.9965,50.9119],[-127.9806,50.9199],[-127.8996,50.9448],[-127.838,50.9339],[-127.8472,50.9151],[-127.8325,50.9047],[-127.878,50.8886],[-127.8989,50.9038],[-127.9298,50.895],[-127.9356,50.9223],[-127.9464,50.8991],[-127.9965,50.9119]],[[-127.9041,51.9344],[-127.8893,51.9286],[-127.9036,51.9231],[-127.9041,51.9344]],[[-127.8992,51.9785],[-127.8949,52.0395],[-127.8344,52.0597],[-127.8624,52.0776],[-127.8685,52.0544],[-127.8896,52.0632],[-127.8827,52.0954],[-127.7505,52.1061],[-127.8234,52.1038],[-127.8477,52.1152],[-127.8418,52.1267],[-127.8609,52.1265],[-127.8489,52.1624],[-127.7711,52.2419],[-127.6539,52.2688],[-127.6248,52.2606],[-127.5973,52.224],[-127.6168,52.2694],[-127.5657,52.2981],[-127.4703,52.3201],[-127.4505,52.3332],[-127.4419,52.3774],[-127.3701,52.4046],[-127.2964,52.4114],[-127.2729,52.4393],[-127.2306,52.4186],[-127.2497,52.3912],[-127.2444,52.3729],[-127.1964,52.354],[-127.2177,52.3431],[-127.2143,52.3219],[-127.3109,52.2634],[-127.4279,52.2466],[-127.4564,52.2169],[-127.5191,52.1978],[-127.5177,52.1843],[-127.5753,52.1813],[-127.5741,52.1513],[-127.6379,52.1426],[-127.6962,52.0383],[-127.6916,52.0021],[-127.7096,51.9661],[-127.818,51.9601],[-127.844,51.9378],[-127.8982,51.9333],[-127.8782,51.9668],[-127.8992,51.9785]],[[-127.8695,52.1051],[-127.8591,52.1122],[-127.8465,52.108],[-127.8695,52.1051]],[[-127.8578,51.599],[-127.8572,51.6125],[-127.8282,51.6104],[-127.8578,51.599]],[[-127.8415,50.8779],[-127.8342,50.8902],[-127.724,50.9155],[-127.6793,50.8911],[-127.6792,50.8698],[-127.6592,50.8704],[-127.6429,50.8432],[-127.6642,50.8596],[-127.6534,50.832],[-127.7988,50.8634],[-127.8415,50.8779]],[[-127.8217,51.5818],[-127.8161,51.6076],[-127.8021,51.6074],[-127.8217,51.5818]],[[-127.8136,51.2621],[-127.8064,51.2713],[-127.7998,51.2584],[-127.8136,51.2621]],[[-127.8112,50.9105],[-127.801,50.9232],[-127.7937,50.9153],[-127.8112,50.9105]],[[-127.8087,51.6202],[-127.7932,51.6215],[-127.8071,51.6114],[-127.8087,51.6202]],[[-127.7684,51.4891],[-127.7313,51.5102],[-127.7425,51.4996],[-127.6963,51.5083],[-127.7162,51.4984],[-127.7032,51.4895],[-127.7203,51.4809],[-127.7018,51.4774],[-127.7219,51.4664],[-127.7684,51.4891]],[[-127.7494,51.4573],[-127.7394,51.4681],[-127.7302,51.4631],[-127.7494,51.4573]],[[-127.7182,51.5153],[-127.712,51.5274],[-127.6895,51.5208],[-127.7182,51.5153]],[[-127.6851,51.4461],[-127.6808,51.4575],[-127.6665,51.4531],[-127.6851,51.4461]],[[-127.6835,51.5064],[-127.6426,51.51],[-127.5795,51.5739],[-127.5638,51.5338],[-127.5819,51.5195],[-127.5824,51.547],[-127.5907,51.5113],[-127.607,51.5121],[-127.596,51.4915],[-127.6232,51.4887],[-127.6196,51.5189],[-127.6268,51.4946],[-127.683,51.4935],[-127.6835,51.5064]],[[-127.6792,51.4633],[-127.6495,51.4888],[-127.6256,51.4941],[-127.6235,51.4661],[-127.6425,51.4581],[-127.6505,51.4756],[-127.6546,51.4613],[-127.6792,51.4633]],[[-127.6736,50.4992],[-127.6697,50.5183],[-127.6437,50.5246],[-127.6058,50.501],[-127.6518,50.5132],[-127.6736,50.4992]],[[-127.6655,51.2762],[-127.6461,51.2879],[-127.6311,51.2864],[-127.6655,51.2762]],[[-127.645,50.8678],[-127.6118,50.8608],[-127.6123,50.8298],[-127.629,50.8329],[-127.645,50.8678]],[[-127.6114,51.0652],[-127.5917,51.0837],[-127.5137,51.0845],[-127.5252,51.0559],[-127.5813,51.046],[-127.6019,51.0556],[-127.5738,51.0624],[-127.5902,51.0766],[-127.6005,51.069],[-127.5823,51.0665],[-127.6114,51.0652]],[[-127.609,51.2882],[-127.5962,51.3036],[-127.377,51.2956],[-127.5832,51.2643],[-127.5575,51.2923],[-127.609,51.2882]],[[-127.5951,50.8326],[-127.5905,50.8514],[-127.5569,50.8316],[-127.5951,50.8326]],[[-127.5498,50.9191],[-127.5305,50.9087],[-127.5325,50.8979],[-127.5498,50.9191]],[[-127.5352,50.896],[-127.5155,50.899],[-127.5139,50.8804],[-127.5352,50.896]],[[-127.4961,50.8877],[-127.4739,50.8735],[-127.4867,50.8743],[-127.4961,50.8877]],[[-127.4902,50.8878],[-127.4519,50.8667],[-127.4672,50.869],[-127.4902,50.8878]],[[-127.4202,50.0113],[-127.4079,50.0049],[-127.42,49.9916],[-127.4202,50.0113]],[[-127.323,50.0058],[-127.2963,50.0381],[-127.2288,50.0176],[-127.2848,49.9734],[-127.2865,49.9933],[-127.3062,49.9867],[-127.323,50.0058]],[[-127.2419,50.0388],[-127.2319,50.0522],[-127.1995,50.0609],[-127.1899,50.0513],[-127.2078,50.0533],[-127.1851,50.0413],[-127.2419,50.0388]],[[-127.2384,50.0863],[-127.1901,50.0793],[-127.2361,50.0667],[-127.2384,50.0863]],[[-127.2119,50.0166],[-127.1834,50.0099],[-127.2066,50.0058],[-127.2119,50.0166]],[[-127.163664,50.639511],[-127.163644,50.639705],[-127.16301,50.641966],[-127.162917,50.642162],[-127.162756,50.642339],[-127.157482,50.64683],[-127.157179,50.647038],[-127.120923,50.667094],[-127.120624,50.667287],[-127.113606,50.672551],[-127.11331,50.672733],[-127.107324,50.675755],[-127.107098,50.675848],[-127.106975,50.675879],[-127.106844,50.675895],[-127.106711,50.675895],[-127.106581,50.675878],[-127.106458,50.675846],[-127.106347,50.6758],[-127.106155,50.675681],[-127.10277888161157,50.67313522662839],[-127.06242545227423,50.66876398855878],[-127.056661,50.671115],[-127.056406,50.671197],[-127.05627,50.67122],[-127.05613,50.671225],[-127.05599,50.671212],[-127.055858,50.671181],[-127.055738,50.671134],[-127.055636,50.671072],[-127.055474,50.670923],[-127.0527068225306,50.66771122935052],[-127.00789947015905,50.662857525273786],[-127.00615,50.663713],[-127.005936,50.663799],[-127.005703,50.663859],[-127.000526,50.664856],[-127.000319,50.664886],[-127.000108,50.664895],[-126.996267,50.664876],[-126.995987,50.664856],[-126.995718,50.664802],[-126.986729,50.662308],[-126.986151,50.662192],[-126.985548,50.662159],[-126.984947,50.662207],[-126.980828,50.662834],[-126.980577,50.662857],[-126.980452,50.662854],[-126.98033,50.662837],[-126.980215,50.662806],[-126.980003,50.662718],[-126.978146,50.661782],[-126.977667,50.661588],[-126.977137,50.661458],[-126.976576,50.661399],[-126.976009,50.661413],[-126.975457,50.661498],[-126.974943,50.661653],[-126.967664,50.664445],[-126.967411,50.664521],[-126.967277,50.664542],[-126.967139,50.664545],[-126.966863,50.664517],[-126.96383,50.664006],[-126.963542,50.663935],[-126.963286,50.663825],[-126.960607,50.662381],[-126.960173,50.662189],[-126.959689,50.662052],[-126.959173,50.661974],[-126.958644,50.66196],[-126.954289,50.662101],[-126.954063,50.662097],[-126.953841,50.662069],[-126.940029,50.65962],[-126.939801,50.659565],[-126.93959,50.659486],[-126.930562,50.655373],[-126.930075,50.655195],[-126.929542,50.655082],[-126.928984,50.655039],[-126.928424,50.655067],[-126.927883,50.655165],[-126.9264286796264,50.65553203654989],[-126.89727058721445,50.67006832895468],[-126.895446,50.671509],[-126.895251,50.671635],[-126.895137,50.671684],[-126.89501,50.671717],[-126.894876,50.671734],[-126.894739,50.671734],[-126.894604,50.671716],[-126.894478,50.671682],[-126.894365,50.671633],[-126.89427,50.67157],[-126.894196,50.671497],[-126.894146,50.671416],[-126.8941,50.671242],[-126.89405392718544,50.67082120856047],[-126.87300908225939,50.657315701590996],[-126.870476,50.656883],[-126.87021,50.656819],[-126.870092,50.656771],[-126.869992,50.656709],[-126.869833,50.65656],[-126.86747496747051,50.65376418927937],[-126.84025762363308,50.63629748766297],[-126.832662,50.634043],[-126.832193,50.633853],[-126.824374,50.629643],[-126.824164,50.629502],[-126.824087,50.62942],[-126.823991,50.629235],[-126.823168,50.626738],[-126.823139,50.626583],[-126.823147,50.626506],[-126.823203,50.626355],[-126.826244,50.620566],[-126.826345,50.620419],[-126.826486,50.620286],[-126.828317,50.61886],[-126.82849,50.618748],[-126.828589,50.618703],[-126.828699,50.618669],[-126.828938,50.618628],[-126.83122,50.618366],[-126.831472,50.618352],[-126.831597,50.61836],[-126.831717,50.618381],[-126.831945,50.618452],[-126.838389,50.620949],[-126.83887,50.621097],[-126.847597,50.623163],[-126.847841,50.623238],[-126.847948,50.62329],[-126.848037,50.623353],[-126.848174,50.623502],[-126.84926448970124,50.624994561414226],[-126.8760662763709,50.62414348207434],[-126.88686,50.619581],[-126.887115,50.619496],[-126.887252,50.619471],[-126.88754,50.619458],[-126.91454,50.620042],[-126.914908,50.620071],[-126.9202,50.620789],[-126.920797,50.620828],[-126.921394,50.620786],[-126.921962,50.620664],[-126.922477,50.620469],[-126.922915,50.620208],[-126.924023,50.61939],[-126.924233,50.619264],[-126.924354,50.619217],[-126.924488,50.619187],[-126.924774,50.619162],[-126.92601,50.619138],[-126.926342,50.619157],[-126.926658,50.619226],[-126.93642839467454,50.622226708672876],[-127.00580546918508,50.620023669170116],[-127.005817,50.620021],[-127.008916,50.619485],[-127.009198,50.619455],[-127.009339,50.619459],[-127.009617,50.619504],[-127.016538,50.621111],[-127.016791,50.621189],[-127.016901,50.621242],[-127.016991,50.621308],[-127.017059,50.621385],[-127.017146,50.621554],[-127.019775,50.629312],[-127.019979,50.629695],[-127.020314,50.63004],[-127.029306,50.637278],[-127.029467,50.637442],[-127.029568,50.637624],[-127.03017,50.639258],[-127.030206,50.639441],[-127.030182,50.639625],[-127.029975,50.640315],[-127.029927,50.640701],[-127.030011,50.641085],[-127.030224,50.641447],[-127.030556,50.641772],[-127.031614,50.642597],[-127.031755,50.642729],[-127.031805,50.642801],[-127.031833,50.642877],[-127.03184,50.642956],[-127.031808,50.643114],[-127.03117844463127,50.64492860076867],[-127.03328369269245,50.647381823715996],[-127.033667,50.647429],[-127.034198,50.647431],[-127.034719,50.647369],[-127.03710799069708,50.64693527308716],[-127.0402898547114,50.645780032003124],[-127.041391,50.644916],[-127.041673,50.644649],[-127.041874,50.644355],[-127.043356,50.641503],[-127.043496,50.641006],[-127.043594,50.639173],[-127.04363,50.639],[-127.043674,50.638919],[-127.043742,50.638844],[-127.043832,50.63878],[-127.04394,50.638728],[-127.044062,50.63869],[-127.044193,50.638669],[-127.044468,50.638659],[-127.045427,50.638684],[-127.046033,50.638658],[-127.046616,50.638551],[-127.047149,50.638366],[-127.052042,50.636203],[-127.052223,50.636135],[-127.052419,50.636085],[-127.081742,50.630187],[-127.081957,50.630155],[-127.082176,50.630145],[-127.104325,50.630254],[-127.104724,50.630238],[-127.130652,50.628001],[-127.130939,50.627995],[-127.131221,50.628027],[-127.150287,50.631463],[-127.150876,50.631527],[-127.151474,50.63151],[-127.152053,50.631414],[-127.152586,50.631242],[-127.153049,50.631002],[-127.154648,50.629976],[-127.154849,50.62987],[-127.154962,50.62983],[-127.155084,50.629804],[-127.155212,50.629793],[-127.155341,50.629797],[-127.155466,50.629817],[-127.155584,50.629851],[-127.155689,50.629898],[-127.155779,50.629957],[-127.155922,50.630096],[-127.163528,50.639235],[-127.163641,50.639416],[-127.163664,50.639511]],[[-127.1111,50.7765],[-127.0851,50.7679],[-127.1038,50.7654],[-127.1111,50.7765]],[[-127.0683,49.8438],[-127.0327,49.8332],[-127.0535,49.8283],[-127.0683,49.8438]],[[-126.99991,49.8336152],[-126.999906,49.833638],[-126.999871,49.83364],[-126.9820829,49.8336451],[-126.96633412057919,49.83364967268084],[-126.966335,49.833675],[-126.966298,49.833817],[-126.966219,49.833952],[-126.966102,49.834074],[-126.965796,49.834289],[-126.959623,49.83787],[-126.959287,49.838032],[-126.959101,49.838092],[-126.958902,49.838131],[-126.958484,49.83816],[-126.953873,49.838224],[-126.953384,49.838198],[-126.953153,49.838154],[-126.952723,49.838003],[-126.951817,49.837602],[-126.95107,49.837332],[-126.950261,49.837152],[-126.949415,49.837069],[-126.94856,49.837085],[-126.947723,49.837199],[-126.945504,49.837639],[-126.945048,49.837699],[-126.944819,49.837699],[-126.944594,49.837671],[-126.944164,49.837556],[-126.931405,49.833174],[-126.930721,49.832884],[-126.93063,49.832837],[-126.929855,49.83257],[-126.929017,49.832399],[-126.928644,49.832347],[-126.928223,49.83223],[-126.92557161804544,49.83128645405048],[-126.9228942453501,49.830807676815546],[-126.922315,49.830818],[-126.921333,49.830973],[-126.920425,49.831258],[-126.91963,49.83166],[-126.918504,49.832367],[-126.91815,49.83255],[-126.917952,49.832617],[-126.917738,49.832659],[-126.917516,49.832673],[-126.916942,49.83264],[-126.916567,49.832597],[-126.915556,49.83262],[-126.914575,49.832782],[-126.91412132768592,49.832927978292446],[-126.90921677979055,49.839067484290965],[-126.909581,49.839834],[-126.909672,49.840121],[-126.909674,49.840265],[-126.909633,49.840407],[-126.909551,49.840541],[-126.909431,49.840663],[-126.909278,49.840768],[-126.909095,49.840852],[-126.908683,49.840974],[-126.908612,49.840989],[-126.907778,49.841236],[-126.9073124757297,49.841451289374334],[-126.9054264385932,49.843812227948085],[-126.905438,49.84424],[-126.90563,49.844819],[-126.905791,49.845147],[-126.905816,49.845299],[-126.905792,49.845451],[-126.90572,49.845597],[-126.905486,49.845868],[-126.903853,49.847373],[-126.903542,49.847606],[-126.903357,49.847698],[-126.903146,49.847765],[-126.902919,49.847803],[-126.902444,49.847819],[-126.90032291218003,49.84775425372955],[-126.8836158239273,49.852166965588665],[-126.883245,49.852341],[-126.882745,49.85252],[-126.882193,49.852616],[-126.88176560695352,49.852655648850444],[-126.8432176091756,49.86283702841622],[-126.83814,49.864968],[-126.837763,49.865096],[-126.837562,49.865137],[-126.837352,49.865155],[-126.836927,49.86514],[-126.836068,49.86506],[-126.835129,49.865032],[-126.8342,49.865124],[-126.833317,49.865332],[-126.832514,49.865647],[-126.830618,49.86657],[-126.830214,49.866728],[-126.829995,49.866779],[-126.829765,49.866801],[-126.829293,49.866785],[-126.825806,49.866439],[-126.824812,49.866408],[-126.82383,49.866511],[-126.822903,49.866743],[-126.82207,49.867094],[-126.821188,49.867557],[-126.820792,49.867726],[-126.820574,49.867782],[-126.820344,49.86781],[-126.82011,49.867807],[-126.819881,49.867773],[-126.819667,49.867712],[-126.819282,49.867533],[-126.813262,49.864102],[-126.812547,49.863765],[-126.811747,49.86352],[-126.810891,49.863374],[-126.810008,49.863333],[-126.809128,49.863397],[-126.807981,49.863553],[-126.807053,49.863744],[-126.806205,49.864053],[-126.805472,49.864467],[-126.804884,49.864968],[-126.804468,49.865535],[-126.804239,49.866146],[-126.804208,49.866774],[-126.804375,49.867392],[-126.805638,49.870274],[-126.805943,49.870789],[-126.806386,49.87126],[-126.806952,49.871672],[-126.807624,49.872013],[-126.808419,49.872346],[-126.808773,49.872528],[-126.808918,49.872638],[-126.809028,49.872763],[-126.809099,49.8729],[-126.809128,49.873042],[-126.809102,49.873333],[-126.807323,49.880688],[-126.807206,49.88098],[-126.807105,49.881114],[-126.806965,49.881232],[-126.806792,49.881331],[-126.806386,49.881482],[-126.803676,49.882273],[-126.80292,49.88255],[-126.802254,49.882911],[-126.801702,49.883344],[-126.801281,49.883834],[-126.801004,49.884365],[-126.800889,49.884681],[-126.800707,49.884943],[-126.799165,49.886703],[-126.798891,49.886953],[-126.798721,49.887056],[-126.798522,49.887136],[-126.798302,49.887188],[-126.798071,49.887211],[-126.797837,49.887204],[-126.79761,49.887166],[-126.797182,49.887033],[-126.793353,49.885518],[-126.792507,49.885253],[-126.791596,49.8851],[-126.790656,49.885066],[-126.789724,49.885151],[-126.788837,49.885353],[-126.787184,49.885852],[-126.786753,49.885951],[-126.78653,49.885972],[-126.786304,49.885966],[-126.786085,49.885931],[-126.785879,49.88587],[-126.785509,49.885697],[-126.778229,49.881556],[-126.777768,49.881236],[-126.777154,49.880878],[-126.776454,49.880594],[-126.775687,49.880393],[-126.775484,49.880352],[-126.775065,49.880204],[-126.771252,49.878508],[-126.770824,49.878263],[-126.7705,49.877959],[-126.763448,49.869238],[-126.762941,49.868737],[-126.762291,49.868308],[-126.756774,49.865315],[-126.756479,49.865123],[-126.756361,49.865013],[-126.756187,49.864768],[-126.753199,49.859323],[-126.752845,49.858825],[-126.75236,49.858375],[-126.751759,49.857988],[-126.75106,49.857677],[-126.750963,49.857641],[-126.750781,49.857537],[-126.750489,49.857283],[-126.74999292099429,49.85674167117096],[-126.7437015302562,49.85285798275346],[-126.742775,49.852915],[-126.74184,49.853102],[-126.740782,49.853394],[-126.740322,49.853487],[-126.740086,49.853502],[-126.739849,49.853485],[-126.739623,49.853439],[-126.739417,49.853363],[-126.739238,49.853263],[-126.738947,49.853015],[-126.733344,49.84708],[-126.732727,49.84656],[-126.731953,49.846137],[-126.730839,49.845648],[-126.73012,49.845389],[-126.729343,49.845213],[-126.728531,49.845126],[-126.72665600248011,49.845032358505364],[-126.71973271047601,49.84634157077537],[-126.719379,49.846642],[-126.718976,49.84717],[-126.718737,49.847738],[-126.71867,49.848324],[-126.718778,49.848909],[-126.719056,49.849469],[-126.719495,49.849984],[-126.720079,49.850437],[-126.720786,49.850809],[-126.721589,49.851087],[-126.723958,49.851727],[-126.724343,49.851859],[-126.724511,49.851946],[-126.724652,49.852051],[-126.724872,49.852294],[-126.726035,49.853902],[-126.726194,49.854198],[-126.726198,49.854215],[-126.72643,49.854844],[-126.726861,49.855428],[-126.727472,49.85594],[-126.728235,49.856359],[-126.730162,49.857207],[-126.730495,49.857384],[-126.730632,49.85749],[-126.730737,49.85761],[-126.730807,49.85774],[-126.730871,49.858016],[-126.731106,49.860619],[-126.731089,49.86091],[-126.731038,49.86105],[-126.730947,49.861181],[-126.73082,49.861299],[-126.73066,49.861399],[-126.730473,49.861477],[-126.730055,49.861587],[-126.728653,49.861859],[-126.727835,49.862073],[-126.727091,49.86238],[-126.726449,49.862771],[-126.72571,49.863312],[-126.725165,49.863801],[-126.724778,49.864348],[-126.724564,49.864934],[-126.724535,49.865456],[-126.724497,49.865642],[-126.724424,49.865781],[-126.72431,49.865908],[-126.72416,49.866018],[-126.723795,49.8662],[-126.720883,49.867376],[-126.72044,49.867515],[-126.720205,49.867553],[-126.719962,49.867559],[-126.719723,49.867533],[-126.719266,49.867415],[-126.71233804514338,49.86506628467342],[-126.68601596300559,49.859186967146734],[-126.685767,49.859194],[-126.680169,49.859762],[-126.679641,49.859777],[-126.679386,49.859747],[-126.6789,49.859613],[-126.67087,49.856676],[-126.670518,49.856519],[-126.670369,49.856422],[-126.670249,49.85631],[-126.670074,49.856057],[-126.66847,49.853042],[-126.668363,49.85275],[-126.668355,49.852602],[-126.668392,49.852455],[-126.668557,49.852174],[-126.669857,49.850477],[-126.670158,49.84998],[-126.67032,49.849458],[-126.670341,49.848925],[-126.670217,49.848398],[-126.669358,49.846097],[-126.669263,49.845658],[-126.669232,49.845251],[-126.668961,49.844609],[-126.668481,49.84402],[-126.667815,49.843511],[-126.667628,49.843396],[-126.667502,49.843283],[-126.66741,49.843157],[-126.667356,49.843023],[-126.66734,49.842884],[-126.66739,49.842604],[-126.667879,49.841091],[-126.667979,49.840529],[-126.667916,49.839964],[-126.667694,49.839416],[-126.66723,49.838592],[-126.667116,49.838305],[-126.667103,49.838159],[-126.667135,49.838014],[-126.667285,49.837734],[-126.668164,49.836498],[-126.668465,49.835934],[-126.668593,49.835344],[-126.668541,49.834748],[-126.668311,49.834171],[-126.667919,49.833641],[-126.66784,49.833503],[-126.667804,49.833363],[-126.66781,49.83322],[-126.667856,49.833081],[-126.667943,49.83295],[-126.668193,49.832711],[-126.670621,49.8308],[-126.671116,49.830328],[-126.671466,49.829805],[-126.671661,49.829249],[-126.671693,49.82868],[-126.671561,49.828116],[-126.671271,49.827578],[-126.670831,49.827084],[-126.670257,49.826651],[-126.669569,49.826293],[-126.667372,49.825355],[-126.667006,49.825162],[-126.666858,49.825046],[-126.666749,49.824912],[-126.666617,49.82462],[-126.663473,49.813763],[-126.663418,49.813213],[-126.663622,49.810864],[-126.663594,49.810319],[-126.663417,49.809786],[-126.663097,49.809282],[-126.66022,49.805693],[-126.660062,49.805444],[-126.659974,49.80518],[-126.659283,49.801603],[-126.659094,49.80105],[-126.658752,49.800529],[-126.658267,49.800057],[-126.657656,49.799651],[-126.657369,49.799493],[-126.65723,49.799379],[-126.657127,49.799251],[-126.657064,49.799112],[-126.657043,49.798968],[-126.657088,49.798677],[-126.657473,49.797414],[-126.657563,49.796812],[-126.657469,49.796211],[-126.65583685199731,49.79100546560803],[-126.6479973935264,49.7764047026284],[-126.644495,49.773862],[-126.644225,49.773622],[-126.64413,49.77349],[-126.644055,49.773292],[-126.643942,49.772795],[-126.64362,49.772218],[-126.643495,49.772086],[-126.643236,49.771741],[-126.64312,49.771455],[-126.642152,49.767582],[-126.641753,49.766755],[-126.637253,49.760631],[-126.6371,49.760359],[-126.63703,49.760072],[-126.636701,49.756698],[-126.636582,49.756182],[-126.636329,49.755686],[-126.63595,49.755225],[-126.633827,49.753102],[-126.633592,49.752795],[-126.633531,49.752632],[-126.633525,49.75229],[-126.633648,49.751513],[-126.633657,49.750953],[-126.633508,49.750401],[-126.633206,49.749876],[-126.632762,49.749395],[-126.631921,49.748649],[-126.631695,49.748402],[-126.63162,49.748269],[-126.631586,49.748129],[-126.631592,49.747987],[-126.631639,49.747849],[-126.631726,49.747719],[-126.631848,49.747601],[-126.632161,49.747398],[-126.63395386389732,49.74643184247987],[-126.63553508834342,49.74414584370924],[-126.6353,49.7443],[-126.6316,49.7243],[-126.63753963012874,49.733997355312226],[-126.637482,49.733819],[-126.637105,49.730925],[-126.637108,49.730645],[-126.637149,49.730509],[-126.637228,49.73038],[-126.637341,49.730263],[-126.637634,49.730056],[-126.640269,49.728513],[-126.640563,49.728372],[-126.641239,49.727978],[-126.641278,49.727945],[-126.641783,49.72759],[-126.642355,49.727098],[-126.642733,49.726584],[-126.642862,49.72644],[-126.643005,49.726334],[-126.643351,49.726158],[-126.644694,49.725595],[-126.645053,49.725475],[-126.645817,49.725154],[-126.646473,49.724745],[-126.646996,49.724263],[-126.647367,49.723725],[-126.647572,49.723151],[-126.647604,49.722562],[-126.647461,49.72198],[-126.647148,49.721427],[-126.646679,49.720922],[-126.646428,49.720704],[-126.646215,49.720479],[-126.64614,49.720358],[-126.646099,49.72023],[-126.646085,49.719967],[-126.646208,49.718472],[-126.646169,49.717886],[-126.645959,49.717315],[-126.645585,49.716781],[-126.64506,49.716303],[-126.644714,49.716044],[-126.644433,49.715782],[-126.644339,49.715637],[-126.644293,49.715483],[-126.644309,49.715003],[-126.644302,49.715003],[-126.64432,49.714702],[-126.644205,49.714168],[-126.643948,49.713655],[-126.643556,49.713179],[-126.641071,49.710714],[-126.64086,49.710452],[-126.640796,49.710312],[-126.640754,49.710017],[-126.6407690593239,49.70808865357383],[-126.63809628981437,49.70396313863167],[-126.63493,49.700975],[-126.634698,49.700698],[-126.634629,49.700549],[-126.634589,49.700234],[-126.63464177351203,49.69863096966896],[-126.62942039665045,49.69057158849739],[-126.628474,49.690588],[-126.624825,49.690911],[-126.624376,49.690922],[-126.624156,49.690901],[-126.623947,49.690853],[-126.623755,49.69078],[-126.623589,49.690684],[-126.623453,49.690571],[-126.623354,49.690442],[-126.623232,49.690162],[-126.622448,49.687349],[-126.622412,49.687022],[-126.622477,49.686734],[-126.622597,49.686446],[-126.622662,49.685859],[-126.622553,49.685274],[-126.622273,49.684714],[-126.621833,49.684199],[-126.621572,49.683997],[-126.621293,49.683743],[-126.621205,49.683624],[-126.621096,49.683369],[-126.62011,49.679927],[-126.619813,49.679289],[-126.61931,49.678707],[-126.618625,49.678209],[-126.617268,49.677415],[-126.616972,49.677207],[-126.616858,49.677089],[-126.616699,49.676826],[-126.611297,49.66468],[-126.611219,49.664421],[-126.61121,49.664158],[-126.611491,49.661336],[-126.61157,49.661031],[-126.611655,49.660889],[-126.611783,49.660761],[-126.612118,49.66054],[-126.61374,49.659668],[-126.614129,49.659498],[-126.614343,49.65944],[-126.614571,49.659411],[-126.614802,49.659412],[-126.615029,49.659442],[-126.615242,49.659501],[-126.615432,49.659587],[-126.615758,49.659806],[-126.616569,49.660472],[-126.617202,49.6609],[-126.61795,49.661241],[-126.618786,49.661483],[-126.61948340644463,49.66158788491985],[-126.62477689840038,49.65956109745931],[-126.624982,49.659047],[-126.625035,49.658455],[-126.624934,49.656733],[-126.624946,49.656593],[-126.624916,49.656042],[-126.624735,49.655504],[-126.6247,49.655449],[-126.624547,49.655094],[-126.624532,49.654936],[-126.624619,49.654568],[-126.624685,49.654411],[-126.624745,49.6538],[-126.624618,49.653193],[-126.624307,49.652615],[-126.623825,49.652088],[-126.623191,49.651634],[-126.622252,49.651083],[-126.621933,49.650854],[-126.621814,49.650723],[-126.621739,49.65058],[-126.621709,49.650429],[-126.621727,49.650278],[-126.621791,49.650132],[-126.621899,49.649997],[-126.622199,49.649758],[-126.622732,49.649412],[-126.623325,49.648941],[-126.623764,49.648403],[-126.62403,49.64782],[-126.624114,49.647215],[-126.624011,49.64661],[-126.623443,49.644869],[-126.623393,49.644607],[-126.623403,49.644477],[-126.623509,49.644175],[-126.623652,49.64387],[-126.623741,49.643251],[-126.623634,49.642632],[-126.623338,49.642041],[-126.622863,49.6415],[-126.62223,49.641032],[-126.622025,49.640909],[-126.621906,49.640808],[-126.621721,49.640581],[-126.619109,49.636592],[-126.618983,49.636341],[-126.618954,49.636212],[-126.618967,49.635948],[-126.619665,49.632122],[-126.619767,49.631825],[-126.620047,49.631415],[-126.620329,49.630871],[-126.62045,49.630303],[-126.620406,49.62973],[-126.620197,49.629172],[-126.620139,49.629063],[-126.620109,49.628916],[-126.620139,49.628615],[-126.62066,49.626564],[-126.620766,49.626316],[-126.620927,49.625676],[-126.620878,49.625028],[-126.62062,49.624402],[-126.620358,49.62407],[-126.620185,49.623795],[-126.620143,49.623652],[-126.620143,49.623289],[-126.620161,49.62317],[-126.620086,49.622603],[-126.61985,49.622054],[-126.61983572563497,49.6220351637245],[-126.619796,49.622032],[-126.619771,49.622028],[-126.619751,49.622018],[-126.6195513,49.6218951],[-126.6191842,49.6216687],[-126.619172,49.621659],[-126.61916,49.621646],[-126.618776,49.621087],[-126.6187537,49.6210623],[-126.61873,49.62102],[-126.6186975,49.62101],[-126.618642,49.620973],[-126.61834,49.620811],[-126.618322,49.620799],[-126.618314,49.620783],[-126.618269,49.6206588],[-126.6181968,49.6204589],[-126.6181912,49.6204215],[-126.61825,49.61954],[-126.6182301,49.6194226],[-126.61825788133189,49.61871258990543],[-126.6182405523628,49.61856257973464],[-126.618145,49.618077],[-126.618124,49.618018],[-126.6181184,49.6180097],[-126.61812,49.61795],[-126.6180448,49.6179239],[-126.618033,49.617913],[-126.617966,49.61787],[-126.617517,49.617639],[-126.617502,49.617629],[-126.6174968,49.6176178],[-126.6172087,49.616512],[-126.617134,49.616225],[-126.617131,49.616195],[-126.617169,49.615335],[-126.617172,49.61532],[-126.6171784,49.6153072],[-126.6172921,49.6151341],[-126.617527,49.614777],[-126.617528,49.6147749],[-126.61761,49.61465],[-126.6175509,49.61458],[-126.617522,49.614524],[-126.616841,49.613546],[-126.616833,49.61353],[-126.6168303,49.6135149],[-126.61684,49.613085],[-126.61685,49.612657],[-126.616853,49.61264],[-126.616861,49.612625],[-126.617117,49.61228],[-126.617148,49.612226],[-126.6171556,49.6121973],[-126.61722,49.61214],[-126.6171142,49.6120039],[-126.617113,49.612002],[-126.617021,49.611884],[-126.617013,49.61187],[-126.6170146,49.6118651],[-126.61708945079671,49.61178585952538],[-126.61680506546276,49.61146584198646],[-126.616767,49.611452],[-126.616439,49.611356],[-126.616421,49.611349],[-126.616408,49.611339],[-126.6160567,49.611031],[-126.6156111,49.6106397],[-126.615602,49.610629],[-126.615594,49.610616],[-126.615457,49.610296],[-126.615453,49.61028],[-126.615454,49.610264],[-126.615687,49.609235],[-126.615692,49.609221],[-126.615705,49.609209],[-126.616008,49.608983],[-126.6160083,49.6089827],[-126.61624,49.60881],[-126.61617,49.60866],[-126.6158156,49.6083549],[-126.615812,49.60835],[-126.615817,49.608337],[-126.616097,49.607823],[-126.61612,49.607761],[-126.6161203,49.6077539],[-126.61618,49.60767],[-126.61613,49.60753],[-126.6156213,49.6073572],[-126.615603,49.607349],[-126.6156039,49.6073353],[-126.615608,49.60732],[-126.61564,49.6072],[-126.6155803,49.6071496],[-126.61558,49.607149],[-126.61554,49.607098],[-126.615228,49.606779],[-126.6152014,49.6067409],[-126.6150104,49.6063199],[-126.614844,49.605952],[-126.6148424,49.6059495],[-126.61482,49.6059],[-126.6147942,49.6058819],[-126.61477,49.605856],[-126.614022,49.605191],[-126.614012,49.60518],[-126.6140097,49.605172],[-126.61399,49.60464],[-126.613833,49.6041199],[-126.613833,49.60411],[-126.61384,49.604093],[-126.6140284,49.6037641],[-126.61415,49.60362],[-126.6142325,49.6034078],[-126.614473,49.602988],[-126.6144887,49.6029513],[-126.6145,49.60294],[-126.6145028,49.6028903],[-126.614503,49.602889],[-126.61452641911188,49.6024655824573],[-126.6145064951637,49.60232348748619],[-126.6144873,49.6022613],[-126.61441,49.60201],[-126.6143966,49.6019988],[-126.614376,49.601969],[-126.613893,49.601386],[-126.613883,49.601369],[-126.613879,49.601352],[-126.6138448,49.6007552],[-126.61391,49.60068],[-126.6138,49.59998],[-126.61362,49.59985],[-126.6135276,49.5998204],[-126.612778,49.599381],[-126.612765,49.599371],[-126.6127837,49.59937],[-126.61403570761951,49.59937079713721],[-126.613895,49.599085],[-126.612575,49.597112],[-126.612435,49.596831],[-126.612408,49.596686],[-126.612425,49.596541],[-126.612485,49.596401],[-126.612585,49.59627],[-126.612722,49.596155],[-126.612891,49.596059],[-126.61343,49.595855],[-126.614157,49.595517],[-126.614774,49.595096],[-126.615257,49.594607],[-126.61559,49.594069],[-126.6155906735198,49.59406674172769],[-126.61473305763054,49.59128161289917],[-126.614172,49.590896],[-126.614008,49.590819],[-126.613582,49.590576],[-126.613447,49.590463],[-126.613348,49.590335],[-126.613287,49.590197],[-126.613267,49.590055],[-126.61329,49.589913],[-126.613353,49.589775],[-126.613456,49.589649],[-126.613593,49.589537],[-126.613761,49.589444],[-126.613953,49.589373],[-126.614162,49.589327],[-126.614605,49.589287],[-126.62065,49.589119],[-126.621085,49.589133],[-126.621295,49.589166],[-126.621492,49.589223],[-126.621669,49.589303],[-126.62182,49.589402],[-126.621941,49.589518],[-126.622026,49.589646],[-126.622089,49.589825],[-126.622358,49.590362],[-126.622776,49.590859],[-126.62308258486162,49.591103153035256],[-126.63326500604745,49.59216231741392],[-126.641273,49.59111],[-126.641759,49.591079],[-126.642245,49.591115],[-126.643944,49.591357],[-126.644943,49.591428],[-126.645944,49.591362],[-126.6469,49.591159],[-126.647769,49.590831],[-126.649086,49.590202],[-126.649734,49.589829],[-126.650267,49.589385],[-126.650665,49.588886],[-126.650917,49.588348],[-126.651013,49.587789],[-126.651023,49.587446],[-126.651067,49.58731],[-126.651148,49.587182],[-126.651264,49.587065],[-126.651411,49.586964],[-126.651761,49.586798],[-126.65448,49.585746],[-126.655201,49.585404],[-126.655809,49.58498],[-126.656284,49.58449],[-126.656609,49.58395],[-126.656771,49.583381],[-126.656838,49.582892],[-126.656996,49.582572],[-126.657946,49.581191],[-126.658168,49.580938],[-126.658313,49.580828],[-126.658486,49.580738],[-126.658683,49.580672],[-126.658896,49.580631],[-126.659117,49.580616],[-126.659338,49.58063],[-126.659552,49.58067],[-126.660153,49.580872],[-126.660163,49.580859],[-126.660701,49.581035],[-126.661677,49.581198],[-126.662683,49.581223],[-126.663675,49.58111],[-126.670024,49.579925],[-126.670487,49.57987],[-126.670719,49.579873],[-126.670946,49.579906],[-126.671092,49.579949],[-126.672062,49.580152],[-126.673077,49.580216],[-126.674089,49.580138],[-126.675052,49.579921],[-126.675922,49.579575],[-126.676276,49.579398],[-126.676681,49.579235],[-126.676901,49.579182],[-126.677134,49.579159],[-126.677368,49.579167],[-126.677596,49.579206],[-126.677806,49.579273],[-126.677992,49.579367],[-126.678144,49.579483],[-126.678252,49.57961],[-126.678465,49.580066],[-126.678912,49.580727],[-126.679338,49.581092],[-126.679317,49.581102],[-126.67973534055727,49.581443250773994],[-126.68419889073893,49.58416019436282],[-126.684651,49.584242],[-126.68495,49.584275],[-126.685167,49.58433],[-126.685363,49.584412],[-126.68553,49.584518],[-126.685795,49.584772],[-126.68640239147882,49.58550145568276],[-126.6903118034261,49.58788109773763],[-126.698017,49.589863],[-126.698415,49.589995],[-126.698589,49.590083],[-126.698734,49.59019],[-126.698846,49.590314],[-126.698919,49.590449],[-126.698951,49.59059],[-126.698929,49.590924],[-126.698986,49.591547],[-126.699236,49.592149],[-126.699668,49.592706],[-126.70180219290488,49.59487524785514],[-126.70651063795341,49.59774125788469],[-126.711088,49.598348],[-126.711531,49.598437],[-126.711733,49.598508],[-126.711908,49.598603],[-126.712052,49.598718],[-126.712267,49.598985],[-126.713414,49.60084],[-126.713817,49.60135],[-126.71436,49.601802],[-126.715022,49.60218],[-126.715781,49.602473],[-126.716611,49.602669],[-126.717483,49.602761],[-126.718366,49.602748],[-126.726487,49.602126],[-126.726974,49.602122],[-126.72721,49.602152],[-126.727659,49.602275],[-126.74070212059459,49.606949195405264],[-126.74432004852014,49.60743093037361],[-126.74498,49.607334],[-126.745874,49.607067],[-126.749733,49.605582],[-126.750177,49.605449],[-126.750586,49.605389],[-126.751447,49.605204],[-126.752238,49.604917],[-126.752294,49.604892],[-126.75263,49.604766],[-126.752809,49.604722],[-126.75319,49.604673],[-126.769954,49.603435],[-126.770417,49.60343],[-126.770873,49.603484],[-126.776665,49.604566],[-126.777038,49.604659],[-126.777382,49.604791],[-126.790925,49.611053],[-126.792014,49.611428],[-126.811726,49.616214],[-126.812796,49.616385],[-126.826353,49.61749],[-126.826792,49.617554],[-126.826996,49.617612],[-126.827179,49.617693],[-126.827334,49.617796],[-126.827457,49.617916],[-126.827629,49.618186],[-126.835393,49.634607],[-126.835486,49.634908],[-126.835485,49.635059],[-126.835437,49.635207],[-126.835345,49.635346],[-126.835074,49.635597],[-126.83308944097298,49.63709503099503],[-126.83659410490692,49.647349418061],[-126.838276,49.648635],[-126.838506,49.648844],[-126.838591,49.648959],[-126.838702,49.649205],[-126.840749,49.655788],[-126.84101,49.656347],[-126.84143,49.656864],[-126.841994,49.65732],[-126.84268,49.657698],[-126.843466,49.657986],[-126.85084,49.660116],[-126.851785,49.660315],[-126.852773,49.660382],[-126.863069,49.660382],[-126.863486,49.660406],[-126.863686,49.660442],[-126.863873,49.660499],[-126.864041,49.660577],[-126.864333,49.660771],[-126.86824,49.663878],[-126.868513,49.664151],[-126.868601,49.6643],[-126.868638,49.664459],[-126.868605,49.664783],[-126.86805143856597,49.66684566073146],[-126.8840665117115,49.6719895749537],[-126.884651,49.671832],[-126.885109,49.671742],[-126.885343,49.671728],[-126.885577,49.671746],[-126.886032,49.671842],[-126.899624,49.675746],[-126.900033,49.675897],[-126.900208,49.675995],[-126.900494,49.676237],[-126.911812,49.688078],[-126.912332,49.688526],[-126.912971,49.688905],[-126.913704,49.689203],[-126.915951,49.689938],[-126.916387,49.690123],[-126.916749,49.690364],[-126.921115,49.694007],[-126.921332,49.694223],[-126.921409,49.69434],[-126.921503,49.69459],[-126.922492,49.698705],[-126.922698,49.699242],[-126.923051,49.699746],[-126.923538,49.700201],[-126.924143,49.700592],[-126.924847,49.700907],[-126.927342,49.701819],[-126.927667,49.701962],[-126.927807,49.702049],[-126.928042,49.702252],[-126.930461,49.704763],[-126.93067,49.705038],[-126.930729,49.705185],[-126.930741,49.705336],[-126.930707,49.705485],[-126.930536,49.705789],[-126.930341,49.70605],[-126.930106,49.706658],[-126.930067,49.707284],[-126.930226,49.707903],[-126.931136,49.710057],[-126.931212,49.710342],[-126.931208,49.7105],[-126.93123682681166,49.710672257777],[-126.937144180779,49.71710705406285],[-126.937227,49.717119],[-126.938178,49.717131],[-126.939114,49.717019],[-126.940665,49.716728],[-126.941161,49.716672],[-126.941408,49.716678],[-126.941647,49.716718],[-126.941868,49.71679],[-126.94226,49.716994],[-126.944514,49.718454],[-126.945286,49.718858],[-126.946171,49.71915],[-126.94713,49.719317],[-126.948122,49.71935],[-126.948173,49.719345],[-126.948173,49.719346],[-126.948888,49.719319],[-126.949121,49.71934],[-126.949341,49.719392],[-126.949542,49.719471],[-126.949619,49.719517],[-126.950516,49.719941],[-126.950758,49.720007],[-126.950754,49.720012],[-126.951373,49.720218],[-126.951552,49.72031],[-126.95185,49.720539],[-126.955068,49.723562],[-126.955275,49.723799],[-126.955343,49.723926],[-126.955376,49.724059],[-126.955371,49.724193],[-126.955288,49.72446],[-126.95509399130171,49.7248820721149],[-126.9826,49.7489],[-126.9676,49.7537],[-126.9382,49.7487],[-126.94708206270629,49.736064208411875],[-126.94427,49.738903],[-126.943998,49.739128],[-126.943834,49.739221],[-126.943646,49.739293],[-126.94323,49.739389],[-126.939771,49.739964],[-126.938841,49.740187],[-126.938004,49.74053],[-126.937295,49.740978],[-126.934407,49.743229],[-126.934093,49.743431],[-126.933911,49.743511],[-126.933709,49.743567],[-126.933495,49.743598],[-126.933116,49.743605],[-126.93209,49.743698],[-126.931971,49.743727],[-126.931968,49.743722],[-126.931302,49.743842],[-126.930844,49.743864],[-126.930633,49.743862],[-126.929702,49.743908],[-126.928804,49.744072],[-126.927973,49.744346],[-126.92724,49.744719],[-126.926634,49.745178],[-126.926179,49.745704],[-126.92592214035086,49.74621771929827],[-126.92586222857932,49.7464431605005],[-126.925808,49.746744],[-126.92569485216664,49.74707297896059],[-126.92560661280856,49.74740501365849],[-126.925522,49.747876],[-126.925611,49.748506],[-126.925898,49.749111],[-126.926254,49.749653],[-126.926391,49.749936],[-126.926415,49.750082],[-126.926396,49.750228],[-126.926332,49.750369],[-126.926228,49.750499],[-126.926087,49.750614],[-126.925914,49.750709],[-126.925715,49.75078],[-126.9255,49.750825],[-126.925274,49.750843],[-126.924752,49.750817],[-126.92469968421132,49.75081768312238],[-126.92272256251262,49.75825736786487],[-126.923212,49.760363],[-126.923236,49.760649],[-126.923207,49.76079],[-126.923138,49.760924],[-126.923032,49.761047],[-126.922891,49.761156],[-126.922722,49.761246],[-126.92253,49.761313],[-126.922321,49.761356],[-126.922104,49.761374],[-126.921885,49.761365],[-126.921456,49.761293],[-126.91990148866634,49.76093013554303],[-126.86080213995521,49.769804684098126],[-126.860647,49.769888],[-126.860059,49.770155],[-126.859398,49.770609],[-126.858892,49.77114],[-126.858563,49.771726],[-126.858423,49.772342],[-126.858393,49.772789],[-126.858033,49.774417],[-126.857994,49.775043],[-126.858153,49.775661],[-126.858503,49.776245],[-126.85903,49.776772],[-126.859711,49.777218],[-126.85998,49.777334],[-126.86042,49.777565],[-126.860566,49.777679],[-126.860675,49.777808],[-126.860742,49.777949],[-126.860766,49.778096],[-126.860745,49.778243],[-126.86068,49.778384],[-126.860573,49.778515],[-126.860281,49.778747],[-126.859604,49.77919],[-126.859238,49.779385],[-126.859032,49.779456],[-126.858808,49.779499],[-126.858335,49.779526],[-126.843615,49.779399],[-126.843198,49.779372],[-126.842796,49.779297],[-126.840627,49.778758],[-126.839749,49.7786],[-126.83884,49.778553],[-126.837935,49.778618],[-126.837065,49.778795],[-126.836264,49.779075],[-126.836107,49.779143],[-126.835711,49.779252],[-126.834868,49.779552],[-126.834135,49.779956],[-126.833544,49.780448],[-126.833119,49.781006],[-126.832876,49.781608],[-126.832826,49.782229],[-126.832878,49.782896],[-126.833018,49.783499],[-126.83334,49.784072],[-126.833831,49.784593],[-126.834472,49.785041],[-126.83527,49.785497],[-126.835607,49.785736],[-126.835731,49.785874],[-126.835807,49.786025],[-126.835858,49.786346],[-126.83585,49.787754],[-126.835804,49.788048],[-126.835672,49.78833],[-126.833621,49.791545],[-126.833425,49.791787],[-126.833297,49.791894],[-126.833141,49.791985],[-126.832781,49.792128],[-126.830443,49.792883],[-126.829569,49.793247],[-126.828839,49.793724],[-126.828287,49.794293],[-126.82794,49.794926],[-126.827769,49.795394],[-126.827507,49.795895],[-126.827291,49.796506],[-126.827273,49.797132],[-126.827451,49.797748],[-126.827819,49.798327],[-126.828362,49.798847],[-126.829057,49.799284],[-126.829874,49.799621],[-126.830781,49.799844],[-126.831398,49.799908],[-126.831397,49.799913],[-126.83152815986081,49.79992718163462],[-126.85828222315325,49.79051878341797],[-126.85828,49.79024],[-126.858079,49.789627],[-126.857803,49.789221],[-126.857683,49.78899],[-126.857654,49.788847],[-126.857667,49.788703],[-126.857723,49.788564],[-126.857819,49.788433],[-126.857951,49.788317],[-126.858116,49.788219],[-126.858501,49.788066],[-126.865243,49.78593],[-126.866003,49.785629],[-126.866662,49.785242],[-126.867198,49.784783],[-126.870431,49.78139],[-126.870721,49.781145],[-126.870899,49.781046],[-126.871315,49.780894],[-126.872144,49.780661],[-126.873009,49.780344],[-126.873753,49.779918],[-126.874343,49.779401],[-126.874754,49.778817],[-126.874829,49.778671],[-126.874948,49.778539],[-126.875106,49.778424],[-126.875297,49.778333],[-126.875512,49.778269],[-126.875744,49.778234],[-126.875981,49.778231],[-126.876454,49.778286],[-126.88084,49.779108],[-126.881867,49.779223],[-126.882907,49.779191],[-126.883912,49.779014],[-126.886594,49.77833],[-126.887105,49.77824],[-126.887365,49.778234],[-126.887885,49.778297],[-126.895489,49.779805],[-126.895892,49.779911],[-126.896257,49.780064],[-126.902306,49.783136],[-126.902632,49.783337],[-126.902795,49.783484],[-126.90292049613463,49.7836219047412],[-126.9155135956833,49.78770522584826],[-126.915814,49.78771],[-126.916623,49.787632],[-126.917198,49.787544],[-126.917419,49.787537],[-126.917639,49.787558],[-126.917848,49.787605],[-126.918039,49.787677],[-126.918206,49.787771],[-126.918343,49.787883],[-126.918444,49.788011],[-126.91857,49.788289],[-126.918679,49.788654],[-126.9187204438995,49.788745048566874],[-126.92527376601444,49.790869967726756],[-126.925494,49.7908],[-126.9255,49.790808],[-126.926151,49.790604],[-126.926381,49.790566],[-126.926618,49.79056],[-126.926852,49.790584],[-126.927073,49.790639],[-126.927273,49.790721],[-126.927443,49.790828],[-126.927576,49.790955],[-126.927666,49.791096],[-126.92771,49.791246],[-126.927706,49.791399],[-126.9276,49.791702],[-126.92726358916698,49.792350682847726],[-126.93493015694779,49.804489415167325],[-126.935644,49.804541],[-126.936587,49.804488],[-126.937495,49.804315],[-126.938333,49.804029],[-126.93873914487652,49.80381483070719],[-126.9387308,49.7875357],[-126.93873,49.7860249],[-126.938734,49.786002],[-126.938769,49.786],[-126.969285,49.78599],[-126.9998012,49.78598],[-126.999836,49.785982],[-126.99984,49.786005],[-126.999875,49.80981],[-126.99991,49.8336152]],[[-126.958803,50.594036],[-126.958798,50.594072],[-126.958783,50.594108],[-126.957917,50.595695],[-126.957898,50.595737],[-126.957333,50.597461],[-126.957313,50.597502],[-126.957293,50.597525],[-126.957249,50.597558],[-126.956395,50.598086],[-126.956349,50.59811],[-126.956297,50.598129],[-126.953598,50.598911],[-126.953518,50.598939],[-126.953447,50.598976],[-126.953386,50.599021],[-126.953065,50.599302],[-126.953003,50.599374],[-126.95231,50.60046],[-126.952249,50.600529],[-126.951011,50.601569],[-126.95094,50.60165],[-126.950727,50.601994],[-126.950697,50.602032],[-126.950672,50.602052],[-126.950621,50.60208],[-126.949678,50.602499],[-126.949606,50.602523],[-126.949528,50.602536],[-126.94879,50.602602],[-126.948736,50.602604],[-126.948683,50.602601],[-126.946574,50.602365],[-126.946522,50.602357],[-126.946472,50.602343],[-126.94388,50.601472],[-126.943777,50.601446],[-126.940744,50.600896],[-126.940634,50.600866],[-126.937929,50.59986],[-126.937843,50.599834],[-126.937751,50.599818],[-126.933219,50.599316],[-126.93313,50.5993],[-126.928929,50.598284],[-126.928814,50.598244],[-126.92653,50.597166],[-126.926473,50.597135],[-126.923067,50.594926],[-126.922991,50.594885],[-126.92089,50.59395],[-126.920817,50.593911],[-126.919042,50.592724],[-126.918989,50.592681],[-126.914542,50.588374],[-126.914527,50.58836],[-126.911713,50.585903],[-126.911641,50.585852],[-126.911553,50.585811],[-126.911455,50.585782],[-126.911349,50.585766],[-126.911287,50.585765],[-126.911287,50.585764],[-126.911195,50.585762],[-126.911156,50.585757],[-126.911119,50.585747],[-126.911085,50.585732],[-126.911039,50.585702],[-126.909914,50.584824],[-126.909843,50.584778],[-126.909758,50.584741],[-126.909665,50.584715],[-126.909267,50.584633],[-126.909211,50.584618],[-126.90916,50.584596],[-126.907168,50.583596],[-126.907121,50.583567],[-126.907098,50.583546],[-126.907071,50.583509],[-126.906074,50.581674],[-126.906059,50.581639],[-126.905618,50.580346],[-126.905607,50.580283],[-126.905588,50.578037],[-126.905593,50.577996],[-126.905611,50.577956],[-126.906031,50.57727],[-126.906068,50.577225],[-126.906121,50.577187],[-126.907417,50.576442],[-126.907475,50.576415],[-126.907515,50.576403],[-126.907586,50.576394],[-126.909666,50.576258],[-126.909781,50.576259],[-126.911909,50.576445],[-126.911978,50.576454],[-126.914518,50.576923],[-126.914652,50.576937],[-126.916117,50.576964],[-126.916243,50.576956],[-126.918276,50.576682],[-126.918354,50.576677],[-126.918431,50.576684],[-126.921579,50.577185],[-126.921636,50.577198],[-126.921669,50.57721],[-126.921716,50.577235],[-126.922896,50.577976],[-126.922941,50.578008],[-126.924326,50.579166],[-126.92439,50.57921],[-126.924465,50.579247],[-126.924549,50.579274],[-126.9248,50.57934],[-126.924851,50.579356],[-126.924897,50.579378],[-126.927321,50.580738],[-126.927384,50.580781],[-126.928742,50.581904],[-126.928779,50.581942],[-126.928793,50.581967],[-126.928803,50.582011],[-126.92884561529463,50.58258360074461],[-126.95133525868955,50.5874895488718],[-126.951677,50.587468],[-126.951759,50.587469],[-126.951839,50.587482],[-126.952297,50.587599],[-126.952351,50.587617],[-126.952381,50.587631],[-126.952422,50.587659],[-126.953297,50.588368],[-126.953332,50.588401],[-126.953839,50.588946],[-126.953869,50.588987],[-126.953884,50.589031],[-126.954068,50.590001],[-126.954086,50.590058],[-126.954119,50.590111],[-126.954166,50.590161],[-126.955599,50.591413],[-126.955668,50.591463],[-126.956287,50.591827],[-126.956376,50.59187],[-126.958363,50.592624],[-126.958424,50.592654],[-126.958454,50.592677],[-126.958489,50.59272],[-126.95878,50.593208],[-126.958797,50.593246],[-126.958802,50.593285],[-126.958803,50.594036]],[[-126.9471,50.8351],[-126.9445,50.8418],[-126.9203,50.8347],[-126.9471,50.8351]],[[-126.9421,50.8033],[-126.9146,50.7865],[-126.9412,50.7968],[-126.9421,50.8033]],[[-126.9266,50.8454],[-126.8885,50.8555],[-126.8535,50.8449],[-126.8447,50.8507],[-126.8936,50.8642],[-126.8601,50.8824],[-126.8054,50.8911],[-126.7341,50.8622],[-126.8414,50.8364],[-126.9266,50.8454]],[[-126.9192,50.8325],[-126.8123,50.8373],[-126.8033,50.7952],[-126.7842,50.8059],[-126.7986,50.8268],[-126.7885,50.8426],[-126.7046,50.8433],[-126.7062,50.8254],[-126.6745,50.8169],[-126.6909,50.8251],[-126.6829,50.8458],[-126.7096,50.848],[-126.7014,50.8608],[-126.6649,50.8416],[-126.6709,50.8257],[-126.6547,50.8279],[-126.6591,50.8404],[-126.6098,50.8459],[-126.6035,50.8347],[-126.622,50.8348],[-126.5661,50.8251],[-126.5854,50.8216],[-126.53,50.7885],[-126.559,50.7815],[-126.6018,50.791],[-126.5554,50.7995],[-126.6123,50.8041],[-126.6633,50.7898],[-126.6905,50.8081],[-126.6675,50.787],[-126.6949,50.7896],[-126.736,50.7648],[-126.7454,50.7787],[-126.7215,50.7834],[-126.7668,50.7953],[-126.7825,50.7838],[-126.7533,50.7778],[-126.7933,50.767],[-126.8026,50.7848],[-126.8485,50.7831],[-126.8296,50.7946],[-126.8795,50.8032],[-126.9192,50.8325]],[[-126.8851,50.5842],[-126.8546,50.5757],[-126.8834,50.577],[-126.8851,50.5842]],[[-126.8763,50.9029],[-126.8654,50.9134],[-126.8441,50.9022],[-126.8763,50.9029]],[[-126.8535,50.9198],[-126.8531,50.9458],[-126.7766,50.9311],[-126.8535,50.9198]],[[-126.7877,50.5714],[-126.7682,50.5888],[-126.7651,50.5767],[-126.751,50.5896],[-126.6933,50.5645],[-126.7198,50.5555],[-126.7877,50.5714]],[[-126.7362,50.6277],[-126.6803,50.6154],[-126.7069,50.6017],[-126.7362,50.6277]],[[-126.7168,50.7245],[-126.708,50.7298],[-126.6861,50.7266],[-126.7168,50.7245]],[[-126.7161,50.7425],[-126.7154,50.7581],[-126.6768,50.7695],[-126.63,50.755],[-126.6903,50.738],[-126.7161,50.7425]],[[-126.6939,50.6494],[-126.6718,50.6409],[-126.6846,50.6391],[-126.6939,50.6494]],[[-126.6801,50.652],[-126.6078,50.648],[-126.6467,50.6413],[-126.6801,50.652]],[[-126.6775,50.7039],[-126.6407,50.7187],[-126.6065,50.7156],[-126.6392,50.7117],[-126.611,50.708],[-126.6297,50.6855],[-126.6749,50.6891],[-126.6593,50.6944],[-126.6775,50.7039]],[[-126.6774,50.6078],[-126.6691,50.624],[-126.6312,50.629],[-126.6774,50.6078]],[[-126.677,50.5916],[-126.6071,50.5844],[-126.5846,50.5983],[-126.5858,50.5868],[-126.5085,50.5677],[-126.6402,50.5526],[-126.6709,50.5633],[-126.6373,50.577],[-126.677,50.5916]],[[-126.6706,50.5978],[-126.667,50.6055],[-126.6497,50.6024],[-126.6706,50.5978]],[[-126.6697,50.718],[-126.6642,50.7317],[-126.6168,50.7327],[-126.6697,50.718]],[[-126.6568,50.7389],[-126.6259,50.746],[-126.6186,50.7359],[-126.6568,50.7389]],[[-126.6399,50.7761],[-126.6199,50.7768],[-126.6267,50.7689],[-126.6399,50.7761]],[[-126.6266,49.7217],[-126.5874,49.6814],[-126.6121,49.683],[-126.6266,49.7217]],[[-126.6236,50.765],[-126.6013,50.762],[-126.6216,50.751],[-126.6236,50.765]],[[-126.6218,50.7488],[-126.5945,50.7631],[-126.51,50.7622],[-126.5779,50.7378],[-126.6218,50.7488]],[[-126.6201,50.6598],[-126.5512,50.6966],[-126.6035,50.6998],[-126.5399,50.7337],[-126.5624,50.7392],[-126.5098,50.7451],[-126.4822,50.7308],[-126.5017,50.7423],[-126.4897,50.7677],[-126.3599,50.7884],[-126.4417,50.7943],[-126.4185,50.8077],[-126.3317,50.8342],[-126.2788,50.8331],[-126.2645,50.8269],[-126.3017,50.8182],[-126.2291,50.8224],[-126.2135,50.7706],[-126.1551,50.7534],[-126.2383,50.7211],[-126.2388,50.7049],[-126.2641,50.6931],[-126.2541,50.6749],[-126.2706,50.6544],[-126.3504,50.645],[-126.461,50.6728],[-126.46,50.6854],[-126.5237,50.6621],[-126.488,50.6568],[-126.4722,50.6704],[-126.4398,50.6536],[-126.4791,50.6389],[-126.6201,50.6598]],[[-126.6035,50.8719],[-126.5596,50.8668],[-126.5817,50.8588],[-126.6035,50.8719]],[[-126.5985,50.7751],[-126.5722,50.7696],[-126.5919,50.7648],[-126.5985,50.7751]],[[-126.579,49.6183],[-126.5721,49.6291],[-126.5623,49.6254],[-126.579,49.6183]],[[-126.5742,50.6116],[-126.5731,50.6308],[-126.5053,50.6273],[-126.5742,50.6116]],[[-126.5729,50.5987],[-126.5588,50.6095],[-126.4689,50.6296],[-126.344,50.6277],[-126.3575,50.6096],[-126.4893,50.5753],[-126.5051,50.5823],[-126.4988,50.5923],[-126.5392,50.5929],[-126.5309,50.6015],[-126.5729,50.5987]],[[-126.568,49.6343],[-126.5189,49.686],[-126.48,49.6623],[-126.4986,49.6591],[-126.484,49.6519],[-126.5413,49.6024],[-126.5107,49.6488],[-126.5348,49.6272],[-126.568,49.6343]],[[-126.4301,49.6504],[-126.3924,49.6545],[-126.359,49.6405],[-126.4301,49.6504]],[[-126.3314,50.6307],[-126.3046,50.6126],[-126.3264,50.611],[-126.3314,50.6307]],[[-126.2661,50.6499],[-126.2437,50.66],[-126.2383,50.6563],[-126.2661,50.6499]],[[-126.248089,49.333468],[-126.248037,49.33353],[-126.245356,49.336097],[-126.2451874,49.3363072],[-126.24505,49.33639],[-126.245038,49.3365857],[-126.244977,49.336741],[-126.244954,49.336853],[-126.244942,49.337181],[-126.2449916,49.337344],[-126.24499,49.33737],[-126.24481,49.33755],[-126.2455653,49.3380853],[-126.24576,49.338224],[-126.245825,49.33828],[-126.245766,49.338339],[-126.241363,49.34185],[-126.241125,49.34208],[-126.2410417,49.3422059],[-126.24046,49.34257],[-126.2408682,49.3429748],[-126.240909,49.343155],[-126.241048,49.343417],[-126.2419881,49.3447699],[-126.24217,49.34533],[-126.2429027,49.3461008],[-126.242965,49.346232],[-126.243633,49.348668],[-126.243642,49.34873],[-126.243634,49.348792],[-126.2433752,49.3498352],[-126.2432181,49.3504671],[-126.243189,49.350537],[-126.2431626,49.3505717],[-126.24123,49.35221],[-126.2414024,49.3523928],[-126.239841,49.354002],[-126.23963,49.35428],[-126.2396147,49.3543183],[-126.23896,49.35491],[-126.23917,49.35515],[-126.241627,49.357061],[-126.241679,49.357113],[-126.241699,49.357185],[-126.24205,49.359973],[-126.242048,49.360045],[-126.241952,49.360081],[-126.23430080627867,49.36229787631729],[-126.23293327143564,49.36843137214312],[-126.233,49.368508],[-126.233076,49.368667],[-126.233277,49.369337],[-126.2333,49.369493],[-126.233287,49.36957],[-126.23325,49.369644],[-126.233192,49.369711],[-126.23304,49.369825],[-126.232759,49.370085],[-126.232564,49.370376],[-126.232464,49.370687],[-126.232462,49.371005],[-126.232558,49.371316],[-126.232586,49.37136],[-126.232583,49.371361],[-126.232686,49.371561],[-126.232701,49.37163],[-126.232697,49.3717],[-126.23265,49.371837],[-126.232555,49.372031],[-126.232452,49.372355],[-126.232456,49.372685],[-126.232565,49.373007],[-126.232776,49.373307],[-126.232829,49.373365],[-126.232927,49.373501],[-126.232954,49.373573],[-126.23296,49.373647],[-126.232944,49.373721],[-126.232907,49.373791],[-126.232849,49.373855],[-126.232842,49.373861],[-126.232566,49.37411],[-126.23237,49.37439],[-126.232262,49.374689],[-126.232246,49.374996],[-126.232322,49.375299],[-126.232487,49.375587],[-126.232735,49.375848],[-126.233406,49.376421],[-126.23353,49.376551],[-126.233571,49.376622],[-126.233589,49.376697],[-126.233585,49.376772],[-126.233558,49.376846],[-126.233459,49.376985],[-126.230586,49.38017],[-126.230413,49.380404],[-126.230302,49.380653],[-126.230256,49.38091],[-126.230237,49.381265],[-126.230286,49.381638],[-126.23047,49.381993],[-126.231005,49.382725],[-126.231082,49.382862],[-126.2311,49.382934],[-126.231097,49.383006],[-126.231049,49.383149],[-126.230935,49.383384],[-126.230835,49.383691],[-126.230832,49.384005],[-126.230925,49.384314],[-126.231111,49.384604],[-126.231382,49.384864],[-126.231876,49.38525],[-126.232008,49.385376],[-126.2321,49.385516],[-126.232704,49.386769],[-126.232918,49.387086],[-126.233233,49.387364],[-126.233635,49.38759],[-126.234553,49.388003],[-126.234735,49.388103],[-126.234808,49.388164],[-126.234861,49.388232],[-126.234892,49.388306],[-126.2349,49.388383],[-126.234868,49.388537],[-126.233963,49.391026],[-126.233887,49.39117],[-126.233829,49.391235],[-126.233753,49.391291],[-126.233662,49.391337],[-126.233558,49.39137],[-126.233447,49.391389],[-126.233399,49.391391],[-126.23293,49.391442],[-126.232485,49.391553],[-126.232081,49.391717],[-126.231736,49.391931],[-126.231462,49.392184],[-126.23127,49.392468],[-126.231167,49.39277],[-126.231157,49.39308],[-126.231242,49.393385],[-126.231332,49.39359],[-126.231341,49.393664],[-126.231329,49.393737],[-126.231263,49.393879],[-126.230744,49.394695],[-126.230627,49.394836],[-126.230549,49.394896],[-126.230454,49.394945],[-126.230345,49.39498],[-126.230228,49.394999],[-126.230107,49.395003],[-126.229987,49.394991],[-126.229757,49.394933],[-126.228275,49.394445],[-126.228075,49.394362],[-126.227991,49.394309],[-126.227855,49.394182],[-126.226958,49.393131],[-126.226676,49.392869],[-126.226317,49.392648],[-126.225898,49.39248],[-126.225434,49.392372],[-126.224946,49.392326],[-126.224455,49.392347],[-126.22398,49.392432],[-126.223541,49.392578],[-126.223157,49.392779],[-126.222844,49.393027],[-126.222255,49.393605],[-126.222112,49.393719],[-126.222026,49.393767],[-126.221929,49.393802],[-126.221822,49.393825],[-126.221711,49.393835],[-126.221599,49.39383],[-126.22149,49.393812],[-126.221285,49.393749],[-126.220845,49.39358],[-126.220454,49.393459],[-126.220036,49.393385],[-126.219604,49.393361],[-126.219173,49.393388],[-126.218756,49.393465],[-126.215133,49.394367],[-126.214892,49.394409],[-126.214769,49.394413],[-126.214647,49.3944],[-126.214414,49.394342],[-126.208828,49.39249],[-126.208655,49.39242],[-126.208579,49.392376],[-126.208452,49.392272],[-126.208122,49.39195],[-126.207855,49.391734],[-126.207534,49.391552],[-126.207168,49.39141],[-126.20677,49.391311],[-126.206352,49.39126],[-126.204272,49.391128],[-126.204018,49.391094],[-126.203902,49.39106],[-126.2038,49.39101],[-126.20363,49.390883],[-126.202376,49.389701],[-126.202256,49.389557],[-126.202185,49.389401],[-126.20184,49.388193],[-126.201705,49.387892],[-126.201481,49.387614],[-126.198412,49.384594],[-126.198151,49.38438],[-126.197837,49.384199],[-126.19748,49.384056],[-126.194574,49.383111],[-126.194397,49.38304],[-126.194241,49.382951],[-126.190181,49.38017],[-126.190028,49.38004],[-126.189975,49.379968],[-126.189946,49.37989],[-126.189943,49.379809],[-126.189966,49.37973],[-126.190013,49.379656],[-126.190219,49.379462],[-126.190464,49.37917],[-126.190608,49.378851],[-126.190645,49.378519],[-126.190575,49.378189],[-126.190398,49.377877],[-126.190125,49.377596],[-126.190094,49.377571],[-126.189991,49.377444],[-126.189319,49.376391],[-126.189202,49.376141],[-126.18916,49.376013],[-126.188953,49.37571],[-126.188652,49.375442],[-126.188272,49.375222],[-126.187829,49.375058],[-126.187342,49.374959],[-126.18700070926756,49.37491439485631],[-126.18196463953997,49.37692070005424],[-126.182063,49.377174],[-126.182063,49.377175],[-126.18208,49.377246],[-126.182073,49.377392],[-126.181901,49.378288],[-126.181854,49.378427],[-126.181812,49.378492],[-126.181753,49.37855],[-126.181601,49.378653],[-126.17895,49.380151],[-126.178619,49.38038],[-126.178364,49.380647],[-126.178197,49.380941],[-126.178123,49.381251],[-126.178118,49.381314],[-126.178082,49.381466],[-126.178042,49.381537],[-126.177981,49.381602],[-126.177821,49.381715],[-126.175192,49.383235],[-126.175017,49.38332],[-126.17482,49.383382],[-126.169671,49.38465],[-126.169273,49.384776],[-126.168917,49.384948],[-126.168616,49.385159],[-126.164643,49.388514],[-126.164498,49.388616],[-126.164413,49.388657],[-126.164319,49.388688],[-126.164218,49.388708],[-126.164005,49.388723],[-126.157807,49.388808],[-126.157316,49.388848],[-126.156848,49.388952],[-126.156422,49.389116],[-126.156058,49.389334],[-126.155768,49.389595],[-126.155567,49.389889],[-126.155463,49.390204],[-126.155456,49.390241],[-126.155419,49.390315],[-126.155299,49.390453],[-126.152407,49.393086],[-126.152256,49.393199],[-126.152167,49.393245],[-126.152065,49.393278],[-126.151844,49.393319],[-126.144198,49.394228],[-126.143637,49.394342],[-126.143135,49.394541],[-126.140906,49.395689],[-126.140665,49.395786],[-126.140395,49.395843],[-126.137052,49.39627],[-126.136818,49.396284],[-126.136703,49.396277],[-126.136478,49.396232],[-126.13470408252721,49.395748696154484],[-126.12874700939808,49.39812191722367],[-126.128338,49.398461],[-126.128173,49.398572],[-126.128078,49.398616],[-126.12797,49.398646],[-126.127856,49.398662],[-126.127739,49.398663],[-126.127506,49.398634],[-126.121409,49.397475],[-126.12122,49.397427],[-126.121045,49.39736],[-126.119606,49.396686],[-126.119206,49.396534],[-126.118768,49.396435],[-126.118309,49.396393],[-126.117847,49.396408],[-126.117397,49.396481],[-126.116245,49.396746],[-126.116032,49.396781],[-126.115925,49.396785],[-126.115817,49.396777],[-126.115714,49.396756],[-126.11552,49.39669],[-126.112022,49.395215],[-126.111614,49.395077],[-126.111172,49.394992],[-126.108171,49.394612],[-126.10791,49.394558],[-126.107675,49.394467],[-126.105328,49.393303],[-126.105175,49.393212],[-126.105048,49.393106],[-126.103304,49.391349],[-126.103005,49.391105],[-126.102637,49.390904],[-126.102216,49.390755],[-126.101758,49.390663],[-126.10128,49.390632],[-126.101117,49.390632],[-126.100886,49.390617],[-126.100776,49.390596],[-126.100674,49.390561],[-126.100493,49.390465],[-126.098315,49.389066],[-126.098159,49.388942],[-126.098103,49.388873],[-126.09807,49.388797],[-126.098061,49.388719],[-126.098093,49.38856],[-126.09833048295532,49.38791550779509],[-126.08867414502001,49.373051825318754],[-126.087018,49.372968],[-126.086755,49.372935],[-126.086635,49.3729],[-126.08642,49.372796],[-126.0849,49.371872],[-126.084738,49.371751],[-126.084618,49.371611],[-126.082779,49.368829],[-126.082713,49.368698],[-126.082698,49.36863],[-126.082699,49.368625],[-126.082678,49.368353],[-126.082585,49.368088],[-126.082423,49.367836],[-126.082197,49.367607],[-126.08211,49.367534],[-126.082058,49.367467],[-126.082028,49.367394],[-126.08202,49.367319],[-126.082049,49.367169],[-126.082062,49.366853],[-126.081978,49.366541],[-126.081798,49.366247],[-126.081532,49.365982],[-126.08119,49.365758],[-126.081027,49.365671],[-126.080865,49.365565],[-126.080801,49.365504],[-126.080757,49.365436],[-126.080733,49.365364],[-126.080731,49.36529],[-126.080771,49.365143],[-126.081678,49.363002],[-126.081762,49.362666],[-126.08173699489532,49.36237369894883],[-126.08122318448046,49.36158280752492],[-126.079555,49.359991],[-126.079448,49.359865],[-126.079414,49.359798],[-126.079399,49.359727],[-126.079409,49.359584],[-126.079537,49.358995],[-126.079596,49.35884],[-126.079648,49.358769],[-126.079722,49.358706],[-126.079814,49.358655],[-126.079921,49.358617],[-126.08001432424744,49.35859833515051],[-126.08027627683644,49.33845179966995],[-126.07938,49.33753],[-126.079268,49.337383],[-126.079238,49.337304],[-126.079234,49.337229],[-126.079305,49.336978],[-126.079342,49.336623],[-126.079255,49.336271],[-126.07905,49.335942],[-126.078395,49.335161],[-126.078308,49.33503],[-126.078284,49.334961],[-126.078279,49.33489],[-126.078295,49.33482],[-126.078366,49.334684],[-126.07862,49.334313],[-126.078769,49.334021],[-126.078828,49.333716],[-126.078794,49.33341],[-126.078669,49.333113],[-126.078458,49.332838],[-126.078169,49.332596],[-126.077812,49.332394],[-126.077402,49.332242],[-126.07708,49.332149],[-126.076881,49.332075],[-126.076796,49.332028],[-126.076653,49.331911],[-126.075529,49.330787],[-126.07541,49.330633],[-126.075346,49.330465],[-126.074408,49.325883],[-126.0744,49.32574],[-126.074415,49.32567],[-126.07445,49.325603],[-126.074558,49.325478],[-126.075068,49.324996],[-126.075296,49.324727],[-126.07544,49.324434],[-126.075493,49.324129],[-126.075453,49.323822],[-126.075279,49.323202],[-126.075259,49.323059],[-126.075269,49.322988],[-126.0753,49.322919],[-126.075349,49.322856],[-126.075423,49.322792],[-126.07566,49.322545],[-126.075822,49.322273],[-126.075905,49.321987],[-126.075905,49.321696],[-126.075822,49.321409],[-126.07573,49.321256],[-126.075737,49.321255],[-126.075612,49.321043],[-126.075592,49.32097],[-126.075594,49.320896],[-126.075618,49.320823],[-126.075663,49.320755],[-126.075793,49.320631],[-126.076244,49.320278],[-126.076532,49.319995],[-126.076721,49.319677],[-126.076799,49.319341],[-126.076765,49.319002],[-126.07644,49.317799],[-126.076422,49.317637],[-126.076439,49.317557],[-126.076481,49.317482],[-126.076546,49.317414],[-126.076719,49.317297],[-126.078467,49.316339],[-126.078778,49.316133],[-126.079026,49.315894],[-126.079203,49.315629],[-126.079302,49.315347],[-126.07932,49.315059],[-126.079257,49.314773],[-126.079114,49.314499],[-126.07898,49.314304],[-126.078955,49.314235],[-126.078949,49.314165],[-126.078964,49.314094],[-126.079032,49.313958],[-126.079673,49.312992],[-126.079782,49.312863],[-126.079853,49.312807],[-126.080064,49.312694],[-126.080168,49.312648],[-126.080487,49.312442],[-126.08061605823494,49.31231952120449],[-126.08066098769156,49.30886403754078],[-126.080512,49.308678],[-126.07505,49.303059],[-126.074939,49.302913],[-126.074908,49.302835],[-126.074903,49.302755],[-126.074946,49.302594],[-126.075517,49.301274],[-126.075598,49.300989],[-126.075597,49.300699],[-126.075514,49.300413],[-126.075351,49.300143],[-126.07532,49.300103],[-126.075071,49.299846],[-126.074843,49.299689],[-126.075068,49.299467],[-126.075247,49.299181],[-126.075337,49.298877],[-126.075394,49.298472],[-126.075392,49.298174],[-126.075304,49.297882],[-126.075132,49.297606],[-126.074884,49.297356],[-126.074568,49.297141],[-126.074195,49.296969],[-126.073778,49.296846],[-126.073334,49.296776],[-126.072878,49.296763],[-126.072426,49.296806],[-126.071994,49.296905],[-126.071599,49.297054],[-126.071255,49.29725],[-126.070973,49.297485],[-126.070765,49.29775],[-126.070581,49.298052],[-126.070444,49.298371],[-126.070413,49.298701],[-126.070489,49.299029],[-126.070669,49.299338],[-126.070944,49.299616],[-126.071071,49.299719],[-126.071276,49.299855],[-126.071108,49.300004],[-126.071002,49.300119],[-126.070922,49.300177],[-126.070725,49.300269],[-126.069433,49.300757],[-126.0692,49.300825],[-126.069077,49.300841],[-126.068951,49.30084],[-126.068829,49.300822],[-126.068598,49.300752],[-126.065577,49.299558],[-126.065377,49.299459],[-126.065296,49.299397],[-126.065237,49.299326],[-126.065202,49.299249],[-126.065181,49.299068],[-126.065112,49.298795],[-126.064971,49.298534],[-126.064762,49.298294],[-126.064624,49.298164],[-126.064577,49.29809],[-126.064554,49.298012],[-126.064556,49.297932],[-126.064567,49.297904],[-126.064629,49.297576],[-126.064584,49.297246],[-126.064434,49.29693],[-126.064186,49.296642],[-126.06385,49.296393],[-126.063443,49.296197],[-126.05914,49.294548],[-126.058946,49.294456],[-126.058867,49.294398],[-126.058806,49.294332],[-126.058767,49.294259],[-126.058735,49.294104],[-126.058728,49.293954],[-126.058673,49.29367],[-126.05854,49.293397],[-126.058332,49.293144],[-126.058058,49.29292],[-126.056446,49.291825],[-126.056305,49.29171],[-126.056253,49.291645],[-126.056221,49.291575],[-126.05621,49.291503],[-126.056219,49.29143],[-126.056281,49.291289],[-126.05677,49.290469],[-126.056899,49.290167],[-126.056933,49.289856],[-126.056872,49.289546],[-126.056717,49.28925],[-126.055977,49.288189],[-126.055896,49.288031],[-126.055883,49.287949],[-126.055897,49.287868],[-126.055978,49.28771],[-126.0572,49.285974],[-126.057371,49.285631],[-126.057418,49.285273],[-126.057311,49.28289],[-126.057234,49.282541],[-126.05705796083087,49.282242459347216],[-126.05703469167273,49.28220688438428],[-126.056737,49.28192],[-126.055427,49.280916],[-126.055268,49.28076],[-126.055172,49.280584],[-126.054509,49.278679],[-126.054342,49.278362],[-126.054077,49.278076],[-126.053724,49.277833],[-126.0533,49.277644],[-126.052932,49.277515],[-126.050912,49.276638],[-126.050736,49.276544],[-126.050664,49.276488],[-126.050554,49.276359],[-126.04896,49.273983],[-126.048884,49.273827],[-126.048867,49.273708],[-126.048765,49.273386],[-126.048562,49.273084],[-126.048266,49.272817],[-126.047892,49.272595],[-126.047825,49.272563],[-126.047742,49.272502],[-126.047617,49.272356],[-126.046505,49.270657],[-126.046433,49.270507],[-126.046422,49.270429],[-126.046434,49.270352],[-126.046506,49.270202],[-126.047615,49.268521],[-126.047719,49.268396],[-126.047787,49.268341],[-126.04787,49.268295],[-126.047963,49.26826],[-126.048065,49.268236],[-126.048282,49.268214],[-126.048285,49.268214],[-126.048698,49.268173],[-126.049093,49.268086],[-126.04946,49.267956],[-126.049786,49.267787],[-126.053914,49.265231],[-126.054239,49.264984],[-126.054478,49.264698],[-126.054621,49.264387],[-126.054663,49.264063],[-126.054656,49.263827],[-126.054609,49.263548],[-126.054487,49.26328],[-126.054293,49.263029],[-126.053957,49.262677],[-126.05386,49.262552],[-126.05383,49.262485],[-126.053819,49.262416],[-126.053836,49.262275],[-126.054259,49.260627],[-126.054316,49.260487],[-126.054363,49.260423],[-126.054428,49.260365],[-126.054508,49.260316],[-126.0546,49.260277],[-126.054702,49.260251],[-126.054809,49.260237],[-126.055031,49.260235],[-126.05709511028093,49.260346244038764],[-126.0517679,49.2530061],[-126.051733,49.252942],[-126.051814,49.252897],[-126.108367,49.227013],[-126.10846,49.226978],[-126.108555,49.227011],[-126.2037048,49.2674267],[-126.23008,49.27863],[-126.2301415,49.2786452],[-126.230212,49.278671],[-126.23616,49.280542],[-126.236244,49.280574],[-126.2362909,49.2806288],[-126.2364575,49.2808688],[-126.237956,49.283027],[-126.23799,49.28309],[-126.237967,49.283156],[-126.2364108,49.2862883],[-126.2359,49.28674],[-126.2357,49.28707],[-126.2356209,49.2878782],[-126.234442,49.290251],[-126.234345,49.29054],[-126.23434,49.2907516],[-126.2342,49.29094],[-126.23406,49.29102],[-126.2348331,49.2916491],[-126.234835,49.291651],[-126.235005,49.291789],[-126.235067,49.291852],[-126.235061,49.2919267],[-126.2339165,49.2965532],[-126.233892,49.296615],[-126.2338005,49.2966406],[-126.2317524,49.2970642],[-126.228431,49.297751],[-126.2284285,49.2977517],[-126.22834,49.29777],[-126.22529,49.29754],[-126.22468,49.29739],[-126.22441,49.29759],[-126.22511,49.29807],[-126.2261,49.29908],[-126.22633,49.29949],[-126.2266,49.29962],[-126.22703,49.3],[-126.22712,49.30008],[-126.2274211,49.300178],[-126.227675,49.300342],[-126.2323,49.302797],[-126.232371,49.302843],[-126.2323728,49.3028573],[-126.23201,49.30373],[-126.23221,49.30401],[-126.2323252,49.3056705],[-126.232288,49.305837],[-126.23192,49.306672],[-126.231839,49.306963],[-126.231842,49.3070724],[-126.2317,49.30746],[-126.2314,49.30768],[-126.23128,49.30813],[-126.2324,49.30851],[-126.23271,49.30873],[-126.2344898,49.3087036],[-126.2364087,49.3090462],[-126.23712,49.3093],[-126.2377138,49.3092793],[-126.239706,49.309635],[-126.239787,49.309654],[-126.239863,49.30968],[-126.243534,49.31121],[-126.24362,49.311254],[-126.243653,49.311323],[-126.244607,49.314289],[-126.244619,49.314359],[-126.244589,49.314428],[-126.243402,49.316384],[-126.243283,49.31665],[-126.2432602,49.3167998],[-126.24298,49.31708],[-126.2435788,49.3177178],[-126.243579,49.317718],[-126.2436934,49.3178398],[-126.2441516,49.3183278],[-126.2442,49.318393],[-126.244228,49.318463],[-126.24465,49.3202185],[-126.24465,49.32057],[-126.245086,49.3220428],[-126.245091,49.322089],[-126.245046,49.322147],[-126.242413,49.324896],[-126.24222,49.325147],[-126.242103,49.325418],[-126.2420812,49.325579],[-126.24159,49.32577],[-126.24104,49.32633],[-126.24133,49.32674],[-126.24167,49.3269],[-126.2437321,49.3271565],[-126.243754,49.327165],[-126.2437911,49.3271946],[-126.24511,49.32866],[-126.2462452,49.3295562],[-126.2462505,49.3295615],[-126.24634,49.32984],[-126.2472886,49.3306821],[-126.247311,49.330712],[-126.2473388,49.3307766],[-126.2480803,49.3334003],[-126.248089,49.333468]],[[-126.234,50.6953],[-126.2139,50.7122],[-126.1974,50.7128],[-126.2,50.6649],[-126.2187,50.6654],[-126.234,50.6953]],[[-126.2102,50.5474],[-126.2065,50.558],[-126.1993,50.5436],[-126.2102,50.5474]],[[-126.110512,49.1711],[-126.1104782,49.1711408],[-126.0860753,49.1949356],[-126.086036,49.194968],[-126.085989,49.194996],[-126.043976,49.216551],[-126.043895,49.216583],[-126.043805,49.216602],[-126.038156,49.2173246],[-126.0197356,49.2196803],[-126.019664,49.219684],[-126.019617,49.219644],[-126.01685968075343,49.216697717616256],[-126.0115484,49.2166366],[-126.0114423,49.2166292],[-126.0113917,49.2166195],[-126.0113445,49.216604],[-126.0112592,49.2165622],[-126.01087399368804,49.21633551945278],[-125.97313122649176,49.210622753669675],[-125.9727841,49.2107239],[-125.9726773,49.2107474],[-125.9725655,49.2107574],[-125.9711926,49.2107943],[-125.9710732,49.2107896],[-125.9710163,49.2107797],[-125.9709635,49.2107626],[-125.9708692,49.2107146],[-125.9702534,49.2103306],[-125.9700813,49.2102414],[-125.9698872,49.2101742],[-125.9696776,49.2101313],[-125.9694595,49.210114],[-125.9692403,49.210123],[-125.969155,49.2101316],[-125.9690324,49.2101274],[-125.9673316,49.2099536],[-125.9670779,49.2099454],[-125.9668272,49.2099723],[-125.9665909,49.210033],[-125.9657296,49.2103265],[-125.9656242,49.2103544],[-125.9655691,49.2103615],[-125.965513,49.2103617],[-125.9654579,49.2103548],[-125.9654057,49.2103413],[-125.9653584,49.2103215],[-125.9653177,49.2102963],[-125.9652851,49.2102664],[-125.9652617,49.2102331],[-125.9652348,49.2101609],[-125.9651955,49.2099829],[-125.9651346,49.2098252],[-125.9650252,49.209679],[-125.9648719,49.2095508],[-125.9646815,49.209446],[-125.9644621,49.2093691],[-125.96395783872372,49.20923426470478],[-125.95791085960201,49.20831899065405],[-125.9579016,49.2083247],[-125.957768,49.208446],[-125.9576721,49.2085817],[-125.9576464,49.2086498],[-125.9576414,49.208649],[-125.9575954,49.2087664],[-125.9575686,49.2088021],[-125.9575311,49.2088333],[-125.9574846,49.2088588],[-125.957431,49.2088776],[-125.9573126,49.2089002],[-125.9563464,49.2090154],[-125.9562209,49.2090215],[-125.9561595,49.209016],[-125.9561012,49.2090022],[-125.9560487,49.2089806],[-125.9560043,49.2089524],[-125.9559345,49.2088839],[-125.9552437,49.2080192],[-125.95512070131694,49.20789667077757],[-125.95345099249788,49.20764394274203],[-125.9526297,49.2077009],[-125.952514,49.2077016],[-125.9524578,49.2076947],[-125.9524048,49.2076808],[-125.9523568,49.2076606],[-125.9523158,49.2076346],[-125.9522832,49.207604],[-125.9522602,49.2075698],[-125.9522428,49.2075188],[-125.9521787,49.2073868],[-125.95208,49.2072643],[-125.9519499,49.207155],[-125.9517924,49.2070623],[-125.9517119,49.2070228],[-125.9516753,49.2069967],[-125.9516466,49.2069667],[-125.9516268,49.2069338],[-125.9516165,49.2068991],[-125.9516157,49.2068275],[-125.95164237708316,49.20662166155377],[-125.93976226815323,49.194454593470944],[-125.9367778,49.1931316],[-125.9366001,49.1930278],[-125.9349648,49.19178],[-125.9348917,49.1917101],[-125.9348435,49.1916315],[-125.934618,49.1911033],[-125.9345207,49.1909448],[-125.9343732,49.1908038],[-125.9341825,49.1906869],[-125.9330463,49.1901295],[-125.9329614,49.1900788],[-125.9329276,49.190049],[-125.9328782,49.1899812],[-125.9323549,49.1890373],[-125.9323291,49.188975],[-125.9323193,49.1889107],[-125.9322788,49.1873003],[-125.9322436,49.1871243],[-125.9321487,49.1869579],[-125.931999,49.1868097],[-125.9315595,49.1864667],[-125.9314912,49.1864007],[-125.9314684,49.1863644],[-125.9314574,49.1863258],[-125.9314586,49.1862866],[-125.931472,49.1862483],[-125.931497,49.1862126],[-125.9315326,49.186181],[-125.9315773,49.1861548],[-125.9316827,49.1861148],[-125.9320266,49.1860134],[-125.9322152,49.1859437],[-125.9323815,49.1858531],[-125.9325203,49.1857443],[-125.933061,49.1852328],[-125.93317,49.185106],[-125.9332413,49.1849681],[-125.9332724,49.1848241],[-125.9332622,49.1846787],[-125.9331902,49.1843413],[-125.9331849,49.1842727],[-125.9331915,49.184239],[-125.9332227,49.1841735],[-125.93357,49.1836214],[-125.9336254,49.1835534],[-125.9336623,49.183524],[-125.9337073,49.1834999],[-125.9337587,49.1834821],[-125.9338145,49.1834713],[-125.9338724,49.1834678],[-125.9339303,49.1834719],[-125.9339857,49.1834833],[-125.9340367,49.1835017],[-125.9341268,49.1835515],[-125.9353656,49.1843868],[-125.9354364,49.1844445],[-125.9355133,49.1845401],[-125.9356401,49.1846662],[-125.9358015,49.1847742],[-125.9359915,49.1848599],[-125.9362031,49.1849203],[-125.9364285,49.184953],[-125.9366594,49.1849569],[-125.9390338,49.1848473],[-125.9392849,49.1848179],[-125.9395209,49.1847545],[-125.939731,49.1846599],[-125.9406071,49.1841679],[-125.9407089,49.1841218],[-125.9407651,49.1841064],[-125.940825,49.1840989],[-125.9408859,49.1840997],[-125.9409453,49.1841086],[-125.9410006,49.1841254],[-125.9410494,49.1841493],[-125.9411306,49.1842099],[-125.9416291,49.1846717],[-125.9417585,49.1847724],[-125.9418317,49.1848131],[-125.9419023,49.1848619],[-125.9419326,49.1848931],[-125.9419532,49.1849276],[-125.9419633,49.1849641],[-125.9419621,49.185026],[-125.9419793,49.1851695],[-125.9420364,49.1853085],[-125.9421315,49.1854384],[-125.9422612,49.1855547],[-125.9424213,49.1856535],[-125.9426063,49.1857316],[-125.9426628,49.1857509],[-125.942743,49.1857948],[-125.9429304,49.1858792],[-125.9431387,49.1859388],[-125.9433606,49.1859717],[-125.9435879,49.1859767],[-125.9438126,49.1859535],[-125.9440266,49.185903],[-125.9442221,49.185827],[-125.9443922,49.1857283],[-125.9445307,49.1856104],[-125.9445358,49.185605],[-125.9446399,49.1854684],[-125.9447016,49.1853211],[-125.9447185,49.1851688],[-125.9446898,49.1850173],[-125.9446168,49.1848723],[-125.944428,49.1845924],[-125.944393,49.1845239],[-125.9443855,49.1844886],[-125.9443882,49.1844529],[-125.9444008,49.1844182],[-125.944423,49.1843857],[-125.944454,49.1843563],[-125.9445324,49.1843055],[-125.9445689,49.1842859],[-125.9447297,49.1841813],[-125.9448574,49.1840588],[-125.9449477,49.1839227],[-125.9449971,49.183778],[-125.945004,49.1836298],[-125.9449996,49.1835857],[-125.9450012,49.1835536],[-125.944958,49.183394],[-125.9448656,49.1832436],[-125.9447278,49.1831088],[-125.9446438,49.1830551],[-125.9445603,49.182992],[-125.9445327,49.1829611],[-125.9445144,49.1829274],[-125.9445059,49.1828921],[-125.9445075,49.1828563],[-125.9445193,49.1828214],[-125.9445626,49.1827547],[-125.944888,49.1823609],[-125.9449536,49.1822973],[-125.9449947,49.1822707],[-125.945043,49.1822499],[-125.9450966,49.1822357],[-125.9451534,49.1822286],[-125.9452113,49.1822289],[-125.9452679,49.1822366],[-125.9453212,49.1822514],[-125.945418,49.1822946],[-125.9472765,49.183313],[-125.9474763,49.1834017],[-125.9476992,49.1834625],[-125.9479362,49.1834928],[-125.9481778,49.1834915],[-125.9482915,49.1834834],[-125.9487872,49.1834784],[-125.9490129,49.1834621],[-125.9492298,49.1834183],[-125.9494302,49.1833485],[-125.9510761,49.1826374],[-125.951178,49.1826021],[-125.9512324,49.1825914],[-125.951289,49.1825876],[-125.9513456,49.1825911],[-125.9514002,49.1826016],[-125.9514506,49.1826188],[-125.9515407,49.1826658],[-125.9520841,49.1830109],[-125.9521635,49.1830731],[-125.9522216,49.1831447],[-125.953154,49.1846574],[-125.9531888,49.1847382],[-125.9531926,49.1847793],[-125.9531827,49.1848201],[-125.953136,49.1848982],[-125.9529721,49.1851037],[-125.9528818,49.185252],[-125.9528394,49.1854091],[-125.9528464,49.1855685],[-125.9529027,49.1857238],[-125.9530059,49.1858683],[-125.9531517,49.1859963],[-125.9533341,49.1861023],[-125.9535456,49.1861819],[-125.9537774,49.186232],[-125.9540198,49.1862503],[-125.9553367,49.1862619],[-125.9555244,49.1862539],[-125.9557079,49.1862268],[-125.9577421,49.1858147],[-125.9578623,49.185799],[-125.9579228,49.1857993],[-125.9579818,49.1858078],[-125.958037,49.1858239],[-125.9580859,49.1858471],[-125.9581389,49.1858852],[-125.9583151,49.1859893],[-125.9585193,49.1860686],[-125.9587435,49.1861201],[-125.9589787,49.1861417],[-125.9592158,49.1861326],[-125.9594455,49.1860931],[-125.9596589,49.1860248],[-125.9598474,49.1859304],[-125.9600039,49.1858136],[-125.960122,49.1856789],[-125.9601972,49.1855316],[-125.9602265,49.1853775],[-125.9602597,49.1845003],[-125.9602452,49.1843577],[-125.9601913,49.1842192],[-125.9600999,49.1840894],[-125.959715,49.1836528],[-125.9595758,49.183526],[-125.9590069,49.1831037],[-125.9588341,49.1829984],[-125.9586332,49.1829174],[-125.9584118,49.1828636],[-125.9561227,49.1824698],[-125.9560094,49.1824419],[-125.9559589,49.1824211],[-125.9558717,49.1823663],[-125.9552463,49.1818838],[-125.9551843,49.1818261],[-125.955162,49.1817944],[-125.9551488,49.1817607],[-125.9551413,49.1816903],[-125.9551587,49.18116],[-125.9551766,49.1810733],[-125.9551997,49.1810331],[-125.9552745,49.1809592],[-125.9553897,49.180815],[-125.9554568,49.1806584],[-125.955473,49.1804961],[-125.9554513,49.1803973],[-125.9554478,49.1803257],[-125.9554591,49.1802855],[-125.9554832,49.1802478],[-125.9555559,49.1801796],[-125.957174,49.1789644],[-125.9573119,49.1788372],[-125.9574086,49.1786947],[-125.9574603,49.1785425],[-125.9574648,49.1783866],[-125.9574221,49.1782332],[-125.9573338,49.1780883],[-125.9567951,49.1774096],[-125.9567471,49.1773278],[-125.9567379,49.1772852],[-125.9567494,49.1771978],[-125.957134,49.1759503],[-125.9571697,49.1758749],[-125.9571984,49.1758409],[-125.9572369,49.1758113],[-125.9572838,49.1757874],[-125.9573371,49.1757702],[-125.9573947,49.1757603],[-125.9575151,49.1757561],[-125.9596091,49.1758215],[-125.95982,49.175816],[-125.9600261,49.1757863],[-125.960221,49.1757335],[-125.96391805802992,49.17447297724315],[-125.96509884036615,49.169098381781666],[-125.9650477,49.1690749],[-125.9650064,49.1690461],[-125.964975,49.1690124],[-125.9649548,49.1689752],[-125.9649384,49.1688957],[-125.9648802,49.1676828],[-125.9648467,49.1675216],[-125.9647629,49.1673683],[-125.964377,49.1668421],[-125.964335,49.1667648],[-125.964327,49.1667248],[-125.9643319,49.1666846],[-125.9643496,49.1666459],[-125.96441,49.1665741],[-125.9649604,49.1660566],[-125.9650766,49.1659202],[-125.9651491,49.1657714],[-125.9651751,49.1656162],[-125.9651536,49.1654607],[-125.9650853,49.1653111],[-125.9649732,49.1651733],[-125.9622346,49.1624921],[-125.962178,49.1624221],[-125.9621613,49.1623847],[-125.9621565,49.1623458],[-125.9621639,49.162307],[-125.9622028,49.1622321],[-125.9625026,49.1618039],[-125.9625623,49.1617371],[-125.9626011,49.1617086],[-125.9626477,49.1616857],[-125.9627004,49.1616692],[-125.9628152,49.1616504],[-125.9645957,49.1614781],[-125.9648322,49.1614387],[-125.9650516,49.1613689],[-125.9652449,49.1612715],[-125.9654041,49.1611505],[-125.9655971,49.1609694],[-125.965713,49.1608336],[-125.9657856,49.1606855],[-125.9658122,49.1605309],[-125.9657915,49.160376],[-125.9657245,49.1602268],[-125.9656138,49.1600891],[-125.9654638,49.1599685],[-125.9652803,49.1598695],[-125.9641703,49.1593835],[-125.9640832,49.159337],[-125.9640476,49.1593092],[-125.9640205,49.1592776],[-125.9639852,49.1592078],[-125.96384648370623,49.158813186631726],[-125.9573946,49.1588199],[-125.957325,49.158816],[-125.9573,49.158772],[-125.953741,49.150249],[-125.953728,49.150201],[-125.953768,49.1501619],[-125.9751871,49.1331819],[-125.975243,49.133146],[-125.975318,49.133158],[-126.0367635,49.1470013],[-126.1022078,49.161746],[-126.102266,49.161763],[-126.102307,49.161802],[-126.110482,49.171057],[-126.110512,49.1711]],[[-126.0568,49.324],[-126.0323,49.3065],[-126.0526,49.3042],[-126.0568,49.324]],[[-125.966,50.4424],[-125.7958,50.4763],[-125.7337,50.4279],[-125.7898,50.4093],[-125.9268,50.4141],[-125.966,50.4424]],[[-125.9437,49.1473],[-125.9338,49.1425],[-125.9404,49.1299],[-125.9437,49.1473]],[[-125.9406,49.1594],[-125.9251,49.1619],[-125.9287,49.1529],[-125.9406,49.1594]],[[-125.9341776,49.2232995],[-125.9341608,49.2233652],[-125.934085,49.223491],[-125.9333969,49.2243556],[-125.9332948,49.2244586],[-125.9332307,49.2245024],[-125.933155,49.2245375],[-125.9330706,49.2245627],[-125.9329805,49.224577],[-125.9327928,49.2245831],[-125.9268164,49.2244064],[-125.9264268,49.2244197],[-125.9260485,49.2244823],[-125.9256961,49.2245917],[-125.925383,49.2247437],[-125.9242803,49.2253974],[-125.9241197,49.2254748],[-125.9240304,49.2255019],[-125.9239347,49.2255168],[-125.9238363,49.2255188],[-125.9237393,49.225508],[-125.9236476,49.2254847],[-125.9235648,49.2254498],[-125.9234221,49.2253587],[-125.9230955,49.2251034],[-125.922792,49.2249115],[-125.9224334,49.2247656],[-125.9220359,49.2246723],[-125.9216172,49.2246355],[-125.9211961,49.2246571],[-125.9199506,49.2248087],[-125.9197515,49.2248195],[-125.9196537,49.2248119],[-125.9195602,49.2247917],[-125.9194747,49.2247597],[-125.9194009,49.2247171],[-125.9193765,49.2246959],[-125.9191123,49.2245084],[-125.9187972,49.2243579],[-125.9184435,49.2242503],[-125.91839197301077,49.224242063293204],[-125.91681669001444,49.22427796717916],[-125.9167255,49.2243012],[-125.9163817,49.2244476],[-125.9160909,49.2246368],[-125.9159815,49.2247243],[-125.9159149,49.2247616],[-125.9158391,49.2247905],[-125.9157566,49.2248102],[-125.9155817,49.2248299],[-125.9131499,49.22496],[-125.9127839,49.2250023],[-125.9124362,49.225088],[-125.9071854,49.2267625],[-125.906986,49.2268096],[-125.9068825,49.2268186],[-125.9067785,49.2268131],[-125.9065756,49.2267727],[-125.9018006,49.2254433],[-125.9014429,49.2253688],[-125.9010701,49.2253393],[-125.9006955,49.2253558],[-125.9003322,49.2254178],[-125.899993,49.2255232],[-125.8996901,49.2256681],[-125.899434,49.2258474],[-125.8992338,49.2260549],[-125.8990966,49.2262832],[-125.8990272,49.2265242],[-125.8988702,49.2276394],[-125.8987755,49.2279026],[-125.8977407,49.2296459],[-125.8976308,49.2299109],[-125.8976083,49.230185],[-125.8976741,49.2304562],[-125.8978253,49.2307124],[-125.8984673,49.2315308],[-125.8985416,49.2316563],[-125.8985579,49.2317217],[-125.8985532,49.2317878],[-125.8985277,49.231852],[-125.8984824,49.2319112],[-125.8983545,49.2320166],[-125.8982157,49.2321093],[-125.8979609,49.2323186],[-125.8977768,49.2325573],[-125.8976711,49.2328156],[-125.8976482,49.2330825],[-125.897709,49.2333468],[-125.897851,49.2335975],[-125.8980684,49.2338241],[-125.8983518,49.2340169],[-125.8986895,49.234168],[-125.8989041,49.2342442],[-125.8989756,49.2342826],[-125.8990349,49.234329],[-125.8991257,49.234436],[-125.9003789,49.2363111],[-125.9004387,49.2364313],[-125.90045,49.2364932],[-125.9004427,49.2365553],[-125.9004172,49.2366153],[-125.9003743,49.236671],[-125.9003157,49.2367202],[-125.9001695,49.2368029],[-125.8978134,49.2378941],[-125.8974868,49.2380836],[-125.8972311,49.2383148],[-125.8970585,49.2385768],[-125.8969771,49.238857],[-125.8969651,49.2389571],[-125.8969355,49.2390716],[-125.8969056,49.2391256],[-125.8968615,49.2391752],[-125.8968046,49.2392189],[-125.8966672,49.2392926],[-125.895132,49.2399749],[-125.894918,49.2400469],[-125.8946365,49.2400903],[-125.894276,49.2401703],[-125.8939453,49.2402934],[-125.8936563,49.2404552],[-125.8934196,49.2406499],[-125.8932437,49.2408703],[-125.893135,49.2411085],[-125.89311,49.2411915],[-125.8930747,49.2412483],[-125.8930235,49.2412996],[-125.8928914,49.2413888],[-125.8922404,49.2417514],[-125.8920999,49.2418168],[-125.8920229,49.2418408],[-125.8919407,49.2418558],[-125.891769,49.2418669],[-125.8875778,49.2418986],[-125.887196,49.2419255],[-125.8868291,49.2419997],[-125.8864907,49.2421183],[-125.8861933,49.2422769],[-125.8857661,49.2425536],[-125.8856047,49.2426382],[-125.8855138,49.2426682],[-125.8854153,49.2426853],[-125.8853135,49.2426886],[-125.8852129,49.2426781],[-125.8850197,49.2426295],[-125.8842128,49.2423606],[-125.8842116,49.242362],[-125.8840045,49.2422919],[-125.8836559,49.2422227],[-125.8832939,49.2421958],[-125.8829304,49.2422124],[-125.8825775,49.2422717],[-125.8823691,49.2423204],[-125.8822744,49.2423296],[-125.8821787,49.2423266],[-125.8820858,49.2423115],[-125.8819991,49.2422849],[-125.881922,49.2422477],[-125.8818575,49.2422016],[-125.8818079,49.2421481],[-125.8817726,49.2420847],[-125.881616,49.2418676],[-125.8814011,49.2416729],[-125.8811352,49.2415072],[-125.8808274,49.2413761],[-125.880488,49.241284],[-125.8801286,49.2412341],[-125.8797755,49.2412068],[-125.8794176,49.2412003],[-125.8790636,49.2412355],[-125.878725,49.2413114],[-125.8752524,49.2423249],[-125.875091,49.2423615],[-125.8750076,49.2423705],[-125.8748367,49.2423694],[-125.8679479,49.2419378],[-125.867512,49.2419416],[-125.8670878,49.242007],[-125.8666955,49.2421309],[-125.8642013,49.2431513],[-125.864021,49.2432094],[-125.8639252,49.2432257],[-125.8638263,49.2432291],[-125.8637283,49.2432195],[-125.8636354,49.2431971],[-125.8634465,49.2431206],[-125.8630836,49.2430049],[-125.8626925,49.2429392],[-125.8622891,49.2429262],[-125.86189,49.2429664],[-125.8616296,49.2430295],[-125.8614718,49.2430558],[-125.8613713,49.2430587],[-125.8612719,49.2430481],[-125.8611048,49.243006],[-125.8609462,49.2429516],[-125.8606043,49.2428814],[-125.8602487,49.2428521],[-125.8598908,49.2428648],[-125.8597708,49.2428835],[-125.8595686,49.2428994],[-125.8594692,49.2428939],[-125.8593737,49.2428753],[-125.8592048,49.2428162],[-125.8588668,49.2427226],[-125.8585082,49.2426711],[-125.8581413,49.2426632],[-125.8577783,49.2426993],[-125.8574316,49.2427781],[-125.8573152,49.2428126],[-125.8572161,49.242827],[-125.8571146,49.2428278],[-125.8570151,49.2428148],[-125.8568258,49.2427618],[-125.854134,49.2417816],[-125.8538254,49.2416906],[-125.8534976,49.241635],[-125.8531602,49.2416162],[-125.8482314,49.2416162],[-125.84807,49.2416076],[-125.8479129,49.241582],[-125.8414381,49.2401535],[-125.8410909,49.2400989],[-125.8407343,49.2400855],[-125.8379155,49.2401442],[-125.8377378,49.2401375],[-125.8376522,49.240124],[-125.8375717,49.2401008],[-125.8374244,49.2400356],[-125.8348296,49.2386509],[-125.834518,49.2385143],[-125.8341727,49.2384181],[-125.833806,49.2383658],[-125.8334308,49.2383592],[-125.8330604,49.2383985],[-125.8327077,49.2384823],[-125.8323852,49.2386077],[-125.8322635,49.2386658],[-125.8320971,49.23873],[-125.8320072,49.2387507],[-125.8319128,49.2387597],[-125.8317198,49.2387532],[-125.8268826,49.2382811],[-125.8265323,49.2382673],[-125.8261837,49.2382936],[-125.8258475,49.2383594],[-125.8255342,49.2384625],[-125.8246706,49.2388119],[-125.8244873,49.23887],[-125.82439,49.238886],[-125.8242897,49.2388887],[-125.8240887,49.2388669],[-125.8213147,49.2383702],[-125.8211472,49.2383293],[-125.8210712,49.2382997],[-125.8209365,49.2382228],[-125.8191967,49.2370338],[-125.8188702,49.2368539],[-125.8184927,49.2367234],[-125.8180813,49.2366482],[-125.8176549,49.2366319],[-125.809369,49.2368935],[-125.8092198,49.2368909],[-125.8090728,49.2368737],[-125.8035766,49.2359498],[-125.803152,49.2359095],[-125.7981411,49.2357887],[-125.7979265,49.235768],[-125.7978269,49.2357431],[-125.797738,49.2357046],[-125.7975875,49.2356026],[-125.7971525,49.2352346],[-125.796917,49.2350676],[-125.7966407,49.2349298],[-125.7963321,49.2348254],[-125.7934025,49.2340366],[-125.7932268,49.2339752],[-125.7931512,49.2339342],[-125.7931384,49.2339238],[-125.792878,49.2337487],[-125.7925723,49.2336084],[-125.792232,49.2335076],[-125.7918689,49.23345],[-125.7914957,49.2334376],[-125.7911254,49.2334707],[-125.7907711,49.2335482],[-125.7904451,49.2336675],[-125.7901588,49.2338243],[-125.7899222,49.2340132],[-125.7898088,49.2341233],[-125.7897425,49.2341668],[-125.7896646,49.2342012],[-125.7895782,49.2342252],[-125.7894862,49.2342381],[-125.7893923,49.2342392],[-125.7892997,49.2342287],[-125.7891218,49.2341843],[-125.7885462,49.2339976],[-125.7883977,49.2339384],[-125.7882588,49.2338582],[-125.7879626,49.2337166],[-125.7876318,49.2336128],[-125.7872774,49.2335502],[-125.7869115,49.2335311],[-125.7865465,49.2335559],[-125.7861945,49.2336239],[-125.7858675,49.2337328],[-125.7856175,49.233836],[-125.7855235,49.233859],[-125.7853222,49.2338792],[-125.7812122,49.2340127],[-125.781019,49.2340066],[-125.7809264,49.2339916],[-125.78084,49.2339652],[-125.780684,49.2338905],[-125.7787032,49.2327319],[-125.7785209,49.2326044],[-125.7746601,49.229366],[-125.7745649,49.2292696],[-125.7745314,49.2292172],[-125.7744932,49.2291053],[-125.7739802,49.2265569],[-125.7739069,49.2263391],[-125.7737779,49.2261327],[-125.773597,49.2259435],[-125.7725869,49.2250649],[-125.7724895,49.2249612],[-125.7724569,49.2249051],[-125.7724245,49.2247853],[-125.7724219,49.2247644],[-125.772355,49.2245193],[-125.772218,49.224287],[-125.772016,49.2240759],[-125.7717563,49.2238937],[-125.7714484,49.223747],[-125.7711034,49.2236412],[-125.7709579,49.2236072],[-125.7708703,49.2235717],[-125.770796,49.223525],[-125.770679,49.2234115],[-125.7699595,49.2225232],[-125.7698918,49.2224183],[-125.7698727,49.2223634],[-125.7698644,49.2222498],[-125.769963,49.2206316],[-125.7699453,49.2203989],[-125.7698645,49.2201719],[-125.7693376,49.2191257],[-125.7692942,49.2189958],[-125.7692932,49.2189303],[-125.7693322,49.218802],[-125.7693787,49.2187064],[-125.7694237,49.2184649],[-125.7693993,49.2182222],[-125.7693063,49.2179866],[-125.7692148,49.2178204],[-125.7692002,49.2177622],[-125.7692023,49.2177032],[-125.76924,49.2175863],[-125.7704747,49.2149739],[-125.7705515,49.2147318],[-125.7705572,49.2144847],[-125.7704914,49.2142413],[-125.7703564,49.2140103],[-125.7701573,49.2138001],[-125.7698467,49.2135328],[-125.7697376,49.2134145],[-125.769704,49.2133502],[-125.7696797,49.213213],[-125.7696566,49.2114104],[-125.769619,49.2111691],[-125.7695137,49.2109365],[-125.7693443,49.2107206],[-125.7678794,49.2092172],[-125.7677942,49.2091082],[-125.7677683,49.2090502],[-125.7677506,49.2089283],[-125.7677506,49.2081836],[-125.7677181,49.2079491],[-125.7676216,49.2077222],[-125.7675769,49.2076449],[-125.767561,49.2075861],[-125.7675621,49.2075264],[-125.7675801,49.2074678],[-125.7676027,49.2074315],[-125.7677146,49.2071822],[-125.7677487,49.2069233],[-125.7677036,49.2066652],[-125.7675812,49.206418],[-125.7675202,49.2063269],[-125.7674619,49.2062115],[-125.7674498,49.206152],[-125.767455,49.2060921],[-125.7674772,49.2060338],[-125.7675321,49.205956],[-125.7676628,49.205707],[-125.7677144,49.2054459],[-125.7676848,49.2051834],[-125.7675752,49.2049302],[-125.76739,49.2046964],[-125.7672829,49.2045893],[-125.7671837,49.2044609],[-125.7671303,49.2043213],[-125.7666984,49.2022181],[-125.7666918,49.2020887],[-125.766708,49.2020258],[-125.766743,49.2019662],[-125.7667954,49.2019124],[-125.7668632,49.2018664],[-125.7670262,49.2017928],[-125.7679182,49.2014711],[-125.7682419,49.2013256],[-125.7685156,49.2011414],[-125.7687289,49.2009258],[-125.7688735,49.2006871],[-125.7689437,49.2004345],[-125.7689368,49.2001778],[-125.7688532,49.1999269],[-125.7686961,49.1996916],[-125.7684715,49.199481],[-125.7676321,49.1988391],[-125.7675239,49.1987384],[-125.7674858,49.198683],[-125.7674644,49.1986239],[-125.7674564,49.198501],[-125.767518,49.1977342],[-125.7674947,49.1974561],[-125.7673817,49.1971875],[-125.7671839,49.1969406],[-125.7668083,49.1965735],[-125.7667181,49.1964638],[-125.7666903,49.1964051],[-125.7666801,49.1963441],[-125.7666879,49.1962828],[-125.7667135,49.1962237],[-125.7667559,49.1961689],[-125.7668726,49.1960705],[-125.7677486,49.1954634],[-125.7678973,49.195379],[-125.7679817,49.1953477],[-125.7680964,49.195323],[-125.7684601,49.1952176],[-125.7687846,49.1950671],[-125.769057,49.1948775],[-125.7692665,49.1946564],[-125.7693987,49.1944796],[-125.7695352,49.1943682],[-125.7710884,49.1933541],[-125.7712373,49.1932742],[-125.771321,49.1932447],[-125.7714119,49.1932264],[-125.7715064,49.19322],[-125.7716011,49.1932255],[-125.7716924,49.193243],[-125.7717767,49.1932716],[-125.7718511,49.1933103],[-125.7719125,49.1933577],[-125.7719588,49.193412],[-125.7720184,49.1935317],[-125.7720548,49.1936395],[-125.7721698,49.1938731],[-125.7723498,49.1940886],[-125.7725883,49.1942782],[-125.772877,49.1944353],[-125.7751377,49.1954463],[-125.7754257,49.1955534],[-125.7757369,49.1956278],[-125.7760627,49.1956676],[-125.7781764,49.1958085],[-125.7783796,49.1958363],[-125.778473,49.1958633],[-125.7785558,49.1959024],[-125.7786244,49.1959519],[-125.7786756,49.1960097],[-125.7787074,49.1960732],[-125.7787294,49.196208],[-125.7787348,49.1988555],[-125.7787728,49.1991068],[-125.778884,49.1993486],[-125.7790645,49.1995719],[-125.7793074,49.1997683],[-125.7796036,49.1999304],[-125.7799421,49.2000523],[-125.7803101,49.2001292],[-125.7806939,49.2001584],[-125.7810792,49.2001388],[-125.7813151,49.2001116],[-125.7814157,49.2001137],[-125.7815136,49.2001292],[-125.7815675,49.200146],[-125.7819664,49.2002378],[-125.782386,49.2002726],[-125.7828074,49.2002489],[-125.7828649,49.2002416],[-125.7830622,49.2002426],[-125.7844267,49.2003382],[-125.784634,49.2003676],[-125.7847289,49.2003959],[-125.7848987,49.200479],[-125.7877756,49.2022297],[-125.7880951,49.2023882],[-125.7884567,49.2025018],[-125.7888457,49.2025658],[-125.7892464,49.2025778],[-125.7896427,49.2025372],[-125.7900186,49.2024456],[-125.7903589,49.2023068],[-125.7906499,49.2021264],[-125.7908799,49.2019116],[-125.7910395,49.2016711],[-125.7911223,49.2014147],[-125.7913023,49.2003234],[-125.7913463,49.2001903],[-125.7913884,49.2001292],[-125.7915116,49.2000196],[-125.7930721,49.1988997],[-125.7932229,49.1988115],[-125.7933091,49.1987788],[-125.7934037,49.1987582],[-125.7936047,49.1987428],[-125.7942791,49.1987363],[-125.7946496,49.19871],[-125.795006,49.1986392],[-125.7953362,49.1985264],[-125.7956285,49.1983754],[-125.7958728,49.1981916],[-125.7960607,49.1979813],[-125.7961854,49.1977519],[-125.7962428,49.1975114],[-125.7962308,49.197268],[-125.7962038,49.1971888],[-125.7961708,49.196982],[-125.7961708,49.1961588],[-125.7961216,49.195871],[-125.7959766,49.1955974],[-125.7938116,49.1926283],[-125.7937455,49.1925085],[-125.7937311,49.1924464],[-125.7937357,49.1923837],[-125.7937588,49.1923227],[-125.7937998,49.1922659],[-125.793857,49.1922154],[-125.7939281,49.1921732],[-125.7940106,49.1921409],[-125.794176,49.1921022],[-125.7943898,49.1920675],[-125.7947368,49.1919621],[-125.7950466,49.1918155],[-125.795308,49.1916329],[-125.7955112,49.191421],[-125.7956489,49.1911878],[-125.795716,49.1909416],[-125.79571,49.1906916],[-125.7956312,49.1904469],[-125.7954825,49.1902166],[-125.7952692,49.190009],[-125.7949993,49.1898318],[-125.7946826,49.1896915],[-125.7943308,49.1895933],[-125.7941726,49.1895604],[-125.7939932,49.1895099],[-125.7939139,49.1894742],[-125.7938469,49.189429],[-125.7937947,49.1893762],[-125.793723,49.1892575],[-125.7931687,49.1879853],[-125.793133,49.1878514],[-125.7931369,49.1877846],[-125.7931879,49.1876528],[-125.7934304,49.1872226],[-125.7935073,49.1871167],[-125.7935591,49.1870697],[-125.793623,49.1870296],[-125.7936969,49.1869976],[-125.7937784,49.1869748],[-125.7939533,49.1869488],[-125.7943582,49.1869134],[-125.7947561,49.1868509],[-125.7951261,49.1867368],[-125.7954528,49.1865757],[-125.7957223,49.1863745],[-125.7959234,49.1861416],[-125.7960477,49.1858868],[-125.7960898,49.1856207],[-125.7960481,49.1853547],[-125.7958126,49.1846135],[-125.7957919,49.1844783],[-125.7958032,49.1844119],[-125.7958354,49.1843484],[-125.7958514,49.1843306],[-125.7960239,49.1840817],[-125.7961133,49.1838148],[-125.7961158,49.1835415],[-125.7960311,49.1832739],[-125.7958631,49.1830238],[-125.7918824,49.1784642],[-125.7918065,49.178355],[-125.7917849,49.1782974],[-125.7917799,49.1782383],[-125.7917915,49.1781795],[-125.7918195,49.1781231],[-125.791863,49.1780711],[-125.7919789,49.1779782],[-125.7931754,49.1771827],[-125.7934002,49.1770039],[-125.7935732,49.176802],[-125.7936889,49.1765833],[-125.7937437,49.1763547],[-125.7938071,49.1757334],[-125.793795,49.1754789],[-125.7937075,49.1752308],[-125.793548,49.1749985],[-125.7934229,49.1748833],[-125.7933327,49.1747794],[-125.7933024,49.1747191],[-125.793291,49.174656],[-125.7932988,49.1745927],[-125.7933532,49.1744689],[-125.7943121,49.1728957],[-125.7944216,49.1726464],[-125.7944536,49.1723879],[-125.7944066,49.1721303],[-125.7927822,49.1673375],[-125.7927594,49.1672227],[-125.7927682,49.167107],[-125.7936582,49.162951],[-125.7936906,49.1628435],[-125.7942563678501,49.161401192546],[-125.79330801522092,49.15557672681515],[-125.7932311,49.1555789],[-125.7931333,49.1555685],[-125.7930406,49.1555454],[-125.792957,49.1555106],[-125.7928859,49.1554654],[-125.7927728,49.1553565],[-125.7920141,49.1544371],[-125.7919433,49.1543289],[-125.7919237,49.1542722],[-125.79192,49.1542141],[-125.7919325,49.1541565],[-125.7919768,49.1540695],[-125.7921045,49.153871],[-125.7921829,49.1536026],[-125.792174,49.1533294],[-125.7920784,49.1530634],[-125.7919001,49.1528163],[-125.7917006,49.1526448],[-125.7916245,49.1525672],[-125.7915905,49.152512],[-125.7915726,49.1524537],[-125.7915702,49.1523334],[-125.7918546,49.1500208],[-125.7918916,49.1498899],[-125.7919296,49.1498293],[-125.7919858,49.149775],[-125.7921317,49.1496823],[-125.7938577,49.1487917],[-125.7940135,49.1487258],[-125.7940983,49.1487032],[-125.7941881,49.1486913],[-125.7942797,49.1486906],[-125.7943699,49.148701],[-125.7945434,49.148744],[-125.79499026643056,49.148887214060515],[-125.80786357311658,49.14335680432898],[-125.807866,49.1433296],[-125.8078999,49.1431953],[-125.8079373,49.1431329],[-125.8080521,49.1430194],[-125.8087725,49.1424481],[-125.8090558,49.1422751],[-125.8094226,49.1421036],[-125.8097271,49.141928],[-125.8099709,49.1417156],[-125.810144,49.1414754],[-125.8102392,49.1412172],[-125.8102524,49.1409517],[-125.8101832,49.14069],[-125.8100345,49.1404429],[-125.8098124,49.1402206],[-125.809526,49.1400323],[-125.8091874,49.1398858],[-125.8088104,49.1397873],[-125.8084107,49.1397407],[-125.8080049,49.139748],[-125.8076588,49.1397775],[-125.8072666,49.1398378],[-125.8069008,49.1399484],[-125.8065765,49.1401049],[-125.8039558,49.1416597],[-125.8038038,49.1417338],[-125.8037195,49.1417604],[-125.803629,49.141776],[-125.8035356,49.1417801],[-125.8034427,49.1417724],[-125.8032625,49.1417338],[-125.7989055,49.1404862],[-125.798726,49.1404194],[-125.79865,49.1403753],[-125.7985273,49.1402666],[-125.7908289,49.1316996],[-125.7907485,49.1315863],[-125.7907259,49.1315265],[-125.7907165,49.1314018],[-125.7907667,49.1307034],[-125.7907502,49.1304637],[-125.7906669,49.13023],[-125.7905197,49.1300103],[-125.7904149,49.1299095],[-125.7904197,49.1299075],[-125.7902475,49.1297372],[-125.7902101,49.1296751],[-125.7901933,49.1296092],[-125.7901979,49.1295425],[-125.79025,49.1294112],[-125.7907373,49.128562],[-125.7908388,49.1283125],[-125.7908632,49.1280548],[-125.7907961,49.1268781],[-125.7908143,49.1267284],[-125.7908847,49.1265854],[-125.7916373,49.1255062],[-125.7917841,49.1252016],[-125.7918134,49.1248828],[-125.7916087,49.1227452],[-125.7916159,49.1226166],[-125.7916386,49.1225549],[-125.7916794,49.1224973],[-125.7917367,49.1224462],[-125.7918084,49.1224034],[-125.7918916,49.1223708],[-125.7920769,49.1223277],[-125.7921608,49.1223142],[-125.7925222,49.122231],[-125.7928527,49.1221041],[-125.79314,49.1219382],[-125.7933735,49.1217394],[-125.7935446,49.1215151],[-125.7936469,49.1212735],[-125.7936791,49.121154],[-125.7937135,49.1210958],[-125.7937647,49.1210431],[-125.7938304,49.1209978],[-125.7939084,49.1209618],[-125.7940851,49.1209103],[-125.7956981,49.1205589],[-125.7958701,49.1205323],[-125.7959574,49.1205292],[-125.7960441,49.1205363],[-125.7962129,49.1205708],[-125.7998774,49.1215633],[-125.8000535,49.1216253],[-125.8002069,49.1217091],[-125.8046473,49.1246811],[-125.8049527,49.1248483],[-125.8053028,49.1249724],[-125.8056837,49.1250486],[-125.8071935,49.1252452],[-125.8074117,49.1252914],[-125.8076077,49.1253692],[-125.80812726260622,49.125633764305945],[-125.81517716613811,49.12697660307392],[-125.8151925,49.1269327],[-125.8152064,49.1266883],[-125.8151503,49.1264465],[-125.8145809,49.1249535],[-125.8145523,49.1248231],[-125.8145583,49.1247582],[-125.8145843,49.1246956],[-125.8146291,49.1246376],[-125.8146908,49.1245868],[-125.814767,49.1245452],[-125.8148545,49.1245145],[-125.8150476,49.1244771],[-125.8184242,49.1240609],[-125.8186123,49.1240497],[-125.818705,49.1240558],[-125.8187944,49.1240733],[-125.818877,49.1241016],[-125.8189499,49.1241396],[-125.8190727,49.1242335],[-125.8195688,49.1246959],[-125.8198512,49.1249067],[-125.8201958,49.1250732],[-125.8205868,49.1251876],[-125.8213957,49.1253589],[-125.821582,49.1254128],[-125.8216635,49.125451],[-125.8217314,49.1254994],[-125.8217827,49.1255558],[-125.8218489,49.1256818],[-125.8222121,49.1267071],[-125.8223375,49.1269498],[-125.822533,49.1271717],[-125.8227909,49.1273644],[-125.8231014,49.1275204],[-125.8231486,49.1275396],[-125.8234927,49.1276512],[-125.8277958,49.1287226],[-125.8283437,49.1288036],[-125.8343032,49.1291197],[-125.8344933,49.1291421],[-125.8345821,49.1291649],[-125.8346624,49.1291985],[-125.8348019,49.129286],[-125.83729751214278,49.131190002312906],[-125.84817685754227,49.13326225857948],[-125.848384,49.1331904],[-125.8485549,49.1331439],[-125.8486444,49.1331316],[-125.8487359,49.1331303],[-125.848826,49.1331403],[-125.8489118,49.133161],[-125.8489902,49.1331918],[-125.849068,49.1332371],[-125.8493467,49.1334278],[-125.8495748384392,49.133528540655085],[-125.85068292774585,49.13373960528492],[-125.8530154,49.1338307],[-125.8532006,49.1338495],[-125.8532878,49.1338699],[-125.8533675,49.1339007],[-125.853437,49.1339407],[-125.8534937,49.1339886],[-125.8535786,49.134098],[-125.8541923,49.1351178],[-125.85421405341383,49.13516585364777],[-125.87043841900211,49.14923193207064],[-125.8707733,49.1491919],[-125.870988,49.1491818],[-125.8710927,49.1491918],[-125.8711916,49.1492165],[-125.8713715,49.1492938],[-125.8724562,49.1498799],[-125.8725865,49.1499648],[-125.872638,49.1500137],[-125.8726747,49.1500681],[-125.8727168,49.1501851],[-125.8729443,49.1512568],[-125.87302327902692,49.15147293456922],[-125.87383864727947,49.15217983640285],[-125.8751007,49.1528191],[-125.8752536,49.1529154],[-125.8753116,49.1529722],[-125.8753499,49.1530357],[-125.8753838,49.1531727],[-125.8756134,49.1560048],[-125.8756071,49.15612],[-125.8755886,49.1561756],[-125.8755306,49.1562675],[-125.87541,49.1564219],[-125.8753038,49.1566634],[-125.8752705,49.1569137],[-125.8753111,49.1571636],[-125.8755996,49.1580837],[-125.8756198,49.158206],[-125.8756121,49.1582666],[-125.8755871,49.1583251],[-125.8755456,49.1583795],[-125.8754892,49.1584278],[-125.8754199,49.1584682],[-125.8752584,49.1585313],[-125.8741067,49.158889],[-125.8739361,49.1589299],[-125.8738475,49.1589398],[-125.8737577,49.1589389],[-125.8736696,49.1589273],[-125.873416,49.1588607],[-125.8734149,49.1588623],[-125.8731211,49.1587882],[-125.8727055,49.1587452],[-125.8722853,49.1587602],[-125.8718793,49.1588325],[-125.8715054,49.1589588],[-125.8711804,49.1591336],[-125.8704108,49.1596454],[-125.8702699,49.1597232],[-125.8701907,49.1597525],[-125.8701045,49.1597717],[-125.8700144,49.1597802],[-125.8699234,49.1597776],[-125.8698347,49.1597641],[-125.8697514,49.15974],[-125.8695994,49.1596719],[-125.8684001,49.1590188],[-125.8680442,49.158864],[-125.8676461,49.1587623],[-125.867224,49.1587184],[-125.8657383,49.1586692],[-125.8655355,49.1586486],[-125.8654409,49.1586252],[-125.8653557,49.1585896],[-125.865334,49.1585756],[-125.8650179,49.15841],[-125.8646571,49.1582896],[-125.8642950628085,49.158224533407974],[-125.86189733451815,49.15938316721271],[-125.8617692,49.159582],[-125.8617694,49.159582],[-125.861719,49.1596471],[-125.8616132,49.1598995],[-125.8615865,49.1601606],[-125.86164,49.1604199],[-125.8617715,49.160667],[-125.8619759,49.1608921],[-125.8622447,49.1610859],[-125.8625342,49.1612565],[-125.8626605,49.1613464],[-125.862709,49.1613977],[-125.8627758,49.1615117],[-125.8632478,49.162619],[-125.8632791,49.1627273],[-125.863282,49.1628374],[-125.8631209,49.1643869],[-125.863126,49.1646039],[-125.8631861,49.1648174],[-125.8632995,49.1650215],[-125.8650833,49.1675528],[-125.8651556,49.1676991],[-125.8651731,49.1678525],[-125.8649581,49.1709749],[-125.8649721,49.1711988],[-125.8650445,49.1714178],[-125.8651732,49.1716255],[-125.8660618,49.1727669],[-125.8661307,49.172881],[-125.8661479,49.1729405],[-125.8661475,49.1730632],[-125.8658946,49.1747585],[-125.8658657,49.174863],[-125.8658111,49.174963],[-125.8656594,49.1751825],[-125.8655395,49.1754098],[-125.8654854,49.1756476],[-125.8654989,49.1758879],[-125.8655797,49.1761224],[-125.8657249,49.1763433],[-125.8659296,49.1765431],[-125.866187,49.1767149],[-125.8661916,49.1767174],[-125.8662512,49.1767665],[-125.866295,49.1768221],[-125.8663214,49.1768822],[-125.8663294,49.1769446],[-125.8663076,49.1770707],[-125.8663071,49.1770722],[-125.8662632,49.1773473],[-125.8663089,49.1776223],[-125.8664423,49.1778848],[-125.8665132,49.1779868],[-125.8665351,49.1780479],[-125.8665384,49.1781106],[-125.8665228,49.1781725],[-125.8664891,49.1782313],[-125.8664384,49.1782846],[-125.8662384,49.1784244],[-125.8662403,49.1784255],[-125.8660543,49.1785558],[-125.8658465,49.1787762],[-125.8657093,49.179019],[-125.8656482,49.1792748],[-125.8656655,49.1795334],[-125.8657606,49.1797847],[-125.8659297,49.1800188],[-125.8661662,49.1802265],[-125.8678564,49.1814383],[-125.8679821,49.1815506],[-125.8680244,49.1816132],[-125.8680453,49.1816803],[-125.8680439,49.1817487],[-125.8679954,49.1818842],[-125.8675415,49.182731],[-125.8674653,49.1828398],[-125.8674132,49.1828881],[-125.8673484,49.1829293],[-125.8672732,49.1829621],[-125.86719,49.1829853],[-125.8671017,49.1829981],[-125.8669188,49.1830022],[-125.8665551,49.1829882],[-125.8661791,49.1829971],[-125.8658123,49.1830518],[-125.8654677,49.1831506],[-125.8651577,49.1832899],[-125.8648931,49.1834647],[-125.8646834,49.1836689],[-125.864536,49.1838951],[-125.8644561,49.1841355],[-125.8644467,49.1843813],[-125.8644478,49.1843914],[-125.8644334,49.1844575],[-125.8643984,49.1845203],[-125.864344,49.1845769],[-125.8641995,49.1846743],[-125.8628686,49.1854009],[-125.8625588,49.1856129],[-125.8623293,49.1858648],[-125.8603962,49.1886587],[-125.860261,49.1889297],[-125.860219,49.1892135],[-125.8602723,49.1894965],[-125.8604184,49.1897651],[-125.8618985,49.1917628],[-125.8619635,49.1918765],[-125.861979,49.1919355],[-125.8619774,49.1919954],[-125.8619397,49.1921142],[-125.8615268,49.1929927],[-125.8613977,49.1931929],[-125.861273,49.1934664],[-125.8612424,49.1937511],[-125.8613071,49.1940333],[-125.8614642,49.1942996],[-125.8615347,49.1943886],[-125.8615869,49.1944997],[-125.8618978,49.1954589],[-125.8619193,49.1955868],[-125.8619106,49.1956501],[-125.861883,49.1957109],[-125.8617908,49.1958247],[-125.8609663,49.1966352],[-125.8607693,49.1968826],[-125.8606574,49.1971518],[-125.8604307,49.1980789],[-125.8603712,49.1982189],[-125.8603193,49.1982817],[-125.8601726,49.1983908],[-125.8591787,49.198981],[-125.8589236,49.1991642],[-125.8587261,49.1993756],[-125.8585933,49.1996076],[-125.8585299,49.1998518],[-125.8585383,49.2000994],[-125.8586182,49.2003415],[-125.8587119,49.2004855],[-125.8587598,49.2005884],[-125.8587784,49.2007188],[-125.85877,49.2013724],[-125.8587516,49.2014916],[-125.8587261,49.2015484],[-125.858685,49.2016011],[-125.8586298,49.201648],[-125.8584933,49.201728],[-125.8573477,49.2022831],[-125.8571776,49.2023495],[-125.8570854,49.2023707],[-125.8569886,49.2023794],[-125.856891,49.2023755],[-125.8567967,49.2023589],[-125.8567092,49.2023305],[-125.85663454702868,49.20229249154444],[-125.8535419689956,49.20394975824159],[-125.8538334,49.2050258],[-125.853848,49.205161],[-125.8538339,49.2052271],[-125.853799,49.2052898],[-125.8537449,49.2053464],[-125.8536739,49.2053944],[-125.853502,49.2054702],[-125.8520873,49.2059617],[-125.8517811,49.2060929],[-125.8515167,49.2062584],[-125.851303,49.2064526],[-125.8491095,49.2088908],[-125.8489967,49.2089923],[-125.8489274,49.2090344],[-125.8488469,49.209067],[-125.8486182,49.2091235],[-125.8485227,49.2091406],[-125.8481717,49.2092551],[-125.8478618,49.2094123],[-125.8476048,49.209606],[-125.8474108,49.2098288],[-125.8472871,49.2100721],[-125.8470302,49.2108151],[-125.8469635,49.2109435],[-125.8469113,49.2110009],[-125.8468419,49.2110499],[-125.8467584,49.2110884],[-125.8465677,49.2111419],[-125.8450961,49.2114397],[-125.8448758,49.2114669],[-125.8447658,49.2114641],[-125.8445495,49.2114255],[-125.8431366,49.2110569],[-125.8429626,49.2109979],[-125.8428665,49.2109475],[-125.8425527,49.2108124],[-125.8422058,49.2107182],[-125.841838,49.2106681],[-125.8414623,49.2106638],[-125.8410921,49.2107056],[-125.84080246141185,49.210776671396516],[-125.83988081519917,49.21127056793154],[-125.8397635,49.2113544],[-125.8395321,49.2115558],[-125.8393643,49.2117824],[-125.8392661,49.2120258],[-125.8392414,49.2122771],[-125.839291,49.2125267],[-125.839413,49.2127655],[-125.839603,49.2129846],[-125.8398538,49.2131757],[-125.8401561,49.2133318],[-125.8401663,49.2133361],[-125.840338,49.2134276],[-125.840405,49.2134837],[-125.840499,49.2136149],[-125.8410217,49.2146249],[-125.8410657,49.2147485],[-125.8410687,49.2148111],[-125.8410531,49.2148729],[-125.8410193,49.2149315],[-125.8409168,49.2150393],[-125.8402644,49.2155952],[-125.8400562,49.2158146],[-125.8399181,49.2160566],[-125.8398557,49.2163116],[-125.8398714,49.2165696],[-125.8399646,49.2168205],[-125.8401316,49.2170546],[-125.8401888,49.2171177],[-125.8402721,49.2172346],[-125.8402949,49.2172964],[-125.8402986,49.2173599],[-125.8402829,49.2174226],[-125.8402485,49.2174821],[-125.8401686,49.2175653],[-125.8399782,49.2178226],[-125.839878,49.2181008],[-125.83987661660737,49.21817984705514],[-125.84122301229718,49.221213292765924],[-125.8413581,49.2213007],[-125.8414879,49.2214041],[-125.8415345,49.2214626],[-125.8415617,49.221526],[-125.8415754,49.2216594],[-125.84155806678183,49.22196817455666],[-125.84205325425717,49.22308383790471],[-125.842332,49.2232525],[-125.8426559,49.2233839],[-125.8430122,49.2234728],[-125.8441124,49.223671],[-125.8442681,49.2237084],[-125.8443394,49.2237351],[-125.8444677,49.2238037],[-125.8464564,49.2250633],[-125.8467791,49.2252292],[-125.8471469,49.2253486],[-125.8475444,49.2254163],[-125.8479546,49.2254295],[-125.8483603,49.2253877],[-125.8487444,49.2252925],[-125.8490905,49.2251481],[-125.8493841,49.2249605],[-125.8494573,49.2248891],[-125.8496109,49.2247654],[-125.8496836,49.2247257],[-125.8497667,49.2246959],[-125.8499496,49.2246578],[-125.85110035714969,49.22449616020123],[-125.85497001893198,49.21962082360546],[-125.8536485,49.2187417],[-125.8535324,49.2186487],[-125.853489,49.2185966],[-125.853461,49.2185402],[-125.8534494,49.2184813],[-125.8534546,49.2184221],[-125.8534987,49.2183056],[-125.8561001,49.2134245],[-125.8562514,49.2132206],[-125.8585614,49.2108536],[-125.8586937,49.2107455],[-125.8588583,49.2106582],[-125.8603165,49.2100409],[-125.8604885,49.2099828],[-125.8605803,49.2099654],[-125.8606754,49.20996],[-125.8607199,49.2099632],[-125.8611019,49.2099664],[-125.8614778,49.2099221],[-125.8618339,49.2098319],[-125.8621572,49.209699],[-125.8624359,49.2095283],[-125.8626597,49.2093261],[-125.8628206,49.2090997],[-125.8628866,49.2089256],[-125.8629361,49.2088345],[-125.8629842,49.2087813],[-125.8630471,49.2087351],[-125.8631223,49.2086977],[-125.8632072,49.2086705],[-125.8632984,49.2086543],[-125.8633928,49.20865],[-125.8635829,49.2086653],[-125.8644686,49.2087943],[-125.8648817,49.2088255],[-125.8652958,49.2088001],[-125.8656928,49.2087192],[-125.8660557,49.2085864],[-125.8661137,49.2085596],[-125.8662786,49.2084981],[-125.8663673,49.2084784],[-125.8664602,49.20847],[-125.8665538,49.2084734],[-125.8666447,49.2084884],[-125.8667296,49.2085144],[-125.866883,49.2085875],[-125.8688112,49.2097053],[-125.8689383,49.2097942],[-125.8690378,49.2098971],[-125.86922205043362,49.210134443650674],[-125.88067984093877,49.212367027829984],[-125.882451,49.2113601],[-125.8826257,49.2112805],[-125.8827225,49.2112543],[-125.8828256,49.2112422],[-125.8829303,49.2112447],[-125.8831365,49.2112794],[-125.8841313,49.2115239],[-125.8842928,49.2115749],[-125.8843644,49.211609],[-125.8844254,49.2116511],[-125.8844739,49.2116996],[-125.8845433,49.2118076],[-125.8849983,49.2127443],[-125.8851481,49.2129738],[-125.8853621,49.2131806],[-125.88557806622516,49.21332146143358],[-125.88718965903197,49.213635485031965],[-125.8874325,49.2136078],[-125.8877894,49.2135188],[-125.8878864,49.2134874],[-125.8880766,49.213441],[-125.8880979,49.2134389],[-125.8884865,49.2133732],[-125.8888471,49.213258],[-125.8891653,49.2130981],[-125.8894281,49.2128999],[-125.8896249,49.2126714],[-125.8897477,49.2124217],[-125.8897917,49.2121611],[-125.8897551,49.2119],[-125.8896393,49.2116489],[-125.889449,49.2114181],[-125.8891918,49.2112167],[-125.8890725,49.2111404],[-125.8889515,49.2110167],[-125.8874703,49.2090387],[-125.8873962,49.2089032],[-125.8873831,49.2088331],[-125.8874054,49.20869],[-125.8878315,49.2074027],[-125.8878898,49.2072836],[-125.8879354,49.2072295],[-125.8880429,49.2071453],[-125.8882495,49.2069499],[-125.8883985,49.2067334],[-125.8884849,49.2065027],[-125.888506,49.2062656],[-125.8884609,49.20603],[-125.8881097,49.2049813],[-125.8879741,49.2047163],[-125.8857725,49.2015791],[-125.8855488,49.2013348],[-125.8852492,49.201128],[-125.8848881,49.2009685],[-125.8844827,49.200864],[-125.8833993,49.2006709],[-125.8832247,49.2006279],[-125.883146,49.2005965],[-125.8830778,49.200556],[-125.8830223,49.2005079],[-125.8829816,49.2004539],[-125.8829571,49.2003958],[-125.8829496,49.2003358],[-125.8829595,49.2002759],[-125.8830139,49.2001592],[-125.8834618,49.1994463],[-125.8835828,49.199171],[-125.883609,49.198885],[-125.883539,49.1986023],[-125.8833763,49.1983363],[-125.8829219,49.19778],[-125.8827838,49.1975385],[-125.8814245,49.193663],[-125.8814001,49.1935417],[-125.8814054,49.1934814],[-125.881428,49.1934228],[-125.881467,49.193368],[-125.8815211,49.193319],[-125.8815883,49.1932775],[-125.881746,49.1932116],[-125.8848272,49.1921782],[-125.8850031,49.1921325],[-125.8850949,49.1921211],[-125.8851883,49.1921213],[-125.88528,49.1921331],[-125.8853666,49.192156],[-125.8855254,49.1922234],[-125.8864862,49.1927227],[-125.8868004,49.1928565],[-125.8871473,49.1929496],[-125.8875147,49.1929987],[-125.8878897,49.193002],[-125.888259,49.1929594],[-125.8886097,49.1928724],[-125.8889292,49.1927441],[-125.8892064,49.192579],[-125.8894315,49.192383],[-125.8895965,49.1921629],[-125.8903862,49.1907984],[-125.890479,49.1906777],[-125.8905426,49.1906258],[-125.8907023,49.1905401],[-125.8913354,49.1902673],[-125.8916347,49.1901093],[-125.8918821,49.1899166],[-125.8920684,49.1896965],[-125.8921866,49.1894572],[-125.8922324,49.1892075],[-125.892204,49.1889567],[-125.8921025,49.1887141],[-125.8909218,49.1866847],[-125.8908774,49.1865851],[-125.8908579,49.1864822],[-125.8907252,49.184502],[-125.8907331,49.1843873],[-125.8907522,49.184332],[-125.8908204,49.1842262],[-125.891388,49.183526],[-125.8915315,49.1832998],[-125.8916079,49.1830601],[-125.8916144,49.1828153],[-125.8915509,49.182574],[-125.8908419,49.1808623],[-125.8908108,49.1807467],[-125.8908115,49.1806887],[-125.8908451,49.1805734],[-125.8913981,49.1793106],[-125.891475,49.1789673],[-125.8915497,49.1749458],[-125.8915748,49.1748086],[-125.8916438,49.1746781],[-125.8930675,49.1726981],[-125.8931649,49.1725908],[-125.8932276,49.1725449],[-125.8933026,49.1725076],[-125.8933871,49.1724805],[-125.893478,49.1724644],[-125.893572,49.1724599],[-125.8937614,49.172475],[-125.8968182,49.1729157],[-125.8970276,49.1729624],[-125.8971201,49.1729997],[-125.8972779,49.1731011],[-125.89808485650059,49.17375067451397],[-125.90387683505335,49.17455511597963],[-125.9038905,49.1744585],[-125.9039193,49.1743965],[-125.9040154,49.174281],[-125.905935,49.1724466],[-125.9060545,49.1723527],[-125.9061257,49.1723145],[-125.9062067,49.1722856],[-125.9062944,49.1722671],[-125.906386,49.1722597],[-125.9065723,49.1722677],[-125.9150819,49.173164],[-125.9155629,49.1731762],[-125.9160345,49.1731127],[-125.9174173,49.1728091],[-125.9175882,49.1727824],[-125.917675,49.1727791],[-125.9177613,49.1727858],[-125.9178444,49.1728024],[-125.9180008,49.1728548],[-125.92295,49.1748927],[-125.9230916,49.1749634],[-125.923151,49.1750059],[-125.9231977,49.1750547],[-125.9232304,49.1751082],[-125.9232659,49.1752223],[-125.9232984,49.1754137],[-125.923373,49.1756503],[-125.923513,49.1758739],[-125.9237137,49.1760767],[-125.9239682,49.1762519],[-125.9242677,49.1763935],[-125.926209,49.1771425],[-125.9263831,49.1772278],[-125.9264526,49.177281],[-125.9265026,49.1773427],[-125.9265601,49.1774799],[-125.9267687,49.1783403],[-125.9267806,49.1784579],[-125.9267703,49.1785158],[-125.9267442,49.1785715],[-125.9267031,49.1786232],[-125.9265924,49.1787162],[-125.9251221,49.1797437],[-125.9248753,49.1799561],[-125.9246997,49.1801968],[-125.9246026,49.1804558],[-125.9245881,49.1807223],[-125.9246568,49.1809852],[-125.9252057,49.1822735],[-125.9252385,49.1823931],[-125.9252376,49.1824532],[-125.9252196,49.182512],[-125.9251851,49.1825677],[-125.9251353,49.1826181],[-125.925072,49.1826617],[-125.9249974,49.1826967],[-125.9249141,49.182722],[-125.924738,49.1827511],[-125.9243832,49.1828336],[-125.9240583,49.1829583],[-125.9237751,49.1831206],[-125.9235436,49.1833148],[-125.9234521,49.1834086],[-125.9233808,49.1834561],[-125.9231486,49.1835568],[-125.922818,49.1837365],[-125.9225539,49.1839584],[-125.9225118,49.1840029],[-125.9224509,49.1840467],[-125.922305,49.1841189],[-125.9214474,49.1844671],[-125.9212928,49.1845182],[-125.9212108,49.1845344],[-125.9210387,49.1845479],[-125.9200044,49.1845694],[-125.9196197,49.1846021],[-125.919252,49.1846828],[-125.918915,49.1848084],[-125.9186216,49.1849742],[-125.9183828,49.185174],[-125.9174117,49.1861731],[-125.9172974,49.1862694],[-125.9172959,49.1862702],[-125.9170437,49.1864451],[-125.9168449,49.1866473],[-125.9167061,49.1868698],[-125.9166322,49.1871052],[-125.9166256,49.1873455],[-125.9166864,49.1875825],[-125.9168128,49.1878082],[-125.9175416,49.1888123],[-125.9177699,49.1890544],[-125.9180729,49.1892584],[-125.9184364,49.1894147],[-125.9188431,49.1895159],[-125.9191448,49.1895671],[-125.919338,49.1896145],[-125.9194238,49.1896502],[-125.9194963,49.1896967],[-125.9195526,49.189752],[-125.9195901,49.1898137],[-125.9196389,49.1900002],[-125.9197312,49.1902272],[-125.9198842,49.1904397],[-125.9200929,49.1906308],[-125.9203507,49.1907943],[-125.9209822,49.1911284],[-125.9211136,49.1912122],[-125.9211657,49.1912606],[-125.9212418,49.1913698],[-125.9218306,49.1924749],[-125.9218751,49.1925929],[-125.92188,49.1926528],[-125.9218678,49.1927123],[-125.9218388,49.1927692],[-125.9218142,49.192798],[-125.9216485,49.1930521],[-125.9215684,49.1933234],[-125.9215775,49.1935996],[-125.9216754,49.1938683],[-125.9243319,49.1987815],[-125.9245936,49.1991087],[-125.9304389,49.2044183],[-125.9305353,49.2045265],[-125.9305663,49.2045848],[-125.9305795,49.204646],[-125.9305693,49.204771],[-125.9304327,49.2053631],[-125.9304136,49.2056315],[-125.930479,49.2058967],[-125.9306261,49.2061476],[-125.9314411,49.2071983],[-125.931499,49.2072895],[-125.931535,49.2073854],[-125.9320449,49.2093869],[-125.932057,49.2095262],[-125.9320233,49.209664],[-125.9315416,49.2108156],[-125.9314761,49.2110657],[-125.931486,49.2113194],[-125.9322037,49.215117],[-125.9322087,49.215243],[-125.9321926,49.2153043],[-125.9321588,49.2153624],[-125.9320565,49.2154693],[-125.93000684353518,49.21720971980047],[-125.93266016635872,49.22244127140537],[-125.9338794,49.2229705],[-125.934039,49.2230567],[-125.9341023,49.2231089],[-125.9341477,49.2231685],[-125.9341732,49.223233],[-125.9341776,49.2232995]],[[-125.8909,50.4039],[-125.8758,50.4063],[-125.8561,50.3947],[-125.8909,50.4039]],[[-125.7472,49.1405],[-125.7306,49.131],[-125.7452,49.1289],[-125.7472,49.1405]],[[-125.5512,50.3774],[-125.4859,50.3996],[-125.4931,50.4149],[-125.4812,50.4206],[-125.4972,50.4237],[-125.4868,50.4288],[-125.3929,50.4435],[-125.3968,50.4583],[-125.3765,50.4637],[-125.3223,50.4419],[-125.3553,50.3919],[-125.3879,50.3995],[-125.3743,50.3824],[-125.3829,50.3668],[-125.4521,50.3482],[-125.5512,50.3774]],[[-125.407778,50.332787],[-125.407776,50.332886],[-125.407741,50.332983],[-125.407605,50.333164],[-125.406908,50.333885],[-125.406622,50.334273],[-125.406481,50.334691],[-125.406492,50.335119],[-125.406864,50.336949],[-125.406874,50.337129],[-125.406851,50.337217],[-125.406803,50.337301],[-125.40673,50.337377],[-125.406636,50.337443],[-125.406409,50.337551],[-125.4017,50.339361],[-125.401199,50.339604],[-125.4010934159292,50.3396825442478],[-125.40038436706729,50.340494996068735],[-125.400315,50.340648],[-125.400071,50.341525],[-125.400029,50.341937],[-125.400127,50.342345],[-125.400417,50.343032],[-125.400464,50.343205],[-125.400461,50.343292],[-125.400433,50.343378],[-125.40038,50.343458],[-125.400305,50.343531],[-125.40021,50.343593],[-125.400098,50.343643],[-125.399886,50.343704],[-125.399544,50.343778],[-125.399062,50.343951],[-125.39864,50.344179],[-125.398292,50.344453],[-125.398029,50.344764],[-125.397862,50.3451],[-125.397523,50.346098],[-125.397434,50.346275],[-125.397363,50.346355],[-125.39727,50.346425],[-125.397156,50.346481],[-125.396638,50.346692],[-125.396199,50.346967],[-125.395859,50.347294],[-125.395632,50.347659],[-125.395615,50.347698],[-125.395519,50.347818],[-125.395282,50.348228],[-125.395262,50.348333],[-125.395261,50.348333],[-125.39517,50.348609],[-125.395113,50.348694],[-125.395031,50.34877],[-125.394926,50.348834],[-125.394803,50.348883],[-125.394529,50.34895],[-125.39273718167684,50.3492573959953],[-125.3927,50.3493],[-125.3925862141856,50.349283295274056],[-125.390472,50.349646],[-125.38989,50.349789],[-125.389369,50.350007],[-125.388931,50.35029],[-125.388595,50.350625],[-125.388377,50.350997],[-125.388319,50.35114],[-125.388255,50.351224],[-125.388166,50.351297],[-125.388055,50.351358],[-125.387796,50.351451],[-125.38423,50.352436],[-125.383647,50.35265],[-125.383156,50.352942],[-125.381031,50.35453],[-125.380837,50.35465],[-125.380726,50.354698],[-125.380603,50.354731],[-125.380472,50.35475],[-125.380202,50.354756],[-125.37475,50.354557],[-125.374228,50.354568],[-125.373717,50.354637],[-125.373234,50.354762],[-125.371688,50.355267],[-125.371416,50.355335],[-125.371274,50.355351],[-125.37113,50.355349],[-125.370846,50.355307],[-125.36718,50.354524],[-125.366941,50.354457],[-125.366833,50.354411],[-125.36674,50.354354],[-125.366588,50.354219],[-125.365251,50.352784],[-125.36495,50.352517],[-125.364581,50.352288],[-125.364155,50.352102],[-125.362516,50.351516],[-125.362041,50.35138],[-125.361535,50.351299],[-125.361016,50.351275],[-125.360498,50.351311],[-125.357477,50.351691],[-125.357127,50.351707],[-125.356781,50.351671],[-125.345537,50.349564],[-125.345223,50.349478],[-125.344949,50.349349],[-125.339384,50.346022],[-125.338935,50.345801],[-125.338428,50.345639],[-125.337882,50.345542],[-125.329003,50.34453],[-125.328726,50.344481],[-125.3286,50.34444],[-125.328488,50.344384],[-125.328301,50.344244],[-125.327284,50.343314],[-125.326907,50.343033],[-125.326451,50.342804],[-125.325934,50.342637],[-125.325376,50.342537],[-125.324798,50.342508],[-125.324222,50.342552],[-125.323671,50.342667],[-125.323166,50.342848],[-125.322726,50.343089],[-125.32240556925288,50.34334873634376],[-125.322973,50.343474],[-125.322998,50.343481],[-125.323017,50.343494],[-125.323973,50.344276],[-125.323988,50.344291],[-125.3239967,50.344305],[-125.3242528,50.3448739],[-125.324262,50.344909],[-125.3242993,50.3452361],[-125.32436,50.34577],[-125.3247548,50.3459788],[-125.325209,50.346219],[-125.325228,50.346231],[-125.325243,50.346245],[-125.3253184,50.346331],[-125.325848,50.3469363],[-125.325857,50.346951],[-125.325863,50.346969],[-125.326066,50.348189],[-125.326066,50.348231],[-125.3260623,50.3482508],[-125.3259642,50.348768],[-125.325946,50.348812],[-125.3257438,50.3491396],[-125.32549,50.34955],[-125.3256019,50.3496158],[-125.325621,50.349652],[-125.325681,50.349717],[-125.326486,50.350419],[-125.326562,50.350473],[-125.3265634,50.3504737],[-125.32659,50.35051],[-125.3271495,50.3506425],[-125.327707,50.350775],[-125.327729,50.350781],[-125.327749,50.35079],[-125.329216,50.351558],[-125.329238,50.351571],[-125.329254,50.351587],[-125.330246,50.352834],[-125.3302698,50.3528588],[-125.33029,50.35289],[-125.3303244,50.3529074],[-125.33036,50.352934],[-125.331401,50.353578],[-125.331418,50.353591],[-125.331427,50.353606],[-125.331798,50.354454],[-125.331844,50.354529],[-125.3318507,50.3545353],[-125.33187,50.35462],[-125.3319912,50.354642],[-125.332006,50.354651],[-125.332114,50.354693],[-125.333589,50.355134],[-125.333609,50.355141],[-125.3336181,50.3551456],[-125.33399,50.3554],[-125.3342465,50.3555163],[-125.335401,50.356199],[-125.335418,50.356211],[-125.335427,50.356226],[-125.335972,50.357412],[-125.335977,50.35743],[-125.335977,50.3574466],[-125.33585,50.35815],[-125.3358629,50.3581746],[-125.335864,50.358203],[-125.336116,50.359146],[-125.336118,50.35916],[-125.336117,50.359174],[-125.3360764,50.3593718],[-125.3359845,50.3598183],[-125.335967,50.359861],[-125.3357179,50.360268],[-125.33549,50.36064],[-125.33549,50.3606582],[-125.33548,50.360682],[-125.335244,50.361683],[-125.335238,50.3617],[-125.3352278,50.3617139],[-125.3348186,50.3621802],[-125.334809,50.362189],[-125.3347962,50.3621984],[-125.334415,50.36243],[-125.334036,50.36266],[-125.334019,50.362669],[-125.334,50.362676],[-125.332703,50.363089],[-125.332635,50.3631048],[-125.33054,50.36339],[-125.330459,50.36342],[-125.33,50.36359],[-125.3299912,50.3636028],[-125.329935,50.363639],[-125.328638,50.364606],[-125.328618,50.364619],[-125.328595,50.364628],[-125.327487,50.3649945],[-125.32692,50.3651],[-125.3259721,50.3654949],[-125.3259474,50.3655016],[-125.32504,50.36562],[-125.32449,50.36573],[-125.3240852,50.3658717],[-125.323564,50.365975],[-125.32354,50.365979],[-125.323515,50.365977],[-125.322412,50.365824],[-125.322381,50.365818],[-125.322354,50.365807],[-125.321173,50.365231],[-125.321154,50.36522],[-125.3211665,50.3652066],[-125.3220807,50.3644648],[-125.32240129026239,50.364204804430386],[-125.322069,50.364093],[-125.321492,50.363987],[-125.320892,50.363957],[-125.320296,50.364005],[-125.319922,50.364061],[-125.31787735658388,50.364213399845156],[-125.31422534990607,50.36590708410153],[-125.314186,50.366072],[-125.314215,50.366449],[-125.314362,50.366815],[-125.31462,50.367155],[-125.314979,50.367456],[-125.315425,50.367704],[-125.315939,50.367891],[-125.316319,50.367999],[-125.316439,50.368054],[-125.316538,50.368122],[-125.316614,50.368202],[-125.316663,50.36829],[-125.316684,50.368383],[-125.316674,50.368476],[-125.316635,50.368567],[-125.3165,50.368736],[-125.3156949061567,50.3695335608015],[-125.3195911563186,50.3726708011916],[-125.319545,50.372516],[-125.319542,50.3725],[-125.319544,50.372484],[-125.319845,50.371221],[-125.319854,50.371201],[-125.31987,50.371182],[-125.3207428,50.3703903],[-125.32086,50.37032],[-125.3212239,50.3699561],[-125.321274,50.369923],[-125.322674,50.369223],[-125.322702,50.369212],[-125.322733,50.369206],[-125.323991,50.369034],[-125.32402,50.369032],[-125.324049,50.369034],[-125.325969,50.369278],[-125.3260299,50.3692827],[-125.32606,50.36929],[-125.326088,50.3692844],[-125.326152,50.369283],[-125.327807,50.369162],[-125.32783,50.369161],[-125.3278392,50.3691618],[-125.32848,50.36929],[-125.3288097,50.3692836],[-125.330576,50.369506],[-125.330608,50.369512],[-125.330637,50.369524],[-125.330989,50.3697019],[-125.3313576,50.3698887],[-125.331377,50.369901],[-125.331394,50.369919],[-125.332088,50.370815],[-125.332098,50.37083],[-125.3321021,50.3708438],[-125.332238,50.3717566],[-125.332238,50.37178],[-125.33212,50.37237],[-125.3321486,50.3725213],[-125.332062,50.373234],[-125.332065,50.373311],[-125.332076,50.3733406],[-125.33203,50.3735],[-125.3322905,50.3735592],[-125.332308,50.373569],[-125.332414,50.373607],[-125.334771,50.374262],[-125.334798,50.374272],[-125.3348198,50.3742843],[-125.3354248,50.3747218],[-125.335467,50.374763],[-125.336357,50.375934],[-125.336377,50.375968],[-125.33666,50.376656],[-125.3366696,50.376703],[-125.3366651,50.3769545],[-125.33666,50.377214],[-125.336649,50.377265],[-125.336315,50.377996],[-125.3363089,50.3780146],[-125.33629,50.37805],[-125.3362914,50.3781033],[-125.336291,50.378107],[-125.3362953,50.3782521],[-125.3363,50.37843],[-125.3363956,50.378476],[-125.336401,50.378482],[-125.336475,50.378538],[-125.337403,50.379109],[-125.337418,50.379121],[-125.337427,50.379135],[-125.33803,50.380331],[-125.338037,50.38035],[-125.338036,50.38037],[-125.3378805,50.3811764],[-125.33783,50.38131],[-125.3377619,50.3817865],[-125.3377508,50.381816],[-125.33709,50.38296],[-125.33676,50.38366],[-125.3369229,50.3837461],[-125.336945,50.383772],[-125.337013,50.383825],[-125.33778,50.384327],[-125.337797,50.38434],[-125.337783,50.384355],[-125.337648,50.3844782],[-125.3374833,50.3846279],[-125.337469,50.384638],[-125.3374479,50.3846404],[-125.33542908219063,50.38468045522379],[-125.335714,50.384912],[-125.335939,50.385061],[-125.336012,50.385133],[-125.336064,50.385211],[-125.336092,50.385295],[-125.336095,50.38538],[-125.336074,50.385465],[-125.33603,50.385545],[-125.335893,50.385694],[-125.33279,50.388474],[-125.332618,50.388602],[-125.33241611069653,50.38870737636815],[-125.31532679513005,50.40764936539791],[-125.315425,50.407712],[-125.315507,50.407794],[-125.315561,50.407886],[-125.315583,50.407983],[-125.315561,50.408181],[-125.314755,50.411078],[-125.314673,50.411261],[-125.314605,50.411344],[-125.314512,50.411417],[-125.314281,50.411537],[-125.312707,50.412196],[-125.312277,50.412415],[-125.311919,50.41268],[-125.311644,50.412983],[-125.311461,50.413313],[-125.311378,50.41366],[-125.311396,50.41401],[-125.311445,50.414258],[-125.311435,50.414349],[-125.311397,50.414437],[-125.311265,50.414602],[-125.310478,50.415389],[-125.310285,50.415544],[-125.310168,50.415605],[-125.309893,50.415696],[-125.30754223677752,50.41627785717931],[-125.30191962455741,50.42251002362141],[-125.301862,50.422987],[-125.301872,50.423343],[-125.301986,50.423691],[-125.303115,50.426008],[-125.30334,50.426349],[-125.303665,50.426654],[-125.304077,50.426914],[-125.306022,50.42792],[-125.306213,50.428038],[-125.306289,50.428107],[-125.306402,50.428261],[-125.307009,50.429336],[-125.307078,50.429509],[-125.307086,50.429597],[-125.307049,50.429774],[-125.306523,50.43122],[-125.306435,50.431388],[-125.306368,50.431464],[-125.306279,50.431531],[-125.306173,50.431586],[-125.305928,50.431669],[-125.304024,50.432179],[-125.303494,50.432364],[-125.303034,50.432613],[-125.302663,50.432916],[-125.302396,50.433261],[-125.299644,50.437978],[-125.299519,50.438142],[-125.299433,50.438214],[-125.299328,50.438274],[-125.29908,50.438367],[-125.293103,50.440132],[-125.292607,50.440318],[-125.292177,50.440561],[-125.28799,50.443437],[-125.287755,50.443568],[-125.28762,50.443615],[-125.28717,50.443701],[-125.287172,50.443705],[-125.286776,50.443781],[-125.286218,50.443979],[-125.28574,50.444249],[-125.285364,50.444577],[-125.285107,50.44495],[-125.285089,50.444985],[-125.284978,50.445152],[-125.284899,50.445226],[-125.2848,50.445288],[-125.284683,50.445338],[-125.284553,50.445372],[-125.284416,50.44539],[-125.284276,50.445391],[-125.284138,50.445374],[-125.283874,50.445308],[-125.28192691624848,50.44467016572831],[-125.2819,50.4447],[-125.28162663550367,50.44457179843928],[-125.274307,50.442174],[-125.273926,50.442015],[-125.264992,50.437407],[-125.264779,50.437272],[-125.264613,50.437112],[-125.26392324904441,50.43626932388707],[-125.15908713614841,50.387103636775485],[-125.157804,50.387018],[-125.157529,50.386983],[-125.157401,50.386949],[-125.157285,50.386901],[-125.157186,50.386839],[-125.157107,50.386767],[-125.157051,50.386686],[-125.15702,50.3866],[-125.157015,50.386512],[-125.157059,50.386335],[-125.157336,50.385649],[-125.157427,50.385262],[-125.15739,50.384871],[-125.157227,50.384493],[-125.157164,50.384389],[-125.156883,50.384041],[-125.156496,50.383738],[-125.156019,50.383492],[-125.154701,50.382947],[-125.154473,50.38283],[-125.15438,50.38276],[-125.154312,50.382679],[-125.154269,50.382591],[-125.154255,50.382499],[-125.15427,50.382408],[-125.154312,50.38232],[-125.154443,50.382168],[-125.154656,50.381854],[-125.154777,50.381521],[-125.154801,50.38118],[-125.154729,50.380841],[-125.154562,50.380517],[-125.153705,50.379251],[-125.153611,50.379058],[-125.153598,50.378959],[-125.15364,50.378758],[-125.154302,50.377041],[-125.154417,50.376843],[-125.154597,50.376667],[-125.158088,50.373982],[-125.15833925261705,50.373737688062974],[-125.15862422046389,50.36699344902129],[-125.157149,50.364224],[-125.15688,50.363855],[-125.148017,50.354508],[-125.147841,50.354276],[-125.14565195624476,50.35058095432106],[-125.13942215662674,50.34360107849485],[-125.138378,50.343301],[-125.138113,50.343202],[-125.138001,50.343137],[-125.137822,50.342978],[-125.134307,50.339053],[-125.134101,50.338741],[-125.1331081022341,50.336526803506445],[-125.13194935552404,50.33522854214232],[-125.131805,50.335147],[-125.129361,50.334052],[-125.129132,50.333925],[-125.129042,50.333849],[-125.128912,50.333674],[-125.128043,50.332097],[-125.127973,50.331912],[-125.127968,50.331818],[-125.127993,50.331726],[-125.128047,50.331639],[-125.128127,50.33156],[-125.12823,50.331493],[-125.128478,50.331388],[-125.133183,50.329804],[-125.133437,50.329737],[-125.13357,50.32972],[-125.133706,50.329718],[-125.13384,50.329733],[-125.13388451622893,50.32974351564463],[-125.14307753618444,50.326206109348384],[-125.1429892,50.3262136],[-125.1428233,50.3262047],[-125.1393093,50.3257711],[-125.1389847,50.3257531],[-125.1386614,50.3257785],[-125.1383533,50.3258461],[-125.1380739,50.325953],[-125.1378353,50.3260946],[-125.136204,50.3272877],[-125.1360951,50.3273533],[-125.1360326,50.3273785],[-125.135893,50.3274132],[-125.1315723,50.3281882],[-125.1314372,50.3282044],[-125.1312999,50.3282051],[-125.127931,50.3280328],[-125.1277705,50.3280136],[-125.1276199,50.3279734],[-125.1247657,50.3269744],[-125.1246295,50.3269138],[-125.1245166,50.3268361],[-125.1223237,50.3249576],[-125.1220908,50.324798],[-125.1218091,50.3246745],[-125.1214921,50.3245931],[-125.121155,50.3245575],[-125.1198176,50.3245114],[-125.1196824,50.3244991],[-125.1196182,50.3244856],[-125.1194979,50.3244443],[-125.1137671,50.3220385],[-125.1136362,50.3219694],[-125.113585,50.3219272],[-125.1135126,50.3218291],[-125.1132596,50.3213584],[-125.1131042,50.3211509],[-125.1128786,50.3209717],[-125.1110107,50.3197959],[-125.1109287,50.3197352],[-125.110863,50.3196668],[-125.1098531,50.318395],[-125.1097588,50.3182311],[-125.1079023,50.3132773],[-125.1078811,50.3131578],[-125.1079057,50.3130387],[-125.1082229,50.3122544],[-125.1082743,50.3121644],[-125.1083309,50.3121045],[-125.1084744,50.3119807],[-125.1086059,50.3118014],[-125.1086794,50.3116091],[-125.108692,50.3114113],[-125.1086432,50.3112158],[-125.1076489,50.3088037],[-125.1076265,50.3087224],[-125.10762637516144,50.3087121882068],[-125.09679234406242,50.297752545153],[-125.0963606,50.2975014],[-125.0962482,50.2974199],[-125.0961664,50.2973247],[-125.09578024146052,50.296728708028176],[-125.09335247567994,50.294272794238545],[-125.0926143,50.2939539],[-125.0924981,50.2938923],[-125.0924027,50.2938175],[-125.0914578,50.292909],[-125.0913732,50.292801],[-125.0913322,50.2926831],[-125.091088,50.2910673],[-125.0910867,50.2909808],[-125.0911091,50.2908955],[-125.0916423,50.2895764],[-125.0916964,50.2894827],[-125.0917371,50.2894409],[-125.0918444,50.2893683],[-125.0919632,50.2893028],[-125.0921725,50.2891623],[-125.0923353,50.2889986],[-125.09238347440417,50.288919606217476],[-125.09249182956906,50.288424434765055],[-125.0923835,50.2878267],[-125.0923254,50.2876492],[-125.092218,50.2874814],[-125.090463,50.2853234],[-125.0903708,50.2851716],[-125.0900366,50.2843711],[-125.0900107,50.2842562],[-125.0900274,50.2841406],[-125.0900933,50.2839429],[-125.0901273,50.2837522],[-125.0901035,50.2835608],[-125.0900228,50.2833759],[-125.0898882,50.2832043],[-125.0897597,50.2830736],[-125.0896926,50.282988],[-125.0896728,50.2829424],[-125.0896671,50.2828953],[-125.0896756,50.2828484],[-125.0896981,50.2828034],[-125.0897703,50.2827195],[-125.0903164,50.2822086],[-125.0904738,50.2820211],[-125.0905655,50.2818165],[-125.0905871,50.2816041],[-125.0905377,50.2813937],[-125.0904197,50.2811947],[-125.0902424,50.2809713],[-125.0901923,50.2808917],[-125.0901785,50.2808502],[-125.0901735,50.2807644],[-125.0902384,50.2799346],[-125.0902202,50.2797252],[-125.0901339,50.2795229],[-125.0899834,50.2793366],[-125.0893229,50.278695],[-125.0892565,50.2786156],[-125.0892136,50.2785298],[-125.0885049,50.2764899],[-125.0884777,50.2763506],[-125.0882122,50.2707444],[-125.0882214,50.2706516],[-125.0882393,50.2706071],[-125.0882699,50.2705655],[-125.0883553,50.2704901],[-125.0907886,50.2687204],[-125.0908942,50.2686568],[-125.0909546,50.2686321],[-125.0910211,50.2686151],[-125.0910914,50.2686062],[-125.0912365,50.2686055],[-125.0918797,50.2686411],[-125.0921811,50.2686391],[-125.0924762,50.2686001],[-125.0927541,50.2685256],[-125.0930044,50.2684183],[-125.0932178,50.2682823],[-125.0933864,50.2681226],[-125.0949014,50.2663364],[-125.0950105,50.2661752],[-125.0950738,50.2660043],[-125.0956128,50.2636331],[-125.0956684,50.2634897],[-125.0983237,50.2587256],[-125.0984101,50.2584632],[-125.0985739,50.2570235],[-125.09863,50.256843],[-125.09996791229668,50.25425954057966],[-125.10081553411764,50.250386],[-125.100769,50.250386],[-125.100665,50.250372],[-125.100585,50.25035],[-125.1005019093386,50.250332874443835],[-125.08900681269802,50.25994481532077],[-125.089102,50.260677],[-125.089095,50.260826],[-125.089066,50.260897],[-125.088957,50.26103],[-125.085745,50.264069],[-125.08563,50.264159],[-125.085492,50.264236],[-125.084112,50.264873],[-125.083826,50.265032],[-125.083589,50.265222],[-125.08341,50.265436],[-125.083294,50.265668],[-125.083246,50.265908],[-125.083218,50.266396],[-125.083182,50.266546],[-125.083139,50.266615],[-125.083004,50.266739],[-125.08204,50.267437],[-125.081813,50.267636],[-125.081647,50.267858],[-125.081547,50.268095],[-125.081517,50.26834],[-125.081533,50.269112],[-125.081577,50.269366],[-125.081695,50.26961],[-125.081883,50.269835],[-125.082182,50.270122],[-125.082274,50.270232],[-125.082303,50.270291],[-125.082314,50.270352],[-125.082307,50.270414],[-125.082257,50.270535],[-125.081839,50.271261],[-125.081744,50.271384],[-125.08168,50.271437],[-125.0816,50.27148],[-125.081507,50.271512],[-125.081406,50.271532],[-125.08133,50.271536],[-125.08094,50.271581],[-125.080571,50.271673],[-125.080235,50.271808],[-125.079944,50.271981],[-125.07971,50.272185],[-125.079541,50.272414],[-125.078809,50.273706],[-125.078744,50.273798],[-125.078658,50.273883],[-125.075846,50.276243],[-125.075715,50.276334],[-125.075638,50.276371],[-125.075552,50.276398],[-125.07546,50.276414],[-125.075365,50.276419],[-125.07527,50.276413],[-125.075178,50.276395],[-125.075006,50.276339],[-125.071358,50.274851],[-125.071227,50.274787],[-125.071113,50.274711],[-125.06416,50.269288],[-125.063948,50.269072],[-125.061501,50.265663],[-125.061282,50.265426],[-125.060992,50.265223],[-125.060644,50.265062],[-125.060252,50.26495],[-125.059864,50.264868],[-125.059678,50.264816],[-125.059595,50.264779],[-125.059526,50.264732],[-125.059472,50.264678],[-125.059398,50.264557],[-125.059143,50.263973],[-125.059,50.263736],[-125.058789,50.26352],[-125.058519,50.263334],[-125.05383,50.260664],[-125.05369,50.260567],[-125.053637,50.260511],[-125.053602,50.260449],[-125.053572,50.260318],[-125.053312,50.256544],[-125.053324,50.256407],[-125.053352,50.256342],[-125.0534,50.256282],[-125.053423,50.256263],[-125.053635,50.25606],[-125.053784,50.255834],[-125.053868,50.255596],[-125.053882,50.255351],[-125.053826,50.255109],[-125.053702,50.254878],[-125.053514,50.254665],[-125.0533,50.254466],[-125.053198,50.254348],[-125.053145,50.254238],[-125.052978,50.253986],[-125.052735,50.253762],[-125.052426,50.253573],[-125.052207,50.253486],[-125.052055,50.253414],[-125.051991,50.253369],[-125.05194,50.253317],[-125.05187,50.253201],[-125.051604,50.252604],[-125.051568,50.252477],[-125.05157,50.252414],[-125.051614,50.252279],[-125.051664,50.252179],[-125.05171,50.251925],[-125.05168,50.251671],[-125.051575,50.251425],[-125.051399,50.251196],[-125.051159,50.250993],[-125.049903,50.250118],[-125.049677,50.249915],[-125.047362,50.247159],[-125.047291,50.247054],[-125.04727,50.246999],[-125.047259,50.246885],[-125.047264,50.246745],[-125.047236,50.246497],[-125.047138,50.246257],[-125.046971,50.246032],[-125.046743,50.245831],[-125.043792,50.243686],[-125.043663,50.243568],[-125.043576,50.243434],[-125.042428,50.240937],[-125.042382,50.240807],[-125.04188,50.238731],[-125.041869,50.238591],[-125.041887,50.238523],[-125.041967,50.238393],[-125.042379,50.237886],[-125.042525,50.237655],[-125.042602,50.237411],[-125.043156,50.234098],[-125.043148,50.233773],[-125.042504,50.230773],[-125.042495,50.230658],[-125.042506,50.230602],[-125.042557,50.230493],[-125.043166,50.229517],[-125.043281,50.229259],[-125.043314,50.228992],[-125.043263,50.228727],[-125.043131,50.228473],[-125.042922,50.22824],[-125.042645,50.22804],[-125.042311,50.227878],[-125.042031,50.227792],[-125.041896,50.227738],[-125.041819,50.227691],[-125.041759,50.227635],[-125.041719,50.227571],[-125.04168,50.227435],[-125.041569,50.226472],[-125.041512,50.226246],[-125.041397,50.22603],[-125.041225,50.22583],[-125.038167,50.222886],[-125.038064,50.222758],[-125.038006,50.222619],[-125.037169,50.219119],[-125.037159,50.218982],[-125.037193,50.218846],[-125.037329,50.218521],[-125.037396,50.218267],[-125.037384,50.218008],[-125.037296,50.217756],[-125.037133,50.21752],[-125.036903,50.217308],[-125.036067,50.216679],[-125.035968,50.21659],[-125.03593,50.216541],[-125.035881,50.216436],[-125.035426,50.21508],[-125.035258,50.21477],[-125.034978,50.214496],[-125.034349,50.21402],[-125.034245,50.213927],[-125.034207,50.213875],[-125.034159,50.213765],[-125.032566,50.208329],[-125.032548,50.208194],[-125.03256,50.208128],[-125.032627,50.208],[-125.036213,50.20292],[-125.036343,50.202676],[-125.036397,50.20242],[-125.036504,50.200629],[-125.036523,50.200527],[-125.036566,50.200427],[-125.038504,50.196999],[-125.038597,50.196777],[-125.038629,50.196549],[-125.038637,50.19538],[-125.038661,50.195239],[-125.038733,50.195104],[-125.039442,50.194122],[-125.03961,50.193767],[-125.0404,50.190523],[-125.04044,50.190417],[-125.040507,50.190316],[-125.042141,50.188321],[-125.042249,50.188215],[-125.042428,50.188097],[-125.042709,50.187865],[-125.042904,50.187599],[-125.043004,50.187313],[-125.043004,50.18719],[-125.043026,50.18703],[-125.043054,50.186969],[-125.043099,50.186912],[-125.043161,50.186862],[-125.043315,50.186778],[-125.044152,50.186406],[-125.044455,50.186241],[-125.044704,50.186043],[-125.04489,50.185818],[-125.046108,50.183932],[-125.046203,50.183818],[-125.046266,50.183769],[-125.046343,50.183728],[-125.046431,50.183698],[-125.046526,50.183679],[-125.046625,50.183672],[-125.046724,50.183677],[-125.046869,50.183704],[-125.047317,50.183755],[-125.047772,50.183742],[-125.048211,50.183666],[-125.048615,50.183531],[-125.048826,50.183441],[-125.048915,50.183417],[-125.049009,50.183404],[-125.049105,50.183402],[-125.0492,50.183412],[-125.049291,50.183433],[-125.049458,50.183497],[-125.050614,50.18404],[-125.05077,50.18413],[-125.050831,50.184183],[-125.050874,50.184244],[-125.050922,50.184374],[-125.05095700702213,50.18454809321766],[-125.06714170864961,50.19232433657775],[-125.067261,50.192187],[-125.067383,50.192076],[-125.067459,50.19203],[-125.067549,50.191995],[-125.067648,50.191972],[-125.067752,50.191963],[-125.067856,50.191967],[-125.068061,50.192004],[-125.069096,50.192265],[-125.069277,50.192324],[-125.069356,50.192364],[-125.069421,50.192412],[-125.06947,50.192468],[-125.069501,50.192529],[-125.069513,50.192593],[-125.069503,50.192672],[-125.06944,50.192902],[-125.06945,50.193166],[-125.069541,50.193424],[-125.06959667927471,50.19350387324527],[-125.07192062467212,50.19462045638543],[-125.074958,50.195583],[-125.075117,50.195646],[-125.075186,50.195685],[-125.075243,50.195732],[-125.075329,50.195838],[-125.075723,50.19645],[-125.075783,50.196579],[-125.075792,50.196644],[-125.07578,50.19671],[-125.075715,50.196838],[-125.075457,50.197209],[-125.075326,50.197463],[-125.075277,50.197729],[-125.075312,50.197995],[-125.075428,50.198252],[-125.075807,50.198855],[-125.075864,50.198978],[-125.075873,50.199041],[-125.075863,50.199104],[-125.075806,50.199226],[-125.075666,50.199445],[-125.075544,50.199715],[-125.075512,50.199995],[-125.075572,50.200273],[-125.075722,50.200538],[-125.075955,50.200776],[-125.07626,50.200978],[-125.076669,50.201197],[-125.076824,50.2013],[-125.076881,50.20136],[-125.076917,50.201426],[-125.076931,50.201496],[-125.076909,50.201638],[-125.076161,50.203958],[-125.076106,50.204074],[-125.076019,50.204182],[-125.075421,50.20478],[-125.075235,50.205013],[-125.075124,50.205264],[-125.075091,50.205524],[-125.075137,50.205783],[-125.075762,50.207643],[-125.075785,50.207758],[-125.07578,50.207815],[-125.07576,50.207871],[-125.07569,50.207977],[-125.073869,50.210194],[-125.073676,50.210534],[-125.073172,50.212022],[-125.073125,50.212292],[-125.073164,50.212563],[-125.073288,50.212823],[-125.073491,50.213062],[-125.073766,50.21327],[-125.074101,50.213437],[-125.074481,50.213558],[-125.074892,50.213627],[-125.075317,50.213642],[-125.075737,50.213602],[-125.075893,50.213576],[-125.075997,50.213573],[-125.076099,50.213583],[-125.076196,50.213606],[-125.076284,50.213641],[-125.076414,50.21372],[-125.076751,50.213887],[-125.077134,50.214006],[-125.077546,50.214074],[-125.077971,50.214086],[-125.078392,50.214044],[-125.07879,50.213947],[-125.079149,50.213802],[-125.079455,50.213612],[-125.079695,50.213387],[-125.079858,50.213136],[-125.079939,50.212868],[-125.079933,50.212596],[-125.079841,50.21233],[-125.07982,50.21229],[-125.079809,50.212221],[-125.07982,50.212153],[-125.079853,50.212087],[-125.079962,50.211966],[-125.0807627643048,50.21125964520595],[-125.08124840630818,50.209229661631824],[-125.0812,50.208071],[-125.081213,50.207948],[-125.081236,50.207889],[-125.081276,50.207834],[-125.081332,50.207785],[-125.0814,50.207743],[-125.08148,50.207709],[-125.081567,50.207686],[-125.0816194383028,50.2076787478943],[-125.08304153368516,50.20173438919601],[-125.082535,50.201354],[-125.082424,50.201254],[-125.082385,50.201199],[-125.082362,50.20114],[-125.082356,50.20108],[-125.08238,50.200958],[-125.082898,50.19944],[-125.082958,50.199321],[-125.083003,50.199267],[-125.083064,50.199219],[-125.083138,50.19918],[-125.083221,50.19915],[-125.083406,50.19911],[-125.084346,50.198968],[-125.084537,50.198951],[-125.084632,50.198954],[-125.084725,50.198969],[-125.084812,50.198993],[-125.08497,50.199064],[-125.086706,50.199995],[-125.086866,50.200103],[-125.086985,50.20023],[-125.08728210731007,50.20065009816082],[-125.09158471181982,50.20211085895117],[-125.091618,50.202102],[-125.091953,50.20196],[-125.09224,50.201779],[-125.092467,50.201566],[-125.092627,50.20133],[-125.092712,50.201078],[-125.092721,50.20082],[-125.092652,50.200566],[-125.092508,50.200325],[-125.092295,50.200107],[-125.088248,50.196726],[-125.08814,50.196615],[-125.088105,50.196554],[-125.088072,50.196424],[-125.087804,50.193624],[-125.087811,50.193497],[-125.087833,50.193436],[-125.087873,50.193379],[-125.087929,50.193327],[-125.088,50.193283],[-125.088082,50.193249],[-125.088266,50.193201],[-125.089533,50.192958],[-125.08973,50.192933],[-125.089963,50.192933],[-125.090092,50.192941],[-125.090489,50.192918],[-125.090871,50.192847],[-125.091226,50.19273],[-125.09154,50.192573],[-125.091801,50.19238],[-125.092001,50.192159],[-125.092131,50.191918],[-125.092187,50.191665],[-125.092168,50.19141],[-125.092073,50.191162],[-125.091907,50.190931],[-125.088701,50.187397],[-125.088615,50.187274],[-125.088568,50.187143],[-125.088287,50.185655],[-125.088197,50.185396],[-125.088029,50.185154],[-125.08779,50.184938],[-125.08749,50.184756],[-125.087139,50.184616],[-125.086752,50.184522],[-125.086344,50.184479],[-125.08593,50.184489],[-125.085703,50.184509],[-125.085609,50.184506],[-125.085425,50.184478],[-125.083225,50.184011],[-125.083017,50.18395],[-125.082928,50.183906],[-125.082781,50.183794],[-125.081085,50.182163],[-125.080985,50.182042],[-125.080956,50.181978],[-125.080941,50.181842],[-125.080997,50.180583],[-125.080975,50.180348],[-125.08089,50.180119],[-125.080742,50.179903],[-125.079513,50.178461],[-125.079431,50.178335],[-125.079411,50.17827],[-125.079412,50.178203],[-125.079457,50.17807],[-125.082752,50.171688],[-125.082835,50.171568],[-125.082893,50.171515],[-125.082966,50.171471],[-125.083051,50.171436],[-125.083146,50.171413],[-125.083245,50.171403],[-125.083346,50.171405],[-125.083444,50.171419],[-125.083536,50.171446],[-125.083702,50.171522],[-125.084902,50.172197],[-125.085238,50.172352],[-125.085614,50.172461],[-125.086017,50.17252],[-125.08643,50.172527],[-125.086838,50.172482],[-125.086929,50.172466],[-125.087023,50.172461],[-125.087117,50.172467],[-125.087208,50.172484],[-125.087292,50.172511],[-125.087444,50.172585],[-125.088039,50.172934],[-125.08814689935744,50.17298567469227],[-125.08981904282442,50.17325756793893],[-125.089968,50.173243],[-125.090357,50.173153],[-125.09071,50.173015],[-125.091014,50.172835],[-125.091256,50.17262],[-125.091428,50.172379],[-125.091461,50.17229],[-125.091578,50.17208],[-125.092588,50.170739],[-125.092685,50.170636],[-125.092746,50.170591],[-125.092819,50.170554],[-125.092985,50.170498],[-125.094951,50.16997],[-125.095338,50.169833],[-125.095672,50.169647],[-125.095937,50.16942],[-125.096122,50.169163],[-125.096174,50.169064],[-125.096226,50.169007],[-125.096295,50.168958],[-125.096378,50.168918],[-125.0965,50.168882],[-125.096876,50.168796],[-125.097262,50.168641],[-125.097586,50.168436],[-125.097833,50.16819],[-125.0985,50.167335],[-125.098599,50.167232],[-125.098709,50.167154],[-125.09895,50.166945],[-125.099124,50.16671],[-125.099224,50.166458],[-125.099245,50.166198],[-125.099188,50.165941],[-125.099054,50.165695],[-125.098848,50.165471],[-125.097911,50.164644],[-125.097818,50.164544],[-125.097786,50.164491],[-125.097751,50.164377],[-125.097421,50.162379],[-125.097419,50.162252],[-125.097437,50.16219],[-125.097472,50.162132],[-125.097578,50.162025],[-125.098848,50.160971],[-125.099052,50.160766],[-125.099194,50.160542],[-125.099271,50.160304],[-125.099279,50.160062],[-125.099219,50.159822],[-125.099208,50.159794],[-125.099178,50.15967],[-125.099181,50.159608],[-125.099202,50.159548],[-125.099241,50.159491],[-125.099295,50.15944],[-125.099364,50.159396],[-125.099444,50.159362],[-125.099571,50.159327],[-125.099891,50.159259],[-125.100252,50.159128],[-125.100565,50.158953],[-125.100819,50.158742],[-125.101002,50.158503],[-125.101108,50.158246],[-125.101132,50.15798],[-125.101073,50.157717],[-125.101013,50.157558],[-125.101003,50.157431],[-125.101042,50.156881],[-125.101021,50.156625],[-125.100925,50.156376],[-125.100756,50.156143],[-125.100521,50.155935],[-125.100228,50.15576],[-125.099888,50.155623],[-125.097684,50.154918],[-125.097519,50.154851],[-125.097448,50.154809],[-125.097391,50.15476],[-125.097306,50.154647],[-125.097007,50.15413],[-125.096954,50.153999],[-125.096949,50.153933],[-125.096965,50.153867],[-125.097002,50.153804],[-125.097058,50.153748],[-125.097205,50.15365],[-125.098571,50.152911],[-125.098819,50.152753],[-125.099021,50.152571],[-125.099173,50.152369],[-125.101718,50.148137],[-125.101803,50.148028],[-125.101859,50.14798],[-125.101928,50.147939],[-125.102089,50.147874],[-125.105638,50.146719],[-125.105815,50.146674],[-125.105907,50.146663],[-125.106,50.146662],[-125.106093,50.146672],[-125.106181,50.146693],[-125.106261,50.146723],[-125.106387,50.146794],[-125.106733,50.146951],[-125.10712,50.14706],[-125.107534,50.147117],[-125.107957,50.147119],[-125.108372,50.147066],[-125.108762,50.146961],[-125.109111,50.146808],[-125.109404,50.146613],[-125.109631,50.146384],[-125.10978,50.14613],[-125.109787,50.146101],[-125.109893,50.145854],[-125.110762,50.144419],[-125.110878,50.144143],[-125.1109,50.143858],[-125.110827,50.143576],[-125.110815,50.143548],[-125.110807,50.143486],[-125.110817,50.143425],[-125.110845,50.143366],[-125.11089,50.143311],[-125.11095,50.143263],[-125.111022,50.143222],[-125.111106,50.143191],[-125.11129,50.14315],[-125.111299,50.143149],[-125.111718,50.143051],[-125.112095,50.142898],[-125.112413,50.142698],[-125.112657,50.142459],[-125.114707,50.139887],[-125.11482,50.139776],[-125.114891,50.139729],[-125.114976,50.139692],[-125.11507,50.139667],[-125.11517,50.139654],[-125.115443,50.139654],[-125.115862,50.139627],[-125.116265,50.139547],[-125.116634,50.139417],[-125.116955,50.139242],[-125.117215,50.139029],[-125.117402,50.138788],[-125.11751,50.138526],[-125.117534,50.138257],[-125.117517,50.138003],[-125.117702,50.136258],[-125.117739,50.13612],[-125.117779,50.136056],[-125.11784,50.135999],[-125.117997,50.135902],[-125.119991,50.13491],[-125.120136,50.134849],[-125.120215,50.134827],[-125.120384,50.134801],[-125.120898,50.134748],[-125.121292,50.134682],[-125.121659,50.134568],[-125.121984,50.134411],[-125.122255,50.134217],[-125.122462,50.133992],[-125.122598,50.133746],[-125.122656,50.133487],[-125.122635,50.133227],[-125.122535,50.132974],[-125.122508,50.132925],[-125.122276,50.13233],[-125.122248,50.132211],[-125.12225,50.132151],[-125.122269,50.132093],[-125.122304,50.132038],[-125.122405,50.131937],[-125.127833,50.12745],[-125.127952,50.127367],[-125.128021,50.127333],[-125.128176,50.12728],[-125.129463,50.126927],[-125.129652,50.126889],[-125.129749,50.126882],[-125.129846,50.126886],[-125.130037,50.126919],[-125.13072,50.127084],[-125.130898,50.12714],[-125.130976,50.127178],[-125.131042,50.127225],[-125.131092,50.127278],[-125.131143,50.127366],[-125.131298,50.127579],[-125.131509,50.127771],[-125.131768,50.127936],[-125.131815,50.127961],[-125.13188,50.128013],[-125.131927,50.128073],[-125.131954,50.128138],[-125.13195977806197,50.1281980029513],[-125.14305168491643,50.13001040603209],[-125.143083,50.129982],[-125.143219,50.129881],[-125.1433,50.129841],[-125.143392,50.129813],[-125.143491,50.129796],[-125.143593,50.129792],[-125.143694,50.129802],[-125.14379,50.129824],[-125.143877,50.129858],[-125.143952,50.129902],[-125.144074,50.13001],[-125.145632,50.131727],[-125.145714,50.131841],[-125.145737,50.131901],[-125.145748,50.132026],[-125.14572453558789,50.13241767518678],[-125.14744656851317,50.134296256559814],[-125.147664,50.134514],[-125.147757,50.13463],[-125.1477610726257,50.1346393519553],[-125.15264532982843,50.13996763254011],[-125.152669,50.13998],[-125.152996,50.140095],[-125.153349,50.140171],[-125.153524,50.140188],[-125.153523,50.140193],[-125.153815,50.140221],[-125.153906,50.140242],[-125.15399,50.140274],[-125.154063,50.140315],[-125.154123,50.140364],[-125.154212,50.140476],[-125.155057,50.141845],[-125.155114,50.141972],[-125.155122,50.142037],[-125.155109,50.142102],[-125.155077,50.142164],[-125.155026,50.142221],[-125.154851,50.142349],[-125.154601,50.142575],[-125.154429,50.142829],[-125.154342,50.1431],[-125.154344,50.143336],[-125.154332,50.143423],[-125.154302,50.143487],[-125.154252,50.143545],[-125.154185,50.143596],[-125.154104,50.143637],[-125.154012,50.143666],[-125.153912,50.143684],[-125.153702,50.143692],[-125.1530129515508,50.14367336699705],[-125.14945444576051,50.14720119601329],[-125.149541,50.147255],[-125.149887,50.147398],[-125.150056,50.147453],[-125.150134,50.147492],[-125.150198,50.14754],[-125.150247,50.147594],[-125.150311,50.147715],[-125.150557,50.148376],[-125.150583,50.14849],[-125.150581,50.148547],[-125.150546,50.148659],[-125.149897,50.150085],[-125.149798,50.150233],[-125.149645,50.150362],[-125.145824,50.15288],[-125.145573,50.15308],[-125.145387,50.153307],[-125.145272,50.153552],[-125.145232,50.153807],[-125.145268,50.154062],[-125.14538,50.154308],[-125.145563,50.154536],[-125.145767,50.154703],[-125.14584,50.154778],[-125.145876,50.154843],[-125.145905,50.154981],[-125.14593,50.15557],[-125.145917,50.155691],[-125.145894,50.15575],[-125.145855,50.155804],[-125.145745,50.155904],[-125.143557,50.157547],[-125.143319,50.157767],[-125.143154,50.158014],[-125.143069,50.158277],[-125.143067,50.158545],[-125.143149,50.159087],[-125.143147,50.159228],[-125.143123,50.159296],[-125.143077,50.159359],[-125.142944,50.159471],[-125.142404,50.159839],[-125.142132,50.16007],[-125.141943,50.160333],[-125.141847,50.160616],[-125.14171,50.161449],[-125.141669,50.161578],[-125.141629,50.161638],[-125.141572,50.161691],[-125.1415,50.161736],[-125.141283,50.161826],[-125.140969,50.161986],[-125.140708,50.162182],[-125.14051,50.162405],[-125.140383,50.162649],[-125.140331,50.162904],[-125.140356,50.163161],[-125.140457,50.163409],[-125.140555,50.16354],[-125.140617,50.163653],[-125.140631,50.16372],[-125.140616,50.163855],[-125.140323,50.164931],[-125.140266,50.16506],[-125.140218,50.165119],[-125.140153,50.165171],[-125.140072,50.165213],[-125.13998,50.165244],[-125.139838,50.16527],[-125.139457,50.165367],[-125.139113,50.165509],[-125.138819,50.165692],[-125.138587,50.165908],[-125.138424,50.166149],[-125.138097,50.166803],[-125.137935,50.167028],[-125.132777,50.172322],[-125.132591,50.172565],[-125.132484,50.172827],[-125.132463,50.173097],[-125.132487,50.173409],[-125.132478,50.173537],[-125.132454,50.173598],[-125.132413,50.173656],[-125.132296,50.173759],[-125.127874,50.176982],[-125.127693,50.177086],[-125.127479,50.17716],[-125.125133,50.177758],[-125.124949,50.177793],[-125.124855,50.177799],[-125.124761,50.177794],[-125.1245,50.177748],[-125.124404,50.177726],[-125.123986,50.177687],[-125.123565,50.177702],[-125.123157,50.177771],[-125.122779,50.177891],[-125.122446,50.178057],[-125.122172,50.178263],[-125.121969,50.1785],[-125.121844,50.178758],[-125.121802,50.179027],[-125.121845,50.179296],[-125.121909,50.179493],[-125.12195,50.179715],[-125.122087,50.179977],[-125.122307,50.180216],[-125.122598,50.180421],[-125.122948,50.180583],[-125.123344,50.180695],[-125.123766,50.180753],[-125.124199,50.180754],[-125.124213,50.180753],[-125.124321,50.180761],[-125.124531,50.180806],[-125.127649,50.181729],[-125.12782,50.181793],[-125.127893,50.181835],[-125.127953,50.181884],[-125.128002,50.181945],[-125.128195,50.182143],[-125.128438,50.182317],[-125.128515,50.182363],[-125.128573,50.182415],[-125.128615,50.182473],[-125.128638,50.182535],[-125.128642,50.182599],[-125.128611,50.182727],[-125.127841,50.184642],[-125.127774,50.18476],[-125.127724,50.184814],[-125.12766,50.18486],[-125.127583,50.184898],[-125.127496,50.184926],[-125.127212,50.184978],[-125.127213,50.18498],[-125.12693,50.185033],[-125.126555,50.185161],[-125.126227,50.185335],[-125.125961,50.185547],[-125.125768,50.18579],[-125.125655,50.186052],[-125.125628,50.186324],[-125.125658,50.18682],[-125.125639,50.186973],[-125.125566,50.187119],[-125.124307,50.188899],[-125.124179,50.189138],[-125.12413962355926,50.18931698382151],[-125.12719149382298,50.19826029059432],[-125.127582,50.198181],[-125.127944,50.198054],[-125.12826,50.197884],[-125.128517,50.197678],[-125.128642,50.197554],[-125.128717,50.197506],[-125.128805,50.197469],[-125.129005,50.197419],[-125.129928,50.197256],[-125.130136,50.197233],[-125.13024,50.197235],[-125.13034,50.197251],[-125.130434,50.197279],[-125.130517,50.197319],[-125.130586,50.197369],[-125.130638,50.197427],[-125.13067,50.19749],[-125.130694,50.197624],[-125.130711,50.19846],[-125.130694,50.19859],[-125.130666,50.198652],[-125.130619,50.198709],[-125.130491,50.198811],[-125.129258,50.199618],[-125.128996,50.199827],[-125.128805,50.200065],[-125.128692,50.200322],[-125.128661,50.200589],[-125.128696,50.201453],[-125.128748,50.201715],[-125.128879,50.201966],[-125.129085,50.202196],[-125.129357,50.202395],[-125.129685,50.202556],[-125.130056,50.202672],[-125.130455,50.20274],[-125.131417,50.202839],[-125.131622,50.202874],[-125.131715,50.202904],[-125.131797,50.202945],[-125.131864,50.202997],[-125.131914,50.203056],[-125.131943,50.20312],[-125.131952,50.203186],[-125.131926,50.203321],[-125.130721,50.206712],[-125.130671,50.206953],[-125.13069,50.207196],[-125.130777,50.207434],[-125.130931,50.207657],[-125.131041,50.207784],[-125.131118,50.207896],[-125.131139,50.207955],[-125.131143,50.208016],[-125.13113,50.208076],[-125.131069,50.208192],[-125.130916,50.208413],[-125.130785,50.208669],[-125.13077065559608,50.20874879074679],[-125.13109688152788,50.209704774564315],[-125.131361,50.209909],[-125.131443,50.209951],[-125.131632,50.210068],[-125.131689,50.210121],[-125.131729,50.210181],[-125.13175,50.210243],[-125.131751,50.210308],[-125.131733,50.210371],[-125.131696,50.210431],[-125.131641,50.210485],[-125.131499,50.210578],[-125.13079629873569,50.2109577940853],[-125.12479244017216,50.21879835938044],[-125.124824,50.218858],[-125.12502,50.219079],[-125.125277,50.219272],[-125.125586,50.219431],[-125.125937,50.21955],[-125.126316,50.219624],[-125.12641,50.219636],[-125.1265,50.21966],[-125.126582,50.219694],[-125.126652,50.219738],[-125.126707,50.219789],[-125.126747,50.219846],[-125.126792,50.219969],[-125.127125,50.221581],[-125.127132,50.221711],[-125.127116,50.221774],[-125.12708,50.221835],[-125.126973,50.221945],[-125.124758,50.223801],[-125.124619,50.223896],[-125.124537,50.223934],[-125.124446,50.223961],[-125.124348,50.223975],[-125.124144,50.22398],[-125.12092454825161,50.2238495208688],[-125.10997545990351,50.23814816584969],[-125.110117,50.23826],[-125.11023,50.238334],[-125.110283,50.238386],[-125.110321,50.238443],[-125.110341,50.238504],[-125.110344,50.238629],[-125.110158,50.240143],[-125.110165,50.240399],[-125.110248,50.24065],[-125.110405,50.240886],[-125.110503,50.241002],[-125.110532,50.241062],[-125.110544,50.241124],[-125.110528,50.241251],[-125.110485,50.241409],[-125.110454,50.241675],[-125.110507,50.24194],[-125.11064,50.242192],[-125.110995,50.242693],[-125.11106,50.242814],[-125.111073,50.242877],[-125.111068,50.242939],[-125.111044,50.243001],[-125.111002,50.243058],[-125.110943,50.243109],[-125.110797,50.243195],[-125.105365,50.245839],[-125.105065,50.246017],[-125.104826,50.246228],[-125.104655,50.246465],[-125.104559,50.246719],[-125.10441,50.247401],[-125.104372,50.247509],[-125.10434,50.24756],[-125.104249,50.247653],[-125.10195644520007,50.24963873870237],[-125.10385789063533,50.24898852168663],[-125.1055076,50.2473978],[-125.1056162,50.2473146],[-125.1056823,50.247282],[-125.105836,50.2472362],[-125.1077763,50.2468157],[-125.1080508,50.2467366],[-125.1082964,50.2466252],[-125.108504,50.2464858],[-125.1086659,50.2463234],[-125.1087759,50.2461442],[-125.1088301,50.2459548],[-125.1088431,50.2458564],[-125.1088628,50.2458117],[-125.1088952,50.2457702],[-125.1089393,50.2457334],[-125.1089934,50.2457026],[-125.1090557,50.2456788],[-125.1091937,50.2456467],[-125.1109414,50.2453566],[-125.1112092,50.245295],[-125.1114551,50.2452034],[-125.1116708,50.2450846],[-125.113629,50.2437901],[-125.1137388,50.2437299],[-125.1138007,50.2437071],[-125.1138682,50.2436921],[-125.1140112,50.2436784],[-125.1192356,50.2434936],[-125.1195276,50.2434654],[-125.1198061,50.2434024],[-125.1200611,50.243307],[-125.1202834,50.2431826],[-125.120465,50.2430337],[-125.1205994,50.2428655],[-125.1206819,50.2426841],[-125.1207163,50.2425685],[-125.1207494,50.2425195],[-125.1208979,50.2423887],[-125.1210549,50.2422166],[-125.1211552,50.2420281],[-125.121195,50.2418305],[-125.1211727,50.2416318],[-125.1211588,50.2415808],[-125.1211476,50.2414842],[-125.1211567,50.2414367],[-125.12118,50.2413913],[-125.1212493,50.2413127],[-125.1213806,50.2411178],[-125.1214444,50.2409095],[-125.1214379,50.2406974],[-125.1213615,50.2404909],[-125.1212329,50.2403187],[-125.1212004,50.2402633],[-125.1211882,50.2402167],[-125.1211904,50.2401694],[-125.1212067,50.2401232],[-125.1212673,50.2400355],[-125.1220051,50.2391975],[-125.1220858,50.2391227],[-125.1221356,50.2390911],[-125.1221936,50.2390657],[-125.1222578,50.2390476],[-125.1223261,50.2390372],[-125.122468,50.2390327],[-125.1248998,50.2390987],[-125.1250505,50.2391124],[-125.1251214,50.2391283],[-125.125186,50.2391527],[-125.1252419,50.2391848],[-125.1253333,50.2392626],[-125.125367,50.2392982],[-125.1255441,50.2394503],[-125.1257629,50.2395781],[-125.1260156,50.2396772],[-125.126293,50.2397439],[-125.1265852,50.2397759],[-125.1268815,50.2397719],[-125.1269718,50.2397651],[-125.1271183,50.239772],[-125.1299195075083,50.24007650852303],[-125.13269577917079,50.23912713651276],[-125.12981579274518,50.23804563084813],[-125.11940485806714,50.234135580266894],[-125.119393,50.23413],[-125.1194016648045,50.23412054748601],[-125.12807805882355,50.22708967647058],[-125.12809,50.227082],[-125.12810883917777,50.22708794921404],[-125.13217033210341,50.22880170110706],[-125.132188,50.228811],[-125.132189,50.228826],[-125.132053,50.231235],[-125.13205414698163,50.23124565054373],[-125.13205,50.23132],[-125.13204,50.23146],[-125.13213,50.23152],[-125.13275,50.23169],[-125.13297483333334,50.23169],[-125.132978,50.231691],[-125.132986,50.231704],[-125.133005,50.231746],[-125.133038,50.231801],[-125.13307273895582,50.23183643373494],[-125.13309,50.23194],[-125.13325607692308,50.23194],[-125.133311,50.231957],[-125.133402,50.231971],[-125.13383723185012,50.23201498270582],[-125.13392,50.23205],[-125.13418,50.23205],[-125.13462,50.23203],[-125.13491361702128,50.23190276595744],[-125.13492,50.231902],[-125.1349262111111,50.231902866666665],[-125.13518,50.23202],[-125.13545,50.23202],[-125.13548942857143,50.23177357142857],[-125.135492,50.231771],[-125.13549620000002,50.23177],[-125.1359,50.23177],[-125.13616,50.23164],[-125.13639,50.23142],[-125.13639957391304,50.23134340869566],[-125.13654654092528,50.231161861209955],[-125.13673,50.23103],[-125.13687585714287,50.23075773333333],[-125.136882,50.230752],[-125.136906,50.230743],[-125.137287,50.230638],[-125.13729051111109,50.230636755555565],[-125.13746,50.23059],[-125.1377,50.23039],[-125.13776810729614,50.230166218884115],[-125.137773,50.230161],[-125.13778966666668,50.23015016666666],[-125.13823599999371,50.229927000003144],[-125.138236,50.229927],[-125.13823600000006,50.22992699999997],[-125.13839,50.22985],[-125.13851,50.2296],[-125.13851,50.22934566666669],[-125.138512,50.229341],[-125.138526,50.229329],[-125.13862549999988,50.22925750000009],[-125.13886,50.22909],[-125.13883826331362,50.2290392810651],[-125.138845,50.229022],[-125.13885,50.228961],[-125.138841,50.228845],[-125.138842,50.228831],[-125.13885738095236,50.228824523809536],[-125.13955126203213,50.2286059037433],[-125.13957,50.228602],[-125.139596,50.228603],[-125.13988054949357,50.228636407458566],[-125.14004,50.22871],[-125.1405827777778,50.22871986868687],[-125.140589,50.228721],[-125.1406,50.228734],[-125.140672,50.228832],[-125.140716,50.228881],[-125.14073358458961,50.228894036850924],[-125.14075,50.22894],[-125.14091614588234,50.228986616470586],[-125.14092,50.228988],[-125.142114,50.229323],[-125.142138,50.229332],[-125.14214175,50.2293355],[-125.14221,50.22955],[-125.14246906311637,50.22973652544378],[-125.14272836457029,50.23005691656227],[-125.14273,50.23007],[-125.14303,50.23043],[-125.14349938181823,50.23017016363634],[-125.143502,50.230169],[-125.143572,50.23013],[-125.143591,50.230121],[-125.143597,50.23012],[-125.14360038410595,50.230119258278144],[-125.14373,50.23011],[-125.14396,50.23029],[-125.14454,50.23024],[-125.14463,50.2301],[-125.14449,50.22991],[-125.14411,50.22991],[-125.143953749522,50.22986404397706],[-125.143961,50.229829],[-125.143962,50.229801],[-125.143984,50.229796],[-125.144465,50.229723],[-125.144556,50.229703],[-125.14461832258064,50.22968],[-125.14475,50.22968],[-125.14505,50.2294],[-125.14496,50.22931],[-125.14478639173967,50.22927246307885],[-125.144748,50.229231],[-125.144684,50.229185],[-125.144607,50.22914],[-125.144593,50.22913],[-125.14460512587418,50.22912500699299],[-125.14562,50.22879],[-125.14612,50.22856],[-125.14631,50.22822],[-125.14631,50.22814],[-125.14613,50.22799],[-125.1460882372549,50.227977966666664],[-125.146032,50.227945],[-125.14545272685696,50.2276771894023],[-125.14543,50.22764],[-125.14494,50.22744],[-125.14481114498142,50.2274327063197],[-125.144805,50.227432],[-125.143904,50.227381],[-125.143881,50.227379],[-125.143865,50.227369],[-125.143397,50.227022],[-125.143383,50.22701],[-125.14338632432434,50.227000027027],[-125.14364,50.2266],[-125.14363,50.22652],[-125.1435180952381,50.22643047619048],[-125.14348,50.22639],[-125.14347641791045,50.22638686567164],[-125.14345,50.22629],[-125.14325,50.22619],[-125.14263,50.22617],[-125.14186547625263,50.226350312204566],[-125.141203,50.226427],[-125.141181,50.226429],[-125.141166,50.226418],[-125.1407992576,50.22609956506667],[-125.1407,50.22593],[-125.14034,50.2257],[-125.1393,50.22543],[-125.1392200710227,50.22542717897728],[-125.139218,50.225427],[-125.1389782142812,50.22541864285699],[-125.13846854545456,50.22540065454545],[-125.138452,50.225399],[-125.138445,50.225386],[-125.136726,50.220835],[-125.136723,50.220821],[-125.136745,50.22082],[-125.14873041541678,50.22081479166721],[-125.15024279388818,50.22081413582225],[-125.148716,50.219898],[-125.148425,50.219683],[-125.148318,50.219561],[-125.148252,50.219427],[-125.148231,50.219288],[-125.148254,50.219148],[-125.148321,50.219015],[-125.148569,50.218735],[-125.148894,50.218278],[-125.149086,50.217792],[-125.149139,50.217291],[-125.149051,50.216792],[-125.148909,50.216351],[-125.14892,50.216054],[-125.148843,50.215467],[-125.148576,50.214904],[-125.14813,50.214389],[-125.147526,50.213945],[-125.146352,50.213247],[-125.146121,50.213086],[-125.145933,50.212905],[-125.141027,50.207276],[-125.140862,50.207035],[-125.14077,50.206779],[-125.139975,50.202866],[-125.139961,50.202594],[-125.140007,50.202418],[-125.140205,50.201936],[-125.140248,50.201354],[-125.140225,50.201099],[-125.14027,50.200859],[-125.141135,50.198191],[-125.14121614107455,50.1977378863589],[-125.14018048678193,50.19570129244267],[-125.137545,50.192705],[-125.13736,50.192429],[-125.137317,50.192284],[-125.137324,50.192136],[-125.137438,50.191845],[-125.138026,50.190829],[-125.138199,50.190597],[-125.138316,50.190495],[-125.13846,50.190408],[-125.138627,50.19034],[-125.13881,50.190292],[-125.139004,50.190267],[-125.139243,50.190265],[-125.1399694517043,50.19021349119945],[-125.14528883895913,50.1834805604783],[-125.145321,50.183436],[-125.14533187753321,50.18342608508035],[-125.15129148243585,50.17588280894483],[-125.15167,50.1741],[-125.151766,50.173839],[-125.151852,50.173718],[-125.152095,50.173499],[-125.154932,50.17141],[-125.155226,50.171231],[-125.15545,50.171138],[-125.156127,50.170908],[-125.156811,50.170545],[-125.157365,50.170101],[-125.157768,50.169594],[-125.158003,50.169046],[-125.15806,50.168479],[-125.158044,50.168216],[-125.15808,50.168078],[-125.158242,50.167813],[-125.161212,50.164112],[-125.161441,50.163884],[-125.161587,50.163788],[-125.161758,50.163711],[-125.16195,50.163658],[-125.162154,50.163629],[-125.162363,50.163627],[-125.162569,50.16365],[-125.162764,50.163699],[-125.16294,50.16377],[-125.163247,50.163958],[-125.164451,50.164856],[-125.164705,50.165089],[-125.16479,50.165218],[-125.164833,50.165355],[-125.164832,50.165495],[-125.164738,50.165773],[-125.164578,50.166088],[-125.164393,50.166632],[-125.164379,50.167189],[-125.164539,50.167736],[-125.164864,50.168253],[-125.165343,50.168718],[-125.165956,50.169113],[-125.16668,50.169422],[-125.167484,50.169633],[-125.168339,50.169738],[-125.169208,50.169732],[-125.170059,50.169616],[-125.170856,50.169395],[-125.17134,50.169222],[-125.171499,50.169188],[-125.172373,50.168933],[-125.173138,50.168562],[-125.173307,50.168435],[-125.173311,50.168437],[-125.173802,50.168115],[-125.174313,50.167711],[-125.174698,50.167252],[-125.174944,50.166757],[-125.175042,50.16624],[-125.174989,50.165721],[-125.174787,50.165217],[-125.174442,50.164746],[-125.173967,50.164323],[-125.173444,50.163939],[-125.173205,50.163726],[-125.173093,50.163572],[-125.173075,50.163496],[-125.173071,50.163483],[-125.173059,50.163354],[-125.173116,50.163082],[-125.173189,50.162881],[-125.173227,50.162374],[-125.173122,50.161871],[-125.172876,50.161388],[-125.172421,50.16071],[-125.172294,50.160455],[-125.17227,50.160323],[-125.172286,50.160191],[-125.172341,50.160064],[-125.172434,50.159945],[-125.17269,50.159733],[-125.17462,50.158417],[-125.17496,50.158229],[-125.175154,50.15816],[-125.175584,50.158076],[-125.179314,50.157609],[-125.180157,50.157446],[-125.180931,50.157177],[-125.181605,50.156815],[-125.182152,50.156373],[-125.18255,50.15587],[-125.182782,50.155326],[-125.182839,50.154763],[-125.182718,50.154204],[-125.182425,50.153673],[-125.181977,50.153196],[-125.181882,50.153066],[-125.181779,50.152791],[-125.181497,50.151436],[-125.181481,50.151169],[-125.181513,50.151039],[-125.181584,50.150915],[-125.181799,50.150686],[-125.182417,50.150151],[-125.182822,50.149727],[-125.183102,50.149265],[-125.183251,50.148778],[-125.183264,50.148281],[-125.183139,50.147792],[-125.183015,50.147484],[-125.182939,50.147171],[-125.182896,50.14672],[-125.182677,50.146188],[-125.182466,50.145825],[-125.182432,50.145693],[-125.18244,50.145559],[-125.182488,50.145428],[-125.182575,50.145306],[-125.182697,50.145197],[-125.183087,50.144964],[-125.183669,50.144538],[-125.184104,50.144045],[-125.184376,50.143507],[-125.184473,50.142945],[-125.184487,50.141912],[-125.184533,50.14164],[-125.184596,50.141511],[-125.184697,50.141393],[-125.184971,50.141184],[-125.186923,50.139961],[-125.187235,50.139799],[-125.187409,50.139738],[-125.187895,50.139638],[-125.188084,50.139611],[-125.18883,50.139406],[-125.189503,50.139115],[-125.190081,50.13875],[-125.190543,50.138323],[-125.190874,50.137848],[-125.191062,50.137341],[-125.1911,50.136822],[-125.190988,50.136307],[-125.190909,50.136094],[-125.1909,50.135965],[-125.19093,50.135837],[-125.190996,50.135714],[-125.191097,50.135602],[-125.191229,50.135504],[-125.191388,50.135424],[-125.191525,50.135378],[-125.19223,50.135084],[-125.192834,50.134709],[-125.193314,50.134267],[-125.193653,50.133773],[-125.193838,50.133415],[-125.193933,50.133304],[-125.194059,50.133206],[-125.194212,50.133125],[-125.194384,50.133062],[-125.194572,50.133022],[-125.194769,50.133004],[-125.19517,50.133015],[-125.196335,50.133119],[-125.196752,50.133183],[-125.196944,50.13324],[-125.197115,50.133321],[-125.197258,50.133421],[-125.19730744212589,50.13347461194374],[-125.21375176207711,50.131996470824525],[-125.213787,50.131271],[-125.213742,50.130774],[-125.213559,50.130289],[-125.213246,50.129833],[-125.212811,50.12942],[-125.21007,50.12726],[-125.209849,50.12705],[-125.209771,50.126934],[-125.209728,50.126812],[-125.209719,50.126687],[-125.209774,50.126435],[-125.210189,50.125306],[-125.21033,50.125044],[-125.210438,50.124926],[-125.210581,50.124824],[-125.210752,50.124742],[-125.210946,50.124684],[-125.211367,50.124618],[-125.221617,50.123706],[-125.222024,50.123694],[-125.222223,50.123713],[-125.222556,50.123786],[-125.223375,50.123912],[-125.224216,50.123935],[-125.225049,50.123854],[-125.225841,50.123671],[-125.226565,50.123395],[-125.227191,50.123034],[-125.227698,50.122603],[-125.228066,50.122117],[-125.228282,50.121595],[-125.228337,50.121056],[-125.228229,50.120521],[-125.227963,50.120008],[-125.227862,50.119862],[-125.227412,50.11936],[-125.226811,50.118928],[-125.226083,50.118585],[-125.225262,50.118346],[-125.224381,50.11822],[-125.2241,50.118199],[-125.223896,50.118156],[-125.223709,50.118087],[-125.223548,50.117996],[-125.223453,50.117916],[-125.222913,50.117536],[-125.222275,50.117227],[-125.222101,50.117171],[-125.221503,50.116928],[-125.220192,50.116272],[-125.219863,50.116068],[-125.219737,50.115948],[-125.219654,50.115814],[-125.219578,50.115524],[-125.219486,50.114555],[-125.219342,50.11399],[-125.219022,50.113457],[-125.218539,50.112976],[-125.217913,50.112569],[-125.217342,50.112324],[-125.217096,50.112195],[-125.216962,50.112091],[-125.216862,50.111971],[-125.216801,50.111841],[-125.216782,50.111706],[-125.216804,50.111571],[-125.216867,50.111442],[-125.216968,50.111323],[-125.217233,50.111121],[-125.217755,50.110623],[-125.218099,50.110065],[-125.21815542315345,50.109843417682164],[-125.21143292219224,50.1035304091653],[-125.211341,50.103547],[-125.210581,50.103794],[-125.210366,50.103882],[-125.209905,50.103987],[-125.207079,50.104406],[-125.206608,50.104442],[-125.206376,50.104427],[-125.206155,50.104379],[-125.205748,50.104222],[-125.205493,50.104098],[-125.204795,50.103818],[-125.204028,50.103628],[-125.203218,50.103534],[-125.202395,50.103539],[-125.201866,50.103607],[-125.202073,50.103141],[-125.202141,50.102583],[-125.202034,50.102027],[-125.199636,50.095259],[-125.199352,50.094719],[-125.198903,50.094228],[-125.198308,50.093805],[-125.197592,50.093468],[-125.196784,50.093231],[-125.195918,50.093104],[-125.195732,50.093089],[-125.19535,50.093036],[-125.195171,50.092989],[-125.195009,50.092921],[-125.19495396693752,50.092887824040346],[-125.18777297462394,50.09316051995099],[-125.192577,50.097537],[-125.201877,50.106008],[-125.201888,50.106021],[-125.20189,50.106036],[-125.201895,50.107981],[-125.2019,50.109805],[-125.201898,50.109819],[-125.201876,50.10982],[-125.193484,50.10982],[-125.193461,50.109819],[-125.193451,50.109811],[-125.184575,50.10168],[-125.175704,50.093552],[-125.175693,50.093541],[-125.175707,50.093535],[-125.17970117103957,50.09230915877128],[-125.178255,50.090776],[-125.178064,50.090517],[-125.178013,50.090379],[-125.178007,50.090238],[-125.178087,50.089956],[-125.178648,50.088716],[-125.178797,50.088227],[-125.178808,50.087729],[-125.178682,50.087238],[-125.178422,50.086768],[-125.176385,50.083926],[-125.176127,50.083381],[-125.173166,50.071416],[-125.173127,50.071156],[-125.17309645965385,50.07055821101214],[-125.15073192824553,50.017701984262],[-125.147938,50.015948],[-125.147613,50.015688],[-125.147394,50.015384],[-125.145769,50.012162],[-125.145673,50.011864],[-125.145677,50.011714],[-125.145788,50.011418],[-125.146467,50.010208],[-125.146641,50.00997],[-125.146883,50.009757],[-125.160767,49.99968],[-125.161048,49.99951],[-125.161371,49.999374],[-125.167354,49.99733],[-125.168065,49.997152],[-125.185785,49.994197],[-125.186193,49.994155],[-125.186397,49.994159],[-125.186596,49.994189],[-125.186973,49.994296],[-125.195824,49.997486],[-125.196157,49.997634],[-125.196297,49.997725],[-125.196523,49.997941],[-125.198734,50.000556],[-125.198898,50.000805],[-125.198941,50.000936],[-125.198943,50.001069],[-125.198866,50.001335],[-125.196704,50.006147],[-125.196561,50.006608],[-125.19654,50.007079],[-125.196642,50.007544],[-125.197454,50.009831],[-125.197502,50.01004],[-125.197501,50.010251],[-125.197028,50.014076],[-125.197043,50.014614],[-125.197217,50.015139],[-125.199121,50.019014],[-125.199215,50.01933],[-125.199194,50.019652],[-125.198361,50.022982],[-125.198317,50.023618],[-125.198497,50.024243],[-125.198892,50.024827],[-125.202379,50.028695],[-125.202945,50.029189],[-125.203665,50.029591],[-125.204505,50.029883],[-125.215354,50.032718],[-125.215812,50.032882],[-125.216194,50.033111],[-125.220669,50.036537],[-125.221024,50.03687],[-125.222625,50.038729],[-125.222785,50.038963],[-125.22283,50.039086],[-125.222848,50.039341],[-125.222707,50.041262],[-125.222644,50.041538],[-125.222571,50.041667],[-125.222459,50.041785],[-125.222162,50.041989],[-125.220896,50.042701],[-125.220569,50.04285],[-125.21991,50.043219],[-125.219379,50.043664],[-125.2193118861343,50.04375295669862],[-125.2282276918782,50.05160625709479],[-125.231792,50.051928],[-125.232219,50.051995],[-125.232414,50.052055],[-125.232587,50.052139],[-125.232729,50.052244],[-125.232946,50.052489],[-125.236472,50.05764],[-125.236612,50.057926],[-125.236633,50.058073],[-125.236604,50.058219],[-125.236446,50.058502],[-125.235995,50.059098],[-125.235701,50.059606],[-125.235565,50.060141],[-125.235593,50.060682],[-125.235783,50.061211],[-125.236128,50.061705],[-125.237467,50.063212],[-125.237631,50.063444],[-125.237678,50.063566],[-125.23769,50.063692],[-125.237641,50.063945],[-125.237259,50.065068],[-125.237131,50.065322],[-125.237032,50.065437],[-125.2369,50.065538],[-125.236741,50.065622],[-125.23656,50.065684],[-125.236364,50.065722],[-125.23616,50.065736],[-125.235955,50.065725],[-125.235555,50.065651],[-125.233749,50.065194],[-125.232913,50.065042],[-125.232047,50.064999],[-125.231184,50.065068],[-125.23036,50.065246],[-125.229608,50.065524],[-125.228957,50.065894],[-125.228707,50.066105],[-125.228407,50.066313],[-125.228234,50.066393],[-125.227719,50.066543],[-125.226912,50.066848],[-125.226225,50.067256],[-125.225691,50.06775],[-125.225333,50.068305],[-125.225205,50.068586],[-125.225048,50.068836],[-125.224935,50.068948],[-125.224791,50.069043],[-125.22462,50.069119],[-125.22443,50.069172],[-125.224228,50.069201],[-125.224021,50.069204],[-125.223816,50.069181],[-125.223623,50.069134],[-125.223447,50.069063],[-125.223141,50.068878],[-125.221364,50.067575],[-125.220714,50.067187],[-125.219954,50.066891],[-125.219116,50.0667],[-125.218236,50.066623],[-125.217349,50.066661],[-125.216494,50.066815],[-125.215704,50.067076],[-125.215013,50.067435],[-125.214451,50.067877],[-125.21404,50.068383],[-125.213797,50.068931],[-125.213732,50.0695],[-125.21404404712507,50.07623547332536],[-125.21428181808776,50.077614544908954],[-125.214429,50.077906],[-125.214823,50.078368],[-125.215346,50.078774],[-125.215978,50.079111],[-125.216697,50.079365],[-125.217477,50.079528],[-125.218292,50.079594],[-125.219111,50.079561],[-125.219171,50.079555],[-125.21937,50.079558],[-125.219564,50.079585],[-125.219934,50.079686],[-125.226448,50.081933],[-125.227288,50.082154],[-125.228181,50.082258],[-125.229088,50.082242],[-125.229875,50.08212],[-125.230138,50.082096],[-125.230352,50.082104],[-125.230772,50.082176],[-125.238766,50.084123],[-125.239182,50.084258],[-125.239359,50.084352],[-125.239648,50.084586],[-125.247502,50.092609],[-125.248012,50.093033],[-125.248639,50.093387],[-125.249359,50.093658],[-125.250147,50.093836],[-125.250973,50.093914],[-125.251807,50.093889],[-125.252618,50.093763],[-125.253378,50.093541],[-125.254057,50.093229],[-125.254631,50.09284],[-125.254644,50.092828],[-125.254801,50.092741],[-125.254981,50.092675],[-125.25538,50.092588],[-125.261375,50.091693],[-125.261835,50.091657],[-125.262062,50.091671],[-125.262504,50.091761],[-125.267468,50.093166],[-125.26783,50.093297],[-125.267987,50.093382],[-125.268115,50.093484],[-125.268308,50.09372],[-125.26954220586647,50.09565922636822],[-125.27873719538904,50.10256556549718],[-125.278842,50.102613],[-125.287283,50.107247],[-125.287613,50.107474],[-125.287856,50.107742],[-125.29022311311708,50.11119261644079],[-125.29201075186853,50.11253530850447],[-125.292684,50.112755],[-125.298091,50.11411],[-125.298463,50.114231],[-125.298626,50.114312],[-125.2989,50.114514],[-125.302016,50.117319],[-125.302408,50.117788],[-125.30514783273281,50.12240254493694],[-125.31852731491846,50.13245184854051],[-125.321632,50.133079],[-125.322501,50.133194],[-125.323389,50.133194],[-125.324258,50.133079],[-125.325073,50.132853],[-125.329832,50.131147],[-125.330219,50.131038],[-125.330422,50.131009],[-125.33063,50.131006],[-125.330835,50.131029],[-125.33103,50.131077],[-125.331206,50.131148],[-125.331357,50.13124],[-125.331478,50.131349],[-125.331651,50.131596],[-125.33288,50.133931],[-125.333233,50.134432],[-125.333733,50.13488],[-125.33436,50.135256],[-125.335089,50.135546],[-125.335893,50.135739],[-125.336466,50.135799],[-125.336566,50.135815],[-125.337529,50.135902],[-125.338497,50.13585],[-125.339357,50.135675],[-125.339816,50.135609],[-125.34392466657425,50.13529259210867],[-125.348,50.1305],[-125.34839435759595,50.13576467390603],[-125.349017,50.137343],[-125.349306,50.137858],[-125.349746,50.138326],[-125.350319,50.138731],[-125.35058,50.138855],[-125.35094,50.139058],[-125.351061,50.139157],[-125.351245,50.139383],[-125.352373,50.141141],[-125.352499,50.141415],[-125.352536,50.141699],[-125.352445,50.14443],[-125.352396,50.144696],[-125.352333,50.144822],[-125.352233,50.144937],[-125.352101,50.145039],[-125.352074,50.145053],[-125.351459,50.145444],[-125.350976,50.145905],[-125.350645,50.146418],[-125.350478,50.146962],[-125.350483,50.147518],[-125.351616,50.1544],[-125.351624,50.154633],[-125.351571,50.154863],[-125.350324,50.158277],[-125.350176,50.15855],[-125.350062,50.158672],[-125.34991,50.158776],[-125.349728,50.158858],[-125.349524,50.158914],[-125.349305,50.158941],[-125.348854,50.158937],[-125.34459672622647,50.15861085481865],[-125.3334706126667,50.16151600669259],[-125.33346,50.161548],[-125.333478,50.162179],[-125.333716,50.162792],[-125.33415882041544,50.16355254837112],[-125.33838671145699,50.166788942840974],[-125.340279,50.167084],[-125.340735,50.167191],[-125.341143,50.16736],[-125.346925,50.170407],[-125.347359,50.170683],[-125.354234,50.175964],[-125.354497,50.176218],[-125.354667,50.176502],[-125.355631,50.178868],[-125.355698,50.179142],[-125.355688,50.179279],[-125.355636,50.179412],[-125.355544,50.179536],[-125.355283,50.179757],[-125.352893,50.181413],[-125.352538,50.181611],[-125.352334,50.181681],[-125.352112,50.181722],[-125.351642,50.181741],[-125.347054,50.181605],[-125.346595,50.18156],[-125.346381,50.181507],[-125.34619,50.181426],[-125.345866,50.181212],[-125.343777,50.179505],[-125.343557,50.179285],[-125.343482,50.179165],[-125.343443,50.179039],[-125.343441,50.178844],[-125.34341162944521,50.17866902648215],[-125.3308175858446,50.17807134305703],[-125.330147,50.178444],[-125.329602,50.178903],[-125.329215,50.179425],[-125.329004,50.179986],[-125.328977,50.180564],[-125.329137,50.181132],[-125.329475,50.181667],[-125.331245,50.183802],[-125.331796,50.184318],[-125.332512,50.184743],[-125.333359,50.185055],[-125.333673,50.185142],[-125.333848,50.185221],[-125.333995,50.18532],[-125.334109,50.185436],[-125.334184,50.185565],[-125.334253,50.185839],[-125.334255,50.185869],[-125.334378,50.186382],[-125.334646,50.186872],[-125.335051,50.187321],[-125.335578,50.187715],[-125.343763,50.192785],[-125.344206,50.193124],[-125.349985,50.198645],[-125.350332,50.199078],[-125.355032,50.207129],[-125.355462,50.207675],[-125.356066,50.208148],[-125.356817,50.208525],[-125.357897,50.208955],[-125.35823,50.209118],[-125.358368,50.209217],[-125.358472,50.209332],[-125.358541,50.209457],[-125.358571,50.209588],[-125.35856,50.20972],[-125.35851,50.209849],[-125.358333,50.210092],[-125.357486,50.211009],[-125.357108,50.211536],[-125.356908,50.212101],[-125.356895,50.212681],[-125.357069,50.213249],[-125.35794,50.215072],[-125.358329,50.215647],[-125.358909,50.216152],[-125.364157,50.219785],[-125.364413,50.220002],[-125.364505,50.220123],[-125.364613,50.220386],[-125.365115,50.222411],[-125.365331,50.222941],[-125.365705,50.223434],[-125.366221,50.22387],[-125.366861,50.224234],[-125.367304,50.22444],[-125.367451,50.224544],[-125.367561,50.224664],[-125.367632,50.224795],[-125.367688,50.225076],[-125.367842,50.229223],[-125.367911,50.229657],[-125.368086,50.230079],[-125.369491,50.23265],[-125.369591,50.232914],[-125.369609,50.233185],[-125.369184,50.238148],[-125.369292,50.238938],[-125.371202,50.244157],[-125.371258,50.244447],[-125.371239,50.24459],[-125.371173,50.244728],[-125.371064,50.244853],[-125.370764,50.245073],[-125.36939,50.245887],[-125.368799,50.246317],[-125.368357,50.246815],[-125.368083,50.24736],[-125.367989,50.24793],[-125.367988,50.248127],[-125.367949,50.248254],[-125.367874,50.248375],[-125.367764,50.248484],[-125.367624,50.248578],[-125.367458,50.248654],[-125.367084,50.248764],[-125.364626,50.249312],[-125.364185,50.249378],[-125.363962,50.249381],[-125.363743,50.249355],[-125.363537,50.2493],[-125.363164,50.249135],[-125.357309,50.245919],[-125.357018,50.245724],[-125.356801,50.245508],[-125.356285,50.245088],[-125.355653,50.244739],[-125.354929,50.244472],[-125.354139,50.244298],[-125.353312,50.244224],[-125.352612,50.244204],[-125.351726,50.244237],[-125.350869,50.244383],[-125.350076,50.244637],[-125.34938,50.244988],[-125.348862,50.245309],[-125.348534,50.245475],[-125.348351,50.245536],[-125.34795,50.245612],[-125.334898,50.247219],[-125.334453,50.247244],[-125.334235,50.247227],[-125.334027,50.247183],[-125.333837,50.247112],[-125.333674,50.247017],[-125.333545,50.246904],[-125.333269,50.246512],[-125.333258,50.246516],[-125.333098,50.246281],[-125.332659,50.245862],[-125.332109,50.245501],[-125.331466,50.245209],[-125.327564,50.243754],[-125.326763,50.243521],[-125.325906,50.243395],[-125.322341,50.243109],[-125.321523,50.243093],[-125.320714,50.243174],[-125.319943,50.243351],[-125.319238,50.243616],[-125.318622,50.243961],[-125.318117,50.244373],[-125.317741,50.244838],[-125.317508,50.24534],[-125.317478,50.245437],[-125.317401,50.245558],[-125.317289,50.245668],[-125.317147,50.245762],[-125.316807,50.245914],[-125.315838,50.246265],[-125.315116,50.246593],[-125.314511,50.247007],[-125.314049,50.247491],[-125.314024,50.247535],[-125.313774,50.24787],[-125.313479,50.248393],[-125.313352,50.248943],[-125.313397,50.249498],[-125.313614,50.250036],[-125.313993,50.250537],[-125.315727,50.252345],[-125.316004,50.252711],[-125.316151,50.252972],[-125.316586,50.253437],[-125.31660002967719,50.253446946966896],[-125.327453,50.256572],[-125.32747,50.256579],[-125.327453,50.256581],[-125.32471,50.256637],[-125.3223378365466,50.256686066228944],[-125.32689303607434,50.25846194433326],[-125.327376,50.258429],[-125.334482,50.258353],[-125.33496,50.25837],[-125.345075,50.259211],[-125.345458,50.259265],[-125.345637,50.259313],[-125.345799,50.259382],[-125.345939,50.259467],[-125.34617,50.25967],[-125.349251,50.262967],[-125.349873,50.263484],[-125.350666,50.263895],[-125.35579,50.265969],[-125.356114,50.266129],[-125.356248,50.266226],[-125.356352,50.266337],[-125.356471,50.266548],[-125.356614,50.266901],[-125.356987,50.267392],[-125.357502,50.267828],[-125.35814,50.268192],[-125.358876,50.26847],[-125.36264,50.269586],[-125.363017,50.269729],[-125.363177,50.269822],[-125.363502,50.270107],[-125.364151,50.27056],[-125.36494,50.270912],[-125.365831,50.271145],[-125.366779,50.271248],[-125.374458,50.271535],[-125.374862,50.271574],[-125.375052,50.271617],[-125.375404,50.271748],[-125.377683,50.272792],[-125.378002,50.272971],[-125.378188,50.273125],[-125.378558,50.2735],[-125.379164,50.273906],[-125.379886,50.274226],[-125.380693,50.274448],[-125.381308,50.27453],[-125.381307,50.274531],[-125.381953,50.274617],[-125.382151,50.274672],[-125.382328,50.274751],[-125.38263,50.274954],[-125.384307,50.276338],[-125.384543,50.276581],[-125.384618,50.276713],[-125.38465,50.276852],[-125.384636,50.276992],[-125.384578,50.277127],[-125.384478,50.277253],[-125.384198,50.277475],[-125.379377,50.280579],[-125.379027,50.280762],[-125.37883,50.280827],[-125.378395,50.280903],[-125.367105,50.282105],[-125.366328,50.282235],[-125.365602,50.282454],[-125.364951,50.282754],[-125.364396,50.283125],[-125.363957,50.283554],[-125.363648,50.284027],[-125.363479,50.284529],[-125.363424,50.284822],[-125.363352,50.284956],[-125.363239,50.285078],[-125.363089,50.285182],[-125.362908,50.285265],[-125.362495,50.28538],[-125.358716,50.286149],[-125.358342,50.286202],[-125.358152,50.286207],[-125.357964,50.286191],[-125.357599,50.286117],[-125.352702,50.284805],[-125.35234491269131,50.28474017164932],[-125.31591744417872,50.29162491181953],[-125.315732,50.291877],[-125.315524,50.292439],[-125.315501,50.293016],[-125.315664,50.293584],[-125.316006,50.294118],[-125.316328,50.294503],[-125.316498,50.294768],[-125.316537,50.294907],[-125.316532,50.295048],[-125.316481,50.295186],[-125.316387,50.295313],[-125.316254,50.295426],[-125.315915,50.295615],[-125.309819,50.29836],[-125.309578,50.298449],[-125.30887,50.298776],[-125.308277,50.299187],[-125.307824,50.299664],[-125.307528,50.30019],[-125.307461,50.30036],[-125.307373,50.30048],[-125.30725,50.300587],[-125.307097,50.300677],[-125.306738,50.300818],[-125.299243,50.303147],[-125.298904,50.303231],[-125.298548,50.303278],[-125.286699,50.304179],[-125.2863,50.304186],[-125.286104,50.304166],[-125.285728,50.30408],[-125.28502,50.303871],[-125.284211,50.303691],[-125.283364,50.303615],[-125.282509,50.303646],[-125.28168,50.303782],[-125.280908,50.304019],[-125.280223,50.304347],[-125.277492,50.305946],[-125.277165,50.306104],[-125.276983,50.306161],[-125.276788,50.306196],[-125.276586,50.306206],[-125.276384,50.306193],[-125.276191,50.306155],[-125.276011,50.306094],[-125.275614,50.305892],[-125.274859,50.305582],[-125.274021,50.305377],[-125.273136,50.305285],[-125.27224,50.305311],[-125.271371,50.305453],[-125.270565,50.305704],[-125.269856,50.306056],[-125.269275,50.306492],[-125.268007,50.30767],[-125.267724,50.307883],[-125.267555,50.307968],[-125.267362,50.30803],[-125.26694,50.308103],[-125.254902,50.309366],[-125.254452,50.309383],[-125.254232,50.309362],[-125.25381,50.309262],[-125.24696,50.30709],[-125.246141,50.306893],[-125.245277,50.306804],[-125.244402,50.306826],[-125.243552,50.306959],[-125.24276,50.307198],[-125.242703,50.30722],[-125.242494,50.307266],[-125.242274,50.307284],[-125.241826,50.307261],[-125.238801,50.3069],[-125.238428,50.306833],[-125.238255,50.30678],[-125.237942,50.306634],[-125.236407,50.305776],[-125.23609,50.305555],[-125.235974,50.305428],[-125.23583,50.305142],[-125.235101,50.302875],[-125.234875,50.302395],[-125.234518,50.301949],[-125.234043,50.30155],[-125.233463,50.301212],[-125.232106,50.300553],[-125.231778,50.300357],[-125.231215,50.299941],[-125.230526,50.2996],[-125.229746,50.299353],[-125.229557,50.299308],[-125.22936,50.299226],[-125.229027,50.299007],[-125.225959,50.29648],[-125.225744,50.296265],[-125.22567,50.296148],[-125.225631,50.296024],[-125.22563,50.296001],[-125.225547,50.295499],[-125.225324,50.295016],[-125.224969,50.294566],[-125.224493,50.294164],[-125.223912,50.293823],[-125.223419,50.293582],[-125.223281,50.293482],[-125.223068,50.29325],[-125.221631,50.291263],[-125.221487,50.290995],[-125.221459,50.290856],[-125.221477,50.290716],[-125.221538,50.290582],[-125.221641,50.290459],[-125.221925,50.29024],[-125.224159,50.288843],[-125.224729,50.288405],[-125.225149,50.287903],[-125.2254,50.287356],[-125.225552,50.286836],[-125.225625,50.286279],[-125.225523,50.285725],[-125.225251,50.285194],[-125.224819,50.284708],[-125.22333153245835,50.28336750841782],[-125.211707,50.28336],[-125.211682,50.283358],[-125.2116792755214,50.283344377607015],[-125.21113000001938,50.2715000004181],[-125.210581,50.259657],[-125.210583,50.25964],[-125.210595,50.259625],[-125.21124354232398,50.258963311547824],[-125.16671709831476,50.23338429052125],[-125.1638676248647,50.23274263519472],[-125.16374,50.241415],[-125.163738,50.241429],[-125.16371677192981,50.241429964912285],[-125.16346357102405,50.241429582433575],[-125.1680021332411,50.24675428846322],[-125.1682882,50.246732],[-125.1685782,50.2466712],[-125.1686113,50.2466619],[-125.1687586,50.2466312],[-125.1688344,50.2466256],[-125.1689105,50.2466298],[-125.1689838,50.2466436],[-125.1691208,50.2466898],[-125.1730297,50.2483484],[-125.1731341,50.2484015],[-125.173178,50.2484331],[-125.1732483,50.2485057],[-125.1737456,50.2491338],[-125.1738867,50.2492795],[-125.1740648,50.2494075],[-125.1742744,50.2495143],[-125.1752488,50.249928],[-125.175355,50.2499822],[-125.1753993,50.2500145],[-125.1754343,50.2500512],[-125.1754836,50.2501321],[-125.176174,50.2516439],[-125.1762873,50.2518246],[-125.1764534,50.2519876],[-125.1766659,50.252127],[-125.1769166,50.2522374],[-125.177196,50.2523145],[-125.177846,50.2524475],[-125.1779854,50.252486],[-125.178047,50.2525132],[-125.1781528,50.2525828],[-125.1797806,50.2538889],[-125.1798584,50.2539645],[-125.1799134,50.2540479],[-125.1804974,50.2552232],[-125.1806301,50.2554166],[-125.1808235,50.2555877],[-125.1810688,50.255729],[-125.1813025,50.2558373],[-125.1814234,50.2559067],[-125.1814704,50.2559481],[-125.1815029,50.2559948],[-125.1815194,50.2560449],[-125.1815191,50.2561488],[-125.1812087,50.2579981],[-125.1812079,50.2582063],[-125.1812747,50.25841],[-125.1814062,50.2586004],[-125.1815966,50.2587693],[-125.1818377,50.2589092],[-125.1821189,50.2590141],[-125.1841391,50.2595963],[-125.184393,50.2596962],[-125.1872755,50.2611851],[-125.1873839,50.2612535],[-125.1874261,50.2612932],[-125.1874854,50.2613828],[-125.1879729,50.2623855],[-125.1880012,50.2624677],[-125.1880074,50.2625517],[-125.1879,50.2643633],[-125.1879191,50.2645608],[-125.1879988,50.2647521],[-125.1881359,50.2649296],[-125.1883252,50.2650862],[-125.1885592,50.2652159],[-125.1888285,50.2653135],[-125.1908193,50.2658761],[-125.191094,50.2659349],[-125.1913811,50.2659603],[-125.1916705,50.2659513],[-125.1917439,50.2659401],[-125.191919,50.2659256],[-125.1919949,50.2659291],[-125.1920682,50.2659421],[-125.192136,50.2659641],[-125.1921957,50.2659942],[-125.1922449,50.2660313],[-125.1922816,50.2660739],[-125.1923279,50.2661679],[-125.1928366,50.2677319],[-125.1928528,50.2678272],[-125.1928401,50.2679227],[-125.1921658,50.2702638],[-125.1921401,50.270455],[-125.1921721,50.2706459],[-125.1922608,50.2708293],[-125.1924028,50.2709985],[-125.1925929,50.2711471],[-125.192824,50.2712698],[-125.1930875,50.2713618],[-125.1933132,50.2714076],[-125.1934089,50.2714331],[-125.1934676,50.2714574],[-125.1935184,50.2714882],[-125.1935596,50.2715244],[-125.1936206,50.2716059],[-125.1936698,50.271691],[-125.1938153,50.2718471],[-125.1940025,50.2719837],[-125.1942255,50.2720964],[-125.1944767,50.2721814],[-125.1947479,50.2722358],[-125.1949782,50.2722677],[-125.1950489,50.2722876],[-125.1951767,50.2723457],[-125.1955578,50.2725592],[-125.1956645,50.2726323],[-125.1957046,50.2726743],[-125.1957308,50.2727207],[-125.1957419,50.2727694],[-125.1957374,50.2728186],[-125.1957177,50.2728662],[-125.195648,50.2729557],[-125.1954466,50.2731598],[-125.1953182,50.2733205],[-125.1952372,50.2734934],[-125.1952062,50.2736728],[-125.1952263,50.2738528],[-125.1952969,50.2740276],[-125.1955213,50.2744291],[-125.1955585,50.2745251],[-125.1955618,50.2745738],[-125.1955499,50.274622],[-125.1955233,50.2746677],[-125.1954416,50.2747517],[-125.1946966,50.2753702],[-125.194518,50.2755582],[-125.1944082,50.2757667],[-125.1942355,50.2762738],[-125.1942003,50.2764624],[-125.1942216,50.2766518],[-125.1942987,50.2768353],[-125.1944288,50.277006],[-125.1946071,50.2771579],[-125.1946468,50.2771857],[-125.1947378,50.2772637],[-125.19477,50.2773071],[-125.1947885,50.2773536],[-125.1947923,50.2774015],[-125.1947814,50.277449],[-125.194766,50.2774767],[-125.1946903,50.277675],[-125.1946793,50.277879],[-125.1947335,50.2780801],[-125.1948133476961,50.27820958827916],[-125.19493483188084,50.27835211526019],[-125.1950257,50.2784407],[-125.1952516,50.2785851],[-125.1955186,50.278697],[-125.1958158,50.2787719],[-125.1959763,50.2788006],[-125.1960381,50.2788198],[-125.1960937,50.2788458],[-125.196141,50.2788777],[-125.1962173,50.278952],[-125.19681,50.2796615],[-125.1968659,50.2797466],[-125.1968809,50.2797912],[-125.1968826,50.2798368],[-125.1968711,50.2798818],[-125.1968467,50.2799247],[-125.1967731,50.2800041],[-125.1965273818778,50.28022051766734],[-125.20075979254523,50.28518604232537],[-125.2008425,50.2852354],[-125.2037495,50.2866979],[-125.2038456,50.2867553],[-125.203885,50.2867884],[-125.2039458,50.286863],[-125.2042086,50.2872655],[-125.2042552,50.2873651],[-125.2042616,50.2874161],[-125.204234,50.2875509],[-125.2042244,50.2877478],[-125.2042755,50.2879421],[-125.2043854,50.2881262],[-125.2045498,50.2882929],[-125.2047623,50.2884357],[-125.2063401,50.2893053],[-125.2064557,50.2893847],[-125.2064978,50.2894308],[-125.2065496,50.289534],[-125.206836,50.2904339],[-125.2069248,50.2906188],[-125.2070678,50.2907893],[-125.2072596,50.290939],[-125.2115934,50.2937199],[-125.2116883,50.2937938],[-125.2117233,50.2938353],[-125.2117452,50.2938804],[-125.2117531,50.2939273],[-125.2117403,50.2940225],[-125.2112867,50.2955968],[-125.2112636,50.295836],[-125.2113853,50.2971572],[-125.2113797,50.2972528],[-125.2113627,50.2972988],[-125.211301,50.297386],[-125.2098645,50.2989843],[-125.2097822,50.299059],[-125.2097317,50.2990905],[-125.2096128,50.2991412],[-125.2053855,50.3006052],[-125.2052411,50.3006438],[-125.2050875,50.300663],[-125.20049956929607,50.30093513553897],[-125.19864615277724,50.301594419153446],[-125.1984406,50.3017853],[-125.1983539,50.3018524],[-125.1983025,50.3018802],[-125.198185,50.3019242],[-125.1955274,50.3027272],[-125.1953401,50.3027717],[-125.19533294708522,50.30277296817464],[-125.17554226604796,50.309812762842775],[-125.1755497,50.3101843],[-125.1755401,50.3102686],[-125.1755243,50.3103092],[-125.1754712,50.3103866],[-125.1745013,50.3115243],[-125.1744116,50.3116079],[-125.1743551,50.3116425],[-125.1742889,50.311669],[-125.1741401,50.3117043],[-125.1733923,50.3118276],[-125.173221,50.311843],[-125.1731364,50.3118386],[-125.1729715,50.3118052],[-125.17128603188222,50.31132675897711],[-125.16520233620345,50.31349080620325],[-125.1651912,50.3135018],[-125.1650908,50.313569],[-125.1630915,50.314678],[-125.1628587,50.314839],[-125.1626865,50.3150287],[-125.1625834,50.3152377],[-125.1623375,50.3160322],[-125.1622957,50.3161217],[-125.1622625,50.3161627],[-125.162172,50.3162361],[-125.1618827,50.3164301],[-125.1617073,50.3165714],[-125.1615745,50.3167305],[-125.1614888,50.3169022],[-125.1614529,50.317081],[-125.161363,50.3186233],[-125.1613446,50.3187139],[-125.1613228,50.3187568],[-125.1612544,50.3188371],[-125.16059488067475,50.319465564348654],[-125.20553748398153,50.30217198197023],[-125.205715,50.302033],[-125.206062,50.301815],[-125.211124,50.299274],[-125.211475,50.29913],[-125.215258,50.297882],[-125.215513,50.297816],[-125.215646,50.297799],[-125.215782,50.297798],[-125.215915,50.297814],[-125.216138,50.297868],[-125.216669,50.297963],[-125.217219,50.297993],[-125.217768,50.297957],[-125.218297,50.297857],[-125.218788,50.297695],[-125.218904,50.297648],[-125.219041,50.297614],[-125.219186,50.297599],[-125.219333,50.297603],[-125.219475,50.297626],[-125.219744,50.297708],[-125.221341,50.298333],[-125.221555,50.298435],[-125.221645,50.298497],[-125.221715,50.298568],[-125.221816,50.298726],[-125.222621,50.300427],[-125.222679,50.300623],[-125.222671,50.300822],[-125.222632,50.301007],[-125.222612,50.301368],[-125.222699,50.301725],[-125.222892,50.302065],[-125.223182,50.302375],[-125.22356,50.302644],[-125.223739,50.302749],[-125.223819,50.302818],[-125.223878,50.302894],[-125.223914,50.302977],[-125.223926,50.303062],[-125.223913,50.303147],[-125.223838,50.303313],[-125.222619,50.305303],[-125.222469,50.305634],[-125.222416,50.305976],[-125.222461,50.306319],[-125.222602,50.306651],[-125.222836,50.306961],[-125.223682,50.307861],[-125.223813,50.308042],[-125.223847,50.308137],[-125.223848,50.308235],[-125.223817,50.308331],[-125.223692,50.308512],[-125.223538,50.308683],[-125.223304,50.309012],[-125.223172,50.309363],[-125.223148,50.309724],[-125.223232,50.310081],[-125.223421,50.310422],[-125.224831,50.312352],[-125.224923,50.312514],[-125.224944,50.312599],[-125.224941,50.312684],[-125.224913,50.312768],[-125.224862,50.312847],[-125.224789,50.312918],[-125.224696,50.31298],[-125.224366,50.313132],[-125.224369,50.313134],[-125.22406,50.313277],[-125.223674,50.31354],[-125.223374,50.313845],[-125.22317,50.314181],[-125.223069,50.314535],[-125.223076,50.314895],[-125.22319,50.315248],[-125.223408,50.315581],[-125.22372,50.315881],[-125.224116,50.316138],[-125.224904,50.31656],[-125.225104,50.31669],[-125.225181,50.316765],[-125.225234,50.316848],[-125.225261,50.316936],[-125.225261,50.317026],[-125.225206,50.317204],[-125.224336,50.319045],[-125.224237,50.319201],[-125.224155,50.319284],[-125.223901,50.319605],[-125.223747,50.31995],[-125.223712,50.320212],[-125.223544,50.320157],[-125.223004,50.320058],[-125.222445,50.320026],[-125.221885,50.320062],[-125.221347,50.320165],[-125.220849,50.320331],[-125.220409,50.320554],[-125.21950036146903,50.32111343500754],[-125.22046345880561,50.32674664584418],[-125.220899,50.326723],[-125.221449,50.326623],[-125.221959,50.326456],[-125.222409,50.32623],[-125.222782,50.325953],[-125.223065,50.325636],[-125.224965,50.322915],[-125.225024,50.322849],[-125.225255,50.322522],[-125.225386,50.322173],[-125.225398,50.321994],[-125.22546,50.322017],[-125.225995,50.32213],[-125.226553,50.322176],[-125.227116,50.322154],[-125.227661,50.322064],[-125.228574,50.321852],[-125.228889,50.321804],[-125.229096,50.321802],[-125.22927321560968,50.321789479331926],[-125.23269814707383,50.31871741959437],[-125.232619,50.31856],[-125.232618,50.318558],[-125.232533,50.318395],[-125.232515,50.318311],[-125.232521,50.318226],[-125.232582,50.318058],[-125.233636,50.316044],[-125.233746,50.315884],[-125.233823,50.315813],[-125.234018,50.31569],[-125.236815,50.314221],[-125.23704,50.314124],[-125.237163,50.31409],[-125.237294,50.314071],[-125.237429,50.314067],[-125.237561,50.31408],[-125.237818,50.314136],[-125.243746,50.315843],[-125.243987,50.315931],[-125.244091,50.315988],[-125.244177,50.316056],[-125.244241,50.316134],[-125.244281,50.316217],[-125.244295,50.316304],[-125.244284,50.316391],[-125.244247,50.316476],[-125.244137,50.316618],[-125.243924,50.316982],[-125.243833,50.317367],[-125.24384093681152,50.3174575730257],[-125.24885435662098,50.31975965355045],[-125.25052,50.320065],[-125.251054,50.320129],[-125.251597,50.32013],[-125.252131,50.320068],[-125.252639,50.319944],[-125.253102,50.319763],[-125.253506,50.319531],[-125.25366,50.319424],[-125.253777,50.31937],[-125.253909,50.319332],[-125.25405,50.319312],[-125.254343,50.319307],[-125.258397,50.319503],[-125.258669,50.319533],[-125.258797,50.319563],[-125.258913,50.319609],[-125.259015,50.319667],[-125.259097,50.319736],[-125.259219,50.319894],[-125.260946,50.322772],[-125.261024,50.322955],[-125.261033,50.323047],[-125.261013,50.32314],[-125.260964,50.323227],[-125.260909,50.323286],[-125.260652,50.323634],[-125.260512,50.324008],[-125.260493,50.324393],[-125.260597,50.324772],[-125.260819,50.325129],[-125.26106163267511,50.32536503541204],[-125.26256744526445,50.32605647996837],[-125.262641,50.326075],[-125.263235,50.326141],[-125.263688,50.326161],[-125.264278,50.326149],[-125.264851,50.326063],[-125.265387,50.325906],[-125.265863,50.325685],[-125.266261,50.325407],[-125.266565,50.325085],[-125.266762,50.32473],[-125.266845,50.324357],[-125.266823,50.324114],[-125.266833,50.323955],[-125.266867,50.323866],[-125.266929,50.323783],[-125.267014,50.323709],[-125.267121,50.323648],[-125.267245,50.323601],[-125.267381,50.323571],[-125.267524,50.323558],[-125.267606,50.323561],[-125.268256,50.323542],[-125.268882,50.323432],[-125.269456,50.323238],[-125.26995,50.322968],[-125.270066,50.322889],[-125.270295,50.322762],[-125.270426,50.322716],[-125.270568,50.322688],[-125.270877,50.322669],[-125.271442,50.322599],[-125.271974,50.322461],[-125.272455,50.322259],[-125.272865,50.322002],[-125.2787,50.317549],[-125.278907,50.317419],[-125.279027,50.31737],[-125.27916,50.317336],[-125.279301,50.317319],[-125.279542,50.317322],[-125.280126,50.317291],[-125.280688,50.317187],[-125.281207,50.317015],[-125.281663,50.316781],[-125.282038,50.316493],[-125.282316,50.316165],[-125.282488,50.315807],[-125.282768,50.314917],[-125.282851,50.314743],[-125.282917,50.314664],[-125.283006,50.314594],[-125.283114,50.314537],[-125.283238,50.314494],[-125.283372,50.314467],[-125.283656,50.314447],[-125.284831,50.314439],[-125.28511,50.314455],[-125.285243,50.314479],[-125.285366,50.314518],[-125.285476,50.314572],[-125.285567,50.314639],[-125.285637,50.314715],[-125.285693,50.314816],[-125.285942,50.315154],[-125.28629,50.315454],[-125.286723,50.315704],[-125.287226,50.315895],[-125.287777,50.316019],[-125.288356,50.316071],[-125.291263,50.316148],[-125.291869,50.316124],[-125.292455,50.316021],[-125.292995,50.315844],[-125.294069,50.315398],[-125.294513,50.315172],[-125.294881,50.314896],[-125.29516,50.31458],[-125.295338,50.314236],[-125.295411,50.313876],[-125.295385,50.313619],[-125.295393,50.313476],[-125.295427,50.313387],[-125.295488,50.313303],[-125.295662,50.313153],[-125.296808,50.312347],[-125.29704,50.312215],[-125.297173,50.312167],[-125.297319,50.312138],[-125.297628,50.31212],[-125.3032996615975,50.31217347223328],[-125.33973488117971,50.29637488700904],[-125.339338,50.295699],[-125.339265,50.295529],[-125.339255,50.295442],[-125.33927,50.295356],[-125.33931,50.295273],[-125.339373,50.295196],[-125.339545,50.295059],[-125.342505,50.293098],[-125.342754,50.292966],[-125.343042,50.292872],[-125.353684,50.290304],[-125.353899,50.290264],[-125.35412,50.290245],[-125.363475,50.289905],[-125.364025,50.289851],[-125.364548,50.289733],[-125.367812,50.288767],[-125.368054,50.288711],[-125.36818,50.288697],[-125.368307,50.288698],[-125.36856,50.288727],[-125.375928,50.290019],[-125.376453,50.290079],[-125.376987,50.290078],[-125.377511,50.290015],[-125.378009,50.289893],[-125.379305,50.289487],[-125.379574,50.289423],[-125.379714,50.289408],[-125.379855,50.289412],[-125.379993,50.289432],[-125.380122,50.28947],[-125.380238,50.289522],[-125.380434,50.289657],[-125.380736,50.289908],[-125.381035,50.290217],[-125.381378,50.290505],[-125.381801,50.290746],[-125.382288,50.290931],[-125.382821,50.291053],[-125.383381,50.291107],[-125.383947,50.291093],[-125.384496,50.291045],[-125.384764,50.291037],[-125.384895,50.291048],[-125.38502,50.291075],[-125.385136,50.291116],[-125.385239,50.291169],[-125.38541,50.291298],[-125.385596,50.291466],[-125.386009,50.291718],[-125.38649,50.291914],[-125.387022,50.292047],[-125.387583,50.292112],[-125.388153,50.292107],[-125.388814,50.292061],[-125.389083,50.292058],[-125.389214,50.292071],[-125.389466,50.29213],[-125.395715,50.294006],[-125.396009,50.294123],[-125.396252,50.294281],[-125.399296,50.296802],[-125.399475,50.296995],[-125.399578,50.29721],[-125.400061,50.298953],[-125.400264,50.299383],[-125.400621,50.299769],[-125.401516,50.300518],[-125.401671,50.300679],[-125.401721,50.300767],[-125.401742,50.30086],[-125.401734,50.300953],[-125.401696,50.301044],[-125.401645,50.301109],[-125.401433,50.301466],[-125.401338,50.301843],[-125.401365,50.302225],[-125.401511,50.302596],[-125.401771,50.30294],[-125.402134,50.303244],[-125.404622,50.304935],[-125.404808,50.305091],[-125.404872,50.305179],[-125.404906,50.305274],[-125.404911,50.305453],[-125.404881,50.305662],[-125.404947,50.306041],[-125.40513,50.306403],[-125.405424,50.306734],[-125.405815,50.307021],[-125.407436,50.307991],[-125.40763,50.308133],[-125.407702,50.308213],[-125.407747,50.308301],[-125.407763,50.308393],[-125.407751,50.308486],[-125.40771,50.308575],[-125.407572,50.308741],[-125.402678,50.313423],[-125.402422,50.313724],[-125.402255,50.31405],[-125.402183,50.314389],[-125.40217921035179,50.31444545461219],[-125.40277557821466,50.316669906740685],[-125.402795,50.316688],[-125.403179,50.316933],[-125.404961,50.317878],[-125.405162,50.318008],[-125.40524,50.318083],[-125.405294,50.318166],[-125.405321,50.318255],[-125.405321,50.318345],[-125.405294,50.318433],[-125.405186,50.318602],[-125.404163,50.319837],[-125.403939,50.32019],[-125.40383,50.320565],[-125.40383135260528,50.32060794521773],[-125.40407142536772,50.32150341662162],[-125.405585,50.324384],[-125.405649,50.324559],[-125.405659,50.324738],[-125.40547447042432,50.32673677468273],[-125.40581387166445,50.32800274130841],[-125.405854,50.328058],[-125.406196,50.328358],[-125.406444,50.328535],[-125.406514,50.328609],[-125.406561,50.32869],[-125.406584,50.328776],[-125.406578,50.328951],[-125.40637483555405,50.33009513661663],[-125.40676866380247,50.33156411598322],[-125.40762,50.332506],[-125.407748,50.33269],[-125.407778,50.332787]],[[-125.39533676,48.9049045],[-125.395275,48.905286],[-125.39497339,48.90561241],[-125.3284908,48.96226662],[-125.328156,48.9625],[-125.32770059,48.96239176],[-125.21374227,48.92640231],[-125.213332,48.926238],[-125.21357887,48.92596931],[-125.24307,48.90001],[-125.31317624,48.83811688],[-125.314108,48.837295],[-125.314445,48.837051],[-125.314916,48.837165],[-125.394532,48.862475],[-125.394945,48.862639],[-125.39499273,48.86295324],[-125.39533676,48.9049045]],[[-125.3549,48.9816],[-125.3521,48.9914],[-125.3371,48.9868],[-125.3549,48.9816]],[[-125.2475,50.0767],[-125.2411,50.0806],[-125.2264,50.0681],[-125.2475,50.0767]],[[-125.226,48.9443],[-125.2061,48.9595],[-125.2103,48.9446],[-125.226,48.9443]],[[-125.2223,48.8203],[-125.2129,48.8354],[-125.2035,48.8289],[-125.2223,48.8203]],[[-125.2069,48.8488],[-125.1832,48.848],[-125.1888,48.8304],[-125.2069,48.8488]],[[-125.2033,48.9586],[-125.1916,48.9721],[-125.1971,48.9527],[-125.2033,48.9586]],[[-125.163,48.8767],[-125.1333,48.8977],[-125.1147,48.8926],[-125.163,48.8767]],[[-125.15,50.4028],[-125.1308,50.4215],[-125.0846,50.3807],[-125.1185,50.3628],[-125.1467,50.3677],[-125.1347,50.3952],[-125.15,50.4028]],[[-125.116,48.8958],[-125.1065,48.926],[-125.0677,48.9533],[-125.0457,48.9431],[-125.0644,48.9121],[-125.116,48.8958]],[[-125.0829,48.9659],[-125.0651,48.985],[-125.0219,48.9815],[-125.0829,48.9659]],[[-125.076,50.2965],[-125.0602,50.2785],[-125.0729,50.2838],[-125.076,50.2965]],[[-125.075,50.0697],[-125.0489,50.0868],[-125.0279,50.0657],[-125.0533,50.0502],[-125.075,50.0697]],[[-125.0723906,50.1140149],[-125.0723886,50.1141179],[-125.0723538,50.1142185],[-125.0722198,50.1144091],[-125.0697924,50.1170896],[-125.0696077,50.1172537],[-125.0694935,50.1173215],[-125.0693607,50.1173735],[-125.0692144,50.1174076],[-125.0690115,50.1174274],[-125.068513,50.1174424],[-125.0679266,50.1175325],[-125.0673769,50.1176915],[-125.0668834,50.1179138],[-125.0664636,50.1181914],[-125.0661324,50.1185145],[-125.0644429,50.1205593],[-125.0642664,50.1207294],[-125.064155,50.1208004],[-125.0640238,50.1208558],[-125.0638781,50.1208933],[-125.0635647,50.1209302],[-125.0620243,50.1210105],[-125.06156943517031,50.121064689164065],[-125.05911730177635,50.12281621301689],[-125.0590847,50.1229498],[-125.0591175,50.1233702],[-125.0591316,50.1234048],[-125.0591283,50.1234052],[-125.0592042,50.1236939],[-125.0592007,50.12379],[-125.0591687,50.1238839],[-125.0591096,50.1239722],[-125.0590253,50.1240517],[-125.0588411,50.1241693],[-125.0584296,50.1244916],[-125.0581279,50.1248605],[-125.0579485,50.1252608],[-125.0578987,50.1256761],[-125.0579807,50.1260893],[-125.0580118,50.1261476],[-125.0580101,50.1261479],[-125.0581179,50.1264224],[-125.0581361,50.1266103],[-125.0580557,50.1283174],[-125.0580106,50.1285296],[-125.0579549,50.1286288],[-125.0578681,50.1287183],[-125.0576364,50.1288726],[-125.0564981,50.1294862],[-125.0560539,50.1297787],[-125.0557087,50.1301216],[-125.055476,50.1305016],[-125.0553652,50.1309036],[-125.0553649,50.1309057],[-125.0553255,50.1309984],[-125.0552593,50.1310847],[-125.0551688,50.1311613],[-125.0550573,50.1312255],[-125.0549287,50.1312749],[-125.0547879,50.1313079],[-125.0546399,50.1313231],[-125.0543364,50.1313169],[-125.0498562,50.1309489],[-125.0490922,50.130945],[-125.0483485,50.1310571],[-125.04720476314938,50.13132516917901],[-125.0310127266255,50.1428909095532],[-125.0306051,50.1449333],[-125.0305336,50.1451316],[-125.0304688,50.145223],[-125.0303769,50.1453043],[-125.0302617,50.1453723],[-125.0299901,50.1454777],[-125.0273124,50.1462954],[-125.0269859,50.1463684],[-125.0266425,50.1463945],[-125.0217164,50.1464227],[-125.0214405,50.1464089],[-125.0213079,50.146387],[-125.0210557,50.1463138],[-125.0163755,50.1446266],[-125.01617,50.1445384],[-125.0159882,50.144431],[-125.0131652,50.142482],[-125.0127438,50.1422383],[-125.012262,50.1420462],[-125.0117348,50.1419115],[-125.0081961,50.1412329],[-125.007597,50.141157],[-125.0069862,50.1411552],[-125.006386,50.1412278],[-125.0058181,50.141372],[-125.0053033,50.1415826],[-125.0048602,50.141852],[-125.0045048,50.1421704],[-125.0042501,50.1425262],[-125.0041054,50.1429065],[-125.0040759,50.1432974],[-125.0041627,50.1436849],[-125.0043334,50.1440008],[-125.0043787,50.1441253],[-125.0043853,50.1442726],[-125.0043522,50.1445265],[-125.00439711506668,50.14483616395299],[-125.00693639177332,50.147892529734435],[-125.0071684,50.1479789],[-125.0097222,50.1491743],[-125.0099605,50.1493114],[-125.0100545,50.1493927],[-125.0101212,50.1494844],[-125.0101958,50.149684],[-125.0105684,50.151454],[-125.010717,50.151853],[-125.0109863,50.1522252],[-125.0113658,50.1525557],[-125.0151614,50.1552496],[-125.0153285,50.1553912],[-125.015391,50.1554693],[-125.0154728,50.1556389],[-125.0162805,50.158034],[-125.0163162,50.1582307],[-125.0163042,50.1583281],[-125.0162631,50.1584222],[-125.0161943,50.1585095],[-125.0161006,50.1585866],[-125.0159854,50.1586507],[-125.0158531,50.1586993],[-125.0157086,50.1587306],[-125.0155132,50.1587472],[-125.0149397,50.1587621],[-125.0143016,50.1588647],[-125.0137097,50.1590486],[-125.0131888,50.1593061],[-125.012761,50.1596262],[-125.0124441,50.1599955],[-125.0118263,50.160932],[-125.0116865,50.1610988],[-125.0115949,50.1611717],[-125.0114839,50.1612324],[-125.0113573,50.161279],[-125.0112195,50.1613098],[-125.0110751,50.1613238],[-125.0107798,50.1613171],[-125.0086522,50.1611412],[-125.0083694,50.1611009],[-125.0082375,50.161065],[-125.0080998,50.1610068],[-125.0076431,50.160776],[-125.0070891,50.1605942],[-125.0064908,50.1604844],[-125.0058707,50.1604507],[-125.005252,50.1604944],[-125.0046582,50.1606139],[-125.0041117,50.1608046],[-125.0036329,50.1610593],[-125.0032399,50.1613685],[-125.0029476,50.1617205],[-125.002767,50.1621021],[-125.0027048,50.1624988],[-125.002702,50.1631434],[-125.0026722,50.163337],[-125.0026294,50.1634291],[-125.0025602,50.1635144],[-125.0024669,50.1635896],[-125.0023531,50.1636522],[-125.0020891,50.1637485],[-124.9972066,50.1651551],[-124.9967015,50.1653374],[-124.996256,50.165575],[-124.9958844,50.1658601],[-124.9895767,50.1717013],[-124.9893803,50.1718504],[-124.9892632,50.1719108],[-124.9891304,50.1719559],[-124.9889866,50.171984],[-124.9886585,50.172006],[-124.9883882,50.1720078],[-124.98811092897694,50.17204470576066],[-124.98627024478122,50.17549932320044],[-124.9863803,50.1755873],[-124.9866491,50.1757608],[-124.9867328,50.1758408],[-124.9867912,50.1759296],[-124.9868222,50.1760239],[-124.9868245,50.1761202],[-124.9867713,50.1763123],[-124.9862298,50.1775595],[-124.9861256,50.1779252],[-124.9861259,50.178297],[-124.9862309,50.1786626],[-124.9864371,50.1790101],[-124.9865366,50.1791407],[-124.9866396,50.1793147],[-124.9866654,50.1794052],[-124.986665,50.1794972],[-124.9866386,50.1795876],[-124.9865343,50.1797613],[-124.9854532,50.181164],[-124.985303,50.1813213],[-124.9852082,50.1813893],[-124.9851006,50.1814428],[-124.9847076,50.1815725],[-124.984165,50.1817988],[-124.98402170208323,50.18188943818743],[-124.97835365809738,50.19140553968182],[-124.9784432,50.1915157],[-124.9784899,50.191562],[-124.9785476,50.1916576],[-124.9785737,50.1917588],[-124.9785673,50.1918612],[-124.9785286,50.1919607],[-124.9783862,50.1921502],[-124.9781699,50.1923813],[-124.9779467,50.192822],[-124.9778833,50.1932836],[-124.9778879,50.1933976],[-124.977866,50.1935942],[-124.9778262,50.1936881],[-124.977759,50.1937754],[-124.9776177,50.193894],[-124.977284,50.1942409],[-124.9770638,50.1946231],[-124.9769658,50.1950256],[-124.9769938,50.1954326],[-124.9771466,50.195828],[-124.9774184,50.1961964],[-124.9777984,50.1965231],[-124.9782717,50.1967955],[-124.9788197,50.1970026],[-124.9794207,50.1971365],[-124.9800512,50.1971918],[-124.9800798,50.1971925],[-124.9802372,50.1972176],[-124.9803831,50.1972628],[-124.9805115,50.1973263],[-124.9806167,50.1974052],[-124.9806943,50.1974964],[-124.9807891,50.1976982],[-124.9824634,50.2033138],[-124.9826327,50.2036862],[-124.9829084,50.2040316],[-124.98314485847715,50.20422606517962],[-124.98353361609163,50.20447982014985],[-124.983736,50.2045935],[-124.9842585,50.20479],[-124.9851828,50.2050661],[-124.9857199,50.2051906],[-124.9862831,50.2052521],[-124.9868543,50.2052488],[-124.9874156,50.2051807],[-124.9879492,50.20505],[-124.9891772,50.2046657],[-124.9894887,50.2045929],[-124.9896503,50.2045781],[-124.9898132,50.204585],[-124.9899704,50.2046134],[-124.990115,50.2046619],[-124.9902407,50.2047286],[-124.9904468,50.2048948],[-124.9950096,50.2094865],[-124.995141,50.2096494],[-124.9951825,50.2097361],[-124.9951991,50.2098261],[-124.9951902,50.2099166],[-124.9951216,50.2100946],[-124.9947388,50.2108055],[-124.9946058,50.2111432],[-124.9945638,50.2114904],[-124.99459411878094,50.21169937656763],[-125.00262222752934,50.21693958903041],[-125.0045786,50.2175536],[-125.00485,50.2176615],[-125.0049645,50.2177307],[-125.0050551,50.2178131],[-125.0051183,50.2179054],[-125.0051514,50.218004],[-125.005155,50.2182084],[-125.0044613,50.2231791],[-125.0044784,50.2236411],[-125.0046564,50.224089],[-125.0055711,50.2256349],[-125.0058562,50.2260015],[-125.0062493,50.2263246],[-125.0067347,50.2265914],[-125.0072932,50.2267913],[-125.0078957,50.2269589],[-125.0081685,50.2270562],[-125.0082859,50.22712],[-125.0083817,50.2271972],[-125.0084521,50.2272849],[-125.0084944,50.2273796],[-125.0085201,50.2275788],[-125.0084151,50.2318763],[-125.0083791,50.2320767],[-125.0082822,50.2322686],[-125.0044662,50.2378622],[-125.0042929,50.2380554],[-125.0041774,50.2381363],[-125.0040372,50.2381992],[-125.0037155,50.2382845],[-125.00052258135473,50.238878987099035],[-125.0005,50.239],[-125.00039576253131,50.23890259939951],[-124.9978172,50.2393827],[-124.9974866,50.2394207],[-124.9973214,50.2394172],[-124.997161,50.2393916],[-124.9968594,50.2392972],[-124.9870182,50.2353432],[-124.986616,50.2351403],[-124.9779933,50.2297438],[-124.9775974,50.2294187],[-124.9765713,50.2282908],[-124.9764467,50.2281189],[-124.9764108,50.2280282],[-124.9764016,50.2279348],[-124.9764403,50.2277345],[-124.976493,50.2275819],[-124.9765132,50.227207],[-124.9764265,50.226836],[-124.9762358,50.2264812],[-124.9759474,50.2261546],[-124.9755709,50.2258669],[-124.9746454,50.2252786],[-124.974463,50.2251399],[-124.9743217,50.2249828],[-124.9724381,50.2223775],[-124.9723349,50.2221878],[-124.9723137,50.2220896],[-124.9723405,50.2218021],[-124.9723154,50.2213952],[-124.9721652,50.2209995],[-124.971896,50.2206305],[-124.9715184,50.2203028],[-124.9710471,50.2200291],[-124.9670798,50.2181483],[-124.9668631,50.2180246],[-124.9667751,50.217952],[-124.9667091,50.2178704],[-124.9666673,50.2177826],[-124.9666344,50.217598],[-124.9665856,50.2162046],[-124.9665074,50.215798],[-124.9663048,50.2154094],[-124.9659856,50.2150543],[-124.9614791,50.2110296],[-124.96131,50.2108376],[-124.9612604,50.210734],[-124.9612328,50.2105143],[-124.9613386,50.2081034],[-124.9612783,50.2076452],[-124.9610602,50.2072071],[-124.9606952,50.206811],[-124.9560538,50.2028616],[-124.9556722,50.2025907],[-124.9492479,50.1987739],[-124.9490437,50.1986266],[-124.9489666,50.1985429],[-124.9488641,50.1983573],[-124.9480319,50.1962091],[-124.9478148,50.1958208],[-124.947481,50.1954681],[-124.9470438,50.1951652],[-124.9417606,50.1921724],[-124.9414792,50.1919834],[-124.9344716,50.186395],[-124.9339747,50.1860773],[-124.9333819,50.1858364],[-124.9327213,50.1856839],[-124.9305624,50.1853509],[-124.930291,50.185292],[-124.9301671,50.185248],[-124.9300574,50.1851906],[-124.9299656,50.1851215],[-124.929822,50.1849627],[-124.9254876,50.1789918],[-124.9253981,50.1788368],[-124.9253487,50.1786746],[-124.9242263,50.1722602],[-124.9241115,50.1718999],[-124.9238984,50.1715586],[-124.9235937,50.171247],[-124.9189764,50.1673505],[-124.9188133,50.1671807],[-124.9187598,50.1670884],[-124.9187101,50.1668916],[-124.9186165,50.1659279],[-124.9185114,50.165519],[-124.9182803,50.165132],[-124.9179327,50.1647826],[-124.9174827,50.164485],[-124.9153138,50.1633138],[-124.914915,50.1630384],[-124.9081996,50.1570789],[-124.9080326,50.1568916],[-124.9079307,50.156686],[-124.9069846,50.1537163],[-124.9069526,50.1535278],[-124.9069639,50.1534344],[-124.9070092,50.1533267],[-124.9072051,50.1529852],[-124.9073028,50.152592],[-124.9072804,50.1521942],[-124.9071387,50.1518066],[-124.90704695776773,50.151676482400845],[-124.90631775150393,50.150995104304535],[-124.9060716,50.1508457],[-124.9052318,50.150427],[-124.905006,50.1502898],[-124.9049172,50.1502095],[-124.9048546,50.1501196],[-124.9048204,50.1500237],[-124.9048159,50.1499253],[-124.9048414,50.1498283],[-124.9048958,50.1497363],[-124.9049314467761,50.14969972640772],[-124.89726287223537,50.14253412871424],[-124.8949083,50.1411356],[-124.8946745,50.1409614],[-124.8945926,50.1408615],[-124.894501,50.1406394],[-124.8940997,50.1388826],[-124.8940847,50.1386859],[-124.8941066,50.1385897],[-124.8941568,50.138498],[-124.8942336,50.1384142],[-124.8943341,50.1383413],[-124.8945781,50.1382216],[-124.8968518,50.1373144],[-124.8973254,50.1370837],[-124.8977243,50.1368009],[-124.8980348,50.1364757],[-124.8982462,50.1361194],[-124.8983512,50.1357441],[-124.8985384,50.1343278],[-124.8985956,50.1341299],[-124.8986532,50.1340377],[-124.8987379,50.1339546],[-124.8988463,50.1338837],[-124.8989744,50.1338279],[-124.8991171,50.1337892],[-124.8992688,50.1337693],[-124.8995828,50.1337683],[-124.900061,50.1337972],[-124.9006871,50.1337956],[-124.9013007,50.133716],[-124.90131056347587,50.13371336211351],[-124.90540810921803,50.128950402960236],[-124.9052944,50.1286982],[-124.9050278,50.1282645],[-124.904947,50.1280879],[-124.9049322,50.1279973],[-124.9049429,50.1279066],[-124.9049789,50.1278185],[-124.9050389,50.127736],[-124.9052051,50.1275859],[-124.9062505,50.1268019],[-124.9064718,50.1266651],[-124.9065992,50.1266124],[-124.90674,50.1265763],[-124.9068891,50.1265582],[-124.9070408,50.1265588],[-124.907342,50.1265979],[-124.909806,50.12708],[-124.9100892,50.1271551],[-124.9102153,50.1272087],[-124.910323,50.1272768],[-124.9104084,50.1273568],[-124.9105298,50.1275372],[-124.9116557,50.1297833],[-124.9118902,50.1301349],[-124.9122223,50.1304525],[-124.9126406,50.1307251],[-124.9131304,50.1309433],[-124.9136748,50.1310996],[-124.9142549,50.1311884],[-124.9148507,50.1312068],[-124.9154415,50.1311541],[-124.9156041,50.131119],[-124.9159511,50.1310704],[-124.91611,50.1310691],[-124.9165762,50.1311268],[-124.9172321,50.1311639],[-124.9178861,50.1311141],[-124.9185103,50.1309798],[-124.9190785,50.1307664],[-124.9195667,50.1304831],[-124.9199542,50.1301418],[-124.9202247,50.129757],[-124.9203667,50.1293448],[-124.9203743,50.1289227],[-124.9202472,50.1285085],[-124.9192943,50.1265145],[-124.9192371,50.1263436],[-124.91922623047984,50.1261726253857],[-124.9073114933876,50.11793053126812],[-124.9064294,50.1178227],[-124.9061397,50.1177686],[-124.906007,50.1177251],[-124.9058896,50.1176663],[-124.9057916,50.1175944],[-124.9057164,50.1175119],[-124.9056669,50.1174218],[-124.9056221,50.1172304],[-124.90545564429509,50.11526034648979],[-124.89059559113615,50.083165067740765],[-124.8876806,50.0791297],[-124.8874848,50.0787095],[-124.8869659,50.076466],[-124.8868362,50.0761177],[-124.8866142,50.0757892],[-124.8863067,50.0754904],[-124.8844593,50.0739968],[-124.8842929,50.0738319],[-124.8842366,50.073742],[-124.8842082,50.0736468],[-124.8842092,50.0734504],[-124.8844201,50.0720974],[-124.8844711,50.0719237],[-124.8846107,50.0716853],[-124.8847809,50.0712633],[-124.8848084,50.0708277],[-124.88470272788986,50.07043744917193],[-124.8846637371951,50.07035323566317],[-124.8844372,50.0699941],[-124.8841102,50.0696855],[-124.8840095,50.0695686],[-124.8839626,50.0694735],[-124.8839459,50.0693742],[-124.8839795,50.0691377],[-124.8839757934973,50.0688673900536],[-124.88352501948792,50.06789379209073],[-124.8832281,50.0676189],[-124.8829017,50.0674176],[-124.8829036,50.0674163],[-124.8825642,50.0672075],[-124.8824759,50.0671264],[-124.8823505,50.0669426],[-124.8813156,50.0649],[-124.8812438,50.0646735],[-124.8812485,50.0645601],[-124.881339,50.0643364],[-124.8820543,50.0631442],[-124.8822441,50.0626574],[-124.8822443,50.0621557],[-124.8819978,50.0608662],[-124.881994,50.0606397],[-124.8820682,50.0604183],[-124.8830343,50.0585674],[-124.8831538,50.058394],[-124.8832364,50.0583168],[-124.8834458,50.0581831],[-124.8853998,50.0571481],[-124.8856584,50.0570365],[-124.8858003,50.0569985],[-124.8859509,50.056979],[-124.8861046,50.0569787],[-124.8862555,50.0569977],[-124.8863977,50.0570352],[-124.8865257,50.0570898],[-124.8866347,50.0571593],[-124.8868087,50.0573253],[-124.8870033,50.0575573],[-124.8873294,50.0578725],[-124.88774,50.0581439],[-124.8882212,50.0583624],[-124.8887567,50.0585205],[-124.8893282,50.0586128],[-124.8899164,50.0586363],[-124.8905014,50.0585901],[-124.8910632,50.0584758],[-124.8914573,50.0583691],[-124.8916076,50.0583492],[-124.891761,50.0583485],[-124.8919118,50.0583669],[-124.892054,50.0584039],[-124.8923141,50.0585134],[-124.8954957,50.0601601],[-124.8958353,50.0603722],[-124.896328,50.0606244],[-124.8968882,50.0608097],[-124.8974942,50.0609209],[-124.8981223,50.0609537],[-124.8987482,50.0609068],[-124.8993478,50.0607821],[-124.8998975,50.0605843],[-124.9003763,50.0603212],[-124.9007654,50.060003],[-124.9010498,50.0596419],[-124.9011598,50.0593876],[-124.9011672,50.0593889],[-124.9012841,50.0591129],[-124.901348,50.0590284],[-124.9014352,50.0589529],[-124.9015427,50.0588892],[-124.9016668,50.0588393],[-124.9019426,50.05877],[-124.905114,50.0581851],[-124.9054288,50.0581485],[-124.9055865,50.0581508],[-124.9057403,50.0581733],[-124.9058839,50.0582152],[-124.9060115,50.0582746],[-124.9061181,50.0583493],[-124.9062826,50.0585255],[-124.9086581,50.0617717],[-124.9088111,50.0620471],[-124.9090976,50.0624313],[-124.9095013,50.0627694],[-124.910005,50.0630467],[-124.910587,50.0632513],[-124.9112222,50.0633745],[-124.9118833,50.0634109],[-124.9125419,50.063359],[-124.9126093,50.063349],[-124.91288,50.0633393],[-124.9185457,50.0634469],[-124.9191478,50.0634218],[-124.9197319,50.0633245],[-124.9202772,50.0631586],[-124.9207642,50.0629299],[-124.9211757,50.0626466],[-124.921497,50.0623187],[-124.9217167,50.0619579],[-124.9218269,50.0615771],[-124.9218238,50.0611897],[-124.9217075,50.0608096],[-124.9216887,50.0607689],[-124.9216581,50.0605839],[-124.9216025,50.0581859],[-124.921627,50.0579916],[-124.9216673,50.0578989],[-124.9217343,50.0578128],[-124.9218255,50.0577364],[-124.9219377,50.0576726],[-124.9220667,50.0576236],[-124.9222079,50.0575913],[-124.922356,50.0575767],[-124.9226594,50.0575844],[-124.92354696656038,50.057661922494304],[-124.92885086248126,50.05563612891341],[-124.9289161,50.0555593],[-124.9290767,50.0554318],[-124.9294178,50.0550996],[-124.9296529,50.0547314],[-124.9297729,50.0543411],[-124.9297735,50.0539432],[-124.9297395,50.0538318],[-124.9297066,50.0535939],[-124.9297244,50.0534933],[-124.9298233,50.0532981],[-124.9311777,50.0513256],[-124.931351,50.0511333],[-124.9314661,50.0510528],[-124.9317497,50.0509256],[-124.9359608,50.0494471],[-124.9362425,50.0493697],[-124.9363904,50.0493494],[-124.9366967,50.0493459],[-124.9421408,50.0496209],[-124.9426883,50.0496803],[-124.9433643,50.049707],[-124.9440339,50.0496416],[-124.944667,50.0494872],[-124.9452353,50.0492507],[-124.9456436,50.0489875],[-124.9458068,50.0489013],[-124.9459484,50.0488535],[-124.9461021,50.0488252],[-124.9462616,50.0488175],[-124.9465834,50.0488445],[-124.94661859462873,50.048849842329304],[-124.95466865128978,50.04577516791016],[-124.9555459,50.044265],[-124.9556829,50.0440854],[-124.955776,50.0440069],[-124.9558912,50.0439416],[-124.9561604,50.0438411],[-124.9641391,50.0414985],[-124.9646834,50.0412949],[-124.965155,50.0410267],[-124.9655355,50.0407043],[-124.96840615231459,50.03769749050205],[-124.97927313769907,50.0225847991999],[-124.9787883,50.0209863],[-124.9787594,50.0207691],[-124.978803,50.020553],[-124.9792465,50.0193675],[-124.9793992,50.0190843],[-124.9837018,50.0130724],[-124.9838497,50.012908],[-124.9839449,50.0128368],[-124.9841758,50.0127183],[-124.987442,50.0113396],[-124.9877353,50.0112422],[-124.9878921,50.0112145],[-124.9880544,50.0112082],[-124.9882152,50.0112236],[-124.9883675,50.0112601],[-124.9885049,50.011316],[-124.9887411,50.0114642],[-124.9951667,50.0164338],[-124.9953227,50.0165781],[-124.9953798,50.016657],[-124.9954509,50.0168267],[-124.9961754,50.0194302],[-124.9963436,50.0198143],[-124.9966242,50.0201704],[-124.9970067,50.0204848],[-124.9980734,50.0212047],[-124.9982607,50.0213582],[-124.9983291,50.0214439],[-124.9983709,50.0215364],[-124.9983889,50.0216632],[-124.9985019,50.0220477],[-124.9987263,50.0224115],[-124.9990541,50.0227414],[-124.9994732,50.0230253],[-124.9999686,50.023253],[-125.0001629,50.0233102],[-125.0004617,50.0234231],[-125.0005766,50.023489],[-125.0006692,50.023568],[-125.000736,50.0236571],[-125.0007745,50.0237529],[-125.000783,50.0238516],[-125.0007613,50.0239495],[-125.0007102,50.0240429],[-125.0006318,50.024128],[-125.0005289,50.0242016],[-125.000279,50.0243217],[-124.9999832,50.0244366],[-124.9994572,50.0246921],[-124.9990239,50.0250116],[-124.9987018,50.0253813],[-124.9985047,50.0257856],[-124.9981234,50.0269925],[-124.9980595,50.0273912],[-124.9981174,50.0277904],[-124.9982949,50.0281747],[-124.999783,50.0305258],[-124.9998698,50.0307121],[-124.9998848,50.0308077],[-124.9998712,50.0309033],[-124.9998297,50.0309955],[-124.9997617,50.031081],[-124.9995753,50.0312343],[-124.99864568550755,50.03186457010957],[-124.998902,50.032219],[-124.998908,50.03223],[-124.998901,50.032235],[-124.9972,50.03313],[-124.996808,50.033405],[-124.9968,50.033408],[-124.996784,50.033399],[-124.99658214347362,50.0332636327042],[-124.9951217,50.0342538],[-124.9947692,50.0345399],[-124.994501,50.0348615],[-124.9943257,50.0352085],[-124.99419011286875,50.03558920912536],[-124.99560826958378,50.04036750292195],[-124.9964615,50.0408801],[-124.9966824,50.0410444],[-124.996762,50.0411382],[-124.9968572,50.0413466],[-124.9989895,50.0489211],[-124.9990147,50.049117],[-124.998981,50.0493124],[-124.9985525,50.050624],[-124.9984679,50.0508013],[-124.9984021,50.0508826],[-124.9982248,50.0510289],[-124.9959547,50.0525877],[-124.9955231,50.0529612],[-124.9952333,50.0533875],[-124.9919676,50.0602118],[-124.9918464,50.0604134],[-124.99066893006685,50.062024461900904],[-124.993277,50.06204],[-124.993297,50.062041],[-124.993288,50.062053],[-124.98743,50.06842],[-124.98297568374635,50.07326135056111],[-124.9829794,50.0733211],[-124.9831195,50.0737032],[-124.9833705,50.0740612],[-124.9837229,50.0743821],[-124.984164,50.074654],[-124.9846777,50.0748672],[-124.9852452,50.0750137],[-124.9858458,50.0750882],[-124.9864575,50.075088],[-124.9870579,50.0750132],[-124.9874653,50.0749358],[-124.987624,50.0749273],[-124.9877821,50.0749395],[-124.9880885,50.0750054],[-124.9892809,50.0753518],[-124.9895437,50.0754484],[-124.9896569,50.0755111],[-124.9897497,50.0755863],[-124.9898185,50.0756715],[-124.989861,50.0757635],[-124.9898755,50.075859],[-124.9898616,50.0759545],[-124.9897768,50.076141],[-124.9896568,50.0763343],[-124.9894796,50.0767326],[-124.98945461392573,50.076943196911664],[-124.99432949977864,50.07882281707883],[-124.9946335,50.0786963],[-124.9954414,50.0782802],[-124.9956916,50.0781745],[-124.9958283,50.0781381],[-124.9961215,50.0780989],[-124.9977822,50.0779803],[-124.9980803,50.0779771],[-124.9982254,50.0779931],[-124.9983633,50.0780262],[-124.9986611,50.0781423],[-124.9991963,50.0783094],[-124.9997705,50.07841],[-125.0003638,50.0784406],[-125.0009556,50.0784002],[-125.0015255,50.0782901],[-125.0020539,50.0781143],[-125.0026138,50.0778832],[-125.0028937,50.0777913],[-125.003043,50.0777644],[-125.0031976,50.0777567],[-125.0033515,50.0777688],[-125.0034987,50.0778],[-125.0036335,50.0778493],[-125.0037505,50.0779145],[-125.0038453,50.0779933],[-125.003914,50.0780825],[-125.0039953,50.0782774],[-125.0041302,50.0788057],[-125.0042999,50.0792084],[-125.0045929,50.0795809],[-125.0049972,50.0799076],[-125.005496,50.0801751],[-125.0069744,50.0808166],[-125.0072202,50.0809481],[-125.0073186,50.0810272],[-125.0074285,50.0811653],[-125.0077963,50.0815273],[-125.008274,50.0818319],[-125.0088404,50.0820657],[-125.0094705,50.0822182],[-125.0101365,50.0822827],[-125.0108087,50.0822564],[-125.0127232,50.0820502],[-125.0130328,50.0820366],[-125.0131848,50.082049],[-125.01333,50.0820801],[-125.0134631,50.0821287],[-125.0135789,50.082193],[-125.0136731,50.0822705],[-125.013742,50.0823583],[-125.0138541,50.0826166],[-125.0138712,50.0826794],[-125.0140971,50.0830536],[-125.0144322,50.0833925],[-125.0148635,50.0836832],[-125.0153747,50.0839144],[-125.0159463,50.0840775],[-125.0165563,50.0841661],[-125.0171816,50.0841769],[-125.0222545,50.0839455],[-125.0225893,50.0839529],[-125.0227493,50.0839787],[-125.0228973,50.0840254],[-125.0230267,50.0840909],[-125.0231319,50.0841724],[-125.0232867,50.0843631],[-125.0237106,50.0850547],[-125.0237767056537,50.08513611299238],[-125.02615975635696,50.0863234575533],[-125.0262427,50.0863368],[-125.0267016,50.086347],[-125.0269694,50.0863679],[-125.0272601,50.0864284],[-125.0297888,50.087133],[-125.030337,50.0872494],[-125.0309089,50.0873006],[-125.0314858,50.0872851],[-125.032049,50.0872034],[-125.0322905,50.0871373],[-125.0322954,50.0871449],[-125.0327313,50.0870284],[-125.0328831,50.087009],[-125.0330379,50.0870091],[-125.0331897,50.0870286],[-125.0333325,50.0870669],[-125.0334609,50.0871225],[-125.0335697,50.0871931],[-125.0336548,50.0872761],[-125.0337129,50.0873682],[-125.0337416,50.0874658],[-125.0337413,50.0874802],[-125.0338007,50.0878968],[-125.0339903,50.088297],[-125.0343023,50.0886643],[-125.0345336,50.0888394],[-125.0347156,50.089],[-125.0347763,50.0890801],[-125.0348527,50.0892535],[-125.03533797582031,50.09089646514556],[-125.0426753194646,50.094552264435],[-125.0428156,50.0945722],[-125.0429591,50.0946132],[-125.0430871,50.0946717],[-125.0431943,50.0947455],[-125.0432764,50.0948314],[-125.04329248636861,50.09485976513805],[-125.04938337492818,50.09789452364843],[-125.0509996,50.0981266],[-125.0512991,50.0981902],[-125.0514342,50.0982396],[-125.0515515,50.0983051],[-125.0516464,50.0983843],[-125.051715,50.0984738],[-125.0517956,50.0986695],[-125.0522328,50.1004181],[-125.0522501,50.1006395],[-125.0521923,50.1008582],[-125.0520314,50.1012213],[-125.0519188,50.1016249],[-125.0519335,50.1020347],[-125.0520748,50.1024346],[-125.0523371,50.1028084],[-125.0527099,50.1031414],[-125.0531784,50.1034203],[-125.0534736,50.1035359],[-125.0534678,50.103542],[-125.0539005,50.103714],[-125.0540203,50.1037882],[-125.0541128,50.103877],[-125.054174,50.1039763],[-125.054229,50.1041903],[-125.0543495,50.1055541],[-125.0544538,50.1059702],[-125.0546884,50.1063639],[-125.0550433,50.1067186],[-125.0555036,50.1070194],[-125.05605,50.1072536],[-125.0566594,50.1074113],[-125.0573062,50.107486],[-125.0579631,50.1074743],[-125.0586025,50.107377],[-125.0615954,50.1067067],[-125.0618824,50.1066611],[-125.0620281,50.1066557],[-125.062173,50.1066678],[-125.0623118,50.1066967],[-125.0625712,50.1067877],[-125.0640916,50.1074454],[-125.0643413,50.1075791],[-125.0644408,50.1076597],[-125.0645127,50.1077516],[-125.064554,50.1078509],[-125.0645629,50.1079535],[-125.0645391,50.1080551],[-125.0645281,50.1080742],[-125.0643692,50.1084639],[-125.0643319,50.1088661],[-125.0644178,50.1092651],[-125.0646234,50.1096457],[-125.0649409,50.1099933],[-125.0653581,50.1102945],[-125.065859,50.1105376],[-125.0658654,50.1105401],[-125.0659814,50.1106099],[-125.0660732,50.1106932],[-125.0662302,50.1109241],[-125.0665481,50.1112862],[-125.066973,50.1115999],[-125.0674877,50.1118523],[-125.0680711,50.1120331],[-125.0686993,50.1121349],[-125.0693466,50.1121535],[-125.0701946,50.1121228],[-125.070493,50.1121299],[-125.0706367,50.112151],[-125.0707718,50.112189],[-125.0708935,50.1122425],[-125.0709974,50.1123096],[-125.0711647,50.1124682],[-125.0722335,50.113721],[-125.0723599,50.1139137],[-125.0723906,50.1140149]],[[-125.0401,50.2675],[-125.0239,50.257],[-125.0366,50.257],[-125.0401,50.2675]],[[-125.04,50.3004],[-125.0047,50.3263],[-124.9665,50.3123],[-125.0033,50.2737],[-125.04,50.3004]],[[-125.016068,49.95041],[-125.016012,49.951053],[-125.016007,49.951069],[-125.015997,49.951085],[-125.01526,49.951968],[-125.015236,49.951991],[-125.014434,49.952638],[-125.014402,49.95266],[-125.011766,49.954111],[-125.011749,49.954119],[-125.0117342,49.9541221],[-125.0109589,49.9542261],[-125.010896,49.954228],[-125.009095,49.954144],[-125.0090887,49.9541441],[-125.009,49.95414],[-125.00824,49.95425],[-125.0074782,49.9544551],[-125.00744,49.9544599],[-125.0059,49.95445],[-125.00549,49.95456],[-125.00526,49.95466],[-125.0050794,49.954791],[-125.0040584,49.9553645],[-125.00384,49.95546],[-125.00323,49.95583],[-125.0028166,49.9565288],[-125.002808,49.956539],[-125.0028014,49.9565446],[-125.00207,49.95694],[-125.0018523,49.9571952],[-125.001686,49.957309],[-125.001669,49.957319],[-125.001647,49.957318],[-125.000279,49.957221],[-125.00026,49.957219],[-125.000243,49.957215],[-124.9997017,49.95706],[-124.9985667,49.9567348],[-124.998532,49.956722],[-124.9983466,49.9566414],[-124.9977198,49.9563686],[-124.9976816,49.9563469],[-124.9968097,49.9557269],[-124.996791,49.955711],[-124.996165,49.955124],[-124.996144,49.9550988],[-124.99569,49.95425],[-124.99505,49.95336],[-124.99459,49.95298],[-124.9940323,49.9526833],[-124.993066,49.952041],[-124.993052,49.952029],[-124.993041,49.952016],[-124.99263,49.951366],[-124.992623,49.95135],[-124.992622,49.951332],[-124.992709,49.950396],[-124.992716,49.950365],[-124.993682,49.94802],[-124.9937059,49.9479821],[-124.9937479,49.947935],[-124.994167,49.947465],[-124.9941963,49.9474385],[-124.9949765,49.9468895],[-124.995236,49.946707],[-124.995291,49.946678],[-124.99788,49.945682],[-124.9979408,49.9456649],[-124.9993895,49.9454249],[-124.99951,49.945405],[-124.9995579,49.9454011],[-125.00037,49.94545],[-125.001225,49.9454003],[-125.001242,49.945401],[-125.00188,49.945442],[-125.00189,49.945442],[-125.00216,49.94546],[-125.0023246,49.9453133],[-125.002325,49.945313],[-125.002608,49.945061],[-125.002621,49.945051],[-125.00264,49.945047],[-125.00283,49.945015],[-125.003025,49.9449825],[-125.00304,49.944981],[-125.0030501,49.944982],[-125.0051,49.94539],[-125.0057,49.94543],[-125.00613,49.94536],[-125.0064604,49.9452571],[-125.007699,49.944975],[-125.00772,49.944971],[-125.007742,49.944973],[-125.010858,49.945417],[-125.010901,49.945426],[-125.012926,49.945983],[-125.012971,49.946],[-125.013691,49.946327],[-125.013742,49.946358],[-125.01423,49.946754],[-125.014263,49.946789],[-125.015549,49.948694],[-125.015565,49.948727],[-125.016064,49.950371],[-125.016068,49.95041]],[[-124.9801,50.2461],[-124.9193,50.3048],[-124.8253,50.2814],[-124.7866,50.2861],[-124.8257,50.2468],[-124.8223,50.2187],[-124.7612,50.1899],[-124.7514,50.1638],[-124.7748,50.1583],[-124.7512,50.1591],[-124.81,50.1137],[-124.862,50.124],[-124.8811,50.1675],[-124.9006,50.1732],[-124.8161,50.1832],[-124.842,50.1994],[-124.9241,50.1911],[-124.9801,50.2461]],[[-124.9465,49.984],[-124.9444,50.0035],[-124.9143,49.9941],[-124.8879,49.9877],[-124.9075,49.9626],[-124.9465,49.984]],[[-124.9431,50.0422],[-124.9157,50.0249],[-124.9371,50.0196],[-124.9431,50.0422]],[[-124.8596,50.0849],[-124.8469,50.0878],[-124.8398,50.0791],[-124.8596,50.0849]],[[-124.8583,49.9469],[-124.7619,49.9497],[-124.8159,49.9343],[-124.8551,49.9348],[-124.8583,49.9469]],[[-124.848032,49.556523],[-124.848013,49.556593],[-124.847926,49.556729],[-124.847653,49.557052],[-124.847531,49.557167],[-124.847454,49.557214],[-124.847364,49.557251],[-124.847264,49.557274],[-124.847159,49.557283],[-124.84714008502597,49.55728217760983],[-124.84404766278662,49.565721137094336],[-124.844176,49.565969],[-124.844222,49.566096],[-124.844225,49.56616],[-124.844209,49.566224],[-124.844175,49.566285],[-124.844072,49.566396],[-124.84367272308378,49.56674431592195],[-124.84300930314357,49.568554732987685],[-124.843481,49.570034],[-124.843513,49.570267],[-124.843408,49.572901],[-124.843383,49.573034],[-124.84335,49.573097],[-124.843299,49.573154],[-124.843163,49.573255],[-124.842463,49.573679],[-124.842186,49.573884],[-124.841978,49.57412],[-124.841846,49.574379],[-124.840597,49.578005],[-124.840547,49.578293],[-124.840591,49.578581],[-124.841803,49.582341],[-124.841949,49.58263],[-124.842191,49.582891],[-124.843672,49.584147],[-124.843784,49.584266],[-124.84382,49.58433],[-124.84385,49.584467],[-124.843882,49.58503],[-124.843869,49.585163],[-124.843844,49.585227],[-124.843799,49.585285],[-124.843738,49.585338],[-124.843662,49.585381],[-124.843575,49.585414],[-124.843479,49.585435],[-124.843381,49.585444],[-124.843063,49.585431],[-124.842683,49.585437],[-124.842312,49.585487],[-124.84196,49.58558],[-124.84164,49.585713],[-124.841362,49.58588],[-124.839913,49.586926],[-124.839756,49.587019],[-124.839513,49.587112],[-124.83943,49.587137],[-124.83908,49.587308],[-124.838792,49.587522],[-124.838579,49.58777],[-124.83845,49.588041],[-124.83841,49.588323],[-124.83846,49.588605],[-124.8386,49.588874],[-124.839022,49.589472],[-124.839092,49.589609],[-124.839104,49.589679],[-124.839093,49.58975],[-124.839023,49.589887],[-124.838463,49.590688],[-124.838358,49.590806],[-124.838289,49.590856],[-124.838206,49.590896],[-124.838017,49.590954],[-124.837874,49.590987],[-124.837485,49.591107],[-124.837143,49.591276],[-124.836861,49.591486],[-124.83665,49.591729],[-124.83652,49.591995],[-124.836476,49.592272],[-124.836476,49.592684],[-124.836507,49.592917],[-124.836599,49.593144],[-124.837767,49.595256],[-124.83782,49.595397],[-124.837822,49.595468],[-124.837801,49.595538],[-124.837758,49.595604],[-124.837628,49.595722],[-124.833439,49.598766],[-124.83324,49.598936],[-124.833084,49.599124],[-124.831392,49.601613],[-124.83129502381232,49.601813142344774],[-124.84266237377018,49.60794660455225],[-124.84482,49.608499],[-124.844997,49.608558],[-124.845075,49.608597],[-124.84514,49.608645],[-124.845189,49.6087],[-124.845222,49.60876],[-124.845236,49.608823],[-124.845232,49.608887],[-124.845209,49.608948],[-124.845168,49.609006],[-124.845111,49.609058],[-124.845041,49.609103],[-124.844958,49.609137],[-124.844867,49.609161],[-124.844671,49.609186],[-124.842833,49.609302],[-124.842611,49.609301],[-124.842504,49.609285],[-124.842303,49.609225],[-124.83895,49.60792],[-124.83859,49.607808],[-124.838203,49.607742],[-124.837805,49.607725],[-124.83282,49.607819],[-124.832613,49.607809],[-124.832514,49.607792],[-124.832423,49.607762],[-124.832343,49.607721],[-124.832208,49.607619],[-124.831609,49.60706],[-124.831312,49.606838],[-124.830948,49.606662],[-124.830535,49.606541],[-124.830091,49.606481],[-124.829559,49.606446],[-124.82936,49.60642],[-124.829268,49.606395],[-124.829184,49.606359],[-124.829113,49.606314],[-124.829057,49.60626],[-124.828977,49.606139],[-124.82545504164767,49.59887513601558],[-124.78704702915867,49.5759079204666],[-124.782048,49.573733],[-124.781796,49.573597],[-124.776659,49.570168],[-124.776458,49.570003],[-124.773277,49.566744],[-124.773192,49.566646],[-124.769384,49.561581],[-124.769274,49.561388],[-124.76844,49.559286],[-124.768339,49.559091],[-124.768193,49.558909],[-124.765445,49.556025],[-124.765277,49.555784],[-124.762341,49.54948],[-124.762167,49.549214],[-124.761912,49.548978],[-124.760503,49.54793],[-124.760279,49.547714],[-124.755401,49.541352],[-124.755267,49.541099],[-124.754667,49.539159],[-124.754637,49.53894],[-124.75468217873768,49.53729279361024],[-124.73717331232623,49.511711657619486],[-124.737061,49.511635],[-124.733079,49.508372],[-124.732787,49.508177],[-124.732441,49.508023],[-124.730755,49.507424],[-124.730574,49.507342],[-124.7305,49.507291],[-124.730445,49.507231],[-124.730409,49.507164],[-124.730383,49.507022],[-124.730336,49.504547],[-124.730357,49.504403],[-124.7304,49.504316],[-124.730545,49.504105],[-124.730637,49.503837],[-124.730645,49.503563],[-124.730568,49.503293],[-124.730554,49.503263],[-124.730411,49.503029],[-124.730204,49.502815],[-124.729939,49.50263],[-124.729627,49.50248],[-124.729277,49.50237],[-124.727677,49.501979],[-124.72752,49.501931],[-124.727449,49.501899],[-124.727325,49.50182],[-124.726127,49.500917],[-124.725801,49.500719],[-124.725417,49.500569],[-124.724993,49.500476],[-124.724549,49.500444],[-124.724469,49.500443],[-124.724375,49.500432],[-124.724286,49.500409],[-124.724122,49.500341],[-124.72104,49.498796],[-124.720571,49.498618],[-124.716009,49.497372],[-124.715816,49.497303],[-124.715651,49.49721],[-124.714191,49.496195],[-124.713837,49.495998],[-124.713425,49.495856],[-124.71141,49.495341],[-124.711235,49.495283],[-124.711158,49.495245],[-124.711027,49.495149],[-124.710852,49.494993],[-124.710584,49.494797],[-124.710263,49.494638],[-124.709901,49.494522],[-124.709512,49.494453],[-124.709109,49.494433],[-124.708708,49.494464],[-124.708324,49.494545],[-124.708238,49.494569],[-124.708142,49.494582],[-124.708044,49.494584],[-124.707947,49.494573],[-124.707855,49.494551],[-124.707771,49.494518],[-124.707698,49.494475],[-124.707639,49.494423],[-124.707591,49.494358],[-124.707346,49.494104],[-124.707022,49.493891],[-124.706634,49.493729],[-124.7062,49.493626],[-124.705468,49.493509],[-124.705251,49.493458],[-124.705156,49.493418],[-124.704995,49.493311],[-124.703207,49.491828],[-124.702927,49.491637],[-124.702595,49.491485],[-124.702225,49.491377],[-124.701829,49.491317],[-124.698556,49.491036],[-124.698371,49.491009],[-124.698197,49.490961],[-124.69318,49.489201],[-124.693013,49.489129],[-124.692943,49.489083],[-124.692887,49.48903],[-124.692771,49.488852],[-124.692602,49.488644],[-124.69238,49.488459],[-124.692113,49.488301],[-124.691807,49.488175],[-124.69162,49.488112],[-124.691545,49.488073],[-124.691482,49.488026],[-124.691433,49.487973],[-124.691401,49.487914],[-124.69137,49.48779],[-124.691166,49.485826],[-124.691084,49.485529],[-124.690903,49.485251],[-124.68669,49.480365],[-124.686318,49.480051],[-124.685106,49.479289],[-124.684979,49.479194],[-124.684931,49.479139],[-124.684899,49.479081],[-124.68487,49.478956],[-124.68485122679733,49.47873827280041],[-124.68446444444443,49.47879777777778],[-124.684451,49.478799],[-124.684433,49.47879],[-124.68405,49.478571],[-124.684032,49.478559],[-124.68402164814815,49.47854785185184],[-124.68389023529473,49.47835670588325],[-124.68382,49.478254],[-124.683813,49.47824],[-124.683827,49.478229],[-124.684134,49.478021],[-124.684151,49.478012],[-124.684172,49.478015],[-124.684668,49.478125],[-124.68469162533333,49.478132332],[-124.68481413656461,49.478308108984],[-124.684512,49.474804],[-124.684519,49.474675],[-124.684541,49.474614],[-124.684581,49.474556],[-124.684637,49.474504],[-124.684707,49.474459],[-124.684788,49.474424],[-124.684878,49.4744],[-124.685072,49.474374],[-124.686694,49.474258],[-124.686891,49.474256],[-124.686987,49.474267],[-124.687172,49.474313],[-124.691121,49.475582],[-124.691495,49.475675],[-124.691888,49.475719],[-124.692287,49.475715],[-124.695504,49.475479],[-124.695718,49.475478],[-124.695821,49.475491],[-124.696018,49.475545],[-124.700117,49.477013],[-124.700436,49.477106],[-124.700774,49.477163],[-124.706242,49.477773],[-124.70643,49.477806],[-124.706605,49.477861],[-124.71337919655811,49.480514044607055],[-124.72748176499535,49.48341345378226],[-124.731424,49.481767],[-124.731596,49.481709],[-124.731688,49.481692],[-124.731783,49.481685],[-124.731977,49.481695],[-124.734688,49.482002],[-124.734988,49.482057],[-124.738271,49.482887],[-124.738659,49.483029],[-124.739601,49.4835],[-124.739746,49.483588],[-124.739803,49.483639],[-124.739845,49.483697],[-124.739894,49.483821],[-124.739897,49.483835],[-124.740011,49.484112],[-124.74021,49.484366],[-124.740486,49.484589],[-124.740828,49.484768],[-124.741503,49.485053],[-124.741893,49.485182],[-124.742315,49.485256],[-124.742752,49.485272],[-124.747015,49.485133],[-124.74723,49.48514],[-124.747333,49.485158],[-124.747428,49.485189],[-124.747596,49.485277],[-124.751826,49.487988],[-124.752098,49.488135],[-124.752403,49.48825],[-124.752734,49.488331],[-124.756583,49.489032],[-124.756791,49.489086],[-124.756882,49.489126],[-124.757036,49.489232],[-124.75942240364675,49.491265007565765],[-124.82904491100116,49.53727065353808],[-124.830401,49.537749],[-124.830569,49.537822],[-124.830639,49.537868],[-124.830694,49.537922],[-124.830772,49.538042],[-124.83130686387743,49.539165402474964],[-124.83701443379972,49.54520480785786],[-124.841231,49.549051],[-124.841399,49.549246],[-124.84264503028923,49.551162764608385],[-124.84516605951886,49.55383036530485],[-124.847009,49.554866],[-124.847129,49.554945],[-124.847178,49.55499],[-124.847252,49.55509],[-124.84797,49.556309],[-124.848028,49.556451],[-124.848032,49.556523]],[[-124.8142,50.2335],[-124.7823,50.2873],[-124.7411,50.3079],[-124.6669,50.2759],[-124.6426,50.2339],[-124.6582,50.1953],[-124.7109,50.1618],[-124.7285,50.1645],[-124.7223,50.176],[-124.7469,50.2038],[-124.7282,50.2444],[-124.6988,50.2641],[-124.705,50.2867],[-124.7362,50.3006],[-124.7258,50.2599],[-124.7553,50.2101],[-124.8142,50.2335]],[[-124.7856,50.0993],[-124.7579,50.1183],[-124.7538,50.1025],[-124.7856,50.0993]],[[-124.7134535,49.5352543],[-124.7134494,49.5352933],[-124.7134339,49.5353311],[-124.7134075,49.5353662],[-124.7133341,49.5354295],[-124.7104007,49.5375077],[-124.7102502,49.5376381],[-124.7101417,49.537785],[-124.7092326,49.5394101],[-124.7091694,49.5395732],[-124.709158,49.5397411],[-124.7092255,49.5404984],[-124.7092209,49.5405771],[-124.7092073,49.540615],[-124.7091828,49.5406505],[-124.709113,49.540715],[-124.7061002,49.5429989],[-124.7059946,49.5430626],[-124.7058695,49.5431092],[-124.7025355,49.5440416],[-124.7023241,49.5441168],[-124.6977833,49.5461139],[-124.6975594,49.5462392],[-124.6921879,49.5500303],[-124.6920948,49.5500842],[-124.6920418,49.5501045],[-124.6919836,49.5501177],[-124.6919227,49.5501232],[-124.6917981,49.5501185],[-124.6897905,49.5499132],[-124.6895697,49.5499032],[-124.6893496,49.549918],[-124.6891367,49.5499573],[-124.6889374,49.5500198],[-124.6870308,49.5507561],[-124.6869109,49.550792],[-124.6868474,49.5508014],[-124.6867153,49.5508027],[-124.683077,49.5505932],[-124.6828347,49.5505942],[-124.6825969,49.5506248],[-124.6823724,49.550684],[-124.6821691,49.5507697],[-124.6806978,49.5515272],[-124.6805934,49.5515709],[-124.6805364,49.5515855],[-124.6804761,49.5515927],[-124.6803518,49.5515915],[-124.67088,49.5508963],[-124.6706604,49.5508925],[-124.670443,49.5509132],[-124.6676344,49.5513425],[-124.6675111,49.5513533],[-124.6674498,49.5513508],[-124.6673905,49.5513406],[-124.6673353,49.5513231],[-124.6672364,49.5512741],[-124.6667464,49.5509785],[-124.6666669,49.5509206],[-124.6666366,49.5508877],[-124.6665955,49.5508149],[-124.6654947,49.5480951],[-124.6654166,49.5479549],[-124.6653011,49.5478261],[-124.6640807,49.5467089],[-124.6639141,49.5465847],[-124.6637129,49.5464843],[-124.6634852,49.5464116],[-124.6632397,49.5463695],[-124.6629864,49.5463598],[-124.6612246,49.5464056],[-124.6611021,49.5464011],[-124.6609832,49.5463814],[-124.6590057,49.5459178],[-124.6589018,49.5458863],[-124.6588082,49.5458431],[-124.6582653,49.5455415],[-124.6581864,49.5454891],[-124.6581551,49.5454592],[-124.6581324,49.5454261],[-124.6581055,49.5453549],[-124.6579709,49.5447845],[-124.657916,49.54464],[-124.6578221,49.5445042],[-124.6576924,49.5443814],[-124.6566051,49.5435282],[-124.6564818,49.5434441],[-124.6536379,49.5417595],[-124.6534393,49.541663],[-124.6532157,49.5415932],[-124.6529756,49.5415528],[-124.6527279,49.5415432],[-124.6522171,49.5415556],[-124.6520882,49.5415503],[-124.6520268,49.5415393],[-124.6519702,49.5415205],[-124.6519205,49.5414947],[-124.6518381,49.5414301],[-124.6514438,49.5410476],[-124.6513034,49.5409343],[-124.6511346,49.5408386],[-124.6509427,49.5407636],[-124.6501981,49.5405273],[-124.649936,49.5404661],[-124.6496598,49.5404432],[-124.6478473,49.5404219],[-124.6475486,49.5404412],[-124.6472652,49.5405052],[-124.6459801,49.5409106],[-124.6458762,49.5409364],[-124.6458221,49.5409431],[-124.6457109,49.5409442],[-124.6446767,49.5408952],[-124.6444469,49.5408978],[-124.6442215,49.540927],[-124.6440079,49.5409819],[-124.6438128,49.5410608],[-124.6422411,49.5418317],[-124.6421386,49.5418727],[-124.642083,49.5418864],[-124.6420245,49.541893],[-124.641965,49.5418924],[-124.6419068,49.5418845],[-124.641852,49.5418696],[-124.6417517,49.5418264],[-124.6410686,49.5414673],[-124.6409784,49.5414093],[-124.6409436,49.5413755],[-124.6408954,49.5412992],[-124.6401376,49.5396451],[-124.6400302,49.5394792],[-124.6398703,49.5393322],[-124.6396652,49.5392111],[-124.6382893,49.5385603],[-124.6380646,49.5384753],[-124.6378181,49.5384216],[-124.6375599,49.5384013],[-124.6339529,49.5383581],[-124.6338368,49.5383497],[-124.6337815,49.5383388],[-124.6336778,49.5383039],[-124.632945,49.5379985],[-124.6326962,49.5379182],[-124.6324264,49.5378746],[-124.6251241,49.5372305],[-124.6250125,49.5372139],[-124.6249604,49.5371994],[-124.6249133,49.5371791],[-124.6248308,49.5371276],[-124.6216153,49.5347207],[-124.6214715,49.5346288],[-124.6213073,49.5345528],[-124.6177765,49.5331777],[-124.6176815,49.5331324],[-124.6176417,49.5331048],[-124.6176105,49.5330729],[-124.6175889,49.5330378],[-124.6175776,49.5330007],[-124.6175766,49.5329242],[-124.6176075,49.5326858],[-124.6176053,49.5325312],[-124.617559,49.5323796],[-124.6174701,49.5322362],[-124.6173417,49.532106],[-124.6171784,49.5319935],[-124.6169858,49.5319026],[-124.6167705,49.5318365],[-124.6167161,49.5318273],[-124.6165754,49.5317941],[-124.616525,49.5317746],[-124.616481,49.5317493],[-124.6164082,49.5316884],[-124.6149928,49.5302419],[-124.6148306,49.5301086],[-124.61463,49.5299995],[-124.6143993,49.5299193],[-124.6141483,49.5298712],[-124.6140164,49.5298552],[-124.6137677,49.5298412],[-124.6135195,49.5298588],[-124.6132814,49.5299075],[-124.6130623,49.5299852],[-124.6128707,49.5300891],[-124.6127139,49.5302152],[-124.6125979,49.5303586],[-124.612527,49.530514],[-124.6125112,49.5305671],[-124.6124894,49.5306027],[-124.6124578,49.530635],[-124.6124173,49.5306629],[-124.6123695,49.5306854],[-124.6123161,49.5307017],[-124.612259,49.5307112],[-124.6122001,49.5307136],[-124.6121415,49.5307088],[-124.6120854,49.5306969],[-124.6119807,49.5306596],[-124.6111407,49.5302893],[-124.611065,49.5302502],[-124.6109994,49.5302041],[-124.6090783,49.5286305],[-124.6090113,49.528563],[-124.6089888,49.5285262],[-124.6089664,49.5284473],[-124.6087966,49.5271532],[-124.608757,49.5270072],[-124.608678,49.5268682],[-124.6085622,49.5267405],[-124.6084132,49.5266282],[-124.6082357,49.5265349],[-124.6071809,49.5260751],[-124.6069771,49.5260027],[-124.6067564,49.5259555],[-124.6065262,49.5259351],[-124.6062941,49.525942],[-124.6060678,49.525976],[-124.604575,49.5262959],[-124.6043539,49.5263589],[-124.604155,49.5264477],[-124.6039853,49.5265593],[-124.6038511,49.5266896],[-124.6037569,49.5268339],[-124.6037063,49.5269872],[-124.6037011,49.5271439],[-124.6037413,49.5272985],[-124.6038256,49.5274454],[-124.603951,49.5275793],[-124.6040481,49.5276639],[-124.6040998,49.5277326],[-124.6046156,49.5286168],[-124.6046489,49.5286982],[-124.6046524,49.5287397],[-124.6046429,49.5287807],[-124.6046207,49.5288196],[-124.6045867,49.5288548],[-124.6045425,49.5288847],[-124.6044898,49.5289082],[-124.6043702,49.5289408],[-124.6018075,49.5294457],[-124.601676,49.529462],[-124.6016102,49.5294611],[-124.6015461,49.5294512],[-124.6014866,49.5294328],[-124.6014344,49.5294067],[-124.6013478,49.5293404],[-124.6009221,49.5289345],[-124.6007713,49.528816],[-124.6005894,49.5287176],[-124.6003827,49.5286427],[-124.6001582,49.5285938],[-124.6000769,49.5285814],[-124.6000175,49.5285632],[-124.5999653,49.5285373],[-124.5999226,49.5285049],[-124.599859,49.5284287],[-124.5993477,49.5276253],[-124.5993127,49.5275512],[-124.5993062,49.5275132],[-124.5993156,49.5274359],[-124.5993602,49.5272697],[-124.5993782,49.5270931],[-124.599338,49.5269181],[-124.5992415,49.5267526],[-124.5990932,49.5266041],[-124.5976977,49.525489],[-124.5975347,49.5253806],[-124.597344,49.5252933],[-124.597132,49.52523],[-124.5969057,49.5251927],[-124.5947525,49.5249713],[-124.5946311,49.5249506],[-124.5945754,49.524933],[-124.5945262,49.5249086],[-124.5944854,49.5248784],[-124.5944227,49.5248078],[-124.5941585,49.5244272],[-124.5940263,49.5242797],[-124.5938504,49.5241528],[-124.5936382,49.5240519],[-124.5924057,49.5235844],[-124.592284,49.5235244],[-124.592188,49.5234471],[-124.59068089299544,49.521878847069665],[-124.539893,49.52186],[-124.539813,49.521855],[-124.539745,49.521831],[-124.516915,49.511649],[-124.516863,49.511621],[-124.51692,49.511598],[-124.575081,49.493032],[-124.640408,49.47218],[-124.640469,49.472165],[-124.640529,49.472188],[-124.650053,49.476643],[-124.707465,49.5035],[-124.707519,49.503531],[-124.707475,49.503565],[-124.70157901367854,49.50736424023287],[-124.71063126283738,49.51176922765809],[-124.7107282,49.5117395],[-124.7108425,49.5117128],[-124.7109018,49.5117068],[-124.7109617,49.5117082],[-124.7110201,49.5117171],[-124.7110748,49.511733],[-124.7111239,49.5117554],[-124.7111655,49.5117834],[-124.7111982,49.5118161],[-124.7112206,49.5118522],[-124.7112321,49.5118904],[-124.7112321,49.5119293],[-124.7112207,49.5119676],[-124.7111983,49.5120037],[-124.7111658,49.5120364],[-124.7110816,49.5120933],[-124.71092744335118,49.51217920626858],[-124.7131730766022,49.53502608369195],[-124.7132638,49.5350647],[-124.713359,49.5351143],[-124.7133979,49.5351442],[-124.7134272,49.5351783],[-124.713446,49.5352155],[-124.7134535,49.5352543]],[[-124.6722,49.86],[-124.6506,49.8807],[-124.6302,49.8624],[-124.6696,49.8372],[-124.6722,49.86]],[[-124.6392,49.7464],[-124.6231,49.7674],[-124.633,49.8001],[-124.603,49.803],[-124.5628,49.7636],[-124.5774,49.7625],[-124.4998,49.7354],[-124.3575,49.7087],[-124.2589,49.6097],[-124.1481,49.5371],[-124.1237,49.4946],[-124.1415,49.4887],[-124.4361,49.6202],[-124.4774,49.6787],[-124.4992,49.6716],[-124.6203,49.7218],[-124.6392,49.7464]],[[-124.500276,49.365752],[-124.500269,49.365761],[-124.500119,49.365906],[-124.499982,49.366038],[-124.499969,49.366049],[-124.499953,49.366058],[-124.499877,49.366094],[-124.498196,49.366882],[-124.498179,49.366889],[-124.498165,49.366893],[-124.497012,49.367118],[-124.497,49.367119],[-124.49699,49.36712],[-124.49482,49.36701],[-124.494345,49.367089],[-124.494342,49.367089],[-124.49434,49.36708],[-124.49434,49.367079],[-124.49432,49.36659],[-124.49402,49.36682],[-124.49358,49.36667],[-124.493127,49.36666],[-124.493122,49.366659],[-124.493112,49.366646],[-124.492868,49.366197],[-124.492829,49.366143],[-124.492797,49.366115],[-124.49276,49.366],[-124.49254,49.36589],[-124.49209,49.36603],[-124.492021,49.366121],[-124.491988,49.366152],[-124.491181,49.367117],[-124.49118,49.367118],[-124.491181,49.367116],[-124.491382,49.366858],[-124.492039,49.366014],[-124.492052,49.366001],[-124.492074,49.365993],[-124.492538,49.365847],[-124.49256,49.365842],[-124.492583,49.365846],[-124.493035,49.36596],[-124.493489,49.366075],[-124.493509,49.366081],[-124.49349,49.36612],[-124.4932,49.36603],[-124.49315,49.36614],[-124.49337,49.36638],[-124.49337,49.36651],[-124.49412,49.36662],[-124.4942,49.36639],[-124.49354,49.36615],[-124.493579,49.366101],[-124.493591,49.366104],[-124.493601,49.366106],[-124.493734,49.366143],[-124.493981,49.366212],[-124.493984,49.366213],[-124.49419,49.36627],[-124.494388,49.366204],[-124.494392,49.366203],[-124.494537,49.366155],[-124.494685,49.366105],[-124.494701,49.366101],[-124.494703,49.366101],[-124.49486,49.36614],[-124.49512,49.366068],[-124.496125,49.365992],[-124.496156,49.365988],[-124.49629,49.36598],[-124.496405,49.365906],[-124.496409,49.365904],[-124.496693,49.365721],[-124.49671,49.365712],[-124.49673,49.365718],[-124.497402,49.365995],[-124.497481,49.366021],[-124.497488,49.366022],[-124.49756,49.36606],[-124.49967,49.36588],[-124.500269,49.365752],[-124.500276,49.365752]],[[-124.3835039,49.5075247],[-124.383498,49.5076639],[-124.3833564,49.5083553],[-124.3833068,49.5084893],[-124.383262,49.5085506],[-124.3831987,49.5086046],[-124.3831197,49.5086491],[-124.3829915,49.5086953],[-124.3826407,49.5088546],[-124.3823479,49.5090575],[-124.3821258,49.5092951],[-124.3819839,49.5095574],[-124.3819282,49.509833],[-124.3818096,49.512716],[-124.3817796,49.5128591],[-124.3817419,49.5129258],[-124.3816829,49.5129856],[-124.3815254,49.5130875],[-124.3799415,49.5139111],[-124.3797746,49.5139818],[-124.3795036,49.5140529],[-124.3794549,49.5140624],[-124.3790856,49.5141917],[-124.378764,49.5143668],[-124.3785036,49.5145804],[-124.378315,49.5148238],[-124.3781883,49.5150393],[-124.3780615,49.5152052],[-124.3779057,49.5154814],[-124.3778464,49.5157731],[-124.3778864,49.5160661],[-124.3780237,49.5163464],[-124.3780712,49.516416],[-124.378093,49.5164777],[-124.3780962,49.516541],[-124.3780806,49.5166035],[-124.3780469,49.516663],[-124.3779963,49.5167171],[-124.3779306,49.516764],[-124.3778524,49.5168018],[-124.3777644,49.5168292],[-124.37767,49.5168452],[-124.3773841,49.5168567],[-124.3769403,49.5169065],[-124.3765237,49.5170176],[-124.376154,49.5171845],[-124.3758488,49.5173995],[-124.3757081,49.5175233],[-124.3755929,49.5176085],[-124.3755257,49.5176438],[-124.3753734,49.5176992],[-124.3721899,49.518636],[-124.3719849,49.5186854],[-124.36781577005713,49.5194763449143],[-124.36438771428571,49.52461842857142],[-124.36471,49.525263],[-124.3647533,49.5253921],[-124.364755,49.5254572],[-124.3647368,49.5255213],[-124.3646995,49.5255818],[-124.3646446,49.5256363],[-124.3645742,49.5256828],[-124.3644911,49.5257193],[-124.3643986,49.5257445],[-124.3641991,49.5257705],[-124.3592959,49.5260871],[-124.3590873,49.5260868],[-124.3589866,49.5260731],[-124.3588923,49.5260466],[-124.3587217,49.5259686],[-124.3568405,49.5249089],[-124.3565618,49.5247767],[-124.3562532,49.5246764],[-124.3526374,49.5237374],[-124.3524496,49.5236732],[-124.3522861,49.5235854],[-124.348629,49.5211669],[-124.3482672,49.5209763],[-124.3478489,49.5208431],[-124.3473952,49.5207741],[-124.3451356,49.5206013],[-124.3449292,49.5205713],[-124.3448343,49.5205433],[-124.3447503,49.5205033],[-124.3446807,49.520453],[-124.3446285,49.5203944],[-124.3445959,49.5203302],[-124.3445722,49.5201938],[-124.344564,49.5196154],[-124.3445799,49.5194921],[-124.344605,49.5194332],[-124.3446463,49.5193783],[-124.3447025,49.5193293],[-124.3447717,49.5192879],[-124.3448515,49.5192555],[-124.3449391,49.5192332],[-124.3451263,49.51921],[-124.3465008,49.5191246],[-124.3468934,49.5190749],[-124.3472639,49.5189771],[-124.3475985,49.5188348],[-124.3478846,49.5186534],[-124.3481115,49.5184395],[-124.3482708,49.5182014],[-124.3483564,49.5179477],[-124.3483652,49.5176881],[-124.3482969,49.5174323],[-124.3481539,49.5171898],[-124.3479417,49.5169697],[-124.347254,49.5163898],[-124.3471597,49.5162946],[-124.347126,49.5162431],[-124.3470859,49.516133],[-124.3468293,49.5150112],[-124.3467161,49.5147301],[-124.3465123,49.5144714],[-124.3462276,49.5142472],[-124.3458752,49.5140681],[-124.3456802,49.5139895],[-124.3456046,49.5139425],[-124.3455454,49.5138864],[-124.3454663,49.5137624],[-124.3452839,49.513539],[-124.3450402,49.5133417],[-124.3447438,49.5131776],[-124.3444053,49.5130525],[-124.3440366,49.5129708],[-124.3436509,49.5129355],[-124.3432619,49.5129478],[-124.3428833,49.5130073],[-124.3425286,49.5131118],[-124.3422104,49.5132577],[-124.34194,49.5134397],[-124.3412679,49.5139872],[-124.3411264,49.5140816],[-124.3410438,49.5141184],[-124.3409518,49.5141438],[-124.3408538,49.5141571],[-124.3406508,49.5141581],[-124.3354747,49.5138493],[-124.335101,49.513849],[-124.3347334,49.5138924],[-124.3343838,49.5139781],[-124.3340637,49.5141032],[-124.3339799,49.514143],[-124.3338933,49.5141697],[-124.3338005,49.5141853],[-124.3337048,49.5141894],[-124.3336096,49.5141816],[-124.3334249,49.5141427],[-124.3311923,49.5135153],[-124.3308648,49.5133961],[-124.3307956,49.5133643],[-124.3304131,49.5132555],[-124.3300046,49.5131988],[-124.3295869,49.5131965],[-124.3275921,49.5133172],[-124.3273653,49.5133146],[-124.327257,49.5132974],[-124.3270539,49.5132319],[-124.3253714,49.5125287],[-124.3250563,49.5124207],[-124.3247174,49.5123494],[-124.3243646,49.512317],[-124.32418703853409,49.51232068881204],[-124.29439960098603,49.514685664950065],[-124.2918951,49.5151534],[-124.2916876,49.5151775],[-124.2915838,49.5151756],[-124.2914828,49.51516],[-124.2912921,49.5151017],[-124.2905573,49.5148142],[-124.2903839,49.5147289],[-124.2903142,49.5146762],[-124.2902631,49.5146151],[-124.290233,49.5145484],[-124.2902171,49.5144076],[-124.29023907148907,49.513979857180956],[-124.27078549477015,49.50172732819778],[-124.2706077,49.5017906],[-124.2702986,49.5019585],[-124.2700455,49.5021622],[-124.2699582,49.5022485],[-124.2698301,49.5023513],[-124.2697528,49.5023928],[-124.2696644,49.5024237],[-124.2695684,49.5024426],[-124.2694685,49.5024489],[-124.2693687,49.5024423],[-124.2692728,49.5024229],[-124.2690941,49.5023597],[-124.2681878,49.5019583],[-124.2678471,49.5018362],[-124.2674773,49.5017578],[-124.2670913,49.5017257],[-124.266703,49.5017412],[-124.266326,49.5018037],[-124.2659737,49.501911],[-124.2657976,49.5019939],[-124.2656369,49.5020519],[-124.2654276,49.502093],[-124.26319,49.5023681],[-124.2630011,49.5023798],[-124.2629078,49.5023743],[-124.2628176,49.5023578],[-124.2627336,49.5023308],[-124.2626587,49.5022942],[-124.26263,49.5022738],[-124.2623231,49.5020956],[-124.2619679,49.5019604],[-124.2615785,49.5018735],[-124.2611703,49.5018386],[-124.2607596,49.5018568],[-124.2603626,49.5019276],[-124.259995,49.5020481],[-124.2596715,49.5022135],[-124.259405,49.5024173],[-124.2592764,49.5025685],[-124.2591783,49.5026615],[-124.2591077,49.5027064],[-124.259025,49.5027416],[-124.258759,49.5028115],[-124.258408,49.5029303],[-124.2580982,49.5030903],[-124.2578412,49.5032858],[-124.2576462,49.5035095],[-124.2575205,49.5037533],[-124.2575196,49.5037556],[-124.257478,49.5038151],[-124.2574191,49.503868],[-124.2573453,49.5039124],[-124.2571711,49.5039814],[-124.2556332,49.5044614],[-124.2552914,49.5045959],[-124.2549959,49.5047707],[-124.2547577,49.5049791],[-124.2545857,49.5052134],[-124.2544863,49.5054648],[-124.2544633,49.5057239],[-124.2545176,49.505981],[-124.2545818,49.5061566],[-124.254585,49.5062227],[-124.2545678,49.5062879],[-124.2545308,49.5063495],[-124.2544189,49.5064622],[-124.2529349,49.5076697],[-124.2528,49.5077603],[-124.2527217,49.5077961],[-124.2526344,49.5078218],[-124.2525412,49.5078363],[-124.2524454,49.5078391],[-124.2523506,49.5078303],[-124.2521671,49.5077892],[-124.2485859,49.5067318],[-124.2482352,49.506652],[-124.2478682,49.5066144],[-124.2474968,49.50662],[-124.2471329,49.5066686],[-124.2467883,49.5067589],[-124.2464741,49.5068877],[-124.2461481,49.5070497],[-124.2459915,49.5071139],[-124.2459066,49.507136],[-124.2458169,49.507148],[-124.2457254,49.5071493],[-124.245635,49.5071399],[-124.2454604,49.5071],[-124.2424776,49.5062145],[-124.2420633,49.5061245],[-124.2416292,49.506093],[-124.2411946,49.5061215],[-124.2398425,49.5063053],[-124.2396479,49.5063194],[-124.2395515,49.5063144],[-124.2394583,49.5062976],[-124.2393718,49.5062696],[-124.2392162,49.5061924],[-124.233375,49.502672],[-124.2332384,49.5025712],[-124.2331877,49.5025138],[-124.2331558,49.502451],[-124.2331439,49.5023852],[-124.2331615,49.5022515],[-124.23329647916096,49.501784993521056],[-124.2034629263005,49.48040880675108],[-124.2032843,49.4804066],[-124.2030985,49.4803933],[-124.2030101,49.480376],[-124.202928,49.4803486],[-124.2028548,49.480312],[-124.202793,49.4802674],[-124.2026953,49.4801639],[-124.2024862,49.4798891],[-124.2022729,49.4796666],[-124.2019971,49.4794752],[-124.2016693,49.4793224],[-124.201302,49.4792138],[-124.2009093,49.4791537],[-124.1993948,49.4790216],[-124.1991934,49.4789903],[-124.1991009,49.4789623],[-124.1990261,49.4789262],[-124.198672,49.4787887],[-124.198283,49.4786996],[-124.1978745,49.4786625],[-124.1974628,49.4786789],[-124.1970643,49.4787481],[-124.1955809,49.4791122],[-124.1954,49.4791447],[-124.1953076,49.4791499],[-124.1952153,49.4791441],[-124.1950349,49.4791105],[-124.1921353,49.4783786],[-124.1919421,49.4783138],[-124.1917743,49.4782239],[-124.1901713,49.4771614],[-124.1900466,49.4770608],[-124.1900009,49.4770045],[-124.1899728,49.4769434],[-124.1899536,49.4768149],[-124.1899536,49.4765923],[-124.1899175,49.4763424],[-124.1898104,49.4761013],[-124.1896361,49.4758774],[-124.1894007,49.4756784],[-124.1891125,49.4755114],[-124.1887814,49.4753821],[-124.1884191,49.4752952],[-124.1878707,49.4752004],[-124.1876906,49.4751572],[-124.1876093,49.4751255],[-124.1875385,49.4750845],[-124.1874807,49.4750356],[-124.187394,49.4749243],[-124.1867227,49.473815],[-124.1865451,49.4735876],[-124.1863044,49.4733861],[-124.1860095,49.4732179],[-124.1856708,49.4730889],[-124.1853008,49.4730039],[-124.1849127,49.4729659],[-124.1845206,49.4729763],[-124.1841385,49.4730347],[-124.1837804,49.473139],[-124.183459,49.4732855],[-124.1832975,49.4733751],[-124.1831436,49.4734458],[-124.183059,49.4734711],[-124.1829686,49.4734859],[-124.1828757,49.4734897],[-124.1827832,49.4734825],[-124.1826943,49.4734644],[-124.1825278,49.473407],[-124.178785,49.4718152],[-124.1783425,49.4716729],[-124.1778607,49.4716028],[-124.1753822,49.4714407],[-124.1751793,49.4714137],[-124.1750854,49.4713877],[-124.1750015,49.4713499],[-124.174931,49.471302],[-124.1748767,49.4712458],[-124.1748409,49.4711837],[-124.174818,49.4710894],[-124.1748002,49.4708781],[-124.1746949,49.4706171],[-124.1745115,49.470375],[-124.1742573,49.4701617],[-124.1741671,49.4701],[-124.1740411,49.4699943],[-124.1739962,49.4699352],[-124.1739703,49.4698714],[-124.1739646,49.4698056],[-124.1739792,49.4697404],[-124.1740135,49.4696784],[-124.1740972,49.4695887],[-124.1742801,49.4694306],[-124.1744597,49.4691828],[-124.1745581,49.4689165],[-124.1745712,49.4686427],[-124.1744986,49.4683729],[-124.1743431,49.4681183],[-124.1741114,49.4678895],[-124.1740786,49.4678634],[-124.1740332,49.4678089],[-124.1739748,49.4676892],[-124.1738065,49.4671845],[-124.1737835,49.4670566],[-124.173791,49.4669932],[-124.1738171,49.4669319],[-124.1738608,49.466875],[-124.1739206,49.4668247],[-124.1739941,49.4667828],[-124.1740786,49.4667508],[-124.1742659,49.4667086],[-124.1750789,49.466581],[-124.1754714,49.4664913],[-124.1758283,49.4663524],[-124.1761351,49.4661698],[-124.1763793,49.465951],[-124.1765512,49.4657047],[-124.1766436,49.4654411],[-124.1766528,49.4651708],[-124.1765785,49.4649048],[-124.1764237,49.4646539],[-124.1761947,49.4644282],[-124.1759007,49.4642369],[-124.175759,49.4641761],[-124.1755836,49.4640835],[-124.1755197,49.4640331],[-124.1754236,49.4639164],[-124.1754001,49.4638795],[-124.1752208,49.4636583],[-124.1749815,49.4634626],[-124.1746905,49.4632992],[-124.1743579,49.4631736],[-124.1739953,49.4630904],[-124.1736152,49.4630522],[-124.1732308,49.4630605],[-124.1731331,49.4630686],[-124.1730318,49.4630637],[-124.172934,49.4630457],[-124.1728437,49.4630153],[-124.1727646,49.4629739],[-124.1726711,49.4629004],[-124.1725209,49.4627515],[-124.1722631,49.4625757],[-124.1719609,49.462433],[-124.171624,49.4623281],[-124.1712635,49.4622643],[-124.1699454,49.4621125],[-124.1697415,49.4620746],[-124.1696491,49.4620429],[-124.1695687,49.4619995],[-124.1695038,49.4619463],[-124.1694009,49.4618122],[-124.1693388,49.4617049],[-124.1691095,49.4614707],[-124.1688109,49.4612721],[-124.1687687,49.4612493],[-124.1687035,49.4611958],[-124.1686568,49.4611346],[-124.1686035,49.4610004],[-124.1684584,49.4603699],[-124.1683779,49.4601493],[-124.1682413,49.4599406],[-124.1680526,49.4597498],[-124.1670476,49.458901],[-124.1669344,49.458781],[-124.166899,49.4587156],[-124.1668855,49.4586469],[-124.1669035,49.458509],[-124.1669003,49.4582592],[-124.166826,49.4580142],[-124.166683,49.4577823],[-124.1664765,49.4575717],[-124.1657598,49.4569723],[-124.1656453,49.4568521],[-124.1656094,49.4567865],[-124.1655956,49.4567175],[-124.1656138,49.4565766],[-124.1660448,49.455117],[-124.1660818,49.4548724],[-124.1660495,49.4546276],[-124.1659492,49.4543907],[-124.1657841,49.4541696],[-124.1655597,49.4539718],[-124.1652837,49.453804],[-124.1645953,49.4534564],[-124.1644463,49.4533642],[-124.1643883,49.4533101],[-124.1643481,49.4532496],[-124.1643272,49.4531852],[-124.1643257,49.4530455],[-124.1642848,49.4527886],[-124.164169,49.4525415],[-124.1639825,49.4523134],[-124.1632589,49.4516031],[-124.16324731307597,49.45159371847185],[-124.1628889715877,49.451336961436695],[-124.1627376,49.4512521],[-124.1624123,49.4511284],[-124.1620578,49.4510453],[-124.1618463,49.4510095],[-124.1617596,49.4509826],[-124.1616821,49.4509456],[-124.1616169,49.4508997],[-124.1615661,49.4508466],[-124.1615317,49.4507882],[-124.1615149,49.4507267],[-124.1615162,49.4506642],[-124.1615357,49.450603],[-124.1615726,49.4505453],[-124.1616799,49.4504397],[-124.1622299,49.4499963],[-124.1623582,49.4499101],[-124.1624323,49.4498756],[-124.1625148,49.4498502],[-124.1626029,49.4498348],[-124.1627867,49.4498249],[-124.1630795,49.4498263],[-124.16334899118469,49.449810720895],[-124.16513800007034,49.4486313742553],[-124.1651575,49.4485398],[-124.1651577,49.4485354],[-124.1651795,49.4484751],[-124.1652182,49.4484184],[-124.1652726,49.4483674],[-124.1653407,49.448324],[-124.1655015,49.4482545],[-124.165944486582,49.448099723929175],[-124.16710652751303,49.44733368577353],[-124.16717,49.4472358],[-124.1672514,49.4469814],[-124.1672559,49.4467215],[-124.1671833,49.446466],[-124.1670362,49.4462243],[-124.1665813,49.4456472],[-124.1665027,49.445514],[-124.1664864,49.4454446],[-124.1665001,49.4453021],[-124.1668361,49.4440309],[-124.1668625,49.4437265],[-124.1667825,49.443426],[-124.1666003,49.443145],[-124.1661317,49.4426039],[-124.1660487,49.4424803],[-124.1660275,49.4424153],[-124.1660269,49.4423488],[-124.1660468,49.4422836],[-124.1660865,49.4422223],[-124.1661444,49.4421675],[-124.1662181,49.4421214],[-124.1663045,49.4420859],[-124.1664001,49.4420624],[-124.1665011,49.4420519],[-124.1665918,49.4420545],[-124.1670083,49.442039],[-124.1674114,49.4419694],[-124.1677849,49.4418485],[-124.1681133,49.4416813],[-124.1685139,49.4414309],[-124.1686613,49.4413544],[-124.1687435,49.4413259],[-124.1688323,49.4413077],[-124.1689248,49.4413003],[-124.1689466,49.4413012],[-124.1694434,49.4412821],[-124.1696303,49.4412444],[-124.1699079,49.4412036],[-124.170165,49.4411997],[-124.1705475,49.4411704],[-124.1709149,49.4410955],[-124.1712546,49.4409775],[-124.1715547,49.4408205],[-124.1718047,49.44063],[-124.1719959,49.4404126],[-124.1721216,49.4401759],[-124.1721332,49.4401246],[-124.1722175,49.4399062],[-124.1728919,49.4386758],[-124.1729717,49.438564],[-124.1730261,49.4385145],[-124.1730936,49.4384723],[-124.1731719,49.4384388],[-124.1732583,49.4384153],[-124.1733498,49.4384025],[-124.1734435,49.4384009],[-124.1736306,49.4384204],[-124.1761417,49.4388389],[-124.1764932,49.4389216],[-124.1768928,49.4389872],[-124.1773044,49.4389999],[-124.1777117,49.4389592],[-124.1780985,49.4388666],[-124.1784492,49.4387259],[-124.1786209,49.4386406],[-124.1787053,49.438613],[-124.178796,49.438596],[-124.1789863,49.4385845],[-124.1799949,49.4385845],[-124.1801829,49.4385958],[-124.1802727,49.4386123],[-124.1804419,49.4386669],[-124.1896361,49.4423544],[-124.1899712,49.4425358],[-124.1912816,49.443479],[-124.1915583,49.4436449],[-124.1918768,49.4437754],[-124.1922265,49.4438661],[-124.1925956,49.443914],[-124.1929683,49.4439397],[-124.1931564,49.4439644],[-124.1932442,49.4439876],[-124.1933238,49.4440211],[-124.1933924,49.4440636],[-124.1934477,49.4441136],[-124.1934877,49.4441695],[-124.1935348,49.4442905],[-124.193648,49.4447627],[-124.1937295,49.444981],[-124.1938659,49.4451874],[-124.1940533,49.4453761],[-124.19510629989628,49.44626330294662],[-124.2004178316012,49.44883529069648],[-124.2008224,49.4488765],[-124.2010489,49.4489173],[-124.2012551,49.4489907],[-124.2056583,49.4510148],[-124.2058215,49.4511082],[-124.2058851,49.4511641],[-124.2059292,49.4512275],[-124.2059516,49.4512955],[-124.2059516,49.4513651],[-124.2059347,49.4514156],[-124.20592017934817,49.45149967675061],[-124.20946933787985,49.45321827559797],[-124.2133346,49.4536233],[-124.2137586,49.4537098],[-124.2191598,49.4554005],[-124.2195304,49.4554892],[-124.2199202,49.4555305],[-124.2203149,49.4555227],[-124.2207002,49.4554663],[-124.2210619,49.4553632],[-124.2213867,49.4552172],[-124.2215211,49.4551279],[-124.2215272,49.4551318],[-124.2217494,49.4549861],[-124.2218355,49.454949],[-124.2219315,49.4549241],[-124.2220333,49.4549124],[-124.2221366,49.4549144],[-124.2222371,49.45493],[-124.2224269,49.454988],[-124.2282305,49.457259],[-124.2283898,49.4573359],[-124.2285234,49.4574312],[-124.2312662,49.4598171],[-124.2315776,49.4600333],[-124.2319543,49.4601999],[-124.2335348,49.4607436],[-124.2336975,49.4608131],[-124.2337664,49.4608567],[-124.2338214,49.460908],[-124.2338605,49.460965],[-124.2339107,49.4611049],[-124.2340471,49.4613629],[-124.2342609,49.4615976],[-124.2345433,49.4617994],[-124.2348826,49.4619598],[-124.2401384,49.4639487],[-124.2404893,49.4640542],[-124.2408642,49.4641154],[-124.2412502,49.4641301],[-124.2416336,49.4640978],[-124.242001,49.4640196],[-124.2423395,49.4638983],[-124.2426373,49.463738],[-124.242884,49.4635446],[-124.2430708,49.4633246],[-124.2431913,49.4630858],[-124.2432412,49.4628367],[-124.2432472,49.4627273],[-124.2432684,49.4626669],[-124.2433066,49.4626101],[-124.2434354,49.4624879],[-124.2435251,49.4624176],[-124.2437158,49.4621906],[-124.2438359,49.461944],[-124.243881,49.461687],[-124.2438494,49.4614292],[-124.2437423,49.4611801],[-124.2435637,49.4609489],[-124.2430054,49.4603727],[-124.2429178,49.4602598],[-124.2428915,49.4601998],[-124.2428831,49.4601376],[-124.2429029,49.4600119],[-124.2431746,49.4591268],[-124.2432305,49.4590058],[-124.2432749,49.4589505],[-124.2433346,49.4589016],[-124.2434074,49.458861],[-124.2434906,49.4588299],[-124.2435814,49.4588097],[-124.2438507,49.4587847],[-124.2442402,49.4587232],[-124.244604,49.4586139],[-124.2449284,49.4584609],[-124.2452013,49.4582702],[-124.2455048,49.4580116],[-124.2456498,49.4579115],[-124.2457353,49.4578728],[-124.2458311,49.4578462],[-124.2459333,49.4578331],[-124.2461243,49.4578344],[-124.2462934,49.4578485],[-124.2466624,49.4578362],[-124.247022,49.4577813],[-124.2473609,49.4576857],[-124.2475826,49.4576071],[-124.2476779,49.4575878],[-124.247879,49.4575741],[-124.252901,49.4575549],[-124.2531291,49.4575707],[-124.2532357,49.4575945],[-124.2534306,49.4576731],[-124.2545022,49.458222],[-124.2548311,49.4583598],[-124.255194,49.4584547],[-124.2555779,49.4585035],[-124.2559691,49.4585043],[-124.2563536,49.4584572],[-124.2565309,49.4584116],[-124.256534,49.4584167],[-124.2565755,49.4584062],[-124.2566585,49.4583789],[-124.2567174,49.4583638],[-124.2567257,49.458361],[-124.256723,49.4583576],[-124.2569436,49.4582849],[-124.2572672,49.4581183],[-124.2575334,49.4579133],[-124.2577315,49.4576779],[-124.2578536,49.4574216],[-124.2578949,49.4571547],[-124.2578536,49.4568877],[-124.2577847,49.456743],[-124.2577929,49.4567414],[-124.2577043,49.4565583],[-124.2576934,49.4564957],[-124.2577061,49.45639],[-124.2577016,49.4561471],[-124.2576297,49.4559087],[-124.2574929,49.4556826],[-124.2574275,49.455598],[-124.2574011,49.4555356],[-124.2573941,49.455471],[-124.2574066,49.4554068],[-124.2574382,49.4553454],[-124.2574876,49.4552892],[-124.2575531,49.4552404],[-124.257632,49.4552009],[-124.2577212,49.4551722],[-124.2578174,49.4551554],[-124.2579168,49.4551512],[-124.2580155,49.4551597],[-124.2582066,49.4552021],[-124.2598711,49.4556947],[-124.2602463,49.4557786],[-124.2606392,49.4558142],[-124.2610354,49.4558003],[-124.2614201,49.4557374],[-124.2617793,49.4556279],[-124.2620996,49.4554757],[-124.2623692,49.4552866],[-124.262382,49.4552756],[-124.2625091,49.4551856],[-124.2625833,49.4551493],[-124.2626664,49.4551225],[-124.2627556,49.4551059],[-124.2628481,49.4551001],[-124.2629405,49.4551054],[-124.2631216,49.4551381],[-124.2701456,49.4568698],[-124.2703479,49.4569372],[-124.2705223,49.4570319],[-124.2725489,49.4584077],[-124.2728456,49.4585741],[-124.2731853,49.4587011],[-124.2735558,49.4587841],[-124.2739438,49.4588201],[-124.27422241440223,49.45881134436089],[-124.27566385210653,49.45830843489158],[-124.2758746,49.4580958],[-124.2760207,49.4578594],[-124.2760955,49.4576094],[-124.2760962,49.4573546],[-124.2760477,49.457189],[-124.2760348,49.457082],[-124.276048,49.4570152],[-124.2760817,49.4569517],[-124.2761347,49.4568939],[-124.2762046,49.4568443],[-124.2762886,49.4568051],[-124.2764805,49.4567496],[-124.2787226,49.4562738],[-124.278941,49.456244],[-124.2790507,49.4562449],[-124.2792042,49.4562682],[-124.2795166,49.4563409],[-124.2799439,49.4563784],[-124.2803739,49.4563575],[-124.2807877,49.456279],[-124.2811675,49.4561463],[-124.2814966,49.4559652],[-124.2817607,49.4557437],[-124.2818787,49.4556198],[-124.2819478,49.455572],[-124.2821147,49.4554951],[-124.2830466,49.4551509],[-124.2832308,49.4550977],[-124.2833278,49.4550835],[-124.2834272,49.4550819],[-124.2835252,49.4550929],[-124.2836179,49.4551162],[-124.2837019,49.4551509],[-124.2837892,49.455205],[-124.2840877,49.4553588],[-124.2844247,49.4554743],[-124.2847885,49.4555475],[-124.2851668,49.4555761],[-124.2855063,49.4555609],[-124.285622,49.455563],[-124.2857156,49.4555764],[-124.2858036,49.455601],[-124.2858829,49.455636],[-124.2859161,49.4556576],[-124.2862355,49.4558273],[-124.2866004,49.4559523],[-124.2869962,49.4560278],[-124.2874072,49.4560505],[-124.2909846,49.4560154],[-124.2911582,49.4560232],[-124.2913274,49.45605],[-124.2956372,49.4569907],[-124.2958224,49.4570449],[-124.2959039,49.4570828],[-124.2959722,49.4571304],[-124.2960789,49.4572428],[-124.2964041,49.4576765],[-124.2965886,49.4578763],[-124.2968235,49.4580523],[-124.2971016,49.4581993],[-124.2974147,49.4583128],[-124.3047472,49.4604514],[-124.3051182,49.4605332],[-124.3055063,49.4605679],[-124.3058975,49.4605543],[-124.3062777,49.460493],[-124.3066332,49.4603861],[-124.3069513,49.4602375],[-124.3072205,49.4600525],[-124.3074311,49.4598378],[-124.3075755,49.4596011],[-124.3076486,49.459351],[-124.3078067,49.4582438],[-124.3078442,49.4581169],[-124.3078809,49.4580578],[-124.3079344,49.4580044],[-124.3080028,49.4579587],[-124.3080835,49.4579224],[-124.3081734,49.4578969],[-124.3082691,49.4578832],[-124.3083672,49.4578817],[-124.3085631,49.4579036],[-124.3181494,49.4596109],[-124.3183174,49.4596513],[-124.3183939,49.4596804],[-124.3184614,49.4597176],[-124.3185758,49.4598072],[-124.3194868,49.4606627],[-124.3197518,49.4608653],[-124.320073,49.46103],[-124.3204379,49.4611502],[-124.3208321,49.4612213],[-124.32111,49.4612344],[-124.321273,49.4612524],[-124.3213651,49.4612752],[-124.3215347,49.461344],[-124.3230984,49.4621259],[-124.3232385,49.4622105],[-124.3232945,49.4622599],[-124.3233355,49.4623153],[-124.3233851,49.4624353],[-124.3237866,49.4639652],[-124.3238992,49.4642286],[-124.3240916,49.4644717],[-124.3243558,49.4646845],[-124.3246809,49.464858],[-124.3250533,49.4649851],[-124.3254576,49.4650606],[-124.325877,49.4650812],[-124.3262942,49.4650462],[-124.3263741,49.465034],[-124.326475,49.465032],[-124.3266768,49.4650544],[-124.3292683,49.4655188],[-124.3294581,49.4655664],[-124.3295427,49.4656014],[-124.3296151,49.4656466],[-124.3296723,49.4657001],[-124.3297121,49.46576],[-124.3297414,49.4658495],[-124.3297723,49.4660412],[-124.3298817,49.4662797],[-124.3300569,49.466501],[-124.330292,49.4666974],[-124.3305789,49.4668623],[-124.3309076,49.4669898],[-124.3312949,49.46711],[-124.3314602,49.4671743],[-124.3315312,49.4672154],[-124.3315892,49.4672644],[-124.3316163,49.4672993],[-124.33175687022903,49.46744101356566],[-124.33397539652185,49.468000374031696],[-124.3352042,49.467878],[-124.3353998,49.4678709],[-124.3354956,49.4678793],[-124.3355873,49.4678994],[-124.3356713,49.4679305],[-124.3357448,49.4679713],[-124.3358667,49.468071],[-124.33640988550488,49.46861418550488],[-124.3409420576427,49.469756889076784],[-124.3409573,49.4697566],[-124.34117,49.469767],[-124.3412708,49.4697861],[-124.3414588,49.4698515],[-124.34164820666311,49.469934931521635],[-124.36371625068259,49.47549898159719],[-124.3638207,49.4754141],[-124.3639672,49.4753171],[-124.3640528,49.4752799],[-124.3641483,49.4752546],[-124.3642496,49.4752425],[-124.3643526,49.475244],[-124.364453,49.475259],[-124.3646431,49.4753157],[-124.3666741,49.4760933],[-124.3668544,49.4761811],[-124.3669265,49.4762358],[-124.3669784,49.4762993],[-124.3670379,49.4764406],[-124.3673049,49.4775352],[-124.3673171,49.47766],[-124.3672879,49.4778117],[-124.367277,49.4780718],[-124.3673435,49.4783283],[-124.367485,49.4785717],[-124.3676961,49.4787928],[-124.3679688,49.4789833],[-124.368293,49.479136],[-124.3686565,49.4792452],[-124.3689114,49.4793031],[-124.3690815,49.4793534],[-124.3691573,49.4793877],[-124.3692222,49.4794304],[-124.3692742,49.47948],[-124.3693495,49.4795912],[-124.3697465,49.4803592],[-124.3697922,49.4804897],[-124.3697944,49.4805557],[-124.3697764,49.4806206],[-124.3697387,49.4806819],[-124.369683,49.480737],[-124.3696115,49.4807839],[-124.369527,49.4808205],[-124.3693713,49.4808617],[-124.3690075,49.4809867],[-124.3686892,49.4811561],[-124.3684288,49.4813631],[-124.3682367,49.4815996],[-124.3681963,49.4816642],[-124.3680788,49.4817779],[-124.3667076,49.4828473],[-124.3665742,49.4829339],[-124.3665361,49.4829508],[-124.3662097,49.483131],[-124.3659476,49.4833511],[-124.3657609,49.4836015],[-124.3656577,49.4838716],[-124.3656425,49.4841497],[-124.3657158,49.4844238],[-124.3658746,49.4846823],[-124.365905,49.4847119],[-124.3660469,49.4848823],[-124.3660762,49.4849436],[-124.3660866,49.4850075],[-124.3660777,49.4850714],[-124.3660499,49.485133],[-124.3660043,49.4851899],[-124.3659424,49.4852399],[-124.3657892,49.4853237],[-124.3634392,49.4863725],[-124.3631331,49.4865395],[-124.3628824,49.4867417],[-124.3626962,49.4869714],[-124.3623678,49.4874939],[-124.3622703,49.4876129],[-124.3622051,49.4876641],[-124.3621254,49.4877057],[-124.3620344,49.487736],[-124.3619359,49.4877539],[-124.3618339,49.4877585],[-124.3617326,49.4877497],[-124.361524,49.4877024],[-124.3613859,49.48766],[-124.3609985,49.4875965],[-124.3605996,49.4875825],[-124.360204,49.4876187],[-124.3598265,49.4877036],[-124.3594812,49.4878342],[-124.3591811,49.4880054],[-124.3589373,49.488211],[-124.358759,49.4884433],[-124.3586528,49.4886935],[-124.3586227,49.4889523],[-124.358626,49.4890539],[-124.3586102,49.489115],[-124.3585771,49.489173],[-124.3585279,49.489226],[-124.3583991,49.4893193],[-124.3572951,49.4899817],[-124.3571344,49.4900607],[-124.3570449,49.4900888],[-124.3569487,49.490105],[-124.3568265,49.4901096],[-124.3563886,49.4901571],[-124.3559764,49.4902642],[-124.355609,49.490426],[-124.3554257,49.4905513],[-124.3552781,49.4906363],[-124.3551938,49.4906685],[-124.3550069,49.4907113],[-124.354985,49.4907148],[-124.3546086,49.490801],[-124.3542647,49.4909326],[-124.3539662,49.4911047],[-124.3537242,49.4913109],[-124.3535477,49.4915434],[-124.3534433,49.4917936],[-124.353415,49.4920522],[-124.3534637,49.4923095],[-124.3535876,49.492556],[-124.3537822,49.4927823],[-124.3540402,49.4929802],[-124.3543519,49.4931421],[-124.3547057,49.4932621],[-124.3548531,49.4933008],[-124.3558384,49.4936321],[-124.3560054,49.4937023],[-124.356076,49.4937466],[-124.3561321,49.493799],[-124.3561716,49.4938573],[-124.356193,49.4939196],[-124.3561956,49.4939833],[-124.3561792,49.4940462],[-124.3561087,49.494167],[-124.3558901,49.4944544],[-124.35579191856546,49.49462085044952],[-124.366106944045,49.496291181280014],[-124.366132,49.496272],[-124.3662841,49.496092],[-124.3663669,49.4960117],[-124.3665028,49.4959222],[-124.3673715,49.4954491],[-124.3675126,49.4953845],[-124.3675898,49.4953606],[-124.3677558,49.4953299],[-124.3736966,49.4945727],[-124.3738856,49.4945602],[-124.3740748,49.4945706],[-124.3793972,49.4951865],[-124.3796157,49.4952285],[-124.3797134,49.4952641],[-124.3798828,49.4953631],[-124.3804109,49.4957494],[-124.3805261,49.4958518],[-124.3805673,49.4959085],[-124.3805911,49.4959692],[-124.3805969,49.4960317],[-124.3805714,49.4961575],[-124.3805172,49.4963107],[-124.3804647,49.4965949],[-124.3805063,49.4968798],[-124.3806399,49.4971526],[-124.3808595,49.4974007],[-124.3817874,49.4982297],[-124.3819036,49.4983638],[-124.3819693,49.4985116],[-124.3822232,49.4995008],[-124.3822367,49.4996293],[-124.3822245,49.4996924],[-124.3821939,49.4997528],[-124.3820967,49.4998652],[-124.380885,49.5009942],[-124.3807712,49.5010828],[-124.3806529,49.5011479],[-124.3803813,49.5013283],[-124.3801664,49.5015386],[-124.380016,49.5017713],[-124.3799353,49.5020182],[-124.3799272,49.5022705],[-124.379992,49.5025194],[-124.3801273,49.502756],[-124.3816509,49.5048044],[-124.3817205,49.5049278],[-124.3817377,49.5049998],[-124.3817597,49.5052517],[-124.3818644,49.505511],[-124.3820464,49.5057516],[-124.3821443,49.5058537],[-124.382179,49.5059129],[-124.3822127,49.5060393],[-124.3822288,49.5061782],[-124.3823063,49.5064548],[-124.3824709,49.5067149],[-124.3827154,49.506947],[-124.3830289,49.507141],[-124.3832295,49.5072412],[-124.3833848,49.5073373],[-124.3834445,49.5073939],[-124.3834848,49.5074573],[-124.3835039,49.5075247]],[[-124.3801597,48.5135382],[-124.380145,48.513635],[-124.380003,48.513604],[-124.378697,48.513218],[-124.3781731,48.5131038],[-124.37772,48.51293],[-124.37748,48.51289],[-124.3770745,48.5130351],[-124.376668,48.513057],[-124.375338,48.513218],[-124.375167,48.513227],[-124.375043,48.513148],[-124.3748452,48.5129936],[-124.37445,48.51249],[-124.37406,48.51222],[-124.37361,48.51203],[-124.3733598,48.5120347],[-124.373269,48.511994],[-124.372697,48.511827],[-124.364895,48.510091],[-124.3645524,48.510042],[-124.36453,48.51001],[-124.3644249,48.5100238],[-124.364147,48.509984],[-124.3522678,48.5091764],[-124.35205,48.50903],[-124.35182,48.50896],[-124.3502,48.50882],[-124.34885,48.50889],[-124.3486297,48.5089291],[-124.3473478,48.508842],[-124.34707,48.50857],[-124.34687,48.50848],[-124.34631,48.5085],[-124.34523,48.50842],[-124.34497,48.50837],[-124.34458,48.5081],[-124.34383,48.50826],[-124.3436,48.50836],[-124.34355,48.50854],[-124.3434607,48.5085777],[-124.3404184,48.5083709],[-124.3404,48.50803],[-124.34017,48.50796],[-124.33906,48.50799],[-124.33832,48.50787],[-124.33753,48.50787],[-124.33691,48.50753],[-124.33529,48.50743],[-124.33477,48.50733],[-124.33424,48.5074],[-124.33261,48.50743],[-124.33155,48.50756],[-124.32994,48.50744],[-124.32947,48.50731],[-124.32868,48.50745],[-124.3275208,48.507488],[-124.327474,48.507482],[-124.3274653,48.5073856],[-124.3276244,48.5042627],[-124.327644,48.503879],[-124.327666,48.503772],[-124.327695,48.5037724],[-124.32816,48.5039],[-124.3283239,48.5038141],[-124.3285247,48.5038304],[-124.3286,48.50385],[-124.32976,48.50435],[-124.33024,48.50448],[-124.33078,48.50442],[-124.33148,48.50415],[-124.33174,48.50411],[-124.3319811,48.50411],[-124.3407218,48.5048171],[-124.34133,48.50491],[-124.34214,48.50497],[-124.3424632,48.504958],[-124.3451837,48.5051781],[-124.34522,48.50522],[-124.34547,48.5053],[-124.3479279,48.5054001],[-124.3537856,48.505874],[-124.35382,48.50589],[-124.35509,48.50619],[-124.35642,48.50637],[-124.35751,48.50638],[-124.35777,48.50642],[-124.3582,48.50664],[-124.35901,48.50666],[-124.36006,48.50686],[-124.36031,48.50687],[-124.36051,48.50674],[-124.36076,48.50676],[-124.36156,48.50692],[-124.36209,48.50695],[-124.36257,48.50713],[-124.36329,48.50693],[-124.3656539,48.5068428],[-124.3658166,48.5068682],[-124.36619,48.50699],[-124.36706,48.50745],[-124.36784,48.50753],[-124.36784,48.50773],[-124.36916,48.50787],[-124.37079,48.5085],[-124.37187,48.50841],[-124.3731,48.5088],[-124.37335,48.5088],[-124.3735808,48.5086969],[-124.3760415,48.5092788],[-124.37637,48.5097],[-124.37669,48.50999],[-124.37762,48.51035],[-124.37892,48.51009],[-124.3800773,48.5102405],[-124.380133,48.510258],[-124.38015,48.510367],[-124.3801551,48.5119721],[-124.3801597,48.5135382]],[[-124.2236,49.7241],[-124.223,49.7515],[-124.1564,49.7521],[-124.2236,49.7241]],[[-124.214668,49.31301],[-124.214663,49.313013],[-124.21393,49.31332],[-124.213784,49.313476],[-124.213779,49.313478],[-124.213755,49.313484],[-124.21296,49.313597],[-124.212941,49.313598],[-124.212931,49.313586],[-124.21273,49.313285],[-124.212528,49.312982],[-124.212522,49.31297],[-124.212531,49.312958],[-124.212787,49.312684],[-124.212947,49.312514],[-124.212961,49.312502],[-124.212985,49.312504],[-124.213075,49.312518],[-124.21347,49.31258],[-124.21382,49.31252],[-124.21384,49.312509],[-124.214276,49.312425],[-124.214299,49.312422],[-124.214308,49.312432],[-124.214662,49.312998],[-124.214668,49.31301]],[[-124.2135,49.5101],[-124.1838,49.4894],[-124.2128,49.4956],[-124.2135,49.5101]],[[-124.2056,49.6726],[-124.1846,49.6857],[-124.2013,49.6821],[-124.1983,49.6974],[-124.1656,49.7074],[-124.2023,49.7012],[-124.2027,49.7121],[-124.1747,49.7169],[-124.1365,49.76],[-124.0945,49.7473],[-124.0892,49.774],[-124.0166,49.7832],[-123.991,49.7714],[-124.0604,49.7411],[-124.0509,49.7222],[-124.0699,49.7027],[-124.082,49.7138],[-124.0934,49.6455],[-124.13,49.6511],[-124.1227,49.6683],[-124.1421,49.6593],[-124.2056,49.6726]],[[-124.0132,49.5078],[-123.9972,49.5086],[-123.9899,49.4949],[-124.0132,49.5078]],[[-123.994,49.7817],[-123.9934,49.7894],[-123.9733,49.7813],[-123.994,49.7817]],[[-123.9894,49.4925],[-123.9797,49.5077],[-123.9552,49.4941],[-123.952,49.4679],[-123.9784,49.4714],[-123.9894,49.4925]],[[-123.947447,49.19483],[-123.947436,49.194845],[-123.945832,49.196665],[-123.94583182017013,49.196665252733865],[-123.94581,49.19669],[-123.9457964782082,49.19671492251822],[-123.945795,49.196717],[-123.94556864788896,49.19713484506739],[-123.94530759574468,49.197616],[-123.945307,49.197616],[-123.94529978768956,49.19762998751115],[-123.94513,49.19762],[-123.94511,49.1977],[-123.94527,49.1978],[-123.94527008259588,49.19780015339236],[-123.945272,49.197813],[-123.945304,49.197876],[-123.945331,49.197917],[-123.945338,49.19793],[-123.945337,49.197944],[-123.945271,49.198308],[-123.94527094117647,49.19830982352941],[-123.94526,49.19837],[-123.9454952,49.19891879999999],[-123.945498,49.19893],[-123.945499,49.198943],[-123.945428,49.199824],[-123.94543002531645,49.19985539240505],[-123.94542,49.19992],[-123.94561,49.20015],[-123.94567734586465,49.200201804511266],[-123.946247,49.200826],[-123.946257,49.20084],[-123.946258,49.200856],[-123.94623157894738,49.20106736842103],[-123.946228,49.201079],[-123.946211,49.201088],[-123.94590754257803,49.20121486657917],[-123.94548,49.20132],[-123.94525,49.20149],[-123.94539307692305,49.201795230769164],[-123.945398,49.20181],[-123.945398,49.201825],[-123.945342,49.202204],[-123.945338,49.202219],[-123.945319,49.202227],[-123.94409392932832,49.20264890517992],[-123.9441,49.2027],[-123.94400585057375,49.20267923884447],[-123.943179,49.202964],[-123.94316,49.202969],[-123.943139,49.202969],[-123.9419262499996,49.20293709999999],[-123.9409280288462,49.20291048076923],[-123.940911,49.202909],[-123.940894,49.202899],[-123.940673,49.202741],[-123.940603521045,49.20270154281568],[-123.94056,49.20266],[-123.94044,49.20265],[-123.94043824821173,49.202649977825466],[-123.940395,49.202642],[-123.938901,49.202482],[-123.938881,49.202479],[-123.93887628571427,49.2024769047619],[-123.93864,49.20228],[-123.93813273348516,49.20206538724372],[-123.937077,49.201479],[-123.937062,49.201469],[-123.937049,49.201457],[-123.93688313647746,49.20125603672788],[-123.93685,49.20115],[-123.93674080459769,49.20107720306513],[-123.92627333801303,49.19876899248492],[-123.92530715853657,49.198779807926826],[-123.925291,49.198779],[-123.925274,49.198771],[-123.92503852675208,49.1986470847777],[-123.92501,49.19861],[-123.92458129729728,49.19840539189188],[-123.924572,49.198399],[-123.924576,49.198385],[-123.92461646510252,49.198289013012634],[-123.9246872477727,49.197811885384056],[-123.92458,49.19771],[-123.92436368220339,49.19763365254237],[-123.924189,49.197522],[-123.924173,49.197509],[-123.924167,49.197492],[-123.924119,49.197229],[-123.92411879569893,49.1972283763441],[-123.92409,49.19707],[-123.92397521527214,49.19704194151096],[-123.92395,49.197025],[-123.923876,49.196992],[-123.923591,49.196888],[-123.923573,49.19688],[-123.923586,49.196868],[-123.92392112067112,49.19661471714346],[-123.92425,49.19644],[-123.92472,49.19601],[-123.92465,49.19594],[-123.92428,49.19595],[-123.9241062352941,49.19590035294117],[-123.924094,49.195895],[-123.924046,49.195882],[-123.924047,49.195881],[-123.924002,49.195869],[-123.923999,49.195854],[-123.923981,49.195587],[-123.923983,49.195571],[-123.92399833333332,49.19555854166667],[-123.92411000000082,49.195488749999484],[-123.924443,49.195281],[-123.924461,49.195271],[-123.92447792800002,49.195268055999996],[-123.92502025000029,49.19520924999997],[-123.92507421518769,49.1952034383644],[-123.92528998660242,49.19374897919848],[-123.9252660911854,49.19371187841945],[-123.92529,49.19368],[-123.9253009355006,49.19367517551444],[-123.9253428472547,49.1933926592461],[-123.92508,49.19337],[-123.92496,49.19348],[-123.92477640449438,49.193528314606745],[-123.924772,49.193528],[-123.92476,49.193515],[-123.9244947363996,49.19309927002965],[-123.92443,49.19292],[-123.92408,49.19245],[-123.92402628474579,49.19241183389833],[-123.924023,49.192409],[-123.923717,49.192192],[-123.923702,49.192179],[-123.92369749999999,49.192165499999945],[-123.92365,49.19189],[-123.9235859574468,49.191846237588656],[-123.923555,49.191817],[-123.92298810348805,49.19137901095418],[-123.92286,49.19117],[-123.92247,49.19097],[-123.92165534651261,49.19034931162866],[-123.921642,49.190339],[-123.921631,49.19033],[-123.921623,49.190319],[-123.92122,49.189685],[-123.921213,49.18967],[-123.921221,49.189655],[-123.921354,49.189468],[-123.921384,49.189415],[-123.92138417721519,49.18941430379746],[-123.92141,49.18939],[-123.921362,49.18906359999997],[-123.921362,49.189051],[-123.921381,49.189043],[-123.921888,49.188869],[-123.92195124915823,49.18884072390573],[-123.92203,49.18882],[-123.92206714970061,49.18875920958082],[-123.922099,49.188725],[-123.92219999143816,49.18858581418489],[-123.92245,49.18836],[-123.92249345033937,49.18818137082699],[-123.922686,49.187916],[-123.922717,49.187859],[-123.92272139856374,49.187840149012565],[-123.92277,49.1878],[-123.92275,49.18757],[-123.9224044405265,49.18711160478008],[-123.922177,49.186683],[-123.922172,49.18667],[-123.92217036842105,49.18665857894736],[-123.92217929357798,49.186381899082576],[-123.92218641666666,49.1863551875],[-123.92234,49.18624],[-123.92234743609765,49.186016917070276],[-123.922553,49.185595],[-123.922562,49.185582],[-123.922584,49.185582],[-123.922949,49.185608],[-123.922969,49.185611],[-123.92298117021284,49.18561784574472],[-123.92334418181122,49.18587281817691],[-123.923424,49.185929],[-123.92342493709891,49.1859295391528],[-123.92381,49.1862],[-123.92394,49.18618],[-123.92425,49.18588],[-123.92431,49.18572],[-123.92425081300813,49.18566926829268],[-123.924246,49.185644],[-123.924215,49.185584],[-123.923878,49.185101],[-123.923871,49.18509],[-123.923868,49.185077],[-123.92384899999927,49.18496399999561],[-123.923792,49.184622000000054],[-123.923792,49.184611],[-123.923812,49.184608],[-123.92420399999443,49.18456400000063],[-123.92420400000006,49.184564],[-123.92442,49.18454],[-123.92479,49.18425],[-123.92529,49.18361],[-123.92500319904077,49.18351110311751],[-123.925002,49.18351],[-123.92500852873565,49.183498574712615],[-123.92546575757383,49.18288606060864],[-123.92548,49.182867],[-123.92548003592232,49.18286693300971],[-123.92553,49.1828],[-123.92549025339366,49.18088222624435],[-123.925492,49.18087],[-123.925505,49.180859],[-123.927954,49.179042],[-123.927971,49.179032],[-123.92799180645163,49.179032],[-123.92904120000662,49.179128246154455],[-123.930997,49.179308],[-123.9310022107803,49.179308102172165],[-123.93135,49.17934],[-123.93276595025424,49.177345114420135],[-123.933371,49.176493],[-123.933382,49.176481],[-123.93339737777775,49.176472350000004],[-123.93520392643676,49.175677075862076],[-123.93522,49.175672],[-123.935234,49.175682],[-123.93700499999285,49.177189999993914],[-123.93877641252308,49.17869842971154],[-123.9388,49.178723],[-123.93987322297095,49.18010223015075],[-123.94197570370373,49.18280447811452],[-123.94198261692968,49.182814533715884],[-123.9442530682005,49.18674799096139],[-123.944257,49.186759],[-123.944256,49.186759],[-123.94425408219178,49.18675975342466],[-123.94378,49.18674],[-123.9439,49.18703],[-123.94403404925053,49.18719248394004],[-123.944035,49.187194],[-123.94444779999723,49.18769399999664],[-123.94455128301891,49.18781943396231],[-123.94456363779527,49.187838377952765],[-123.94489,49.18859],[-123.94528427586208,49.18918141379313],[-123.945293,49.189206],[-123.945361,49.189538],[-123.9453614274809,49.18953920101777],[-123.94538,49.18963],[-123.9454693594306,49.1896985088968],[-123.945472,49.189701],[-123.945664,49.189848],[-123.945678,49.189861],[-123.945687,49.189875],[-123.9457019999915,49.18990699998186],[-123.94589789041099,49.19032549315077],[-123.945902,49.190337],[-123.9460454782572,49.19077682607569],[-123.94617736065575,49.19118189344267],[-123.94618,49.19119575],[-123.94618,49.19189],[-123.9463271563981,49.19248843601894],[-123.946324,49.19252],[-123.946199,49.192957],[-123.9461928367347,49.19300861734694],[-123.94617,49.19306],[-123.94623857142862,49.19315142857151],[-123.94624,49.193154],[-123.9462459999999,49.19316133333322],[-123.9462496153846,49.19316615384615],[-123.946257,49.19318],[-123.94625144444446,49.19318648148146],[-123.94593,49.19343],[-123.94584269210618,49.19356547776628],[-123.945449,49.193929],[-123.945396,49.193991],[-123.94539226185958,49.193999597722964],[-123.94535,49.19402],[-123.9453,49.19418],[-123.94539,49.19442],[-123.94322953900294,49.19537361994134],[-123.94323671996136,49.19543405967471],[-123.94545,49.19446],[-123.94554,49.19461],[-123.94582,49.19472],[-123.9473324585987,49.194413554140134],[-123.947348,49.194412],[-123.947354,49.194425],[-123.947446,49.194812],[-123.947447,49.19483]],[[-123.874013,49.190438],[-123.873998,49.190495],[-123.873966,49.190548],[-123.873917,49.190596],[-123.873727,49.190719],[-123.873729,49.19072],[-123.873583,49.190813],[-123.873392,49.190995],[-123.873259,49.191197],[-123.873188,49.191412],[-123.873181,49.191632],[-123.87324,49.191849],[-123.873275,49.191906],[-123.873328,49.192034],[-123.873334,49.19209],[-123.873322,49.192145],[-123.873294,49.192198],[-123.87325,49.192246],[-123.873192,49.192287],[-123.873123,49.19232],[-123.873045,49.192343],[-123.872961,49.192355],[-123.872788,49.192357],[-123.87105888992944,49.19226576439421],[-123.86677432679346,49.19558023776355],[-123.867595,49.196205],[-123.867689,49.196292],[-123.867722,49.19634],[-123.867741,49.196391],[-123.867745,49.196444],[-123.867733,49.196496],[-123.867706,49.196546],[-123.867666,49.196592],[-123.867613,49.196631],[-123.867549,49.196664],[-123.867404,49.196713],[-123.86619,49.197029],[-123.86588,49.197134],[-123.865608,49.197279],[-123.865387,49.197455],[-123.86431,49.198518],[-123.864198,49.198607],[-123.86413,49.198643],[-123.863973,49.198695],[-123.861734,49.199259],[-123.86143,49.199309],[-123.853637,49.199954],[-123.853471,49.199957],[-123.853391,49.199948],[-123.853314,49.19993],[-123.853244,49.199902],[-123.853184,49.199865],[-123.853135,49.199822],[-123.8531,49.199774],[-123.85308,49.199722],[-123.853075,49.199669],[-123.853087,49.199616],[-123.853141,49.199513],[-123.85324848855201,49.19935848520648],[-123.83227225254012,49.20120515158224],[-123.832013,49.201315],[-123.83185,49.201368],[-123.831764,49.201383],[-123.831675,49.201386],[-123.831586,49.201376],[-123.831417,49.201333],[-123.83129518166146,49.201291169108806],[-123.82612114174142,49.20174667149455],[-123.824919,49.202309],[-123.824778,49.202362],[-123.824702,49.20238],[-123.824622,49.202387],[-123.824541,49.202385],[-123.824382,49.20236],[-123.823554,49.202176],[-123.823193,49.202123],[-123.822824,49.202121],[-123.822462,49.20217],[-123.822125,49.202269],[-123.820672,49.20282],[-123.820538,49.202861],[-123.820467,49.202874],[-123.820393,49.202879],[-123.820245,49.202871],[-123.818572,49.202688],[-123.81841,49.20266],[-123.818337,49.202636],[-123.818271,49.202603],[-123.818216,49.202563],[-123.818175,49.202517],[-123.818147,49.202466],[-123.818124,49.202358],[-123.817691,49.196266],[-123.817699,49.196161],[-123.817718,49.19611],[-123.81775,49.196062],[-123.817796,49.19602],[-123.817854,49.195983],[-123.817989,49.195925],[-123.818985,49.195579],[-123.81899307800101,49.195575469405156],[-123.81909249736137,49.19326041858545],[-123.818892,49.19319],[-123.818762,49.193119],[-123.81814,49.192707],[-123.818036,49.192624],[-123.817998,49.192577],[-123.817974,49.192527],[-123.817965,49.192474],[-123.817972,49.192421],[-123.817993,49.19237],[-123.818066,49.192274],[-123.81918517320625,49.191102395340295],[-123.8192876405125,49.18871637092351],[-123.8127698,49.1867161],[-123.812753,49.186709],[-123.8127614,49.1866968],[-123.8140451,49.1852168],[-123.81421898761052,49.185016302931814],[-123.813926,49.184935],[-123.813618,49.184871],[-123.813297,49.184846],[-123.812974,49.18486],[-123.812661,49.184913],[-123.812368,49.185003],[-123.812106,49.185127],[-123.811884,49.185281],[-123.81171,49.18546],[-123.811589,49.185656],[-123.81154,49.185766],[-123.811475,49.18587],[-123.811427,49.185916],[-123.811367,49.185955],[-123.811296,49.185986],[-123.811217,49.186006],[-123.811134,49.186016],[-123.810961,49.186014],[-123.809746,49.185917],[-123.809593,49.185895],[-123.809521,49.185876],[-123.809389,49.18582],[-123.80078,49.181363],[-123.800432,49.181224],[-123.800044,49.181141],[-123.79962,49.181085],[-123.799273,49.181064],[-123.798927,49.181087],[-123.798595,49.181156],[-123.798291,49.181267],[-123.798214,49.181302],[-123.798073,49.181354],[-123.797998,49.18137],[-123.797918,49.181378],[-123.797838,49.181375],[-123.797761,49.181362],[-123.797688,49.181341],[-123.797622,49.18131],[-123.79751,49.181234],[-123.797045,49.180851],[-123.796832,49.180704],[-123.796581,49.180585],[-123.796302,49.180496],[-123.796004,49.180442],[-123.795152,49.180339],[-123.794977,49.180305],[-123.794899,49.180277],[-123.794761,49.180199],[-123.792815,49.178836],[-123.792526,49.178673],[-123.792188,49.178556],[-123.790381,49.178087],[-123.79021,49.178027],[-123.790064,49.177943],[-123.787611,49.176186],[-123.78736,49.176038],[-123.78707,49.175925],[-123.786751,49.175851],[-123.78564,49.17567],[-123.785459,49.175626],[-123.785299,49.175557],[-123.781349,49.173413],[-123.780994,49.173264],[-123.780594,49.173176],[-123.778613,49.172908],[-123.778457,49.172876],[-123.778312,49.172826],[-123.775794,49.171733],[-123.775676,49.171671],[-123.775626,49.171635],[-123.775548,49.17155],[-123.774048,49.16955],[-123.773914,49.169401],[-123.773747,49.169268],[-123.772156,49.168175],[-123.771851,49.168009],[-123.771496,49.167892],[-123.76925042679578,49.16735586892085],[-123.70720307272012,49.15986266857592],[-123.707053,49.159957],[-123.706984,49.16001],[-123.706918,49.160044],[-123.706844,49.160069],[-123.706763,49.160083],[-123.70668,49.160087],[-123.706512,49.160074],[-123.704228,49.15974],[-123.70405,49.1597],[-123.703971,49.159668],[-123.703836,49.159583],[-123.702669,49.158662],[-123.702578,49.158574],[-123.702546,49.158526],[-123.702528,49.158475],[-123.702526,49.158422],[-123.702539,49.158371],[-123.702566,49.158321],[-123.702607,49.158276],[-123.702684,49.158219],[-123.702886,49.158036],[-123.703029,49.157829],[-123.703105,49.157608],[-123.703113,49.157382],[-123.703052,49.157159],[-123.702924,49.156949],[-123.702735,49.156759],[-123.702492,49.156598],[-123.696928,49.153582],[-123.696812,49.153506],[-123.696767,49.153462],[-123.696735,49.153414],[-123.696718,49.153362],[-123.696717,49.153309],[-123.696744,49.153203],[-123.697053,49.152464],[-123.697105,49.152371],[-123.697143,49.152328],[-123.697192,49.152291],[-123.69731,49.152228],[-123.698487,49.151704],[-123.698738,49.151568],[-123.698946,49.151403],[-123.699102,49.151216],[-123.699203,49.151014],[-123.699243,49.150802],[-123.699222,49.150589],[-123.69914,49.150383],[-123.699001,49.15019],[-123.698808,49.150018],[-123.69857,49.149872],[-123.69838,49.149777],[-123.698262,49.149704],[-123.698215,49.149662],[-123.698181,49.149615],[-123.698128,49.149484],[-123.698008,49.149272],[-123.697825,49.149079],[-123.697587,49.148914],[-123.697304,49.148784],[-123.697026,49.148704],[-123.696939,49.148674],[-123.696821,49.148614],[-123.695146,49.1476],[-123.695022,49.147506],[-123.694978,49.147453],[-123.694928,49.147333],[-123.694775,49.146715],[-123.694765,49.146614],[-123.694773,49.146565],[-123.694817,49.146468],[-123.694944,49.146259],[-123.695038,49.146048],[-123.695068,49.145829],[-123.695032,49.145611],[-123.694933,49.145401],[-123.694773,49.145208],[-123.694757,49.145192],[-123.694548,49.145025],[-123.694295,49.144888],[-123.694007,49.144784],[-123.693694,49.144718],[-123.693368,49.144692],[-123.69304,49.144707],[-123.692814,49.144731],[-123.692666,49.144739],[-123.692593,49.144734],[-123.692522,49.144721],[-123.692388,49.14468],[-123.691694,49.144416],[-123.691543,49.144343],[-123.691483,49.144297],[-123.691358,49.144146],[-123.691179,49.143971],[-123.690954,49.143821],[-123.69069,49.1437],[-123.690396,49.143614],[-123.690215,49.143573],[-123.690145,49.143547],[-123.690084,49.143512],[-123.690034,49.143471],[-123.689996,49.143424],[-123.689973,49.143374],[-123.689965,49.143321],[-123.68998,49.143215],[-123.691806,49.136884],[-123.691834,49.136718],[-123.691825,49.136552],[-123.69150352202304,49.13461543718668],[-123.689099,49.134461],[-123.689082,49.134459],[-123.68908,49.134444],[-123.689039,49.131559],[-123.689,49.128854],[-123.689002,49.128841],[-123.689024,49.12884],[-123.694395,49.12881],[-123.699769,49.12878],[-123.699788,49.128781],[-123.69979,49.128796],[-123.69979575133246,49.1309320448784],[-123.69998,49.1308],[-123.700162,49.130599],[-123.700811,49.129674],[-123.700898,49.129576],[-123.700956,49.129535],[-123.701025,49.129501],[-123.701102,49.129478],[-123.701186,49.129465],[-123.701359,49.129462],[-123.704267,49.129603],[-123.704471,49.129629],[-123.704659,49.129687],[-123.710113,49.131923],[-123.710237,49.131985],[-123.710341,49.132059],[-123.71035189786365,49.132068372809975],[-123.71722295124499,49.131274604910324],[-123.717168,49.131205],[-123.716538,49.130173],[-123.716493,49.130074],[-123.716485,49.130024],[-123.716491,49.129973],[-123.716511,49.129923],[-123.716579,49.12983],[-123.717014,49.129355],[-123.717118,49.129263],[-123.717182,49.129225],[-123.717257,49.129197],[-123.717339,49.12918],[-123.717424,49.129173],[-123.717598,49.129183],[-123.718696,49.129321],[-123.719063,49.129341],[-123.719428,49.129309],[-123.719775,49.129228],[-123.720088,49.129101],[-123.720865,49.128702],[-123.721011,49.128642],[-123.72109,49.128622],[-123.72126,49.128604],[-123.72462,49.128469],[-123.725062,49.128413],[-123.731927,49.126908],[-123.732081,49.126885],[-123.732159,49.126882],[-123.732236,49.126889],[-123.732386,49.126922],[-123.736174,49.128006],[-123.736501,49.128076],[-123.736842,49.128101],[-123.742618,49.128156],[-123.742792,49.12817],[-123.742874,49.128188],[-123.743026,49.128245],[-123.743074,49.128268],[-123.7431143492573,49.12828354088002],[-123.74600140105879,49.127950018650246],[-123.746954,49.127601],[-123.747109,49.127556],[-123.747191,49.127544],[-123.747275,49.127544],[-123.747357,49.127553],[-123.747514,49.127594],[-123.75036938268295,49.12855928377735],[-123.75572783680231,49.12988482304852],[-123.756362,49.129705],[-123.756539,49.129669],[-123.75663,49.129664],[-123.756814,49.12968],[-123.758663,49.129976],[-123.75899,49.130007],[-123.75932,49.129997],[-123.759641,49.129946],[-123.761477,49.129529],[-123.761623,49.129505],[-123.761697,49.129501],[-123.761846,49.129512],[-123.763361,49.129703],[-123.763499,49.129729],[-123.763629,49.129769],[-123.7724,49.133086],[-123.772704,49.133177],[-123.773029,49.133228],[-123.775822,49.13348],[-123.776134,49.133535],[-123.783265,49.135443],[-123.783434,49.135497],[-123.784741,49.136002],[-123.784903,49.136083],[-123.785031,49.136187],[-123.786108,49.13731],[-123.786174,49.137392],[-123.78618720194935,49.1374196612272],[-123.80446096149728,49.14194010413352],[-123.808153,49.142476],[-123.808302,49.142504],[-123.826035,49.146577],[-123.826294,49.146622],[-123.833065,49.147439],[-123.833364,49.147501],[-123.840372,49.149577],[-123.840422,49.149593],[-123.852003,49.153423],[-123.852127,49.15347],[-123.862378,49.157848],[-123.862488,49.157904],[-123.862582,49.15797],[-123.86887,49.163153],[-123.868956,49.16324],[-123.869017,49.163335],[-123.871879,49.169305],[-123.871912,49.169408],[-123.871916,49.169513],[-123.871496,49.173398],[-123.871468,49.173523],[-123.870551,49.176198],[-123.870498,49.176302],[-123.870458,49.176349],[-123.870404,49.17639],[-123.870339,49.176424],[-123.870266,49.176448],[-123.870186,49.176463],[-123.87002,49.176472],[-123.869081,49.176464],[-123.86891,49.176451],[-123.868829,49.176434],[-123.868755,49.176406],[-123.868625,49.176332],[-123.865675,49.174274],[-123.865432,49.174133],[-123.865153,49.174025],[-123.864848,49.173953],[-123.864528,49.173919],[-123.864203,49.173924],[-123.863886,49.17397],[-123.863587,49.174053],[-123.863318,49.174171],[-123.863086,49.17432],[-123.860695,49.176182],[-123.860523,49.176343],[-123.860396,49.17652],[-123.860024,49.177183],[-123.859937,49.17741],[-123.859922,49.177644],[-123.859982,49.177874],[-123.860112,49.178092],[-123.860309,49.178288],[-123.860563,49.178453],[-123.860863,49.17858],[-123.861829,49.178902],[-123.862041,49.178991],[-123.86222,49.179083],[-123.862557,49.179189],[-123.862816,49.17925],[-123.864136,49.17966],[-123.864286,49.179719],[-123.864349,49.179758],[-123.864399,49.179804],[-123.864469,49.179909],[-123.864696,49.18037],[-123.864732,49.180479],[-123.864734,49.180594],[-123.864782,49.180841],[-123.86491,49.181076],[-123.865114,49.181286],[-123.865384,49.181462],[-123.865715,49.181635],[-123.865834,49.181711],[-123.865881,49.181755],[-123.865914,49.181804],[-123.865932,49.181857],[-123.865934,49.18191],[-123.86592,49.181963],[-123.86589,49.182013],[-123.865847,49.182059],[-123.865791,49.182098],[-123.865724,49.18213],[-123.86565,49.182152],[-123.86557,49.182165],[-123.865569,49.182165],[-123.865213,49.1822],[-123.864875,49.182282],[-123.864571,49.182408],[-123.864314,49.182573],[-123.864114,49.182768],[-123.86398,49.182987],[-123.86397064648486,49.18302200025019],[-123.86964054780495,49.18730739078281],[-123.873841,49.190182],[-123.87395,49.190274],[-123.873988,49.190326],[-123.874009,49.190381],[-123.874013,49.190438]],[[-123.8134,49.1369],[-123.7859,49.1346],[-123.767,49.1236],[-123.8134,49.1369]],[[-123.7567,49.112],[-123.73062878227488,49.09815187351185],[-123.7305132,49.0989423],[-123.730422,49.099565],[-123.730418,49.099578],[-123.730399,49.099574],[-123.7299626,49.0994483],[-123.7295,49.09925],[-123.7293884,49.0992828],[-123.726977,49.098588],[-123.726927,49.098568],[-123.7254179,49.0978075],[-123.72473,49.09742],[-123.723253,49.0967162],[-123.723226,49.0967],[-123.721477,49.095452],[-123.721462,49.095439],[-123.721457,49.095424],[-123.7214178,49.0952154],[-123.72145,49.09506],[-123.72134,49.0948],[-123.7212602,49.0947323],[-123.72126,49.094732],[-123.7210211,49.0945291],[-123.7204235,49.0940215],[-123.720412,49.094009],[-123.720404,49.093996],[-123.7201573,49.0934477],[-123.72012,49.09328],[-123.7200211,49.0931452],[-123.719747,49.092536],[-123.719743,49.09252],[-123.719758,49.092508],[-123.71986765921679,49.09243593822897],[-123.7198,49.0924],[-123.7199296552901,49.092395197952214],[-123.720073,49.092301],[-123.720091,49.092292],[-123.720113,49.092293],[-123.72070179999999,49.0923666],[-123.736,49.0918],[-123.7567,49.112]],[[-123.719247,49.12523],[-123.7192369,49.1252409],[-123.7159223,49.1280082],[-123.714903,49.128859],[-123.714889,49.128869],[-123.714868,49.12887],[-123.70819,49.128915],[-123.7015093,49.1289599],[-123.701491,49.128959],[-123.7014747,49.1289541],[-123.6928879,49.1256469],[-123.692851,49.125628],[-123.681147,49.11853],[-123.681133,49.11852],[-123.6811461,49.1185164],[-123.68376402587256,49.11792468263364],[-123.682491,49.116722],[-123.682233,49.11653],[-123.681916,49.11638],[-123.681555,49.116281],[-123.680481,49.116076],[-123.680325,49.116035],[-123.680255,49.116006],[-123.680196,49.115968],[-123.680101,49.115877],[-123.678247,49.113661],[-123.678052,49.113475],[-123.677805,49.113318],[-123.677514,49.113197],[-123.677193,49.113115],[-123.677081,49.113103],[-123.676888,49.113068],[-123.676812,49.113043],[-123.676678,49.112974],[-123.672007,49.110015],[-123.671889,49.109922],[-123.671804,49.109815],[-123.67073392311605,49.108007971724824],[-123.64199990140675,49.07512824539081],[-123.641795,49.074981],[-123.641716,49.074915],[-123.641652,49.074841],[-123.641302,49.074351],[-123.641118,49.074152],[-123.640876,49.073981],[-123.640585,49.073846],[-123.640258,49.073754],[-123.637985,49.073287],[-123.637825,49.073241],[-123.637754,49.073209],[-123.637695,49.073168],[-123.637604,49.073071],[-123.636744,49.071902],[-123.636594,49.071736],[-123.636403,49.071589],[-123.633637,49.069799],[-123.633531,49.069716],[-123.63347,49.069643],[-123.633362,49.069481],[-123.633157,49.069291],[-123.632897,49.069133],[-123.632594,49.069013],[-123.632259,49.068937],[-123.631815,49.068868],[-123.631653,49.068831],[-123.63158,49.068803],[-123.631452,49.068727],[-123.627802,49.066082],[-123.627714,49.066011],[-123.623508,49.062208],[-123.623427,49.062119],[-123.623373,49.062021],[-123.623005,49.061104],[-123.622978,49.060998],[-123.62298,49.060946],[-123.622998,49.060894],[-123.62303,49.060846],[-123.623076,49.060802],[-123.623232,49.060701],[-123.623272,49.06068],[-123.623483,49.060514],[-123.623642,49.060326],[-123.623744,49.060121],[-123.623784,49.059907],[-123.623762,49.059692],[-123.623678,49.059484],[-123.623534,49.05929],[-123.623338,49.059118],[-123.623094,49.058973],[-123.622814,49.058861],[-123.622506,49.058786],[-123.622181,49.05875],[-123.621853,49.058756],[-123.621532,49.058803],[-123.621352,49.058841],[-123.621275,49.058847],[-123.621196,49.058844],[-123.62112,49.058832],[-123.621048,49.05881],[-123.620914,49.058748],[-123.620589,49.058629],[-123.620232,49.058559],[-123.61986,49.058541],[-123.619622,49.058546],[-123.61954,49.058537],[-123.619462,49.058517],[-123.619391,49.058488],[-123.619268,49.058412],[-123.618275,49.057656],[-123.618076,49.05745],[-123.617322,49.056347],[-123.617268,49.05624],[-123.617258,49.056185],[-123.617265,49.05613],[-123.617289,49.056076],[-123.617329,49.056027],[-123.617419,49.055955],[-123.617618,49.055757],[-123.617749,49.055536],[-123.617807,49.055302],[-123.617789,49.055066],[-123.617696,49.054837],[-123.617533,49.054625],[-123.613488,49.050533],[-123.613386,49.050409],[-123.611987,49.048285],[-123.611828,49.048096],[-123.611617,49.04793],[-123.611361,49.047793],[-123.609897,49.047154],[-123.609775,49.047089],[-123.609724,49.04705],[-123.609645,49.04696],[-123.606668,49.042694],[-123.606609,49.042577],[-123.6066,49.042516],[-123.606623,49.042394],[-123.606702,49.042179],[-123.606744,49.042098],[-123.606825,49.04187],[-123.606832,49.041636],[-123.606766,49.041406],[-123.606629,49.04119],[-123.606426,49.040997],[-123.606168,49.040836],[-123.60543,49.040463],[-123.605124,49.040339],[-123.604786,49.04026],[-123.604429,49.040229],[-123.604174,49.040224],[-123.604022,49.040212],[-123.60395,49.040197],[-123.603883,49.040174],[-123.603823,49.040144],[-123.60372,49.04007],[-123.602258,49.038805],[-123.602159,49.038699],[-123.602039,49.038535],[-123.601848,49.038365],[-123.601814,49.038344],[-123.601675,49.038238],[-123.60159,49.038139],[-123.600871,49.037047],[-123.600817,49.036933],[-123.600809,49.036875],[-123.600821,49.036816],[-123.600881,49.036704],[-123.601378,49.036023],[-123.601482,49.035842],[-123.601537,49.035652],[-123.601542,49.035459],[-123.601445,49.034522],[-123.601384,49.034291],[-123.601251,49.034073],[-123.601052,49.033878],[-123.600796,49.033714],[-123.598459,49.0325],[-123.598355,49.032437],[-123.598269,49.032363],[-123.595553,49.029579],[-123.595419,49.029397],[-123.594881,49.028366],[-123.594842,49.028255],[-123.59484,49.028198],[-123.594855,49.028143],[-123.594888,49.028091],[-123.594936,49.028043],[-123.595146,49.027878],[-123.595306,49.027688],[-123.595407,49.027481],[-123.595446,49.027266],[-123.595422,49.027049],[-123.595335,49.02684],[-123.59467,49.025694],[-123.594591,49.025465],[-123.594464,49.02448],[-123.59441,49.02428],[-123.594303,49.024089],[-123.591601,49.020376],[-123.591541,49.020263],[-123.59153,49.020205],[-123.591546,49.020086],[-123.591844,49.0191],[-123.591874,49.018826],[-123.591803,49.018555],[-123.591523,49.017946],[-123.59149,49.017835],[-123.591491,49.017779],[-123.591509,49.017725],[-123.591543,49.017674],[-123.591592,49.017628],[-123.591654,49.01759],[-123.591727,49.017561],[-123.591806,49.017542],[-123.5919,49.017533],[-123.592214,49.017482],[-123.592508,49.017394],[-123.592772,49.017271],[-123.592996,49.017118],[-123.593172,49.01694],[-123.593295,49.016744],[-123.593359,49.016536],[-123.593362,49.016323],[-123.593353,49.01629],[-123.593339,49.016151],[-123.59335,49.016096],[-123.593378,49.016043],[-123.593421,49.015996],[-123.593478,49.015954],[-123.593547,49.015922],[-123.593624,49.015898],[-123.593707,49.015886],[-123.593791,49.015884],[-123.593959,49.015904],[-123.594274,49.015921],[-123.594589,49.0159],[-123.594893,49.015842],[-123.595176,49.015748],[-123.595427,49.015622],[-123.595639,49.015467],[-123.595804,49.01529],[-123.59589,49.015175],[-123.595938,49.015133],[-123.595997,49.015098],[-123.596066,49.015071],[-123.596141,49.015052],[-123.596219,49.015044],[-123.596319,49.015045],[-123.596642,49.01503],[-123.596956,49.014975],[-123.597248,49.014882],[-123.597509,49.014755],[-123.597639,49.014662],[-123.597748,49.014598],[-123.597817,49.01457],[-123.598104,49.014479],[-123.598364,49.014352],[-123.598582,49.014196],[-123.598752,49.014015],[-123.598868,49.013817],[-123.598925,49.013608],[-123.598954,49.01338],[-123.598983,49.013275],[-123.599012,49.013227],[-123.599054,49.013182],[-123.599163,49.013104],[-123.600108,49.012548],[-123.600248,49.012481],[-123.600325,49.012458],[-123.600408,49.012446],[-123.600494,49.012445],[-123.600578,49.012455],[-123.600738,49.012497],[-123.60212,49.012976],[-123.602253,49.013033],[-123.602368,49.013106],[-123.605473,49.015468],[-123.6057,49.015612],[-123.605962,49.015726],[-123.606253,49.015807],[-123.60656,49.015851],[-123.606875,49.015858],[-123.609725,49.015751],[-123.609885,49.015755],[-123.609962,49.015767],[-123.610034,49.015787],[-123.6101,49.015816],[-123.610155,49.015853],[-123.6102,49.015896],[-123.610232,49.015943],[-123.610249,49.015994],[-123.610255,49.016099],[-123.610076,49.018182],[-123.610086,49.018386],[-123.610153,49.018586],[-123.610273,49.018774],[-123.610443,49.018945],[-123.618919,49.025989],[-123.618974,49.026038],[-123.62592230437882,49.03275414146401],[-123.64346593672146,49.04046525817507],[-123.643789,49.04043],[-123.64395,49.040423],[-123.644029,49.040429],[-123.644104,49.040445],[-123.644174,49.040469],[-123.644236,49.040502],[-123.644287,49.040542],[-123.644326,49.040587],[-123.644352,49.040637],[-123.644362,49.040688],[-123.644354,49.040793],[-123.64429372606205,49.04106318265221],[-123.6535706854557,49.05253383899651],[-123.653774,49.052681],[-123.654021,49.052806],[-123.6543,49.0529],[-123.654599,49.052959],[-123.65491,49.052981],[-123.655366,49.052987],[-123.655529,49.052999],[-123.655606,49.053015],[-123.655677,49.053041],[-123.655739,49.053074],[-123.655791,49.053115],[-123.655869,49.05321],[-123.657381,49.055555],[-123.657433,49.055668],[-123.657441,49.055726],[-123.657418,49.055842],[-123.6570579591383,49.05684573864963],[-123.67979227130293,49.08495597078481],[-123.688779,49.091504],[-123.688871,49.091584],[-123.688904,49.091627],[-123.68897,49.091778],[-123.689103,49.091992],[-123.6893,49.092185],[-123.689553,49.092346],[-123.68985,49.092471],[-123.690045,49.092536],[-123.690175,49.092601],[-123.691213,49.093239],[-123.691329,49.09332],[-123.697753,49.098459],[-123.697863,49.098562],[-123.69917,49.100001],[-123.69925,49.100116],[-123.699288,49.100241],[-123.699301,49.100352],[-123.699368,49.100583],[-123.699507,49.100801],[-123.699711,49.100995],[-123.699973,49.101157],[-123.70034,49.10134],[-123.70047,49.10142],[-123.700571,49.101516],[-123.702058,49.103287],[-123.702123,49.103385],[-123.70214,49.103437],[-123.702144,49.103544],[-123.702112,49.103845],[-123.702121,49.104063],[-123.702194,49.104277],[-123.702328,49.104477],[-123.702519,49.104656],[-123.706064,49.107383],[-123.706143,49.107455],[-123.706205,49.107534],[-123.707265,49.109225],[-123.707323,49.10934],[-123.708999,49.113701],[-123.709023,49.113803],[-123.709021,49.113854],[-123.709004,49.113903],[-123.708943,49.113998],[-123.708018,49.115136],[-123.7079,49.115254],[-123.707748,49.115441],[-123.707652,49.115644],[-123.707616,49.115854],[-123.707641,49.116066],[-123.707725,49.11627],[-123.707867,49.116461],[-123.70806,49.116631],[-123.710888,49.118681],[-123.711003,49.118777],[-123.71536262590574,49.12304217463235],[-123.7162113,49.122665],[-123.71654,49.122519],[-123.716559,49.122512],[-123.7165724,49.1225225],[-123.7178552,49.1238196],[-123.719236,49.125216],[-123.719247,49.12523]],[[-123.709972,49.019787],[-123.709969,49.019812],[-123.709959,49.019837],[-123.709942,49.01986],[-123.709918,49.01988],[-123.709889,49.019897],[-123.709822,49.019923],[-123.709111,49.020142],[-123.70904,49.020158],[-123.709003,49.020162],[-123.708965,49.020162],[-123.708929,49.020156],[-123.708859,49.020137],[-123.708577,49.020037],[-123.708413,49.019993],[-123.708239,49.019975],[-123.708063,49.019981],[-123.707373,49.020059],[-123.707295,49.020062],[-123.707256,49.020059],[-123.707218,49.020051],[-123.707184,49.020038],[-123.707154,49.020022],[-123.70713,49.020001],[-123.707112,49.019979],[-123.707087,49.019922],[-123.707031,49.019828],[-123.706949,49.019743],[-123.706843,49.01967],[-123.706718,49.019611],[-123.706578,49.01957],[-123.706428,49.019546],[-123.706303,49.019535],[-123.704606,49.019267],[-123.704538,49.019252],[-123.704507,49.01924],[-123.704479,49.019225],[-123.704455,49.019207],[-123.704404,49.01915],[-123.704321,49.019074],[-123.704219,49.019009],[-123.7041,49.018956],[-123.703969,49.018919],[-123.703018,49.01871],[-123.702866,49.01866],[-123.700421,49.017548],[-123.700316,49.017488],[-123.698905,49.016458],[-123.69881,49.016365],[-123.6973623736024,49.014390110745914],[-123.694151864787,49.012816538991],[-123.694149,49.012823],[-123.694137,49.012934],[-123.694161,49.013044],[-123.69423,49.013222],[-123.694242,49.013273],[-123.69424,49.013299],[-123.69423,49.013324],[-123.694213,49.013348],[-123.69419,49.013369],[-123.69416,49.013386],[-123.694126,49.0134],[-123.694089,49.013408],[-123.69405,49.013412],[-123.69401,49.013411],[-123.693972,49.013405],[-123.693936,49.013393],[-123.693906,49.013379],[-123.693768,49.013325],[-123.693616,49.01329],[-123.693456,49.013276],[-123.693295,49.013283],[-123.69314,49.013311],[-123.692997,49.013359],[-123.692871,49.013425],[-123.692768,49.013506],[-123.692692,49.013599],[-123.692654,49.013659],[-123.69262,49.013702],[-123.692596,49.013722],[-123.692568,49.013738],[-123.692536,49.01375],[-123.6925,49.013758],[-123.692463,49.013762],[-123.692423,49.013762],[-123.692269,49.013769],[-123.692119,49.013795],[-123.691981,49.01384],[-123.691858,49.013901],[-123.691755,49.013977],[-123.691677,49.014064],[-123.691625,49.01416],[-123.691603,49.01426],[-123.691611,49.014361],[-123.691648,49.014459],[-123.691681,49.014521],[-123.6917,49.014571],[-123.691701,49.014597],[-123.691695,49.014623],[-123.691682,49.014648],[-123.691661,49.01467],[-123.691634,49.014689],[-123.691602,49.014704],[-123.691529,49.014726],[-123.691203,49.014799],[-123.691128,49.014811],[-123.691089,49.014812],[-123.691051,49.014809],[-123.691015,49.0148],[-123.690981,49.014787],[-123.690952,49.01477],[-123.690929,49.01475],[-123.690911,49.014727],[-123.690901,49.014703],[-123.690898,49.014678],[-123.690902,49.014652],[-123.690926,49.014604],[-123.690933,49.014593],[-123.690978,49.0145],[-123.690996,49.014403],[-123.690987,49.014305],[-123.690949,49.014211],[-123.690886,49.014123],[-123.690744,49.013964],[-123.690639,49.013872],[-123.690505,49.013797],[-123.690387,49.013756],[-123.690338,49.013735],[-123.690204,49.013689],[-123.69006,49.01366],[-123.68991,49.013649],[-123.68976,49.013658],[-123.689615,49.013684],[-123.68948,49.013728],[-123.688433,49.014154],[-123.68831,49.014216],[-123.688207,49.014293],[-123.688128,49.014381],[-123.688078,49.014478],[-123.688056,49.014579],[-123.688066,49.014681],[-123.688105,49.01478],[-123.688172,49.014871],[-123.689657,49.01647],[-123.689689,49.016512],[-123.689699,49.016535],[-123.689703,49.016558],[-123.6897,49.016581],[-123.689682,49.016627],[-123.689417,49.01712],[-123.689384,49.017168],[-123.68936,49.017188],[-123.689331,49.017206],[-123.689297,49.017219],[-123.68926,49.017228],[-123.68922,49.017232],[-123.689141,49.01723],[-123.688855,49.017202],[-123.688699,49.017197],[-123.688544,49.017212],[-123.688398,49.017247],[-123.688264,49.017299],[-123.688148,49.017368],[-123.688055,49.01745],[-123.687988,49.017543],[-123.687949,49.017642],[-123.687941,49.017744],[-123.687964,49.017845],[-123.688015,49.017942],[-123.689245,49.019669],[-123.689321,49.019754],[-123.68942,49.019828],[-123.690174,49.020295],[-123.690224,49.020332],[-123.690243,49.020353],[-123.690256,49.020377],[-123.690262,49.020401],[-123.690261,49.020425],[-123.690253,49.02045],[-123.690238,49.020472],[-123.690197,49.020513],[-123.690054,49.02063],[-123.689966,49.020721],[-123.689907,49.020821],[-123.68988,49.020927],[-123.689888,49.021034],[-123.689958,49.021345],[-123.689962,49.021396],[-123.689956,49.021421],[-123.689944,49.021445],[-123.689925,49.021467],[-123.689852,49.021522],[-123.689763,49.021604],[-123.6897,49.021695],[-123.689664,49.021793],[-123.689658,49.021893],[-123.689681,49.021992],[-123.689732,49.022087],[-123.68981,49.022173],[-123.689912,49.022248],[-123.690101,49.022363],[-123.690154,49.022403],[-123.690174,49.022426],[-123.690187,49.02245],[-123.690192,49.022476],[-123.690189,49.022503],[-123.690178,49.022528],[-123.69016,49.022551],[-123.690135,49.022572],[-123.690104,49.022589],[-123.690069,49.022602],[-123.690031,49.02261],[-123.689991,49.022612],[-123.689951,49.02261],[-123.689875,49.022595],[-123.688406,49.022197],[-123.688322,49.022166],[-123.688251,49.022122],[-123.68771281871496,49.02169830759081],[-123.68381690086417,49.02033272813796],[-123.682461,49.020016],[-123.682384,49.019992],[-123.682351,49.019975],[-123.682323,49.019954],[-123.682283,49.019905],[-123.68219681174801,49.01976486184982],[-123.68056188684646,49.01919179538948],[-123.680501,49.0192],[-123.680375,49.019233],[-123.680331,49.01924],[-123.68029,49.019242],[-123.680248,49.019238],[-123.680209,49.019228],[-123.680174,49.019213],[-123.680115,49.019174],[-123.679026,49.018304],[-123.67892,49.018234],[-123.678796,49.018178],[-123.678658,49.018138],[-123.677531,49.017896],[-123.677463,49.017876],[-123.677432,49.017863],[-123.677379,49.017828],[-123.676136,49.016859],[-123.67601,49.01678],[-123.675861,49.016721],[-123.675411,49.016584],[-123.67534,49.016556],[-123.675309,49.016538],[-123.675285,49.016516],[-123.675269,49.016491],[-123.675248,49.01643],[-123.675247,49.016419],[-123.675208,49.016329],[-123.675147,49.016246],[-123.675063,49.016171],[-123.674961,49.016107],[-123.674878,49.016063],[-123.67485,49.016041],[-123.674812,49.015989],[-123.674509,49.015438],[-123.67449,49.015392],[-123.674485,49.015343],[-123.674494,49.015065],[-123.674504,49.01501],[-123.674518,49.014984],[-123.67452,49.014981],[-123.674586,49.014891],[-123.674625,49.014794],[-123.674635,49.014695],[-123.674616,49.014596],[-123.674569,49.014501],[-123.674495,49.014413],[-123.674397,49.014337],[-123.674117,49.014157],[-123.673969,49.014082],[-123.673798,49.014031],[-123.672718,49.013807],[-123.672641,49.013785],[-123.672606,49.013769],[-123.672578,49.013748],[-123.672557,49.013724],[-123.672543,49.013698],[-123.672539,49.013671],[-123.672547,49.013616],[-123.672762,49.012934],[-123.672781,49.012892],[-123.672796,49.012872],[-123.672835,49.012836],[-123.673016,49.012696],[-123.673107,49.01261],[-123.67312311449085,49.01258518879981],[-123.66624719490999,49.00634357914339],[-123.665665,49.006226],[-123.665596,49.006207],[-123.665564,49.006194],[-123.66551,49.00616],[-123.664961,49.005744],[-123.664838,49.005669],[-123.664693,49.005612],[-123.664533,49.005576],[-123.664365,49.005564],[-123.664197,49.005575],[-123.664143,49.005582],[-123.664106,49.005582],[-123.664069,49.005578],[-123.664,49.005562],[-123.66358,49.005433],[-123.66351,49.005406],[-123.66345,49.00537],[-123.660828,49.003453],[-123.660747,49.003378],[-123.660187,49.002706],[-123.660158,49.002661],[-123.66015,49.002637],[-123.660148,49.002613],[-123.660154,49.002589],[-123.660162,49.002492],[-123.660143,49.002396],[-123.660097,49.002304],[-123.660026,49.002219],[-123.659933,49.002144],[-123.658499,49.001188],[-123.658407,49.001109],[-123.657599,49.000196],[-123.65757,49.000157],[-123.657552,49.000115],[-123.6568556620404,48.997818423844805],[-123.65615351677557,48.99718105212839],[-123.65532,48.996696],[-123.655271,48.996663],[-123.655252,48.996643],[-123.655224,48.996601],[-123.65497618883833,48.99611233377945],[-123.6545811327489,48.99575372197871],[-123.654541,48.995737],[-123.654396,48.9957],[-123.654242,48.995682],[-123.654194,48.99568],[-123.654154,48.995672],[-123.654117,48.99566],[-123.654086,48.995642],[-123.654034,48.995599],[-123.653038,48.994565],[-123.653001,48.994517],[-123.652991,48.994491],[-123.652989,48.994464],[-123.652995,48.994437],[-123.653009,48.994412],[-123.65303,48.99439],[-123.653058,48.99437],[-123.653092,48.994355],[-123.653101,48.994352],[-123.653242,48.994301],[-123.653363,48.994232],[-123.653461,48.994149],[-123.653532,48.994054],[-123.653573,48.993952],[-123.653959,48.992339],[-123.653965,48.992213],[-123.653926,48.99209],[-123.653628,48.991514],[-123.653565,48.991423],[-123.653477,48.991341],[-123.651979,48.990197],[-123.651935,48.990156],[-123.651919,48.990133],[-123.65191,48.990109],[-123.651908,48.990084],[-123.651913,48.990059],[-123.651938,48.990012],[-123.652235,48.989578],[-123.652283,48.989486],[-123.652304,48.989389],[-123.652363,48.988609],[-123.652375,48.988558],[-123.652388,48.988533],[-123.652409,48.988511],[-123.652436,48.988491],[-123.6525,48.98846],[-123.652821,48.988337],[-123.652895,48.988315],[-123.652935,48.988309],[-123.652976,48.988308],[-123.653056,48.988318],[-123.654037,48.988503],[-123.654169,48.98852],[-123.654304,48.988523],[-123.654437,48.98851],[-123.655956,48.988281],[-123.656127,48.988241],[-123.65628,48.988177],[-123.656407,48.988092],[-123.656991,48.987601],[-123.657102,48.987473],[-123.657896,48.986172],[-123.657929,48.986129],[-123.657951,48.986111],[-123.657977,48.986094],[-123.658038,48.986069],[-123.660869,48.98512],[-123.660999,48.985065],[-123.661111,48.984995],[-123.6612,48.984911],[-123.661263,48.984818],[-123.661282,48.984763],[-123.661305,48.984717],[-123.661324,48.984695],[-123.661373,48.984656],[-123.661826,48.984363],[-123.661892,48.984329],[-123.66193,48.984316],[-123.661971,48.984309],[-123.662056,48.984307],[-123.664154,48.984398],[-123.664305,48.984395],[-123.664453,48.984374],[-123.664592,48.984334],[-123.664717,48.984278],[-123.665413,48.983898],[-123.665529,48.983821],[-123.665617,48.983729],[-123.665634,48.9837],[-123.665679,48.98364],[-123.665703,48.983619],[-123.665734,48.983602],[-123.665804,48.983576],[-123.667055,48.983215],[-123.667248,48.983136],[-123.66759327891698,48.98294464060022],[-123.6669073,48.983153],[-123.6668374,48.983169],[-123.6667981,48.9831726],[-123.6667584,48.9831711],[-123.66672,48.9831645],[-123.6666534,48.9831433],[-123.66577239428436,48.98278854165695],[-123.6610798218581,48.98275912114017],[-123.6610562,48.9831812],[-123.6610497,48.9832249],[-123.6608881,48.9838902],[-123.6608705,48.983935],[-123.6608544,48.9839575],[-123.6608322,48.9839776],[-123.6608047,48.9839947],[-123.6607453,48.9840197],[-123.6601234,48.98423],[-123.6600572,48.9842474],[-123.6600196,48.9842522],[-123.6599813,48.9842523],[-123.6599113,48.9842436],[-123.6589728,48.9840653],[-123.6589097,48.9840491],[-123.6588521,48.9840259],[-123.6580745,48.9836448],[-123.6579693,48.9836023],[-123.6578544,48.9835728],[-123.6577332,48.983557],[-123.6544348,48.9833267],[-123.6543569,48.9833157],[-123.654318,48.9833041],[-123.6542539,48.983273],[-123.65332042260823,48.98271047286901],[-123.63672556630134,48.982606429882765],[-123.636141,48.9827915],[-123.6360692,48.9828085],[-123.6360286,48.9828124],[-123.6359877,48.9828108],[-123.6359139,48.9827978],[-123.6356583,48.9827339],[-123.6355929,48.9827126],[-123.6355618,48.9826969],[-123.6355359,48.9826776],[-123.6355162,48.9826554],[-123.6355034,48.9826311],[-123.6354979,48.9826056],[-123.6355001,48.9825799],[-123.635518,48.9825335],[-123.63566586141732,48.98226418781943],[-123.63483080916271,48.97405000033529],[-123.6341601,48.9734538],[-123.6341162,48.9734081],[-123.632774,48.9717426],[-123.6327336,48.9716778],[-123.6307784,48.9674201],[-123.6307649,48.967384],[-123.6299239,48.964515],[-123.6299141,48.9644522],[-123.6298148,48.9602022],[-123.6298162,48.9601701],[-123.6299575,48.9589079],[-123.6299509,48.9588038],[-123.6296779,48.9576661],[-123.6296531,48.9575978],[-123.6283034,48.9548396],[-123.6282891,48.9547988],[-123.6282871,48.9547762],[-123.6282943,48.9547346],[-123.6288767,48.9528253],[-123.6288893,48.9527135],[-123.6287058,48.9502796],[-123.6287063,48.9502385],[-123.6289309,48.9479434],[-123.6289302,48.9478786],[-123.6288867,48.9475161],[-123.628869,48.9474439],[-123.6288339,48.9473744],[-123.6281955,48.9463853],[-123.6281721,48.9463343],[-123.6281659,48.9462811],[-123.6282511,48.9445202],[-123.6282348,48.9444067],[-123.6275981,48.9425345],[-123.6275891,48.9424791],[-123.6275992,48.9424238],[-123.6284328,48.9401146],[-123.6284512,48.9399962],[-123.6284059,48.9389911],[-123.6284177,48.9389054],[-123.6286103,48.9383094],[-123.6286543,48.9382256],[-123.6296764,48.9368535],[-123.6297196,48.93678],[-123.6297428,48.9367027],[-123.6299013,48.935743],[-123.6299317,48.9356576],[-123.6306233,48.9344184],[-123.6306626,48.9343673],[-123.6307187,48.9343236],[-123.6313477,48.9339351],[-123.6313984,48.9339088],[-123.631429,48.9338979],[-123.631462,48.9338906],[-123.6315259,48.9338841],[-123.6321456,48.9338568],[-123.6322123,48.9338577],[-123.6322475,48.9338624],[-123.6322808,48.933871],[-123.6323114,48.9338834],[-123.632361,48.9339127],[-123.6339333,48.9350187],[-123.6340395,48.9350796],[-123.6341624,48.9351252],[-123.6357465,48.935579],[-123.6358993,48.9356095],[-123.6373491,48.9357828],[-123.6374285,48.9357984],[-123.6374671,48.9358126],[-123.6375001,48.9358321],[-123.6375481,48.9358764],[-123.6380127,48.9364255],[-123.6380706,48.9364831],[-123.6381411,48.9365344],[-123.6397159,48.9375163],[-123.6397656,48.9375542],[-123.6398026,48.9375981],[-123.6400939,48.9380441],[-123.6401177,48.9380952],[-123.6401212,48.9381238],[-123.6401101,48.9381767],[-123.6399668,48.9385529],[-123.6399445,48.9385949],[-123.6399265,48.9386157],[-123.6399031,48.9386341],[-123.6398751,48.9386495],[-123.6398434,48.9386612],[-123.6397794,48.9386759],[-123.63876964198323,48.93884109820439],[-123.64646344364841,48.943128483865145],[-123.6464664,48.9431292],[-123.6482537,48.943433],[-123.6483325,48.9434528],[-123.6484027,48.9434837],[-123.6503818,48.944587],[-123.6504865,48.9446352],[-123.6506029,48.9446699],[-123.6507271,48.94469],[-123.6508547,48.9446947],[-123.6509815,48.944684],[-123.6523394,48.9444836],[-123.6524179,48.9444776],[-123.65246,48.9444803],[-123.6525004,48.9444886],[-123.6525372,48.9445023],[-123.6525689,48.9445208],[-123.6526157,48.9445625],[-123.6543701,48.9465313],[-123.6544162,48.9465766],[-123.6571053,48.9489026],[-123.6571403,48.9489391],[-123.6571652,48.9489792],[-123.6588326,48.9525211],[-123.6588571,48.9525651],[-123.6591029,48.9529438],[-123.6591676,48.9530214],[-123.659254,48.9530894],[-123.6593588,48.9531451],[-123.6597747,48.9533251],[-123.6598319,48.9533555],[-123.6598572,48.9533755],[-123.6598761,48.9533983],[-123.6598879,48.9534231],[-123.6598957,48.9534712],[-123.659901,48.9539122],[-123.6599165,48.9540042],[-123.65996,48.9540923],[-123.6600298,48.9541727],[-123.660123,48.9542422],[-123.6602357,48.9542979],[-123.6603009,48.9543237],[-123.6603303,48.9543413],[-123.6603539,48.9543624],[-123.6603707,48.9543861],[-123.6603801,48.9544115],[-123.6603817,48.9544376],[-123.6603702,48.9544857],[-123.6601859,48.9549501],[-123.6601663,48.9550238],[-123.6601654,48.9550986],[-123.6601832,48.9551725],[-123.6603477,48.9556153],[-123.6603921,48.9556986],[-123.66046,48.9557747],[-123.6622271,48.9573735],[-123.6622631,48.9574134],[-123.662276,48.9574369],[-123.662282,48.9574615],[-123.6622808,48.9574865],[-123.6622726,48.9575108],[-123.6622575,48.9575338],[-123.6622363,48.9575544],[-123.6621864,48.9575874],[-123.6614508,48.9579894],[-123.6613186,48.9580856],[-123.6604363,48.9589498],[-123.6603982,48.9589812],[-123.6603529,48.9590082],[-123.66016794285291,48.959101553625324],[-123.66538965510738,48.975751919115964],[-123.6655056,48.975788],[-123.6655721,48.9758146],[-123.6656025,48.9758333],[-123.6656471,48.9758752],[-123.6680349,48.9786997],[-123.668137,48.9787913],[-123.668988,48.9793825],[-123.6690299,48.9794174],[-123.6690469,48.9794385],[-123.6690674,48.9794809],[-123.6694023,48.980476],[-123.6694112,48.9805308],[-123.6694013,48.9805856],[-123.6692677,48.9809595],[-123.6692445,48.9810045],[-123.6692086,48.9810457],[-123.6680746,48.9820987],[-123.6680056,48.982179],[-123.6679627,48.9822667],[-123.6677877,48.9828074],[-123.66776875898537,48.982847386586414],[-123.66841,48.982492],[-123.668469,48.982465],[-123.668503,48.982455],[-123.668538,48.982449],[-123.668575,48.982447],[-123.668647,48.982453],[-123.66975,48.982602],[-123.669831,48.982619],[-123.669868,48.982633],[-123.6699,48.982652],[-123.669925,48.982675],[-123.669942,48.9827],[-123.669959,48.982755],[-123.669998,48.983033],[-123.670026,48.983128],[-123.670079,48.983218],[-123.670157,48.983301],[-123.670256,48.983372],[-123.671057,48.98385],[-123.671186,48.983913],[-123.671331,48.983957],[-123.672858,48.984308],[-123.672986,48.984329],[-123.673117,48.984337],[-123.673248,48.98433],[-123.67506,48.98414],[-123.67521,48.984114],[-123.67535,48.984069],[-123.675474,48.984008],[-123.675578,48.983932],[-123.675759,48.983769],[-123.675842,48.983675],[-123.675894,48.983573],[-123.675913,48.983465],[-123.675898,48.983358],[-123.675849,48.983254],[-123.675769,48.98316],[-123.675661,48.983078],[-123.675589,48.983033],[-123.675433,48.982958],[-123.673616,48.982291],[-123.673547,48.982259],[-123.673519,48.982239],[-123.673476,48.982192],[-123.671328,48.979142],[-123.671284,48.979087],[-123.669115,48.976773],[-123.669047,48.976669],[-123.667573,48.973112],[-123.667552,48.97303],[-123.667368,48.970814],[-123.667382,48.970704],[-123.667821,48.969445],[-123.667846,48.969395],[-123.667867,48.969373],[-123.667893,48.969353],[-123.667926,48.969337],[-123.667962,48.969326],[-123.668001,48.969319],[-123.668041,48.969318],[-123.668081,48.969322],[-123.668119,48.969331],[-123.668187,48.969359],[-123.669782,48.970165],[-123.669909,48.970217],[-123.670048,48.970253],[-123.670194,48.970271],[-123.670344,48.970271],[-123.672442,48.970141],[-123.672595,48.970121],[-123.672739,48.970083],[-123.672869,48.970027],[-123.67298,48.969955],[-123.673067,48.96987],[-123.673128,48.969776],[-123.67316,48.969676],[-123.673161,48.969574],[-123.673133,48.969473],[-123.673042,48.969269],[-123.673029,48.969226],[-123.673028,48.969203],[-123.673036,48.96916],[-123.673151,48.968816],[-123.673175,48.968768],[-123.673193,48.968745],[-123.673218,48.968726],[-123.673248,48.96871],[-123.673282,48.968698],[-123.673319,48.96869],[-123.673358,48.968688],[-123.673396,48.96869],[-123.673434,48.968697],[-123.673468,48.968708],[-123.673529,48.968739],[-123.674554,48.969375],[-123.674604,48.969412],[-123.674642,48.969455],[-123.675639,48.970859],[-123.675666,48.970909],[-123.675671,48.970935],[-123.675669,48.970961],[-123.675659,48.970986],[-123.675641,48.97101],[-123.675617,48.971031],[-123.675587,48.971048],[-123.675552,48.971061],[-123.675514,48.971069],[-123.675474,48.971072],[-123.675434,48.97107],[-123.675431,48.97107],[-123.675276,48.971051],[-123.675118,48.971053],[-123.674965,48.971076],[-123.67482,48.971118],[-123.674691,48.971177],[-123.674633,48.971217],[-123.674631,48.971216],[-123.674554,48.971269],[-123.674524,48.971284],[-123.67449,48.971294],[-123.674453,48.971301],[-123.674427,48.971302],[-123.674262,48.971321],[-123.674107,48.971363],[-123.673969,48.971425],[-123.673853,48.971504],[-123.673766,48.971598],[-123.673709,48.971701],[-123.673621,48.97194],[-123.673599,48.972055],[-123.673616,48.972171],[-123.673672,48.972281],[-123.67381110410551,48.972480053387436],[-123.69068403518501,48.98113283855641],[-123.691471,48.981399],[-123.691534,48.981426],[-123.691562,48.981443],[-123.691584,48.981463],[-123.691616,48.981507],[-123.692538,48.983187],[-123.692559,48.983244],[-123.69256,48.983302],[-123.69247009287926,48.98391085631032],[-123.69283357062147,48.98472975028248],[-123.692922,48.984759],[-123.692973,48.984773],[-123.693007,48.984787],[-123.693035,48.984805],[-123.693058,48.984827],[-123.693088,48.984876],[-123.693974,48.986792],[-123.694028,48.986878],[-123.694104,48.986957],[-123.6942,48.987026],[-123.694313,48.987083],[-123.694361,48.987099],[-123.694428,48.987128],[-123.694456,48.987147],[-123.694479,48.987169],[-123.694509,48.987219],[-123.695608,48.989771],[-123.695621,48.989817],[-123.695622,48.989865],[-123.695513,48.990693],[-123.695515239806,48.99077139320998],[-123.69561554811797,48.99099738193637],[-123.695705,48.991081],[-123.695821,48.991153],[-123.695956,48.991208],[-123.695988,48.991218],[-123.696051,48.991244],[-123.696079,48.99126],[-123.696102,48.99128],[-123.696118,48.991302],[-123.696129,48.991326],[-123.696136,48.991374],[-123.696136,48.99156],[-123.696153,48.991668],[-123.696203,48.991771],[-123.696284,48.991865],[-123.696393,48.991946],[-123.696525,48.99201],[-123.696674,48.992056],[-123.696834,48.99208],[-123.696999,48.992082],[-123.697077,48.992073],[-123.697161,48.992068],[-123.6972,48.99207],[-123.697238,48.992078],[-123.697272,48.99209],[-123.697333,48.992123],[-123.697597,48.992296],[-123.697648,48.992337],[-123.697667,48.99236],[-123.697689,48.992411],[-123.698024,48.993592],[-123.69807,48.993694],[-123.698146,48.993788],[-123.698249,48.99387],[-123.698376,48.993937],[-123.69852,48.993985],[-123.698677,48.994013],[-123.698853,48.994033],[-123.698933,48.994047],[-123.69897,48.994059],[-123.699002,48.994076],[-123.699028,48.994097],[-123.699047,48.994122],[-123.69907,48.994174],[-123.6995,48.995819],[-123.699528,48.995894],[-123.700244,48.997325],[-123.700306,48.997418],[-123.700394,48.997501],[-123.700505,48.997572],[-123.700635,48.997627],[-123.700779,48.997664],[-123.70093,48.997683],[-123.701037,48.99769],[-123.701074,48.997697],[-123.701108,48.997708],[-123.701168,48.997738],[-123.701287,48.997811],[-123.701346,48.997856],[-123.701367,48.997883],[-123.70139,48.99794],[-123.701733,48.999501],[-123.701759,48.999579],[-123.703574,49.003493],[-123.70359,49.00355],[-123.703589,49.003579],[-123.703567,49.003635],[-123.703371,49.003972],[-123.70333,49.004072],[-123.703319,49.004174],[-123.703339,49.004276],[-123.703389,49.004374],[-123.703841,49.005031],[-123.703867,49.00508],[-123.703872,49.005105],[-123.703869,49.005131],[-123.703859,49.005156],[-123.703842,49.005179],[-123.703842,49.00518],[-123.703758,49.005271],[-123.703703,49.005371],[-123.703681,49.005477],[-123.703693,49.005583],[-123.703736,49.005686],[-123.704618,49.007158],[-123.704639,49.007205],[-123.704642,49.00723],[-123.704639,49.007254],[-123.704629,49.007278],[-123.704611,49.007302],[-123.704551,49.007409],[-123.704528,49.007522],[-123.704543,49.007636],[-123.704595,49.007745],[-123.705383,49.008923],[-123.705407,49.008971],[-123.705417,49.009022],[-123.705457,49.010063],[-123.705479,49.010171],[-123.705535,49.010274],[-123.705622,49.010368],[-123.706231,49.010889],[-123.70627,49.01093],[-123.706284,49.010952],[-123.706291,49.010976],[-123.706293,49.011023],[-123.706128,49.012512],[-123.706113,49.012567],[-123.70608,49.01262],[-123.705847,49.012898],[-123.705781,49.013002],[-123.70575,49.013114],[-123.705738,49.013233],[-123.705741,49.013327],[-123.705769,49.013419],[-123.705822,49.013506],[-123.705898,49.013585],[-123.705994,49.013655],[-123.707463,49.014539],[-123.707527,49.014588],[-123.70757,49.014646],[-123.708033,49.015508],[-123.70812,49.015624],[-123.709024,49.016518],[-123.709091,49.016607],[-123.709781,49.01792],[-123.7098,49.017974],[-123.709801,49.018029],[-123.709657,49.019125],[-123.709657,49.019212],[-123.709678,49.019297],[-123.709721,49.01938],[-123.709943,49.019713],[-123.709967,49.019761],[-123.709972,49.019787]],[[-123.599507,48.93329],[-123.599501,48.933393],[-123.599466,48.933493],[-123.599402,48.933588],[-123.599312,48.933672],[-123.5992,48.933744],[-123.599069,48.933801],[-123.598748,48.933888],[-123.598152,48.934099],[-123.597632,48.934384],[-123.597208,48.934732],[-123.596899,48.935128],[-123.596891,48.935141],[-123.59672,48.935527],[-123.596658,48.935928],[-123.596708,48.936329],[-123.596867,48.936717],[-123.598459,48.939557],[-123.598547,48.939785],[-123.598558,48.940021],[-123.598314,48.942136],[-123.598259,48.942343],[-123.598203,48.94244],[-123.59812,48.942529],[-123.598003,48.942613],[-123.597502,48.942913],[-123.597092,48.943291],[-123.596809,48.943716],[-123.596668,48.944171],[-123.596674,48.944635],[-123.596827,48.945088],[-123.59712,48.94551],[-123.597131,48.945522],[-123.597272,48.945724],[-123.59731,48.945831],[-123.597315,48.94594],[-123.597286,48.946048],[-123.597224,48.94615],[-123.597133,48.946242],[-123.597015,48.946319],[-123.596876,48.94638],[-123.596722,48.946421],[-123.596558,48.946441],[-123.596391,48.946439],[-123.596228,48.946415],[-123.596076,48.94637],[-123.595802,48.94624],[-123.592824,48.944502],[-123.592305,48.944253],[-123.591724,48.944073],[-123.591101,48.943969],[-123.59046,48.943944],[-123.589765,48.94396],[-123.589459,48.943949],[-123.589311,48.943926],[-123.589173,48.943885],[-123.589048,48.943829],[-123.588832,48.943686],[-123.585279,48.940873],[-123.584754,48.940539],[-123.584133,48.940287],[-123.583443,48.940129],[-123.578113,48.939317],[-123.57778,48.939241],[-123.577631,48.939182],[-123.577374,48.939023],[-123.568227,48.932045],[-123.567832,48.931789],[-123.562022,48.928602],[-123.561559,48.928389],[-123.561048,48.928229],[-123.560504,48.928128],[-123.558937,48.927927],[-123.558593,48.927857],[-123.558438,48.927799],[-123.55817,48.927641],[-123.547188,48.919586],[-123.546592,48.919241],[-123.54589,48.918997],[-123.530232,48.915019],[-123.529918,48.914914],[-123.529645,48.914767],[-123.518224,48.907185],[-123.51779,48.906797],[-123.515417,48.903865],[-123.515079,48.903526],[-123.507366,48.89715],[-123.506908,48.896839],[-123.506367,48.896593],[-123.505764,48.89642],[-123.505121,48.896328],[-123.504463,48.896319],[-123.504138,48.896357],[-123.503812,48.896374],[-123.503651,48.896361],[-123.503339,48.896294],[-123.492128,48.89305],[-123.491849,48.892947],[-123.491728,48.89288],[-123.491629,48.8928],[-123.491555,48.892708],[-123.491509,48.892609],[-123.491492,48.892505],[-123.491506,48.892402],[-123.491593,48.892199],[-123.492992,48.889845],[-123.493165,48.889448],[-123.493223,48.889037],[-123.493164,48.888625],[-123.49306654890682,48.88840265468972],[-123.48472550558415,48.883783222710676],[-123.475595,48.879337],[-123.475244,48.87913],[-123.47146240255265,48.87643785835815],[-123.43590791229913,48.85674709031844],[-123.421653,48.849578],[-123.42144,48.849451],[-123.421353,48.849377],[-123.421218,48.849209],[-123.418728,48.845355],[-123.418631,48.845154],[-123.418613,48.84505],[-123.418625,48.844947],[-123.418676,48.844825],[-123.418865,48.844507],[-123.41898,48.844126],[-123.418992,48.843737],[-123.418901,48.843353],[-123.418653,48.842692],[-123.418605,48.842472],[-123.418615,48.842363],[-123.418658,48.842257],[-123.418733,48.84216],[-123.418835,48.842074],[-123.418962,48.842003],[-123.419107,48.84195],[-123.419266,48.841918],[-123.419431,48.841907],[-123.419597,48.841918],[-123.419914,48.841984],[-123.420528,48.84207],[-123.421157,48.84208],[-123.421777,48.842013],[-123.422367,48.841871],[-123.422907,48.84166],[-123.423378,48.841386],[-123.423764,48.84106],[-123.424051,48.840692],[-123.424069,48.840652],[-123.424234,48.840391],[-123.424328,48.840301],[-123.424447,48.840225],[-123.424586,48.840166],[-123.424741,48.840126],[-123.424905,48.840108],[-123.425071,48.840112],[-123.425232,48.840137],[-123.425537,48.840231],[-123.42772705169878,48.841089886282234],[-123.44101136602958,48.84407278715024],[-123.441017,48.844069],[-123.44139,48.843687],[-123.441584,48.843353],[-123.44169,48.843211],[-123.44179,48.843126],[-123.441914,48.843056],[-123.442056,48.843003],[-123.442212,48.842969],[-123.442374,48.842957],[-123.442537,48.842965],[-123.442694,48.842995],[-123.442989,48.843095],[-123.445253,48.844062],[-123.445782,48.844247],[-123.446352,48.844367],[-123.446946,48.844418],[-123.451393,48.844542],[-123.451694,48.844568],[-123.451836,48.844599],[-123.452103,48.844694],[-123.460836,48.848508],[-123.46099009545097,48.84855887260778],[-123.46236105426587,48.848866711923925],[-123.462363,48.848867],[-123.466414,48.849135],[-123.466802,48.849192],[-123.467159,48.849308],[-123.47027489215965,48.85064370946666],[-123.48873187333649,48.85478809688496],[-123.489094,48.854633],[-123.489165,48.854589],[-123.489485,48.854428],[-123.489631,48.854381],[-123.489788,48.854353],[-123.489951,48.854347],[-123.490248,48.854373],[-123.490922,48.854389],[-123.491587,48.854316],[-123.492216,48.854158],[-123.492785,48.85392],[-123.493271,48.853613],[-123.493654,48.853248],[-123.493919,48.85284],[-123.49395692785137,48.852719848996394],[-123.47563988675057,48.840938784727555],[-123.475585,48.840925],[-123.473057,48.840483],[-123.472761,48.840411],[-123.472628,48.840358],[-123.472513,48.84029],[-123.472418,48.840208],[-123.472277,48.840023],[-123.47109247741936,48.83801400439361],[-123.45690715295298,48.82889035727762],[-123.455633,48.828353],[-123.4552,48.828122],[-123.44113919491411,48.818748799696245],[-123.43331184566182,48.81371444376023],[-123.432983,48.813606],[-123.425021,48.811657],[-123.424728,48.811563],[-123.424599,48.811499],[-123.424492,48.81142],[-123.424411,48.811329],[-123.424358,48.811228],[-123.424335,48.811123],[-123.424353,48.810909],[-123.424485,48.810339],[-123.424519,48.809879],[-123.424407,48.809423],[-123.424154,48.808993],[-123.423772,48.808606],[-123.421809,48.807012],[-123.421631,48.806835],[-123.42157,48.806739],[-123.421538,48.806636],[-123.421537,48.806531],[-123.421595,48.806328],[-123.42164698640029,48.806211897039354],[-123.41371758473245,48.80111190353341],[-123.405801,48.798366],[-123.405121,48.798189],[-123.40465182275508,48.79813961292159],[-123.404538,48.798164],[-123.40451,48.798168],[-123.404481,48.798167],[-123.4037753,48.7981059],[-123.4037028158522,48.79809014895448],[-123.40016,48.79797386212638],[-123.40016,48.798022],[-123.400158,48.798038],[-123.4001457,48.7980385],[-123.3994,48.79796],[-123.3980876,48.7979896],[-123.398071,48.797988],[-123.398042,48.797979],[-123.39782509084421,48.79789722275506],[-123.391786,48.797699],[-123.391456,48.797667],[-123.391302,48.797629],[-123.391162,48.797573],[-123.391041,48.797499],[-123.390945,48.797411],[-123.390878,48.797313],[-123.390841,48.797207],[-123.390838,48.797099],[-123.390866,48.796992],[-123.390902,48.796932],[-123.391089,48.79649],[-123.391134,48.796032],[-123.391034,48.795578],[-123.390795,48.795147],[-123.390427,48.794758],[-123.390113,48.794542],[-123.390118,48.794539],[-123.389761,48.794294],[-123.389671,48.7942],[-123.389552,48.793988],[-123.38896,48.792478],[-123.388734,48.79207],[-123.388392,48.7917],[-123.387947,48.79138],[-123.387416,48.791124],[-123.38714,48.791016],[-123.387015,48.790941],[-123.386814,48.790758],[-123.385092,48.788789],[-123.384753,48.788469],[-123.384334,48.788194],[-123.383849,48.787972],[-123.383312,48.787808],[-123.377978,48.786548],[-123.377688,48.786458],[-123.37756,48.786396],[-123.377452,48.786319],[-123.377369,48.78623],[-123.377313,48.786132],[-123.377259,48.785924],[-123.376935,48.782971],[-123.376832,48.782566],[-123.376619,48.782181],[-123.376301,48.781828],[-123.37589,48.78152],[-123.375401,48.781267],[-123.374848,48.781077],[-123.374252,48.780958],[-123.374022,48.780927],[-123.373865,48.780882],[-123.373726,48.780817],[-123.37361,48.780734],[-123.373433,48.780537],[-123.372737,48.779544],[-123.372557,48.779199],[-123.372289,48.778811],[-123.371913,48.778464],[-123.371443,48.778171],[-123.370896,48.777943],[-123.370769,48.7779],[-123.370645,48.777838],[-123.370542,48.777761],[-123.370463,48.777672],[-123.370331,48.777432],[-123.370031,48.777021],[-123.36961,48.77666],[-123.369085,48.776363],[-123.36848,48.776143],[-123.367819,48.776009],[-123.36713,48.775967],[-123.366867,48.775987],[-123.366479,48.775993],[-123.366322,48.775975],[-123.366174,48.775938],[-123.366038,48.775882],[-123.365922,48.775811],[-123.365828,48.775726],[-123.365761,48.77563],[-123.365723,48.775529],[-123.365708,48.775316],[-123.366021,48.771043],[-123.366077,48.770809],[-123.366141,48.7707],[-123.366239,48.770603],[-123.366366,48.770523],[-123.366671,48.770398],[-123.367288,48.770204],[-123.367869,48.769971],[-123.368367,48.769666],[-123.368762,48.769301],[-123.371285,48.766383],[-123.371481,48.766202],[-123.371604,48.766127],[-123.371746,48.76607],[-123.371904,48.766033],[-123.372069,48.766017],[-123.372236,48.766024],[-123.372397,48.766053],[-123.372749,48.766171],[-123.373333,48.766323],[-123.37374478956579,48.76637514218528],[-123.37935760431009,48.76258269979048],[-123.379436,48.762397],[-123.379492,48.762006],[-123.379493,48.761844],[-123.379795,48.760045],[-123.379869,48.75982],[-123.37994,48.759716],[-123.380042,48.759625],[-123.380302,48.759472],[-123.381774,48.758775],[-123.382308,48.75846],[-123.382728,48.758078],[-123.383017,48.757646],[-123.38316,48.757183],[-123.383151,48.756711],[-123.382996,48.75585],[-123.382991,48.755621],[-123.383024,48.755511],[-123.383091,48.755407],[-123.38329,48.755219],[-123.385883,48.753251],[-123.38613,48.753099],[-123.386272,48.753041],[-123.386429,48.753003],[-123.386595,48.752988],[-123.386761,48.752994],[-123.386923,48.753023],[-123.387226,48.753123],[-123.38777,48.753351],[-123.388382,48.753553],[-123.389043,48.75367],[-123.389726,48.753696],[-123.390402,48.75363],[-123.391045,48.753475],[-123.392321,48.753067],[-123.392614,48.752994],[-123.392767,48.752977],[-123.392921,48.752979],[-123.393073,48.752999],[-123.393216,48.753038],[-123.393345,48.753094],[-123.393457,48.753165],[-123.393546,48.753248],[-123.393737,48.753524],[-123.39400396411324,48.75382994934882],[-123.40115683250048,48.75579021065611],[-123.401168,48.755787],[-123.401736,48.75552],[-123.402373,48.75515],[-123.402655,48.755018],[-123.402811,48.754973],[-123.402978,48.75495],[-123.403324,48.754951],[-123.406484,48.755177],[-123.406809,48.755222],[-123.406959,48.755265],[-123.407094,48.755326],[-123.407207,48.755404],[-123.407386,48.755588],[-123.407511,48.755751],[-123.407876,48.756127],[-123.408347,48.756446],[-123.408906,48.756698],[-123.40953,48.75687],[-123.410193,48.756957],[-123.41087,48.756954],[-123.411061,48.756928],[-123.411471,48.756896],[-123.411627,48.756903],[-123.412043,48.756977],[-123.412248,48.757025],[-123.41295,48.757088],[-123.413656,48.757052],[-123.414336,48.75692],[-123.414958,48.756696],[-123.414963,48.756694],[-123.415117,48.756651],[-123.415449,48.756607],[-123.42106,48.75625],[-123.421635,48.756179],[-123.422183,48.756044],[-123.422688,48.755848],[-123.425263,48.754639],[-123.425579,48.754522],[-123.42575,48.754488],[-123.425928,48.754479],[-123.426288,48.754513],[-123.430521,48.755233],[-123.430863,48.755318],[-123.431169,48.755451],[-123.433418,48.756678],[-123.433634,48.75682],[-123.43372,48.756902],[-123.433782,48.756993],[-123.433855,48.757189],[-123.434029,48.757961],[-123.434164,48.758334],[-123.434393,48.758685],[-123.434711,48.759005],[-123.435108,48.759284],[-123.440863,48.762693],[-123.441062,48.762833],[-123.44114,48.762912],[-123.441255,48.763088],[-123.442724,48.766027],[-123.443007,48.766443],[-123.443412,48.766812],[-123.443924,48.767118],[-123.44452,48.767349],[-123.444697,48.767403],[-123.445262,48.767535],[-123.445853,48.767598],[-123.446451,48.767592],[-123.447039,48.767516],[-123.447597,48.767372],[-123.44787,48.767282],[-123.448033,48.767254],[-123.448201,48.767248],[-123.448368,48.767265],[-123.448526,48.767304],[-123.448815,48.767424],[-123.44927,48.767659],[-123.449811,48.767887],[-123.450409,48.768044],[-123.45104,48.768122],[-123.451683,48.76812],[-123.452313,48.768038],[-123.452908,48.767878],[-123.453446,48.767646],[-123.453908,48.767351],[-123.454276,48.767004],[-123.454537,48.766617],[-123.454681,48.766204],[-123.454704,48.765781],[-123.454605,48.765362],[-123.45430532754156,48.76459269565797],[-123.44632780630792,48.75592630768827],[-123.442357,48.753906],[-123.442087,48.753733],[-123.441986,48.75363],[-123.441858,48.753397],[-123.441545,48.752536],[-123.441342,48.752144],[-123.441032,48.751784],[-123.440626,48.751468],[-123.433514,48.746878],[-123.433268,48.746676],[-123.4331,48.746442],[-123.43015,48.740654],[-123.42979,48.74016],[-123.425607,48.735876],[-123.425465,48.735696],[-123.425376,48.735503],[-123.424743,48.733496],[-123.424708,48.733268],[-123.424726,48.733156],[-123.424779,48.733049],[-123.424864,48.732952],[-123.424978,48.732868],[-123.425257,48.732733],[-123.433016,48.729747],[-123.433373,48.729644],[-123.433563,48.729622],[-123.434181,48.729508],[-123.434755,48.729319],[-123.435264,48.729061],[-123.435689,48.728745],[-123.436016,48.728381],[-123.436232,48.727982],[-123.436246,48.727944],[-123.436319,48.727846],[-123.43642,48.727758],[-123.436674,48.727612],[-123.441258,48.725476],[-123.441526,48.725375],[-123.44167,48.725341],[-123.441821,48.725326],[-123.441973,48.725329],[-123.442275,48.725373],[-123.445881,48.726136],[-123.446558,48.72623],[-123.447249,48.72623],[-123.44774588582354,48.72616247637257],[-123.44892936435463,48.72578276094811],[-123.449124,48.725692],[-123.449594,48.725357],[-123.449951,48.724967],[-123.449961,48.724952],[-123.450056,48.724867],[-123.450173,48.724796],[-123.45031,48.724741],[-123.45046,48.724704],[-123.45078,48.72467],[-123.45264164323261,48.724591687757616],[-123.45740605020362,48.723063042524245],[-123.457723,48.722811],[-123.458014,48.722474],[-123.458212,48.722108],[-123.458586,48.721164],[-123.458698,48.720964],[-123.458781,48.720873],[-123.458889,48.720795],[-123.459018,48.720733],[-123.459311,48.720642],[-123.461931,48.720024],[-123.462534,48.719836],[-123.463069,48.719573],[-123.463514,48.719245],[-123.464895,48.717999],[-123.465135,48.717825],[-123.465278,48.717758],[-123.465606,48.717665],[-123.47087,48.7166],[-123.47153,48.716414],[-123.472116,48.716139],[-123.472599,48.715788],[-123.472958,48.715377],[-123.472996,48.715321],[-123.473095,48.71523],[-123.47322,48.715154],[-123.473366,48.715097],[-123.473692,48.715024],[-123.486565,48.713082],[-123.486863,48.713055],[-123.487162,48.713064],[-123.496072,48.713858],[-123.496347,48.713898],[-123.496609,48.713969],[-123.500972,48.715439],[-123.501287,48.715577],[-123.501547,48.715758],[-123.504573,48.718415],[-123.504984,48.718714],[-123.505471,48.71896],[-123.506017,48.719143],[-123.507489,48.71953],[-123.507812,48.719643],[-123.507949,48.719721],[-123.508168,48.719914],[-123.513693,48.726117],[-123.51399,48.726398],[-123.514348,48.726645],[-123.52404,48.732371],[-123.524242,48.732514],[-123.524322,48.732595],[-123.524436,48.732775],[-123.524836,48.733602],[-123.5249785701343,48.73381818816728],[-123.52775778163067,48.735293837615046],[-123.530101,48.736024],[-123.530675,48.736271],[-123.54465446459679,48.744265296217804],[-123.54964099457912,48.74691294294217],[-123.551631,48.747394],[-123.551913,48.747482],[-123.552038,48.747542],[-123.552143,48.747616],[-123.552226,48.747702],[-123.552283,48.747797],[-123.552312,48.747897],[-123.552313,48.747998],[-123.552285,48.748098],[-123.552229,48.748193],[-123.552064,48.748368],[-123.55197500502192,48.748445223155585],[-123.5601132742419,48.757786540868956],[-123.563568,48.760699],[-123.563733,48.760868],[-123.56379,48.76096],[-123.563821,48.761057],[-123.563825,48.761157],[-123.563777,48.761355],[-123.562998,48.763369],[-123.562905,48.763729],[-123.562904,48.764094],[-123.562993,48.764455],[-123.563746,48.766441],[-123.563794,48.766653],[-123.563786,48.766759],[-123.563748,48.766861],[-123.56368,48.766957],[-123.563585,48.767043],[-123.563346,48.767188],[-123.555285,48.771194],[-123.554841,48.771459],[-123.554475,48.771772],[-123.554199,48.772123],[-123.554021,48.772501],[-123.553988,48.772604],[-123.553926,48.772699],[-123.553839,48.772785],[-123.553728,48.772859],[-123.553598,48.772917],[-123.553454,48.772958],[-123.553301,48.77298],[-123.553144,48.772983],[-123.552831,48.772949],[-123.552317,48.77286],[-123.55165,48.77279],[-123.550976,48.77281],[-123.55064432233422,48.77286418245838],[-123.54808463011517,48.77530133622013],[-123.548034,48.776963],[-123.547996,48.777176],[-123.547947,48.777276],[-123.54787,48.777369],[-123.54766,48.777532],[-123.546625,48.778197],[-123.546222,48.778509],[-123.545912,48.778865],[-123.545707,48.779251],[-123.545614,48.779656],[-123.545635,48.780066],[-123.54572957994814,48.78034417631807],[-123.54954928685262,48.78370088844625],[-123.549573,48.783717],[-123.550166,48.783978],[-123.550829,48.784151],[-123.551228,48.784224],[-123.551375,48.784273],[-123.551504,48.78434],[-123.551719,48.784508],[-123.554659,48.787335],[-123.554819,48.787528],[-123.554868,48.787631],[-123.554885,48.787738],[-123.554869,48.787846],[-123.554821,48.787949],[-123.554744,48.788044],[-123.554639,48.788127],[-123.55438,48.788265],[-123.544608,48.792471],[-123.544297,48.792576],[-123.544131,48.792605],[-123.543782,48.792618],[-123.538376,48.792441],[-123.537708,48.792359],[-123.526062,48.789809],[-123.525402,48.789712],[-123.52476791106265,48.78970355798752],[-123.52466183933525,48.78971080332409],[-123.52406,48.789784],[-123.523433,48.789951],[-123.522869,48.790197],[-123.522391,48.790512],[-123.522018,48.790885],[-123.521766,48.791298],[-123.521645,48.791737],[-123.521659,48.792182],[-123.521685,48.792322],[-123.52169348069731,48.792601863011335],[-123.52745251040355,48.79590041174233],[-123.534134,48.798199],[-123.534406,48.798316],[-123.534521,48.798389],[-123.534612,48.798476],[-123.534676,48.798573],[-123.534745,48.798783],[-123.534836,48.799294],[-123.534992,48.799748],[-123.535288,48.800171],[-123.535712,48.800543],[-123.536244,48.800849],[-123.547382,48.806005],[-123.547625,48.806142],[-123.547723,48.806224],[-123.547796,48.806316],[-123.547841,48.806416],[-123.547872,48.806626],[-123.547872,48.807337],[-123.54791610540941,48.80762116485203],[-123.56398146813218,48.81682278118765],[-123.566996,48.817127],[-123.567291,48.817175],[-123.567428,48.817215],[-123.567551,48.817272],[-123.567766,48.817414],[-123.571595,48.820452],[-123.57176,48.820609],[-123.57182,48.820694],[-123.571895,48.820878],[-123.573264,48.825979],[-123.57329,48.826169],[-123.573265,48.826359],[-123.572566,48.829025],[-123.572487,48.829218],[-123.572423,48.829308],[-123.572244,48.82947],[-123.571727,48.829861],[-123.571356,48.830202],[-123.57131049667714,48.83026710213233],[-123.57166095854883,48.84586265542258],[-123.572391,48.847319],[-123.572468,48.847558],[-123.572465,48.847678],[-123.572379,48.847914],[-123.571015,48.850395],[-123.570855,48.85061],[-123.570744,48.850701],[-123.570462,48.850851],[-123.567694,48.852023],[-123.567382,48.852127],[-123.567216,48.852156],[-123.567045,48.852161],[-123.566526,48.852107],[-123.566525,48.85211],[-123.5662046029469,48.85207412857421],[-123.56241051959404,48.85516311679069],[-123.562455,48.85529],[-123.563357,48.857025],[-123.56343,48.85722],[-123.563438,48.857319],[-123.563419,48.857418],[-123.563373,48.857513],[-123.563301,48.8576],[-123.56311,48.857757],[-123.55451,48.863637],[-123.554265,48.863775],[-123.554127,48.863827],[-123.553821,48.863894],[-123.553264,48.863979],[-123.552652,48.864113],[-123.552091,48.864322],[-123.551601,48.864597],[-123.551198,48.864928],[-123.550765,48.865366],[-123.55046,48.865751],[-123.550275,48.866167],[-123.550217,48.866599],[-123.550288,48.86703],[-123.550485,48.867444],[-123.550801,48.867825],[-123.551223,48.868158],[-123.551736,48.86843],[-123.574295,48.878187],[-123.57455,48.878322],[-123.574654,48.878404],[-123.574731,48.878497],[-123.574779,48.878599],[-123.574797,48.878705],[-123.574783,48.878811],[-123.574737,48.878913],[-123.574663,48.879007],[-123.574469,48.879166],[-123.574179,48.879363],[-123.573808,48.879751],[-123.573566,48.88018],[-123.573464,48.880633],[-123.573505,48.88109],[-123.573688,48.881532],[-123.574005,48.88194],[-123.574957,48.882904],[-123.575567,48.883367],[-123.581479,48.88676],[-123.581705,48.886918],[-123.581791,48.887009],[-123.581849,48.887109],[-123.581875,48.887215],[-123.58187,48.887322],[-123.581832,48.887426],[-123.581765,48.887523],[-123.581514,48.887751],[-123.581196,48.888107],[-123.580984,48.888495],[-123.580885,48.888903],[-123.580902,48.889315],[-123.581035,48.889718],[-123.581279,48.890099],[-123.581627,48.890442],[-123.582065,48.890738],[-123.590453,48.895428],[-123.590677,48.895581],[-123.590853,48.895758],[-123.593475,48.899062],[-123.593593,48.899252],[-123.593624,48.899352],[-123.593626,48.899453],[-123.593599,48.899553],[-123.593545,48.899649],[-123.593465,48.899735],[-123.593361,48.899811],[-123.593238,48.899872],[-123.593104,48.899917],[-123.592633,48.900003],[-123.59202,48.90016],[-123.591466,48.900392],[-123.59113992079453,48.90059614202359],[-123.59158931420549,48.90587925480615],[-123.591702,48.906153],[-123.591756,48.906359],[-123.591745,48.906675],[-123.591786,48.907073],[-123.591935,48.907459],[-123.592186,48.907821],[-123.592218,48.907858],[-123.592356,48.908062],[-123.592389,48.908162],[-123.592391,48.908509],[-123.592455,48.908932],[-123.592641,48.909339],[-123.592832,48.909648],[-123.592863,48.909757],[-123.592859,48.909869],[-123.59282,48.909978],[-123.592768,48.910051],[-123.592538,48.91049],[-123.592452,48.91095],[-123.592513,48.911412],[-123.59272,48.911856],[-123.593015,48.912313],[-123.59312,48.91254],[-123.593133,48.912656],[-123.593109,48.912772],[-123.593047,48.912881],[-123.592853,48.913081],[-123.5922441735337,48.91357784495726],[-123.59322912041236,48.92515697655513],[-123.595033,48.926765],[-123.595198,48.926947],[-123.595253,48.927046],[-123.595277,48.92715],[-123.59527,48.927254],[-123.595221,48.92739],[-123.595027,48.927772],[-123.594948,48.928234],[-123.595018,48.928697],[-123.595233,48.92914],[-123.595584,48.929544],[-123.599271,48.932911],[-123.599432,48.933091],[-123.599484,48.933188],[-123.599507,48.93329]],[[-123.590392,49.001706],[-123.59039,49.001804],[-123.590358,49.001899],[-123.590297,49.001987],[-123.590209,49.002066],[-123.589984,49.002198],[-123.589106,49.002612],[-123.588691,49.002851],[-123.588351,49.003136],[-123.588099,49.003459],[-123.587944,49.003807],[-123.587614,49.004931],[-123.587537,49.005105],[-123.58735,49.005342],[-123.587127,49.005719],[-123.58703,49.006119],[-123.587062,49.006523],[-123.587223,49.006913],[-123.588358,49.008835],[-123.588436,49.009023],[-123.588445,49.009118],[-123.588425,49.009213],[-123.588375,49.009303],[-123.588299,49.009385],[-123.5882,49.009454],[-123.588153,49.009476],[-123.587736,49.00971],[-123.587392,49.009991],[-123.587135,49.01031],[-123.586973,49.010654],[-123.586912,49.011012],[-123.586929,49.011157],[-123.586921,49.011444],[-123.586683,49.012818],[-123.586622,49.013005],[-123.586564,49.013091],[-123.586481,49.013168],[-123.586377,49.013232],[-123.586255,49.013282],[-123.586121,49.013315],[-123.585979,49.013329],[-123.585836,49.013325],[-123.585696,49.013302],[-123.585567,49.013261],[-123.585335,49.013146],[-123.584681,49.012748],[-123.584239,49.012526],[-123.58374,49.012364],[-123.583204,49.012266],[-123.582649,49.012236],[-123.582096,49.012277],[-123.581564,49.012385],[-123.581073,49.012557],[-123.580805,49.012699],[-123.580601,49.012787],[-123.580469,49.012822],[-123.580329,49.012839],[-123.580187,49.012837],[-123.579972,49.012806],[-123.579569,49.01272],[-123.578994,49.012676],[-123.578417,49.012707],[-123.577861,49.012812],[-123.577347,49.012987],[-123.576896,49.013225],[-123.576687,49.013389],[-123.576497,49.013513],[-123.576384,49.013563],[-123.576259,49.013599],[-123.575969,49.01364],[-123.575792,49.013653],[-123.575295,49.013751],[-123.574832,49.013905],[-123.574418,49.01411],[-123.574065,49.01436],[-123.574003,49.014412],[-123.5739,49.014472],[-123.573782,49.014517],[-123.573652,49.014547],[-123.573516,49.01456],[-123.573379,49.014556],[-123.573245,49.014535],[-123.573121,49.014497],[-123.573009,49.014445],[-123.572914,49.01438],[-123.572765,49.014226],[-123.572025,49.013273],[-123.57192,49.013096],[-123.571895,49.013004],[-123.571896,49.012988],[-123.571854,49.012611],[-123.571701,49.012248],[-123.57160276644285,49.01211980331151],[-123.571543,49.012062],[-123.5715332,49.0120502],[-123.57155020082834,49.0120512041698],[-123.571442,49.01191],[-123.571087,49.011613],[-123.570651,49.011367],[-123.570149,49.011182],[-123.569906,49.01113],[-123.56963,49.01105],[-123.569515,49.010998],[-123.569417,49.010932],[-123.569264,49.010775],[-123.565016,49.005329],[-123.564864,49.005157],[-123.548619,48.988775],[-123.548388,48.988572],[-123.54554245518113,48.986394020048515],[-123.51663618042484,48.96772221138086],[-123.5159096,48.9678953],[-123.51589,48.967898],[-123.5158745,48.9678923],[-123.5123495,48.9661397],[-123.512332,48.966129],[-123.512318,48.966116],[-123.5122989,48.9660937],[-123.51095,48.9645216],[-123.510943,48.96451],[-123.510953,48.964496],[-123.51121032722932,48.96421741895846],[-123.49944309365374,48.95661645564778],[-123.494542,48.955037],[-123.494275,48.954925],[-123.494164,48.954853],[-123.493994,48.954678],[-123.492723,48.952985],[-123.492424,48.952669],[-123.492038,48.952397],[-123.489067,48.950671],[-123.488681,48.950481],[-123.488254,48.950336],[-123.487796,48.950239],[-123.481849,48.949327],[-123.481341,48.94928],[-123.480828,48.949291],[-123.480326,48.949362],[-123.479851,48.949488],[-123.479308,48.949671],[-123.479028,48.949743],[-123.478882,48.949758],[-123.478734,48.949754],[-123.478442,48.949704],[-123.467124,48.946929],[-123.466824,48.946827],[-123.466568,48.946683],[-123.464704,48.945358],[-123.464324,48.945132],[-123.46389,48.944953],[-123.443176,48.93798],[-123.442891,48.937865],[-123.4284054704614,48.930970133413126],[-123.34867999408581,48.9060145133842],[-123.344749,48.905258],[-123.344474,48.905184],[-123.344353,48.905131],[-123.344251,48.905062],[-123.344172,48.904981],[-123.344066,48.904799],[-123.3437410261658,48.9039968638811],[-123.3163173582033,48.88319848573217],[-123.31166,48.880376],[-123.311472,48.880238],[-123.311402,48.880159],[-123.311355,48.880072],[-123.311335,48.879982],[-123.311343,48.87989],[-123.311376,48.879802],[-123.311517,48.879606],[-123.311655,48.879451],[-123.311848,48.879064],[-123.311912,48.878659],[-123.311845,48.878255],[-123.31165,48.877868],[-123.311633,48.877844],[-123.311601,48.877757],[-123.311595,48.877668],[-123.311614,48.87758],[-123.311657,48.877496],[-123.311725,48.877419],[-123.311813,48.877351],[-123.311915,48.877298],[-123.312286,48.87717],[-123.31232256286124,48.877154374845624],[-123.3125777778476,48.87389126894868],[-123.312471,48.873838],[-123.310257,48.872937],[-123.310034,48.872825],[-123.309942,48.872757],[-123.309872,48.872679],[-123.309826,48.872593],[-123.309805,48.872503],[-123.309819,48.872319],[-123.309999,48.871499],[-123.310062,48.871328],[-123.310116,48.871248],[-123.310192,48.871176],[-123.310312,48.871099],[-123.310677,48.870811],[-123.31095,48.870482],[-123.311121,48.870125],[-123.311182,48.869753],[-123.311133,48.86938],[-123.310975,48.86902],[-123.310713,48.868687],[-123.310485,48.868456],[-123.310433,48.868371],[-123.310408,48.868281],[-123.310409,48.868189],[-123.310438,48.868099],[-123.310492,48.868015],[-123.310571,48.867939],[-123.31067,48.867874],[-123.310786,48.867824],[-123.311048,48.867754],[-123.311201,48.867724],[-123.31173,48.867581],[-123.312208,48.867373],[-123.312614,48.867108],[-123.312934,48.866796],[-123.313155,48.866449],[-123.3131615199522,48.8664277091826],[-123.31323634071063,48.86547107234277],[-123.312769,48.862237],[-123.312772,48.862035],[-123.312805,48.861939],[-123.312869,48.861849],[-123.312959,48.86177],[-123.313073,48.861705],[-123.313341,48.861608],[-123.316918,48.860623],[-123.317186,48.860569],[-123.317323,48.860559],[-123.317461,48.860567],[-123.31773,48.860618],[-123.321512,48.861604],[-123.322086,48.86171],[-123.322682,48.861737],[-123.323273,48.861684],[-123.328321,48.860877],[-123.328618,48.860851],[-123.328765,48.860858],[-123.328908,48.860885],[-123.329038,48.860931],[-123.329268,48.861057],[-123.33235388227966,48.86314594795008],[-123.34899870943322,48.86406934518904],[-123.349744,48.861368],[-123.349834,48.861168],[-123.34991,48.861079],[-123.35012,48.860924],[-123.353548,48.858885],[-123.353769,48.858777],[-123.353891,48.858738],[-123.354022,48.858715],[-123.354158,48.858709],[-123.354431,48.858731],[-123.371657,48.861203],[-123.372224,48.861341],[-123.384049,48.865516],[-123.384267,48.865611],[-123.384361,48.86567],[-123.384514,48.865809],[-123.385826,48.867261],[-123.386188,48.86758],[-123.386642,48.867843],[-123.387168,48.868039],[-123.389746,48.868777],[-123.389966,48.868856],[-123.390063,48.868906],[-123.390229,48.869029],[-123.392717,48.871217],[-123.392865,48.871378],[-123.392913,48.871465],[-123.392934,48.871557],[-123.392927,48.87165],[-123.392892,48.87174],[-123.392831,48.871824],[-123.392746,48.871898],[-123.392641,48.87196],[-123.392519,48.872007],[-123.392248,48.872069],[-123.390138,48.872398],[-123.389578,48.872526],[-123.389068,48.872726],[-123.38876349180732,48.872909959182756],[-123.3949691192265,48.881549165982],[-123.39577,48.882039],[-123.396147,48.882343],[-123.397234,48.883516],[-123.397363,48.883693],[-123.397397,48.883787],[-123.397402,48.883883],[-123.397379,48.883967],[-123.397337,48.884362],[-123.397418,48.884753],[-123.397619,48.885126],[-123.397932,48.885463],[-123.399605,48.886906],[-123.399752,48.887061],[-123.3998,48.887145],[-123.399824,48.887234],[-123.399821,48.887324],[-123.399793,48.887411],[-123.39974,48.887494],[-123.399663,48.887569],[-123.399567,48.887633],[-123.399454,48.887683],[-123.399328,48.887718],[-123.399194,48.887738],[-123.399057,48.88774],[-123.398923,48.887724],[-123.398663,48.88766],[-123.39845536935212,48.88759301393086],[-123.3899151121054,48.891474949043],[-123.390092,48.89156],[-123.395516,48.893733],[-123.395694,48.893817],[-123.39585,48.893917],[-123.397588,48.895215],[-123.39782249744029,48.895360109802155],[-123.40268912476668,48.89389150369254],[-123.402692,48.893846],[-123.402677,48.893657],[-123.402699,48.893562],[-123.40275,48.893471],[-123.402828,48.89339],[-123.40293,48.893321],[-123.403051,48.893267],[-123.403187,48.89323],[-123.403479,48.893194],[-123.406474,48.893029],[-123.406743,48.893031],[-123.406874,48.893048],[-123.406997,48.893081],[-123.407224,48.893176],[-123.410949,48.895076],[-123.411147,48.895199],[-123.411227,48.89527],[-123.411284,48.89535],[-123.411318,48.895436],[-123.411326,48.895525],[-123.411309,48.895613],[-123.411225,48.895783],[-123.41062847730247,48.89669030187531],[-123.410685,48.900255],[-123.41070299670493,48.90139023214692],[-123.4586013067163,48.92275264589593],[-123.459417,48.922824],[-123.459651,48.922858],[-123.459761,48.922887],[-123.459966,48.922968],[-123.465669,48.925683],[-123.466154,48.92587],[-123.466684,48.925992],[-123.46724,48.926046],[-123.469432,48.926116],[-123.469714,48.926144],[-123.469847,48.926175],[-123.470092,48.926272],[-123.475152,48.928752],[-123.475618,48.928938],[-123.47613,48.929065],[-123.476668,48.929126],[-123.478198,48.929206],[-123.478433,48.929231],[-123.478545,48.929256],[-123.478756,48.929329],[-123.49714,48.93709],[-123.497627,48.937255],[-123.498153,48.937358],[-123.4997,48.937559],[-123.50001,48.937623],[-123.500148,48.937677],[-123.500385,48.937824],[-123.50201,48.939092],[-123.502166,48.93924],[-123.50222,48.939321],[-123.502251,48.939408],[-123.502256,48.939497],[-123.502208,48.939702],[-123.502178,48.940087],[-123.502266,48.940467],[-123.502467,48.940829],[-123.502775,48.941157],[-123.503176,48.941438],[-123.503654,48.94166],[-123.50419,48.941816],[-123.508072,48.942646],[-123.508607,48.942725],[-123.509155,48.942737],[-123.509697,48.942681],[-123.510214,48.94256],[-123.510687,48.942377],[-123.511617,48.941936],[-123.51186,48.941843],[-123.511991,48.941813],[-123.512129,48.9418],[-123.512267,48.941805],[-123.512402,48.941827],[-123.512656,48.941906],[-123.525741,48.947034],[-123.52606,48.947186],[-123.52991369740937,48.94939759720972],[-123.5304664,48.9490622],[-123.5322849,48.9479591],[-123.5323,48.947952],[-123.5323184,48.9479607],[-123.5381673,48.9513662],[-123.545243,48.955486],[-123.5452548,48.9554932],[-123.5512047,48.9595396],[-123.551217,48.95955],[-123.5512065,48.9595589],[-123.549525,48.960665],[-123.54877460416168,48.961158410962184],[-123.557891,48.967549],[-123.558064,48.967686],[-123.56051,48.969896],[-123.560663,48.97007],[-123.560789,48.970328],[-123.561027,48.970685],[-123.561369,48.971002],[-123.561801,48.971268],[-123.563231,48.971983],[-123.563402,48.972083],[-123.563547,48.9722],[-123.566882,48.975372],[-123.567085,48.975611],[-123.568594,48.977868],[-123.568894,48.978214],[-123.569295,48.978511],[-123.569781,48.978748],[-123.570332,48.978914],[-123.570575,48.978951],[-123.570891,48.979017],[-123.57101,48.979059],[-123.571115,48.979115],[-123.571291,48.979253],[-123.575893,48.983653],[-123.576028,48.983812],[-123.576114,48.983986],[-123.576342,48.984663],[-123.576376,48.984851],[-123.576349,48.985078],[-123.576331,48.985139],[-123.57633,48.985491],[-123.576426,48.985837],[-123.576617,48.986166],[-123.576699,48.986254],[-123.576897,48.986529],[-123.57789238146201,48.988366131959],[-123.57895809149684,48.98939498746813],[-123.579116,48.989481],[-123.579671,48.98967],[-123.580275,48.989778],[-123.580441,48.989795],[-123.580708,48.98986],[-123.582237,48.990347],[-123.582485,48.990446],[-123.582589,48.990511],[-123.582672,48.990587],[-123.58279,48.990761],[-123.584563,48.99429],[-123.58479,48.994629],[-123.585113,48.994933],[-123.585518,48.995191],[-123.587651,48.996305],[-123.587858,48.996437],[-123.587939,48.996515],[-123.588051,48.996689],[-123.590333,49.001513],[-123.590392,49.001706]],[[-123.574333,48.956616],[-123.57432,48.956611],[-123.57308327166488,48.956030862950236],[-123.5735,48.9563],[-123.57198314344511,48.95551480366571],[-123.5715361,48.9553051],[-123.57122,48.95513],[-123.5709513,48.9550307],[-123.568217,48.953748],[-123.568201,48.953739],[-123.568191,48.9537313],[-123.56778957836609,48.953344017036564],[-123.55681812683899,48.94766467742254],[-123.556363,48.947536],[-123.556341,48.947529],[-123.556323,48.947518],[-123.555753,48.947117],[-123.5557505,48.9471155],[-123.55573174104337,48.94710231301069],[-123.55567556390977,48.947073233082705],[-123.5556675,48.947071],[-123.555632,48.947056],[-123.55458,48.946677],[-123.5545505,48.9466642],[-123.55357,48.94607],[-123.5479988,48.9431346],[-123.54798,48.943123],[-123.5478611,48.9430421],[-123.5475621,48.9428382],[-123.547552,48.942829],[-123.5475506,48.9428266],[-123.54757050767414,48.942713789846515],[-123.54735075223785,48.9425161803069],[-123.547289,48.942483],[-123.54669,48.942219],[-123.546673,48.942209],[-123.546676,48.942194],[-123.54673,48.942051],[-123.546743,48.941991],[-123.54674112122248,48.94196798497525],[-123.54604161852679,48.94133897479927],[-123.545937,48.941262],[-123.545922,48.941249],[-123.545912,48.941234],[-123.54590212956185,48.94121354286181],[-123.54354308810686,48.939092234266624],[-123.5435283,48.9391612],[-123.543525,48.939169],[-123.543525,48.939173],[-123.543518,48.939198],[-123.543497,48.939195],[-123.542708,48.939026],[-123.542682,48.939018],[-123.54266,48.939006],[-123.541492,48.938208],[-123.541481,48.938199],[-123.5414733,48.9381913],[-123.54139,48.938083],[-123.541382,48.93807],[-123.541392,48.9380591],[-123.5416,48.93787],[-123.5413847,48.9376847],[-123.541384,48.937684],[-123.5413098,48.9376203],[-123.5411852,48.9375131],[-123.541173,48.937499],[-123.54117,48.937483],[-123.54117,48.93724],[-123.5409876,48.9371473],[-123.540984,48.937145],[-123.540594,48.936947],[-123.540581,48.936939],[-123.54057,48.93693],[-123.540095,48.936481],[-123.5400899,48.9364772],[-123.54004,48.93643],[-123.53923,48.93604],[-123.5387408,48.935883],[-123.536597,48.934981],[-123.536549,48.934955],[-123.535176,48.933961],[-123.5351484,48.9339373],[-123.5348397,48.9336006],[-123.534832,48.93359],[-123.5348293,48.9335785],[-123.5348112,48.9332575],[-123.534801,48.933075],[-123.534802,48.933062],[-123.534822,48.933064],[-123.536533,48.933384],[-123.536623,48.933395],[-123.5366474,48.933395],[-123.53683,48.93344],[-123.53755139023716,48.93370435091092],[-123.53629345257825,48.93257318216338],[-123.535837,48.932397],[-123.535821,48.932389],[-123.53581,48.932379],[-123.535052,48.931544],[-123.535044,48.931532],[-123.535063,48.931535],[-123.5351636216311,48.931557210148895],[-123.5351,48.9315],[-123.53520154453955,48.931565580848456],[-123.536105,48.931765],[-123.5361482,48.9317776],[-123.53881,48.93289],[-123.5399324,48.9332774],[-123.539952,48.933286],[-123.5422787,48.934485],[-123.54239,48.93457],[-123.5429166,48.9348138],[-123.542917,48.934814],[-123.5429407,48.9348268],[-123.542942,48.9348276],[-123.5436897,48.9353314],[-123.54428,48.93581],[-123.5450047,48.9362173],[-123.546649,48.937325],[-123.5466927,48.9373491],[-123.54682,48.93744],[-123.5469309,48.9374153],[-123.546972,48.937419],[-123.547063,48.937416],[-123.547506,48.937372],[-123.547529,48.937372],[-123.547549,48.93738],[-123.5480831,48.9376508],[-123.54881,48.93802],[-123.548813,48.938022],[-123.5533445,48.9404805],[-123.5533754,48.9404975],[-123.553386,48.940504],[-123.5548429,48.9414232],[-123.55575,48.94209],[-123.5573752,48.9430215],[-123.557386,48.94303],[-123.557369,48.943038],[-123.557122,48.943132],[-123.5571,48.943138],[-123.557078,48.943131],[-123.55684,48.943034],[-123.55682,48.943025],[-123.5539784,48.9415835],[-123.55385,48.9415],[-123.55273,48.94095],[-123.5527083,48.9409429],[-123.552697,48.940938],[-123.552103,48.940723],[-123.552019,48.9407],[-123.55193,48.940687],[-123.5519233,48.9406869],[-123.55086,48.94034],[-123.55028,48.94004],[-123.54999,48.93996],[-123.54994,48.94003],[-123.54998,48.9401],[-123.55044,48.9405],[-123.5514177,48.9410948],[-123.551431,48.941122],[-123.551474,48.941175],[-123.551532,48.941221],[-123.553573,48.942569],[-123.553587,48.94258],[-123.5535769,48.9425919],[-123.55314,48.94299],[-123.5533088,48.9431687],[-123.553309,48.943169],[-123.55352910555892,48.943402130673476],[-123.55919949207757,48.9470642553001],[-123.5592496,48.9470149],[-123.559252,48.947013],[-123.5593713,48.9468951],[-123.5596,48.9466699],[-123.559611,48.946662],[-123.559631,48.946665],[-123.560408,48.946845],[-123.560429,48.946851],[-123.5604425,48.9468609],[-123.5606144,48.9470108],[-123.560887,48.947249],[-123.560898,48.94726],[-123.560895,48.947274],[-123.56087,48.947335],[-123.5608591,48.9473815],[-123.56079,48.94744],[-123.5608,48.94751],[-123.56098,48.94766],[-123.561056,48.9476715],[-123.561064,48.947676],[-123.56115,48.947706],[-123.562209,48.947994],[-123.562229,48.948001],[-123.562246,48.948011],[-123.5623349,48.9480686],[-123.56518,48.94993],[-123.5653787,48.9500418],[-123.567249,48.9512542],[-123.56757,48.9515],[-123.5684,48.952],[-123.5684069,48.9520029],[-123.568421,48.952011],[-123.570028,48.9528426],[-123.57038,48.95305],[-123.570517,48.9530957],[-123.571793,48.953756],[-123.57184,48.953789],[-123.5724132,48.954323],[-123.57254,48.95448],[-123.572911,48.9547868],[-123.5731274,48.9549883],[-123.57355,48.95548],[-123.5740122,48.9558144],[-123.5740288,48.9558336],[-123.574075,48.955905],[-123.57412,48.955975],[-123.574127,48.9559899],[-123.57372,48.95598],[-123.57369,48.95603],[-123.5740061,48.9562632],[-123.57401,48.956281],[-123.574041,48.956338],[-123.574087,48.956391],[-123.574326,48.956607],[-123.574333,48.956616]],[[-123.509248,48.38541650000001],[-123.509248,48.385419],[-123.50923089156619,48.385421566265066],[-123.50864,48.38547],[-123.50848451723726,48.385827034492195],[-123.508222,48.386429],[-123.5082214422254,48.38643113266758],[-123.5081,48.38671],[-123.50839571428573,48.38676914285714],[-123.508397,48.38677],[-123.50839368085107,48.38677306382978],[-123.50807,48.38693],[-123.50789427272727,48.387144777777785],[-123.507889,48.387148],[-123.507865,48.387146],[-123.5077033913102,48.38712104347917],[-123.50733067326728,48.38706320792078],[-123.507313,48.387059],[-123.507313,48.387044],[-123.50735,48.386812],[-123.507351,48.386808],[-123.507397,48.386585],[-123.507402,48.386572],[-123.507422,48.386574],[-123.50742200000025,48.386574000000046],[-123.50784,48.38665],[-123.50814,48.38616],[-123.50816921739074,48.38601600000272],[-123.508209,48.385821],[-123.5082090726979,48.38581957027466],[-123.50828,48.38547],[-123.50698725805982,48.385455225806396],[-123.504803,48.38543],[-123.504782,48.385429],[-123.504784,48.385415],[-123.504946,48.384865],[-123.504952,48.384851],[-123.50496562931038,48.3848429827586],[-123.50544,48.38463],[-123.50534426915522,48.38452059332024],[-123.505345,48.384517],[-123.50534,48.384458],[-123.505318,48.384401],[-123.505277,48.384323],[-123.505272,48.38431],[-123.50527410526317,48.384304526315766],[-123.50536,48.38419],[-123.50536854083484,48.384138754990936],[-123.505535,48.383851],[-123.50555609164421,48.38379869272237],[-123.50557,48.38379],[-123.5055609269663,48.38377911235955],[-123.505566,48.383725],[-123.505551,48.383505],[-123.505552,48.38349],[-123.505565,48.383479],[-123.506155,48.383032],[-123.506171,48.383022],[-123.506192,48.383025],[-123.50650678832986,48.38309437957726],[-123.50655,48.38317],[-123.5065797678425,48.38311046431502],[-123.506741,48.383146],[-123.506759,48.383151],[-123.506766,48.383154999999995],[-123.507,48.38335],[-123.507,48.38342],[-123.50736304131063,48.383574738919286],[-123.507731,48.383834],[-123.507803,48.383875],[-123.50782955523673,48.38388491822095],[-123.50791,48.38396],[-123.50801688146754,48.38392896989652],[-123.508071,48.383933],[-123.508166,48.383927],[-123.508276,48.383913],[-123.508298,48.383912],[-123.508307,48.383926],[-123.508353,48.384025],[-123.508358,48.38404],[-123.50835796226416,48.38404101886792],[-123.5082,48.38412],[-123.50839664461994,48.384208151036525],[-123.508441,48.384261],[-123.508505,48.38431],[-123.508541013045,48.38433240568809],[-123.50862,48.38446],[-123.50917152941176,48.38472591596638],[-123.509178,48.384731],[-123.50917982681564,48.384739525139665],[-123.50917,48.38528],[-123.509248,48.38541650000001]],[[-123.4955,49.3842],[-123.457,49.4104],[-123.4296,49.4023],[-123.4955,49.3842]],[[-123.4699,49.3565],[-123.4636,49.3705],[-123.4547,49.3654],[-123.4699,49.3565]],[[-123.4684,49.5103],[-123.452,49.518],[-123.4554,49.506],[-123.4684,49.5103]],[[-123.4593,49.4719],[-123.4242,49.5271],[-123.3575,49.5298],[-123.3184,49.4747],[-123.3166,49.4473],[-123.3253,49.4565],[-123.3711,49.4315],[-123.3448,49.4786],[-123.3767,49.4539],[-123.3756,49.4815],[-123.3907,49.4555],[-123.4073,49.4571],[-123.4037,49.4716],[-123.4472,49.4344],[-123.4384,49.4498],[-123.4593,49.4719]],[[-123.432645,48.728679],[-123.432644,48.72868],[-123.432192,48.729099],[-123.4321222,48.7291958],[-123.43104,48.72953],[-123.43062,48.72954],[-123.4305907,48.7295322],[-123.430634,48.729277],[-123.430672,48.728557],[-123.4307,48.728417],[-123.430913,48.728431],[-123.432442,48.728638],[-123.432645,48.728679]],[[-123.43164,48.73],[-123.4316241,48.7300873],[-123.431597,48.730152],[-123.431581,48.730206],[-123.431366,48.730214],[-123.430602,48.730196],[-123.430387,48.730177],[-123.43039,48.730162],[-123.430551,48.729766],[-123.4305537,48.7297504],[-123.4307,48.72971],[-123.43114,48.72969],[-123.43154,48.72981],[-123.43164,48.73]],[[-123.4313,49.3394],[-123.4189,49.3519],[-123.4277,49.3713],[-123.3605,49.4133],[-123.3106,49.4173],[-123.34,49.3515],[-123.3625,49.3351],[-123.4313,49.3394]],[[-123.4283,48.8939],[-123.4133,48.8937],[-123.397,48.8776],[-123.4283,48.8939]],[[-123.4251,48.7024],[-123.4171,48.7097],[-123.4089,48.7008],[-123.4251,48.7024]],[[-123.41303,48.747242],[-123.412871,48.747325],[-123.4109337,48.7481513],[-123.41091,48.74815],[-123.4108696,48.7481786],[-123.406257,48.750146],[-123.406058,48.750214],[-123.405842,48.750173],[-123.400698,48.748827],[-123.400548,48.748776],[-123.400714,48.748755],[-123.4044127,48.748524],[-123.40515,48.74873],[-123.40658,48.74846],[-123.40688,48.74852],[-123.40751,48.74833],[-123.40767,48.74822],[-123.4078,48.74789],[-123.40805,48.74759],[-123.4080151,48.747466],[-123.40822,48.747332],[-123.408759,48.746805],[-123.409249,48.746206],[-123.409369,48.746088],[-123.409571,48.746137],[-123.412856,48.747172],[-123.41303,48.747242]],[[-123.405545,48.84998],[-123.405349,48.849963],[-123.40445,48.849824],[-123.4040835,48.8497288],[-123.40408,48.84972],[-123.4040633,48.8497235],[-123.403788,48.849652],[-123.38517,48.84261],[-123.385021,48.842539],[-123.385352,48.842504],[-123.3862778,48.84234],[-123.38715892857142,48.84234],[-123.36206579973118,48.83173460215054],[-123.362049,48.831869],[-123.361841,48.831918],[-123.3615763,48.8319615],[-123.36141,48.8319],[-123.36118,48.8319],[-123.3610579,48.8320466],[-123.3603596,48.8321612],[-123.36035,48.83216],[-123.3603492,48.8321629],[-123.358229,48.832511],[-123.357994,48.832533],[-123.35778,48.832464],[-123.353227,48.830603],[-123.353023,48.830498],[-123.352905,48.830345],[-123.3524976,48.8296412],[-123.35266,48.82946],[-123.35274,48.82925],[-123.35228,48.82839],[-123.3517,48.82812],[-123.3514244,48.8277873],[-123.350913,48.826904],[-123.350857,48.826769],[-123.350861,48.826768],[-123.350901,48.826787],[-123.35150942068533,48.82701842959526],[-123.3772,48.8219],[-123.3719,48.8113],[-123.4006,48.8292],[-123.3793,48.8229],[-123.4037,48.8341],[-123.3936,48.8319],[-123.3954804762248,48.835052036338695],[-123.399272,48.83506],[-123.399482,48.835073],[-123.39952,48.83521],[-123.3995319,48.8352983],[-123.39943,48.83557],[-123.3995945,48.8357627],[-123.4002004,48.8402577],[-123.39998,48.84036],[-123.39983,48.84019],[-123.39959,48.84021],[-123.39943,48.84031],[-123.40015,48.84082],[-123.4003059,48.8411665],[-123.400305,48.841216],[-123.400295,48.841231],[-123.4001291,48.8414209],[-123.40004,48.84151],[-123.39963,48.8414],[-123.3993,48.84113],[-123.39901129675812,48.84097036408978],[-123.40288331333535,48.84746060140021],[-123.4029693,48.8475022],[-123.405449,48.849866],[-123.405545,48.84998]],[[-123.392597,48.725411],[-123.392548,48.725588],[-123.391441,48.727995],[-123.39135,48.728139],[-123.391152,48.728225],[-123.38704,48.729635],[-123.386594,48.7298255],[-123.38654,48.72983],[-123.38621,48.72992],[-123.38586,48.73019],[-123.3858138,48.7302493],[-123.385596,48.730386],[-123.3808137,48.7340145],[-123.38034,48.73427],[-123.37973,48.73448],[-123.37941,48.73473],[-123.379,48.73528],[-123.379,48.7353907],[-123.376336,48.737412],[-123.376166,48.737518],[-123.3760755,48.737556],[-123.37473,48.73789],[-123.3743413,48.7381454],[-123.371504,48.739095],[-123.371308,48.739147],[-123.371099,48.739126],[-123.367884,48.738613],[-123.3678109,48.7386026],[-123.3678,48.7386],[-123.3677915,48.7385998],[-123.367716,48.738589],[-123.362355,48.737863],[-123.362125,48.737816],[-123.361978,48.73769],[-123.3602219,48.7358193],[-123.36017,48.73543],[-123.36001,48.73512],[-123.35985,48.7345],[-123.35957,48.73413],[-123.35845,48.7335],[-123.35718,48.73252],[-123.3560725,48.7313942],[-123.35599,48.731285],[-123.355929,48.73114],[-123.3553767,48.7291127],[-123.35533,48.72823],[-123.3547971,48.7269398],[-123.354787,48.726851],[-123.354823,48.726684],[-123.356039,48.723455],[-123.356106,48.723326],[-123.356235,48.723219],[-123.3573946,48.7224117],[-123.35881,48.72178],[-123.36031,48.72071],[-123.36041,48.72045],[-123.3605768,48.7201964],[-123.3651762,48.7169944],[-123.36545,48.71684],[-123.36588,48.71656],[-123.3659775,48.7164366],[-123.36914,48.714235],[-123.369299,48.714142],[-123.369507,48.714115],[-123.375986,48.713676],[-123.376216,48.713675],[-123.37643,48.71373],[-123.3812416,48.715346],[-123.38187,48.71559],[-123.38328,48.71603],[-123.3835681,48.7158345],[-123.384166,48.71585],[-123.385007,48.715775],[-123.386622,48.715537],[-123.386862,48.715518],[-123.387045,48.715622],[-123.388596,48.7167035],[-123.38875,48.71693],[-123.3894978,48.7173444],[-123.389561,48.717398],[-123.389666,48.717536],[-123.389885,48.7179067],[-123.38996,48.7182],[-123.3902,48.71844],[-123.390734,48.719344],[-123.390796,48.71949],[-123.390727,48.719634],[-123.390666,48.719729],[-123.390375,48.720343],[-123.3903392,48.7205693],[-123.38986,48.72098],[-123.39013,48.72165],[-123.3906204,48.722182],[-123.390645,48.722236],[-123.392523,48.725238],[-123.392597,48.725411]],[[-123.3883,48.6912],[-123.3738,48.6891],[-123.3864,48.6789],[-123.3883,48.6912]],[[-123.3863454,48.800898],[-123.386345,48.800928],[-123.38629,48.800941],[-123.3856237,48.8010527],[-123.38539,48.80093],[-123.38521,48.80074],[-123.38521,48.80064],[-123.38491,48.8006],[-123.38408,48.80028],[-123.38389,48.80016],[-123.38384,48.79997],[-123.38353,48.79987],[-123.38325,48.79963],[-123.38313,48.79947],[-123.3826,48.79925],[-123.38248,48.79912],[-123.3823864,48.7986521],[-123.382394,48.798638],[-123.382597,48.798678],[-123.3850787,48.7993422],[-123.38516,48.79941],[-123.3854,48.79949],[-123.3855748,48.799475],[-123.385982,48.799584],[-123.386172,48.799649],[-123.38621,48.799787],[-123.3862203,48.7998612],[-123.38613,48.80005],[-123.38585,48.8001],[-123.38603,48.80051],[-123.3862,48.80065],[-123.3863454,48.800898]],[[-123.3833367,48.8020333],[-123.383121,48.802006],[-123.381074,48.801611],[-123.380828,48.801543],[-123.380651,48.801412],[-123.380098,48.800898],[-123.379991,48.800775],[-123.3800863,48.8007376],[-123.38035,48.80067],[-123.38074,48.80074],[-123.38118,48.8007],[-123.38176,48.80093],[-123.38197,48.80085],[-123.3825,48.8009],[-123.38272,48.80104],[-123.38287,48.80137],[-123.38304,48.80148],[-123.38315,48.80164],[-123.38319,48.80185],[-123.3833367,48.8020333]],[[-123.3784,48.6174],[-123.344,48.6034],[-123.3339,48.5958],[-123.3525,48.5903],[-123.3784,48.6174]],[[-123.373832,48.840732],[-123.373676,48.840828],[-123.3733738,48.8409802],[-123.37322,48.841],[-123.3731774,48.841079],[-123.372683,48.841328],[-123.372502,48.841402],[-123.372346,48.841307],[-123.3716554,48.840801],[-123.37167,48.84076],[-123.37161,48.84071],[-123.3715312,48.84071],[-123.369376,48.839131],[-123.369284,48.839049],[-123.369426,48.83909],[-123.373657,48.840651],[-123.373832,48.840732]],[[-123.368278,48.57228],[-123.366943,48.57228],[-123.366919,48.57223],[-123.366912,48.57222],[-123.366908,48.572206],[-123.366892,48.572112],[-123.366892,48.572101],[-123.366912,48.5721],[-123.368225,48.5721],[-123.368248,48.572102],[-123.368252,48.572114],[-123.368263,48.572176],[-123.368277,48.572265],[-123.368278,48.57228]],[[-123.36667,48.57333],[-123.36667,48.57335],[-123.366661,48.573429],[-123.366661,48.573427],[-123.36667,48.57333]],[[-123.358539,48.67126],[-123.358417,48.671229],[-123.35733,48.670867],[-123.357131,48.670782],[-123.357183,48.670653],[-123.357259,48.670552],[-123.357429,48.67063],[-123.358448,48.671198],[-123.358539,48.67126]],[[-123.358519,48.817233],[-123.358264,48.817278],[-123.357871,48.817323],[-123.3576783,48.8173727],[-123.3573,48.81723],[-123.35687,48.81699],[-123.35676,48.81686],[-123.35617,48.81672],[-123.35564,48.81644],[-123.35543,48.81643],[-123.35517,48.81622],[-123.35512,48.8161],[-123.3544309,48.8160024],[-123.3543,48.815696],[-123.353851,48.815129],[-123.353983,48.815177],[-123.358368,48.817149],[-123.358519,48.817233]],[[-123.3542932,48.8207213],[-123.354289,48.820765],[-123.354077,48.820764],[-123.353893,48.820751],[-123.352935,48.820745],[-123.3525975,48.8207862],[-123.3525036,48.8207749],[-123.352086,48.820621],[-123.352063,48.820611],[-123.352029,48.820456],[-123.351991,48.819922],[-123.352004,48.81977],[-123.3520694,48.8197456],[-123.35229,48.81971],[-123.35269,48.81977],[-123.35329,48.82],[-123.35352,48.82024],[-123.35379,48.82031],[-123.35425,48.82057],[-123.3542932,48.8207213]],[[-123.348164,48.654331],[-123.347962,48.654374],[-123.344538,48.654869],[-123.344327,48.654886],[-123.344177,48.654787],[-123.3342286,48.6469173],[-123.33288,48.64548],[-123.3306345,48.6440743],[-123.313826,48.630778],[-123.313707,48.630665],[-123.3136534,48.6305353],[-123.3131884,48.6288253],[-123.312802,48.627403],[-123.31279515132798,48.627347830142064],[-123.2696,48.5902],[-123.2954,48.5889],[-123.32319572489999,48.62424182990215],[-123.3294101,48.6224505],[-123.329621,48.622406],[-123.329841,48.622445],[-123.335657,48.623883],[-123.335872,48.623953],[-123.335988,48.624091],[-123.343092,48.635063],[-123.343168,48.635231],[-123.343127,48.635406],[-123.342083,48.637911],[-123.3419393,48.6385226],[-123.34178,48.63864],[-123.3436257,48.6450117],[-123.345446,48.651296],[-123.3454462,48.6512964],[-123.34565,48.652],[-123.3458668,48.6520948],[-123.346284,48.652582],[-123.348058,48.65421],[-123.348164,48.654331]],[[-123.346193,48.856561],[-123.346184,48.856597],[-123.346146,48.856667],[-123.345324,48.85782],[-123.345268,48.857883],[-123.345232,48.85791],[-123.345189,48.857932],[-123.34514,48.857949],[-123.345087,48.857959],[-123.344977,48.857967],[-123.344121,48.857973],[-123.343902,48.857987],[-123.343691,48.858029],[-123.343494,48.858094],[-123.34332,48.858183],[-123.343244,48.858229],[-123.343157,48.858273],[-123.343109,48.858289],[-123.343058,48.858299],[-123.342949,48.858307],[-123.341926,48.858316],[-123.341803,48.858309],[-123.341746,48.858297],[-123.341692,48.858278],[-123.341599,48.858224],[-123.34093,48.857754],[-123.340761,48.857655],[-123.340566,48.85758],[-123.340353,48.857529],[-123.340278,48.857517],[-123.340068,48.857494],[-123.339855,48.857497],[-123.339646,48.857524],[-123.339448,48.857575],[-123.339267,48.857649],[-123.338709,48.857923],[-123.338602,48.857965],[-123.338544,48.857978],[-123.338483,48.857982],[-123.338421,48.857978],[-123.338302,48.857953],[-123.335854,48.857249],[-123.335735,48.857203],[-123.335635,48.85714],[-123.335084,48.8567],[-123.334929,48.856598],[-123.334749,48.856516],[-123.334549,48.856457],[-123.334337,48.856423],[-123.334118,48.856415],[-123.333901,48.856434],[-123.33275,48.856604],[-123.33264,48.856613],[-123.332586,48.856611],[-123.332533,48.856602],[-123.332483,48.856587],[-123.332393,48.856545],[-123.332046,48.856349],[-123.331866,48.856264],[-123.331664,48.856203],[-123.331449,48.856168],[-123.331228,48.856159],[-123.327649,48.856235],[-123.327512,48.856227],[-123.327382,48.8562],[-123.322964,48.854863],[-123.322666,48.854802],[-123.317737,48.85425],[-123.317626,48.85423],[-123.317576,48.854214],[-123.317531,48.854192],[-123.317455,48.854136],[-123.31610985619314,48.85292956406771],[-123.3112238278597,48.85214510997748],[-123.310731,48.852759],[-123.310669,48.852821],[-123.31063,48.852847],[-123.310584,48.852868],[-123.310533,48.852883],[-123.310478,48.852891],[-123.310422,48.852893],[-123.31031,48.852881],[-123.309062,48.85267],[-123.308953,48.852644],[-123.308905,48.852624],[-123.308863,48.852599],[-123.308829,48.852569],[-123.308804,48.852535],[-123.30879,48.852499],[-123.308787,48.852461],[-123.308804,48.852386],[-123.308837,48.852298],[-123.308869,48.852157],[-123.308862,48.852015],[-123.308816,48.851876],[-123.30873384376329,48.8517453418886],[-123.30396147751364,48.85097913629806],[-123.302996,48.851168],[-123.302893,48.851182],[-123.30284,48.851183],[-123.302736,48.851172],[-123.302381,48.851114],[-123.30216,48.851092],[-123.301937,48.851097],[-123.301719,48.851129],[-123.30171127004259,48.85113122471945],[-123.30401027665775,48.86210712726925],[-123.304663,48.862841],[-123.304746,48.862966],[-123.30538,48.864329],[-123.305402,48.864397],[-123.305403,48.864432],[-123.305395,48.864466],[-123.305361,48.864533],[-123.303267,48.867605],[-123.303179,48.867706],[-123.301964,48.868826],[-123.301896,48.868878],[-123.301856,48.8689],[-123.301766,48.868933],[-123.2999,48.86949],[-123.299681,48.869575],[-123.299495,48.869688],[-123.299349,48.869825],[-123.299289,48.869919],[-123.299237,48.869984],[-123.299204,48.870012],[-123.299164,48.870036],[-123.29907,48.870073],[-123.298493,48.870255],[-123.298297,48.870333],[-123.298128,48.870434],[-123.29799,48.870555],[-123.29789,48.87069],[-123.297811,48.870832],[-123.297759,48.870901],[-123.297724,48.870932],[-123.29768,48.870957],[-123.29763,48.870976],[-123.297518,48.871],[-123.294919,48.871389],[-123.294692,48.87144],[-123.294484,48.871519],[-123.294304,48.871624],[-123.294212,48.871706],[-123.294142,48.871755],[-123.294092,48.871778],[-123.294036,48.871794],[-123.293868,48.871815],[-123.293642,48.87186],[-123.293434,48.871933],[-123.293252,48.872031],[-123.293102,48.872151],[-123.292991,48.872288],[-123.292924,48.872436],[-123.292902,48.872591],[-123.292902,48.872638],[-123.292891,48.872674],[-123.29287,48.872709],[-123.29284,48.87274],[-123.29276,48.872794],[-123.292446,48.87297],[-123.292301,48.873067],[-123.292183,48.873179],[-123.292097,48.873302],[-123.291731,48.873971],[-123.291682,48.874039],[-123.291648,48.874069],[-123.291607,48.874094],[-123.291516,48.874131],[-123.291394,48.87417],[-123.291208,48.874264],[-123.291053,48.874379],[-123.291001,48.874427],[-123.29096,48.874452],[-123.290882,48.874485],[-123.290705,48.874546],[-123.290505,48.874659],[-123.290452,48.874695],[-123.290404,48.874718],[-123.290351,48.874733],[-123.290294,48.874741],[-123.290235,48.874742],[-123.290178,48.874735],[-123.290068,48.874705],[-123.287428,48.87379],[-123.287339,48.873752],[-123.287301,48.873729],[-123.287207,48.873646],[-123.287183,48.873621],[-123.287023,48.873509],[-123.286833,48.87342],[-123.28662,48.873357],[-123.286392,48.873322],[-123.286158,48.873317],[-123.285953,48.87334],[-123.285885,48.873343],[-123.285831,48.873339],[-123.285726,48.873318],[-123.284964,48.873114],[-123.284875,48.873085],[-123.284836,48.873066],[-123.284767,48.873019],[-123.28392270631211,48.87233751145018],[-123.26400451784,48.8637865153709],[-123.263644,48.86382],[-123.26354,48.863823],[-123.263489,48.863819],[-123.263439,48.863809],[-123.263347,48.863778],[-123.256362,48.860893],[-123.256285,48.860855],[-123.256218,48.860809],[-123.255534,48.860258],[-123.25539,48.86016],[-123.255222,48.86008],[-123.24597,48.85643],[-123.245871,48.856381],[-123.245831,48.856351],[-123.245802,48.856316],[-123.245784,48.856278],[-123.245778,48.856238],[-123.245785,48.856199],[-123.245823,48.856122],[-123.245847,48.856088],[-123.245926,48.855928],[-123.245953,48.855761],[-123.245924,48.855594],[-123.245843,48.855435],[-123.245684,48.855208],[-123.245645,48.855134],[-123.245637,48.855096],[-123.245642,48.855058],[-123.245657,48.85502],[-123.245684,48.854986],[-123.24572,48.854956],[-123.245765,48.854931],[-123.245869,48.854894],[-123.246413,48.854743],[-123.246517,48.854721],[-123.246571,48.854717],[-123.246625,48.854719],[-123.246731,48.854736],[-123.255002,48.856641],[-123.255165,48.856692],[-123.25609946506046,48.85705935827148],[-123.27225537286749,48.85860937156662],[-123.272222,48.858583],[-123.272048,48.85849],[-123.267823,48.856615],[-123.267731,48.856565],[-123.267659,48.856505],[-123.267607,48.85645],[-123.26750891955425,48.85638068981834],[-123.26702196433627,48.85618223889046],[-123.26687,48.856155],[-123.266713,48.856146],[-123.266628,48.856135],[-123.266521,48.856107],[-123.258589,48.853394],[-123.25851,48.853363],[-123.243736,48.846966],[-123.243643,48.846916],[-123.243606,48.846886],[-123.243578,48.846851],[-123.243562,48.846814],[-123.243558,48.846775],[-123.243565,48.846737],[-123.24359059063293,48.84668778724436],[-123.2435062,48.8466787],[-123.24349,48.84661],[-123.24358,48.84639],[-123.2437545,48.8462534],[-123.2438622763308,48.84629383008472],[-123.243912,48.846238],[-123.243949,48.84621],[-123.243993,48.846187],[-123.244043,48.84617],[-123.244097,48.84616],[-123.244211,48.846154],[-123.24439192186209,48.846155343479175],[-123.24838441156204,48.83958825761758],[-123.248431,48.838872],[-123.248422,48.838737],[-123.248378,48.838605],[-123.248292,48.838424],[-123.24821,48.838292],[-123.248093,48.838173],[-123.247945,48.838069],[-123.247772,48.837985],[-123.246755,48.837578],[-123.246662,48.837532],[-123.246584,48.837475],[-123.246142,48.837076],[-123.246085,48.837012],[-123.246066,48.836978],[-123.246057,48.836942],[-123.246062,48.836863],[-123.246075,48.836791],[-123.246059,48.836638],[-123.245998,48.83649],[-123.245894,48.836352],[-123.245752,48.83623],[-123.244909,48.835641],[-123.244843,48.835585],[-123.244819,48.835554],[-123.244803,48.835521],[-123.244796,48.835486],[-123.2448,48.835451],[-123.244825,48.835383],[-123.245069,48.834912],[-123.245116,48.834844],[-123.245149,48.834814],[-123.245189,48.834788],[-123.245286,48.834748],[-123.246098,48.834475],[-123.24631,48.834385],[-123.246487,48.834267],[-123.246623,48.834128],[-123.246712,48.833973],[-123.246749,48.833809],[-123.246757,48.833699],[-123.246738,48.833521],[-123.246658,48.83335],[-123.246007,48.83237],[-123.245974,48.832305],[-123.245959,48.832237],[-123.245856,48.831112],[-123.245861,48.831032],[-123.245876,48.830994],[-123.245902,48.830958],[-123.245938,48.830927],[-123.245984,48.830902],[-123.246037,48.830883],[-123.246153,48.830859],[-123.25112,48.83022],[-123.251374,48.830167],[-123.251604,48.830079],[-123.252958,48.829417],[-123.253137,48.829309],[-123.253279,48.82918],[-123.253378,48.829034],[-123.253431,48.828878],[-123.253435,48.828718],[-123.25339,48.828561],[-123.25331566685993,48.82844350568182],[-123.25239855685977,48.82794233404604],[-123.248422,48.826641],[-123.248337,48.826607],[-123.248291,48.82658],[-123.2481,48.826492],[-123.247887,48.826429],[-123.247659,48.826396],[-123.247426,48.826391],[-123.247196,48.826417],[-123.246978,48.826472],[-123.246867,48.826508],[-123.246756,48.826536],[-123.246698,48.826542],[-123.246639,48.826541],[-123.246523,48.826522],[-123.245998,48.826399],[-123.245888,48.826364],[-123.24584,48.82634],[-123.245801,48.82631],[-123.245741,48.82624],[-123.245482,48.825843],[-123.245364,48.825703],[-123.245205,48.825582],[-123.245012,48.825484],[-123.244769,48.825386],[-123.244683,48.825344],[-123.244647,48.825318],[-123.244579,48.825247],[-123.244442,48.82513],[-123.244274,48.825033],[-123.244081,48.824957],[-123.243871,48.824907],[-123.24365,48.824884],[-123.243426,48.824888],[-123.243207,48.824919],[-123.243153,48.82493],[-123.239464,48.825445],[-123.239359,48.825453],[-123.239307,48.825451],[-123.239204,48.825435],[-123.231714,48.823769],[-123.231601,48.823735],[-123.231552,48.823711],[-123.23147,48.82365],[-123.230574,48.822818],[-123.230512,48.822745],[-123.230475,48.822664],[-123.229986,48.820941],[-123.229976,48.820871],[-123.229981,48.820836],[-123.229995,48.820802],[-123.230018,48.820771],[-123.230081,48.820714],[-123.231714,48.819487],[-123.231865,48.819344],[-123.231965,48.819183],[-123.232201,48.818636],[-123.232243,48.818475],[-123.232234,48.818313],[-123.232175,48.818155],[-123.232068,48.818008],[-123.231917,48.817879],[-123.231375,48.817504],[-123.231302,48.817442],[-123.231276,48.817408],[-123.231261,48.817371],[-123.231258,48.817333],[-123.231274,48.817255],[-123.231283,48.817231],[-123.231316,48.817078],[-123.231302,48.816923],[-123.231243,48.816773],[-123.23114,48.816634],[-123.230924,48.816402],[-123.23078,48.816278],[-123.230601,48.816174],[-123.227773,48.814842],[-123.227687,48.814792],[-123.227652,48.814763],[-123.227627,48.81473],[-123.227612,48.814694],[-123.227603,48.814619],[-123.227611,48.814308],[-123.227625,48.814227],[-123.227645,48.814189],[-123.227676,48.814155],[-123.227718,48.814125],[-123.227767,48.814102],[-123.227823,48.814086],[-123.227944,48.81407],[-123.228954,48.814009],[-123.22909,48.814011],[-123.229222,48.814033],[-123.23740462812574,48.81611181373801],[-123.237569,48.816138],[-123.237579,48.816141],[-123.237596,48.816148],[-123.23764870686212,48.81617382244995],[-123.23971770999371,48.816699457009875],[-123.25556046296113,48.81962329507006],[-123.258493,48.819682],[-123.258622,48.819694],[-123.258744,48.819724],[-123.2619869352475,48.82080932405771],[-123.27876223493755,48.823905267029595],[-123.278544,48.823691],[-123.27849,48.823625],[-123.278473,48.82359],[-123.278467,48.823554],[-123.278471,48.823517],[-123.278486,48.823482],[-123.27851,48.823449],[-123.278544,48.82342],[-123.278585,48.823395],[-123.278682,48.823357],[-123.279152,48.823208],[-123.279253,48.823184],[-123.279305,48.823177],[-123.279358,48.823178],[-123.27941,48.823184],[-123.279511,48.823209],[-123.282844,48.824292],[-123.283033,48.824374],[-123.28386306668389,48.82484664420244],[-123.28886317874185,48.82576943318806],[-123.288921,48.825745],[-123.289021,48.825711],[-123.289074,48.825701],[-123.289129,48.825697],[-123.28924,48.825704],[-123.291,48.82592],[-123.291107,48.82594],[-123.291156,48.825956],[-123.291199,48.825978],[-123.291236,48.826005],[-123.291264,48.826036],[-123.291283,48.82607],[-123.291302,48.826142],[-123.29131,48.826215],[-123.29131165101113,48.82622130770917],[-123.29559624108859,48.82701204449378],[-123.296173,48.826846],[-123.296291,48.826822],[-123.296352,48.826818],[-123.296475,48.826827],[-123.297421,48.826963],[-123.297623,48.82698],[-123.297827,48.826975],[-123.298027,48.826946],[-123.299181,48.826713],[-123.299286,48.826698],[-123.299339,48.826697],[-123.299391,48.826702],[-123.299492,48.826726],[-123.305554,48.828533],[-123.305819,48.828589],[-123.307467,48.828799],[-123.307582,48.828822],[-123.307634,48.828841],[-123.30768,48.828866],[-123.307754,48.828928],[-123.308065,48.829247],[-123.30816854272774,48.82933230878827],[-123.31431996431482,48.83046757616241],[-123.314325,48.830444],[-123.314344,48.830409],[-123.314372,48.830377],[-123.314409,48.83035],[-123.314453,48.830327],[-123.314503,48.83031],[-123.314613,48.83029],[-123.31525,48.830213],[-123.315363,48.830207],[-123.315419,48.830211],[-123.315528,48.830233],[-123.32064102165022,48.831634150434944],[-123.32120204992651,48.83173769025725],[-123.327405,48.83256],[-123.32751,48.832581],[-123.327557,48.832597],[-123.3276,48.832619],[-123.327673,48.832672],[-123.328416,48.833333],[-123.328474,48.833397],[-123.328494,48.833432],[-123.328503,48.833468],[-123.328501,48.833505],[-123.328488,48.833541],[-123.328465,48.833575],[-123.328433,48.833605],[-123.328392,48.833631],[-123.328345,48.833651],[-123.328293,48.833665],[-123.328238,48.833672],[-123.328182,48.833672],[-123.32806556544618,48.833679794781844],[-123.33259664908879,48.839927197986036],[-123.332902,48.840016],[-123.332994,48.84005],[-123.333035,48.840071],[-123.333069,48.840097],[-123.333122,48.840157],[-123.334444,48.84198],[-123.334484,48.842054],[-123.334492,48.842092],[-123.334489,48.842131],[-123.334474,48.842168],[-123.334447,48.842203],[-123.334411,48.842233],[-123.33432,48.842284],[-123.333082,48.842848],[-123.332972,48.842887],[-123.332914,48.842899],[-123.332852,48.842902],[-123.332729,48.842891],[-123.32905042283603,48.84230837112452],[-123.32171098541069,48.842756581043616],[-123.321746,48.842839],[-123.321856,48.84298],[-123.322006,48.843104],[-123.322919,48.843715],[-123.323068,48.8438],[-123.323236,48.843867],[-123.323419,48.843915],[-123.324333,48.844101],[-123.324438,48.84413],[-123.324485,48.84415],[-123.324525,48.844176],[-123.324557,48.844207],[-123.324602,48.844276],[-123.324766,48.844613],[-123.324791,48.844688],[-123.324792,48.844726],[-123.324782,48.844763],[-123.32476,48.844798],[-123.324707,48.844853],[-123.324599,48.844991],[-123.32459558423018,48.84499895233912],[-123.33613519638483,48.85205623580559],[-123.341576,48.853707],[-123.341669,48.853742],[-123.341751,48.853788],[-123.342822,48.854505],[-123.342895,48.854564],[-123.342921,48.854597],[-123.342938,48.854633],[-123.342949,48.854708],[-123.342949,48.854753],[-123.342971,48.854906],[-123.343039,48.855052],[-123.343148,48.855188],[-123.343295,48.855306],[-123.343474,48.855404],[-123.343679,48.855477],[-123.343901,48.855523],[-123.344133,48.855539],[-123.344798,48.855543],[-123.344925,48.855553],[-123.344984,48.855566],[-123.345038,48.855588],[-123.34513,48.855645],[-123.346092,48.856395],[-123.346156,48.856456],[-123.346178,48.856489],[-123.346191,48.856525],[-123.346193,48.856561]],[[-123.340319,48.679794],[-123.340117,48.679789],[-123.338733,48.679661],[-123.338522,48.679628],[-123.338522,48.679486],[-123.338533,48.679414],[-123.3385212,48.6790773],[-123.33859,48.67902],[-123.33896,48.67902],[-123.3394,48.67925],[-123.34002,48.67933],[-123.3401443,48.6794336],[-123.340195,48.679517],[-123.340188,48.679518],[-123.340319,48.679794]],[[-123.339989,48.678156],[-123.339941,48.678676],[-123.3399764,48.67882],[-123.33968,48.67882],[-123.33957,48.67877],[-123.33942,48.67882],[-123.33907,48.67872],[-123.33881,48.67874],[-123.33849,48.67845],[-123.3383304,48.6781612],[-123.33831,48.678085],[-123.33853,48.678067],[-123.339755,48.678053],[-123.339984,48.678066],[-123.339989,48.678156]],[[-123.333704,48.695021],[-123.333494,48.694999],[-123.332153,48.694768],[-123.331965,48.694723],[-123.332087,48.694618],[-123.33324,48.693801],[-123.333396,48.693711],[-123.333448,48.693843],[-123.333693,48.694881],[-123.333704,48.695021]],[[-123.3329,48.7183],[-123.3282,48.7308],[-123.2914,48.7159],[-123.2982,48.6991],[-123.3329,48.7183]],[[-123.329661,48.684791],[-123.329577,48.684705],[-123.328529,48.68337],[-123.328445,48.68323],[-123.328532,48.683091],[-123.329028,48.682478],[-123.32913,48.682377],[-123.329174,48.682495],[-123.329655,48.684689],[-123.329661,48.684791]],[[-123.3277465,48.8079359],[-123.3277444,48.8079776],[-123.3277298,48.8080182],[-123.3277032,48.8080561],[-123.3276657,48.8080897],[-123.3276189,48.8081178],[-123.3275645,48.8081392],[-123.3275047,48.808153],[-123.327442,48.8081587],[-123.3273137,48.8081535],[-123.32551812337447,48.80795975770963],[-123.32400613950736,48.8151308811936],[-123.3247617,48.815391],[-123.3248705,48.8154383],[-123.3249159,48.8154682],[-123.3249512,48.8155036],[-123.3249749,48.8155429],[-123.3249862,48.8155845],[-123.3249844,48.8156268],[-123.3249698,48.815668],[-123.3249428,48.8157064],[-123.3248594,48.8157807],[-123.3247292,48.8159245],[-123.3246442,48.8160822],[-123.3246075,48.8162479],[-123.3246208,48.8164151],[-123.3246834,48.8165773],[-123.3247278,48.8166581],[-123.3247372,48.8166978],[-123.3247348,48.816738],[-123.3247178,48.8167859],[-123.3246439,48.8169311],[-123.3246121,48.8171],[-123.3246318,48.8172697],[-123.3247024,48.8174335],[-123.324821,48.8175848],[-123.3249828,48.8177175],[-123.3251815,48.8178264],[-123.3254091,48.8179072],[-123.3274139,48.8184566],[-123.3275281,48.8184972],[-123.3275771,48.8185243],[-123.3276169,48.8185573],[-123.3276459,48.8185948],[-123.3276627,48.8186355],[-123.3276669,48.8186775],[-123.3276492,48.8187621],[-123.3274708,48.8192463],[-123.3274249,48.8193307],[-123.3273895,48.8193681],[-123.3273429,48.8193999],[-123.3272431,48.8194439],[-123.3270871,48.8194982],[-123.3268734,48.8196173],[-123.3267037,48.819764],[-123.3264082,48.8200863],[-123.3263375,48.8201494],[-123.3262944,48.8201758],[-123.3262448,48.8201966],[-123.3261901,48.8202109],[-123.3261324,48.8202184],[-123.3260133,48.8202192],[-123.32493,48.8201597],[-123.3246828,48.8201617],[-123.3244406,48.8201947],[-123.3242123,48.8202573],[-123.3240063,48.8203474],[-123.32383,48.8204616],[-123.32369,48.8205958],[-123.3235912,48.8207451],[-123.3235832,48.8207688],[-123.3235317,48.8208732],[-123.3235026,48.820908],[-123.3234754,48.8209295],[-123.3233414,48.8210579],[-123.3232451,48.8212002],[-123.3231897,48.8213516],[-123.3231771,48.8215072],[-123.3231831,48.8215376],[-123.3231862,48.8216368],[-123.3231747,48.821678],[-123.323151,48.8217169],[-123.323116,48.8217519],[-123.3230248,48.8218121],[-123.3223612,48.8221701],[-123.3222634,48.8222136],[-123.3222099,48.822229],[-123.322153,48.8222376],[-123.322035,48.822241],[-123.3137827,48.8219789],[-123.3134837,48.8219923],[-123.3105443,48.8223516],[-123.3104133,48.8223586],[-123.3102829,48.822348],[-123.3068345,48.8218264],[-123.3067241,48.8218026],[-123.3066736,48.8217846],[-123.3066289,48.8217609],[-123.3065913,48.8217323],[-123.3065324,48.8216665],[-123.305845,48.8207111],[-123.3057132,48.8205668],[-123.3055409,48.8204423],[-123.3053347,48.8203426],[-123.3051029,48.8202715],[-123.3048543,48.8202318],[-123.3045987,48.820225],[-123.3039447,48.8202503],[-123.3038144,48.8202466],[-123.303752,48.8202363],[-123.3036941,48.8202179],[-123.3035904,48.8201657],[-123.3031376,48.8198858],[-123.3030502,48.8198193],[-123.3030184,48.8197814],[-123.3029793,48.8196972],[-123.3025308,48.8181834],[-123.3024536,48.8180163],[-123.3023263,48.8178631],[-123.3021542,48.8177301],[-123.3009108,48.8169481],[-123.3007135,48.8168461],[-123.3004901,48.8167711],[-123.3002489,48.8167259],[-123.299999,48.8167121],[-123.2997498,48.8167303],[-123.2995105,48.8167798],[-123.2992902,48.8168587],[-123.2958017,48.8184141],[-123.2956962,48.8184522],[-123.2956398,48.8184643],[-123.2955808,48.8184693],[-123.2954608,48.8184646],[-123.2896859,48.8178783],[-123.2895409,48.8178519],[-123.2894093,48.8178039],[-123.2856222,48.8160126],[-123.2855453,48.8159698],[-123.2854795,48.8159198],[-123.2826389,48.8133842],[-123.2824395,48.8132429],[-123.2793697,48.8115103],[-123.2792792,48.8114475],[-123.279245,48.8114113],[-123.2792228,48.8113712],[-123.2792134,48.811329],[-123.2792172,48.8112865],[-123.2792341,48.8112453],[-123.2792634,48.8112072],[-123.2793037,48.8111739],[-123.2793524,48.8111473],[-123.2795302,48.811029],[-123.2796697,48.8108902],[-123.2797656,48.8107362],[-123.2798142,48.8105729],[-123.2798137,48.8104064],[-123.2797642,48.8102432],[-123.2796674,48.8100895],[-123.2795271,48.809951],[-123.2793487,48.8098331],[-123.2791948,48.8097651],[-123.2791199,48.8097229],[-123.2790791,48.8096875],[-123.2790212,48.8096055],[-123.2788644,48.809302],[-123.2787586,48.8091489],[-123.2786093,48.8090124],[-123.2784223,48.8088979],[-123.2782047,48.8088098],[-123.2779651,48.8087516],[-123.2771872,48.8086181],[-123.2770558,48.8085851],[-123.2769981,48.8085599],[-123.2769004,48.8084933],[-123.276371,48.808042],[-123.2763065,48.8079749],[-123.2762847,48.8079384],[-123.2762735,48.8078999],[-123.2762734,48.8078607],[-123.2762844,48.8078222],[-123.2763061,48.8077857],[-123.2763378,48.8077525],[-123.2763783,48.8077237],[-123.2764262,48.8077005],[-123.2765349,48.8076662],[-123.2765364,48.8076658],[-123.2767513,48.8075982],[-123.2769437,48.8075059],[-123.2771072,48.8073919],[-123.2772362,48.8072601],[-123.2773264,48.807115],[-123.2773747,48.8069614],[-123.2773796,48.8068047],[-123.2773407,48.80665],[-123.2773063,48.8065634],[-123.2773024,48.8065236],[-123.27731,48.806484],[-123.2773289,48.8064461],[-123.2773584,48.8064112],[-123.2773974,48.8063807],[-123.277493,48.8063297],[-123.2776756,48.8062106],[-123.277819,48.8060702],[-123.2779174,48.8059138],[-123.277967,48.8057478],[-123.2779658,48.8055785],[-123.2779139,48.8054127],[-123.2778133,48.805257],[-123.2776679,48.8051174],[-123.2756744,48.8035601],[-123.2756017,48.8034902],[-123.2755468,48.8034045],[-123.2754212,48.8032535],[-123.2752521,48.8031222],[-123.2750465,48.803016],[-123.2748126,48.8029391],[-123.27456,48.8028947],[-123.2744384,48.8028818],[-123.2743175,48.8028517],[-123.2730861,48.8024483],[-123.2728432,48.8023879],[-123.272587,48.8023607],[-123.2723277,48.8023676],[-123.2718174,48.8024153],[-123.2716935,48.8024189],[-123.2716329,48.8024129],[-123.2715753,48.8023994],[-123.2715226,48.8023789],[-123.27143,48.8023246],[-123.2686633,48.800355],[-123.2684109,48.8002159],[-123.2655977,48.79903],[-123.2654028,48.7989215],[-123.2631412,48.7972802],[-123.2630543,48.7972],[-123.2629979,48.7971089],[-123.2629196,48.7969225],[-123.262821,48.7967571],[-123.2626724,48.7966088],[-123.2624805,48.796484],[-123.2622534,48.7963881],[-123.259925,48.7956171],[-123.2598297,48.7955784],[-123.2597461,48.7955294],[-123.2558021,48.7927794],[-123.2556774,48.7926715],[-123.2542935,48.7911643],[-123.2542302,48.7910718],[-123.2542022,48.7909721],[-123.25410860248316,48.78998917520681],[-123.24518386436092,48.77766975141845],[-123.2445275,48.7773823],[-123.2444239,48.7773258],[-123.2443404,48.7772562],[-123.243671,48.7765597],[-123.243614,48.7764849],[-123.2435974,48.7764451],[-123.243593,48.7764039],[-123.2436093,48.7763208],[-123.24380428811718,48.77576542838259],[-123.24119117484854,48.77215837018969],[-123.2403024,48.7717929],[-123.240203,48.7717425],[-123.2401622,48.7717119],[-123.2401312,48.7716766],[-123.2400907,48.7715984],[-123.239992,48.771323],[-123.2398972,48.7711472],[-123.2397467,48.7709892],[-123.2395476,48.7708565],[-123.2392971,48.7707227],[-123.2392052,48.7706626],[-123.2391698,48.7706275],[-123.2391459,48.7705885],[-123.2391342,48.7705471],[-123.2391354,48.7705051],[-123.2391494,48.770464],[-123.2391756,48.7704256],[-123.2392513,48.7703564],[-123.2399443,48.7698411],[-123.2400403,48.7697828],[-123.2400954,48.769761],[-123.2401561,48.769747],[-123.2402198,48.7697414],[-123.2402839,48.7697443],[-123.2403459,48.7697557],[-123.240403,48.7697751],[-123.240453,48.7698018],[-123.2404938,48.7698345],[-123.2405853,48.769949],[-123.2405894,48.7699475],[-123.2406537,48.7700286],[-123.2408133,48.7701592],[-123.2408876415723,48.77020008215497],[-123.24248254515011,48.77033448414186],[-123.242555,48.7703114],[-123.2434338,48.769961],[-123.243557,48.769923],[-123.2436222,48.7699131],[-123.2436891,48.7699125],[-123.2438224,48.7699302],[-123.2457404,48.7703273],[-123.2459723,48.7703603],[-123.2462094,48.7703648],[-123.248015,48.7702899],[-123.2481434,48.7702931],[-123.248205,48.7703029],[-123.2482624,48.7703206],[-123.2483657,48.7703711],[-123.2489515,48.7707226],[-123.2491568,48.7708233],[-123.2493882,48.7708953],[-123.2496366,48.7709359],[-123.24976462499049,48.770948142555376],[-123.2745797501858,48.773039304790935],[-123.2745446,48.7729332],[-123.2744292,48.7727672],[-123.2742628,48.7726212],[-123.274053,48.7725019],[-123.2699853,48.7706488],[-123.2697491,48.7705636],[-123.259633,48.7677726],[-123.2595233,48.7677337],[-123.2594758,48.767708],[-123.2594367,48.7676767],[-123.2594075,48.7676411],[-123.2593893,48.7676024],[-123.259376,48.7675208],[-123.2593672,48.7669536],[-123.2593781,48.7668717],[-123.2593951,48.7668328],[-123.2594296,48.7667886],[-123.2595467,48.7666695],[-123.2596386,48.7665208],[-123.2596865,48.7663633],[-123.2596887,48.7662027],[-123.2596452,48.7660447],[-123.2595576,48.7658948],[-123.2594288,48.7657585],[-123.2592636,48.7656404],[-123.2590677,48.7655449],[-123.2588481,48.7654753],[-123.2574155,48.7651264],[-123.25737815120554,48.76511405789446],[-123.257879,48.76581],[-123.257905,48.765857],[-123.257911,48.765881],[-123.257909,48.765931],[-123.257858,48.766209],[-123.25784,48.766262],[-123.257813,48.766302],[-123.25776,48.766405],[-123.257741,48.766513],[-123.257755,48.766621],[-123.257802,48.766725],[-123.25788,48.76682],[-123.257986,48.766904],[-123.258116,48.766971],[-123.258207,48.767001],[-123.258206,48.767002],[-123.258317,48.767038],[-123.258349,48.767055],[-123.258376,48.767076],[-123.258395,48.7671],[-123.258419,48.767152],[-123.258484,48.76738],[-123.258491,48.76743],[-123.258487,48.767455],[-123.258477,48.767479],[-123.25846,48.767501],[-123.258437,48.767521],[-123.258408,48.767537],[-123.258376,48.76755],[-123.25834,48.767558],[-123.258265,48.767566],[-123.254824,48.767713],[-123.254762,48.767713],[-123.254701,48.767706],[-123.251249,48.767141],[-123.251117,48.767127],[-123.250985,48.767128],[-123.250854,48.767143],[-123.249966,48.767293],[-123.249875,48.767301],[-123.249783,48.767296],[-123.245783,48.766748],[-123.245697,48.76673],[-123.24562,48.766699],[-123.244443,48.766106],[-123.244276,48.766041],[-123.242133,48.765424],[-123.242066,48.765399],[-123.242007,48.765367],[-123.240248,48.76419],[-123.240156,48.764138],[-123.237515,48.762836],[-123.237383,48.762783],[-123.237237,48.762747],[-123.233828,48.762157],[-123.23375,48.762138],[-123.233716,48.762124],[-123.233656,48.762085],[-123.232458,48.761137],[-123.232364,48.761074],[-123.232255,48.761022],[-123.232135,48.760983],[-123.231032,48.760696],[-123.230839,48.760663],[-123.227954,48.760417],[-123.227875,48.760405],[-123.227801,48.760382],[-123.226461,48.759859],[-123.226317,48.759815],[-123.226163,48.759791],[-123.226004,48.759786],[-123.224392,48.759847],[-123.224229,48.759864],[-123.224074,48.759903],[-123.223461,48.760107],[-123.22338,48.760128],[-123.223337,48.760132],[-123.22325,48.760128],[-123.219339,48.759657],[-123.219234,48.759638],[-123.214485,48.758463],[-123.21431,48.758434],[-123.210221,48.758068],[-123.210127,48.758052],[-123.210042,48.758022],[-123.208744,48.757416],[-123.208608,48.757365],[-123.20846,48.757332],[-123.205562,48.756887],[-123.205487,48.75687],[-123.205453,48.756857],[-123.205423,48.75684],[-123.205375,48.756798],[-123.204855,48.756242],[-123.204748,48.756151],[-123.204613,48.756078],[-123.204458,48.756025],[-123.201545,48.755286],[-123.201471,48.755261],[-123.201439,48.755244],[-123.201386,48.755201],[-123.20123,48.755045],[-123.20113,48.754964],[-123.201009,48.754897],[-123.20087,48.754847],[-123.200719,48.754817],[-123.200582,48.754798],[-123.200498,48.75478],[-123.200461,48.754766],[-123.200429,48.754746],[-123.200379,48.754699],[-123.200054,48.754304],[-123.199959,48.754213],[-123.199837,48.754136],[-123.199694,48.754078],[-123.199536,48.754041],[-123.199279,48.754],[-123.199136,48.753986],[-123.198992,48.753989],[-123.198852,48.754008],[-123.198718,48.754044],[-123.19818,48.754228],[-123.198105,48.754247],[-123.198066,48.754252],[-123.198026,48.754251],[-123.197987,48.754246],[-123.197951,48.754235],[-123.197918,48.75422],[-123.197891,48.754201],[-123.19787,48.754178],[-123.197835,48.754117],[-123.197825,48.754092],[-123.197755,48.753998],[-123.197659,48.753915],[-123.19754,48.753846],[-123.197402,48.753793],[-123.197252,48.75376],[-123.197094,48.753746],[-123.196936,48.753753],[-123.196819,48.753766],[-123.196136,48.753793],[-123.196068,48.753792],[-123.196002,48.753784],[-123.190381,48.752737],[-123.19031,48.752718],[-123.190277,48.752705],[-123.190221,48.75267],[-123.189682,48.752268],[-123.189637,48.752228],[-123.189621,48.752206],[-123.189612,48.752182],[-123.189609,48.752157],[-123.189613,48.752133],[-123.189624,48.752109],[-123.189642,48.752087],[-123.189689,48.752048],[-123.189825,48.751955],[-123.189936,48.75186],[-123.190012,48.751751],[-123.190048,48.751634],[-123.190084,48.751372],[-123.19008,48.751252],[-123.190035,48.751136],[-123.189953,48.751029],[-123.189251,48.750334],[-123.189155,48.750256],[-123.18904,48.750192],[-123.188908,48.750143],[-123.188765,48.750111],[-123.187091,48.74985],[-123.186926,48.749807],[-123.186071,48.74948],[-123.186007,48.749449],[-123.18598,48.74943],[-123.185939,48.749386],[-123.185856,48.749274],[-123.185784,48.749196],[-123.185694,48.749127],[-123.185586,48.749069],[-123.185466,48.749024],[-123.184988,48.748881],[-123.184841,48.748847],[-123.184686,48.748833],[-123.184531,48.748839],[-123.18438,48.748865],[-123.184239,48.748909],[-123.184237,48.74891],[-123.184202,48.748918],[-123.184165,48.748922],[-123.184127,48.748922],[-123.184054,48.748912],[-123.182605,48.748616],[-123.182536,48.748597],[-123.182505,48.748584],[-123.182479,48.748567],[-123.182435,48.748528],[-123.181379,48.747354],[-123.181298,48.74728],[-123.181199,48.747216],[-123.181085,48.747164],[-123.18096,48.747126],[-123.178834,48.74662],[-123.178683,48.746567],[-123.176673,48.745601],[-123.176545,48.745551],[-123.176404,48.745517],[-123.176257,48.745501],[-123.17491,48.745436],[-123.174841,48.745429],[-123.174774,48.745414],[-123.173427,48.745015],[-123.17335,48.744985],[-123.173318,48.744966],[-123.173294,48.744942],[-123.173261,48.744887],[-123.173163,48.74465],[-123.17315,48.7446],[-123.173151,48.744574],[-123.173159,48.744549],[-123.173175,48.744525],[-123.173221,48.744481],[-123.173283,48.744432],[-123.173363,48.744331],[-123.173408,48.744221],[-123.173411,48.744182],[-123.173426,48.744117],[-123.173441,48.744091],[-123.173463,48.744068],[-123.173522,48.744028],[-123.17379,48.743882],[-123.173854,48.743854],[-123.173889,48.743844],[-123.173926,48.743838],[-123.174004,48.743837],[-123.17532718881345,48.74390174318353],[-123.18261658058663,48.74126065920774],[-123.181146,48.740512],[-123.181089,48.740477],[-123.181067,48.740457],[-123.18105,48.740434],[-123.181041,48.740409],[-123.181039,48.740384],[-123.181045,48.740358],[-123.181058,48.740334],[-123.181077,48.740312],[-123.181103,48.740293],[-123.181164,48.740262],[-123.182191,48.739838],[-123.182255,48.739817],[-123.182289,48.73981],[-123.182322,48.739807],[-123.182432,48.739812],[-123.182591,48.739809],[-123.182745,48.739785],[-123.18289,48.739742],[-123.183018,48.739681],[-123.183031,48.739673],[-123.183063,48.73966],[-123.183133,48.739643],[-123.183153,48.73964],[-123.183297,48.739604],[-123.183429,48.739551],[-123.183543,48.739482],[-123.183635,48.7394],[-123.183701,48.739308],[-123.18374,48.739209],[-123.183749,48.739108],[-123.183729,48.739007],[-123.18368,48.73891],[-123.183604,48.738821],[-123.183503,48.738744],[-123.183424,48.738694],[-123.183377,48.738658],[-123.18334,48.738617],[-123.182924,48.738043],[-123.182895,48.737991],[-123.18289,48.737964],[-123.182893,48.737937],[-123.182905,48.73791],[-123.182924,48.737886],[-123.182951,48.737865],[-123.183017,48.737831],[-123.18352,48.737623],[-123.183638,48.737563],[-123.183738,48.737491],[-123.183815,48.737407],[-123.183868,48.737315],[-123.184143,48.736666],[-123.184171,48.736552],[-123.184162,48.736436],[-123.184157,48.736418],[-123.184121,48.736326],[-123.184061,48.73624],[-123.183978,48.736162],[-123.183875,48.736095],[-123.183756,48.736041],[-123.183484,48.73594],[-123.18342,48.735911],[-123.183393,48.735892],[-123.183372,48.735871],[-123.183357,48.735847],[-123.18335,48.735821],[-123.18335,48.735796],[-123.183358,48.735771],[-123.183374,48.735747],[-123.183396,48.735726],[-123.183423,48.735707],[-123.183456,48.735693],[-123.183528,48.735673],[-123.185657,48.735248],[-123.185798,48.735209],[-123.185927,48.735154],[-123.186037,48.735084],[-123.187506,48.733944],[-123.187568,48.733905],[-123.187605,48.733891],[-123.187645,48.733882],[-123.187729,48.733875],[-123.188546,48.733866],[-123.188627,48.73387],[-123.188666,48.733878],[-123.188701,48.73389],[-123.188733,48.733907],[-123.188758,48.733928],[-123.188777,48.733952],[-123.188787,48.733977],[-123.18879,48.734004],[-123.18879,48.734005],[-123.188785,48.734106],[-123.188808,48.734205],[-123.18886,48.734301],[-123.188938,48.734388],[-123.18904,48.734463],[-123.189161,48.734525],[-123.189267,48.734568],[-123.189443,48.734623],[-123.189634,48.734648],[-123.191566,48.734744],[-123.191746,48.73474],[-123.19192,48.734709],[-123.192567,48.734542],[-123.192717,48.734491],[-123.192847,48.734421],[-123.192952,48.734334],[-123.193028,48.734235],[-123.193165,48.733997],[-123.1932,48.73395],[-123.193225,48.733929],[-123.193255,48.733912],[-123.19329,48.733899],[-123.193366,48.733883],[-123.194225,48.73376],[-123.194261,48.733755],[-123.196662,48.73351],[-123.196736,48.733507],[-123.196773,48.73351],[-123.196808,48.733518],[-123.196841,48.733529],[-123.19687,48.733545],[-123.196902,48.73357],[-123.197012,48.73364],[-123.19714,48.733695],[-123.197281,48.733733],[-123.19743,48.733753],[-123.197582,48.733754],[-123.201078,48.733559],[-123.201236,48.73354],[-123.201385,48.7335],[-123.201519,48.733442],[-123.201633,48.733367],[-123.202555,48.732626],[-123.202616,48.732587],[-123.202651,48.732572],[-123.202691,48.732562],[-123.202775,48.732554],[-123.204764,48.732506],[-123.204928,48.73249],[-123.205083,48.732453],[-123.205224,48.732396],[-123.205344,48.732321],[-123.205439,48.732232],[-123.205504,48.732131],[-123.205536,48.732024],[-123.205535,48.731915],[-123.20552,48.731871],[-123.20551,48.731812],[-123.205513,48.731786],[-123.205524,48.73176],[-123.205543,48.731737],[-123.205568,48.731717],[-123.205599,48.7317],[-123.205635,48.731687],[-123.205673,48.73168],[-123.205713,48.731678],[-123.205794,48.731684],[-123.207844,48.731982],[-123.207922,48.731999],[-123.207957,48.732013],[-123.207987,48.73203],[-123.208011,48.732052],[-123.208046,48.7321],[-123.20814012812097,48.73227348031597],[-123.21899755881282,48.740117420040285],[-123.219071,48.740134],[-123.219139,48.740154],[-123.219169,48.740168],[-123.219195,48.740185],[-123.219216,48.740206],[-123.219231,48.740228],[-123.219246,48.740271],[-123.21926697665424,48.74031206068491],[-123.21971835755059,48.74063816035288],[-123.220219,48.740787],[-123.220285,48.740811],[-123.220313,48.740827],[-123.220337,48.740846],[-123.220373,48.74089],[-123.220562,48.741183],[-123.220647,48.741282],[-123.220761,48.741367],[-123.2209,48.741434],[-123.221058,48.74148],[-123.221227,48.741503],[-123.222349,48.741574],[-123.222409,48.741581],[-123.222468,48.741593],[-123.224133,48.742056],[-123.224202,48.74208],[-123.224263,48.742114],[-123.224388,48.742197],[-123.224508,48.742262],[-123.224645,48.742312],[-123.224794,48.742343],[-123.224949,48.742354],[-123.225104,48.742346],[-123.225141,48.742339],[-123.225237,48.742328],[-123.225278,48.742329],[-123.225318,48.742336],[-123.225355,48.742347],[-123.225387,48.742364],[-123.225414,48.742384],[-123.225454,48.742432],[-123.225725,48.742848],[-123.225803,48.742941],[-123.225907,48.743021],[-123.226034,48.743087],[-123.226178,48.743134],[-123.226333,48.743162],[-123.226494,48.743169],[-123.226625,48.743166],[-123.2267,48.743169],[-123.226737,48.743175],[-123.226805,48.743196],[-123.226883,48.743225],[-123.227021,48.743267],[-123.227169,48.743291],[-123.227321,48.743296],[-123.227471,48.743282],[-123.227615,48.74325],[-123.227748,48.743201],[-123.227783,48.743185],[-123.227821,48.743174],[-123.227861,48.743169],[-123.227902,48.743169],[-123.227943,48.743175],[-123.22798,48.743186],[-123.228047,48.743218],[-123.228204,48.74331],[-123.228262,48.743353],[-123.228284,48.743378],[-123.228296,48.743406],[-123.228303,48.743463],[-123.2283,48.74352],[-123.22831,48.743618],[-123.228346,48.743714],[-123.228409,48.743804],[-123.228496,48.743884],[-123.228605,48.743953],[-123.229855,48.744608],[-123.229914,48.744645],[-123.229936,48.744667],[-123.229952,48.744692],[-123.22996,48.744718],[-123.229959,48.744771],[-123.229827,48.745571],[-123.229813,48.745618],[-123.2298,48.74564],[-123.229781,48.74566],[-123.229733,48.745695],[-123.22810224467342,48.74669509104979],[-123.2376193034669,48.75357068046385],[-123.2384961,48.7535915],[-123.23901,48.75386],[-123.24009,48.75415],[-123.24059752080124,48.75401986646122],[-123.241111,48.753784],[-123.241178,48.753759],[-123.241215,48.753751],[-123.241253,48.753748],[-123.241291,48.753749],[-123.241328,48.753755],[-123.241363,48.753766],[-123.241387,48.753778],[-123.24148158950054,48.75381501328282],[-123.2423215,48.7536824],[-123.242431,48.753685],[-123.242642,48.753702],[-123.242811,48.753788],[-123.243024,48.7539184],[-123.2430414004947,48.75394686223777],[-123.24683,48.755391],[-123.246891,48.75542],[-123.246917,48.755438],[-123.246959,48.755479],[-123.248244,48.75709],[-123.24830188771571,48.757148593663466],[-123.24855307698041,48.75730233016918],[-123.248689,48.757344],[-123.248835,48.757368],[-123.248979,48.757382],[-123.249061,48.757397],[-123.249099,48.757409],[-123.249132,48.757427],[-123.249158,48.757449],[-123.249177,48.757474],[-123.249198,48.757526],[-123.249257,48.757631],[-123.249348,48.757725],[-123.249467,48.757804],[-123.249608,48.757865],[-123.251233,48.75842],[-123.251292,48.758444],[-123.251318,48.75846],[-123.251361,48.758496],[-123.252826,48.759988],[-123.252919,48.760066],[-123.253032,48.760131],[-123.253161,48.760181],[-123.253302,48.760214],[-123.25345,48.76023],[-123.2536,48.760227],[-123.253746,48.760206],[-123.25382,48.760191],[-123.253863,48.760188],[-123.253949,48.760195],[-123.254636,48.760302],[-123.254715,48.760321],[-123.254751,48.760335],[-123.254781,48.760353],[-123.254805,48.760376],[-123.254821,48.760401],[-123.254838,48.760455],[-123.25487,48.76069],[-123.254869,48.760757],[-123.254853,48.760845],[-123.25487,48.760956],[-123.25492,48.761062],[-123.255003,48.761159],[-123.255115,48.761242],[-123.25676,48.762233],[-123.256811,48.762271],[-123.256831,48.762293],[-123.256844,48.762317],[-123.256851,48.762342],[-123.256849,48.762367],[-123.256841,48.762392],[-123.256825,48.762415],[-123.256803,48.762436],[-123.256776,48.762453],[-123.256744,48.762467],[-123.256708,48.762477],[-123.256632,48.762487],[-123.256232,48.762514],[-123.256076,48.762535],[-123.255929,48.762575],[-123.255797,48.762634],[-123.255685,48.762709],[-123.255598,48.762797],[-123.255539,48.762895],[-123.25551,48.762998],[-123.255512,48.763103],[-123.255546,48.763205],[-123.25561,48.763302],[-123.255701,48.763388],[-123.255815,48.76346],[-123.256238,48.763679],[-123.256291,48.763712],[-123.256312,48.763731],[-123.256328,48.763753],[-123.256348,48.763799],[-123.256477,48.764263],[-123.256519,48.76436],[-123.256589,48.76445],[-123.256682,48.76453],[-123.25681468661351,48.764623343489745],[-123.2566957,48.7644952],[-123.2566429,48.7644243],[-123.2566272,48.7643868],[-123.2566223,48.7643479],[-123.2566283,48.7643092],[-123.2566452,48.7642718],[-123.2566723,48.7642371],[-123.2567459,48.7641749],[-123.2573395,48.7637594],[-123.2574891,48.7636327],[-123.2575999,48.7634897],[-123.2576682,48.7633356],[-123.2576914,48.7631758],[-123.2576687,48.763016],[-123.2576237,48.7628595],[-123.2576125,48.7627795],[-123.2576183,48.76274],[-123.2576354,48.762702],[-123.257663,48.7626667],[-123.2577002,48.7626355],[-123.2577457,48.7626096],[-123.2577978,48.7625897],[-123.2578546,48.7625767],[-123.2579142,48.7625709],[-123.2579743,48.7625727],[-123.2580929,48.7625914],[-123.2585514,48.7626949],[-123.2587908,48.7627326],[-123.2590368,48.7627397],[-123.2592803,48.762716],[-123.2595126,48.7626623],[-123.2597253,48.7625806],[-123.2599106,48.7624737],[-123.2599131,48.762472],[-123.2599659,48.7624476],[-123.2600251,48.7624309],[-123.2600882,48.7624223],[-123.2601527,48.7624224],[-123.2602807,48.76244],[-123.2606252,48.762512],[-123.2608923,48.762548],[-123.261165,48.7625463],[-123.261431,48.7625069],[-123.2616786,48.7624317],[-123.26233208443011,48.76217497523906],[-123.24721176510981,48.74943662403087],[-123.239918,48.7464212],[-123.2398252,48.7463746],[-123.2397864,48.7463465],[-123.2397248,48.7462812],[-123.2390395,48.7453828],[-123.2389945,48.7453061],[-123.2389838,48.7452662],[-123.238985,48.7452256],[-123.2389981,48.7451859],[-123.2390225,48.7451487],[-123.2390574,48.7451153],[-123.2391015,48.7450869],[-123.239153,48.7450647],[-123.23921,48.7450495],[-123.2393324,48.7450339],[-123.2394587,48.7450261],[-123.2397014,48.7449954],[-123.2399309,48.7449349],[-123.2401387,48.7448467],[-123.2403172,48.744734],[-123.24046,48.744601],[-123.2405618,48.7444525],[-123.2406189,48.7442939],[-123.2406292,48.7441311],[-123.2405924,48.74397],[-123.2405097,48.7438164],[-123.24041545413381,48.743710964783965],[-123.24029480852501,48.743609324990246],[-123.2402205,48.7435539],[-123.2359823,48.740944],[-123.2357683,48.7408374],[-123.2355255,48.7407621],[-123.2352645,48.7407215],[-123.2349963,48.7407173],[-123.2347326,48.7407497],[-123.2344847,48.7408172],[-123.2342632,48.740917],[-123.2341291,48.7409921],[-123.2340726,48.7410124],[-123.234011,48.7410248],[-123.2339469,48.7410287],[-123.2338828,48.741024],[-123.2337586,48.7409972],[-123.2322376,48.740552],[-123.2321268,48.7405105],[-123.2320794,48.7404833],[-123.232041,48.7404504],[-123.2320133,48.7404132],[-123.2319899,48.7403551],[-123.2319653,48.7402466],[-123.2318919,48.7401034],[-123.2317812,48.739971],[-123.2316369,48.7398536],[-123.2314633,48.7397548],[-123.2309623,48.7395173],[-123.2308687,48.7394631],[-123.2308312,48.7394309],[-123.2308038,48.7393946],[-123.2307875,48.7393555],[-123.230783,48.7393151],[-123.2307904,48.7392749],[-123.2308094,48.7392363],[-123.2308393,48.7392009],[-123.2308791,48.73917],[-123.2309271,48.7391447],[-123.2309817,48.739126],[-123.2310407,48.7391146],[-123.2311019,48.7391109],[-123.2312258,48.7391193],[-123.231476,48.7391528],[-123.2317218,48.7391698],[-123.2319679,48.7391556],[-123.2322054,48.7391109],[-123.2324257,48.7390371],[-123.2326208,48.7389371],[-123.2327834,48.7388144],[-123.2329076,48.7386736],[-123.232989,48.7385198],[-123.2330245,48.7383585],[-123.2330129,48.7381958],[-123.2329545,48.7380374],[-123.2328515,48.7378893],[-123.2327077,48.7377568],[-123.2311297,48.7365628],[-123.2310543,48.7364925],[-123.2310285,48.7364535],[-123.2310153,48.736412],[-123.231015,48.7363695],[-123.2310278,48.7363279],[-123.2310532,48.7362889],[-123.2310899,48.736254],[-123.2311847,48.7361947],[-123.2316327,48.7359666],[-123.2317385,48.7359229],[-123.231796,48.7359084],[-123.2318567,48.7359014],[-123.2319183,48.7359024],[-123.2319785,48.7359112],[-123.2320349,48.7359275],[-123.2320631,48.7359405],[-123.2322591,48.7360145],[-123.2324717,48.736065],[-123.2326944,48.7360902],[-123.2328846,48.7360896],[-123.2329611,48.7360946],[-123.2330783,48.7361176],[-123.2337366,48.7362932],[-123.2339705,48.7363391],[-123.2342132,48.7363553],[-123.2344563,48.7363411],[-123.234691,48.7362971],[-123.2349089,48.7362247],[-123.2351024,48.7361267],[-123.2351067,48.736124],[-123.2351577,48.7361029],[-123.2352138,48.7360886],[-123.235273,48.7360814],[-123.235395,48.7360822],[-123.235985,48.7361232],[-123.236119,48.7361422],[-123.2361805,48.7361606],[-123.2362346,48.7361872],[-123.2363247,48.7362554],[-123.2371482,48.7370332],[-123.2372105,48.7371066],[-123.237264,48.7372163],[-123.2372778,48.7372571],[-123.2373915,48.7374207],[-123.2375547,48.7375649],[-123.2375832,48.7375852],[-123.2376171,48.7376228],[-123.2376536,48.737694],[-123.2376935,48.7378102],[-123.2378093,48.7379743],[-123.237975,48.7381186],[-123.2381831,48.7382366],[-123.2384242,48.7383229],[-123.2439188,48.7398169],[-123.2441849,48.739868],[-123.2444613,48.7398806],[-123.2447355,48.739854],[-123.2449948,48.7397895],[-123.2452367,48.7397089],[-123.2453558,48.7396786],[-123.2454178,48.7396716],[-123.2454807,48.7396728],[-123.245605,48.7396918],[-123.2481788,48.7402691],[-123.2484181,48.7403486],[-123.2522009,48.7420768],[-123.2523392,48.7421319],[-123.2600486,48.7447835],[-123.2601446,48.744824],[-123.2602282,48.744875],[-123.2613414,48.7456864],[-123.261553,48.7458103],[-123.2618003,48.7459008],[-123.2620715,48.7459536],[-123.2623538,48.7459664],[-123.262637,48.7459586],[-123.2627553,48.7459626],[-123.2628123,48.7459716],[-123.2629205,48.7460035],[-123.2716121,48.7492259],[-123.2718201,48.7493296],[-123.2747818,48.751272],[-123.2748784,48.7513531],[-123.2749423,48.7514472],[-123.27572,48.7531125],[-123.2758493,48.7533027],[-123.2760447,48.7534666],[-123.2783502,48.7549762],[-123.2785372,48.7550776],[-123.2787497,48.7551543],[-123.2905263,48.7584996],[-123.2906247,48.7585345],[-123.2906681,48.758557],[-123.2907426,48.7586119],[-123.2929306,48.7605386],[-123.2929714,48.760583],[-123.2931393,48.7607281],[-123.2933501,48.7608464],[-123.2935943,48.7609324],[-123.2938606,48.7609821],[-123.2951117,48.7611228],[-123.2952333,48.7611448],[-123.2953462,48.761182],[-123.2969448,48.7618457],[-123.2970506,48.7619007],[-123.297093,48.7619343],[-123.2971557,48.762013],[-123.2972902,48.7622362],[-123.297423,48.7624012],[-123.2976072,48.7625431],[-123.2978338,48.7626552],[-123.2980921,48.7627322],[-123.3010405,48.7633645],[-123.3011544,48.7633973],[-123.3012048,48.7634203],[-123.3012476,48.7634492],[-123.3013156,48.7635178],[-123.3024893,48.7649969],[-123.3025338,48.765068],[-123.3025693,48.7651778],[-123.30257977157423,48.765199858378345],[-123.30989831157919,48.76818575181863],[-123.3109997,48.768302],[-123.3111376,48.7683272],[-123.3112637,48.7683719],[-123.3139085,48.7695794],[-123.3140102,48.769637],[-123.3140502,48.7696716],[-123.3141076,48.7697514],[-123.3144644,48.7704205],[-123.3144941,48.7704997],[-123.314497,48.77054],[-123.3144883,48.7705798],[-123.314468,48.7706179],[-123.3144372,48.7706526],[-123.3143967,48.7706828],[-123.3143482,48.7707074],[-123.3142935,48.7707253],[-123.31426691543113,48.770730184644364],[-123.31461806678095,48.77247670056843],[-123.3154379,48.7726746],[-123.3155579,48.7727132],[-123.3156631,48.7727674],[-123.317193,48.7737402],[-123.3172681,48.7737973],[-123.3172971,48.7738294],[-123.3173169,48.7738644],[-123.317327,48.7739011],[-123.3173271,48.7739766],[-123.3172866,48.7742788],[-123.3172919,48.774461],[-123.3173558,48.7746384],[-123.3174755,48.7748028],[-123.3176455,48.7749466],[-123.317858,48.7750633],[-123.3184846,48.7753385],[-123.3185853,48.7753933],[-123.3186671,48.7754603],[-123.3199782,48.7767903],[-123.3200341,48.7768607],[-123.3200514,48.7768983],[-123.3200577,48.7769373],[-123.320048,48.7770165],[-123.3196589,48.7784686],[-123.3196279,48.7785435],[-123.3196025,48.778578],[-123.3195681,48.778609],[-123.3195256,48.7786352],[-123.3194766,48.778656],[-123.3193675,48.7786853],[-123.3171487,48.779131],[-123.3170178,48.7791477],[-123.3169522,48.7791471],[-123.3168882,48.7791375],[-123.3167671,48.7791007],[-123.3158827,48.778755],[-123.31588021646101,48.77875423450343],[-123.31768752801038,48.787743231420066],[-123.3177114,48.7877585],[-123.3180949,48.7880503],[-123.3181648,48.7881147],[-123.3181897,48.7881503],[-123.3182042,48.7881882],[-123.3182113,48.7882673],[-123.3181856,48.7887548],[-123.3181684,48.7888385],[-123.3181477,48.7888778],[-123.3181155,48.7889137],[-123.3180732,48.7889446],[-123.3180224,48.7889694],[-123.3179652,48.7889871],[-123.3179632,48.7889874],[-123.3177153,48.7890452],[-123.3174904,48.7891348],[-123.3172975,48.7892524],[-123.3171447,48.7893934],[-123.3170383,48.7895518],[-123.3169826,48.789721],[-123.31698,48.7898942],[-123.3170306,48.7900642],[-123.31709050189295,48.79015826423112],[-123.31738,48.79026],[-123.31721131617397,48.79031947811207],[-123.3173031,48.7904305],[-123.317353,48.7905085],[-123.3173655,48.7905494],[-123.3173654,48.7905912],[-123.3173527,48.7906321],[-123.317328,48.7906705],[-123.3172921,48.7907049],[-123.3172465,48.7907339],[-123.3171383,48.7907795],[-123.3158342,48.7912142],[-123.3156179,48.791305],[-123.3154331,48.7914222],[-123.315287,48.7915611],[-123.3151853,48.7917162],[-123.315132,48.7918815],[-123.3151293,48.7920505],[-123.3151468,48.7921799],[-123.3151457,48.792262],[-123.3151333,48.7923017],[-123.3151096,48.7923391],[-123.3150754,48.7923727],[-123.3150319,48.7924014],[-123.3149809,48.792424],[-123.3148875,48.7924499],[-123.3146325,48.7925442],[-123.3144162,48.7926738],[-123.3142645,48.7928179],[-123.3142169,48.7928566],[-123.3141711,48.792882],[-123.314119,48.7929013],[-123.3140623,48.7929139],[-123.314003,48.7929192],[-123.3139823,48.7929185],[-123.3137483,48.7929242],[-123.3135198,48.7929577],[-123.3133041,48.7930177],[-123.3131084,48.7931023],[-123.312939,48.7932088],[-123.3128014,48.7933336],[-123.3127197,48.793424],[-123.312647,48.7934893],[-123.3126024,48.7935165],[-123.3125508,48.7935376],[-123.3124941,48.7935518],[-123.3123729,48.7935657],[-123.31216071122084,48.793576395725395],[-123.31181,48.79371],[-123.31128,48.79381],[-123.31062047061133,48.79377158081231],[-123.3105892,48.7937839],[-123.3104101,48.7938881],[-123.3102632,48.7940122],[-123.3101533,48.794152],[-123.31,48.79440112445414],[-123.31,48.79441],[-123.31075,48.79442],[-123.31198,48.79456],[-123.31307,48.79481],[-123.31348,48.79484],[-123.31413,48.795],[-123.3141,48.79523],[-123.3143996,48.7952845],[-123.3144,48.795285],[-123.314219,48.795367],[-123.313559,48.795608],[-123.313357,48.795666],[-123.3133293,48.7956635],[-123.31323,48.79561],[-123.3131199,48.795643],[-123.312101,48.795485],[-123.311021,48.795399],[-123.3107197,48.795419],[-123.31065,48.79539],[-123.31003,48.79529],[-123.30946,48.79501],[-123.30854,48.79497],[-123.30806688719233,48.79472358707934],[-123.30802847944246,48.79472035818815],[-123.30718,48.79473],[-123.30651676446664,48.79462075352165],[-123.3063468,48.7946379],[-123.3061198,48.7946906],[-123.3059115,48.79477],[-123.3057292,48.7948735],[-123.3051661,48.7952585],[-123.3050726,48.7953112],[-123.3050197,48.795331],[-123.3049621,48.7953438],[-123.30484,48.7953545],[-123.30451958578358,48.79536236875582],[-123.30275728585806,48.796226681458144],[-123.3027553,48.7962978],[-123.302803,48.7964669],[-123.3029013,48.7966262],[-123.303046,48.7967694],[-123.30317975507218,48.79685664724385],[-123.30473896909737,48.797424227244655],[-123.3055277,48.7976933],[-123.3056242,48.7977337],[-123.3056658,48.797759],[-123.30567097680454,48.79776349364852],[-123.30977548859084,48.79925760463349],[-123.3098647,48.7991538],[-123.3099454,48.7989889],[-123.3099738,48.7988167],[-123.3099743,48.7987683],[-123.3099867,48.7987283],[-123.3100107,48.7986907],[-123.3100453,48.7986569],[-123.3100892,48.7986281],[-123.3101407,48.7986055],[-123.3101979,48.7985899],[-123.3102586,48.7985819],[-123.3103206,48.7985819],[-123.3103813,48.7985898],[-123.3104974,48.7986211],[-123.3170784,48.8009175],[-123.3173164,48.8009815],[-123.3175689,48.8010133],[-123.3178259,48.8010116],[-123.3180774,48.8009764],[-123.3181488,48.8009561],[-123.3182946,48.8009256],[-123.3183574,48.8009211],[-123.3184204,48.8009249],[-123.3185432,48.8009492],[-123.320941,48.8016006],[-123.32117,48.8016886],[-123.3221863,48.8022146],[-123.3222832,48.8022766],[-123.3223201,48.802313],[-123.32237,48.8023957],[-123.3226333,48.803014],[-123.3227385,48.8031863],[-123.3228979,48.8033395],[-123.3231038,48.8034663],[-123.3240989,48.8039571],[-123.3241824,48.8040063],[-123.3242794,48.8040875],[-123.3244404,48.8041996],[-123.3246295,48.8042908],[-123.3248404,48.804358],[-123.3250662,48.8043991],[-123.3252996,48.8044128],[-123.3254621,48.8044125],[-123.3255263,48.8044213],[-123.3255864,48.8044386],[-123.3256398,48.8044638],[-123.3256841,48.8044956],[-123.3257176,48.8045327],[-123.3257477,48.8045911],[-123.3258408,48.8047295],[-123.3259695,48.8048549],[-123.3261298,48.8049633],[-123.3263168,48.8050513],[-123.3263175,48.8050516],[-123.3263649,48.8050797],[-123.3264028,48.8051136],[-123.3264296,48.8051517],[-123.3264443,48.8051926],[-123.3264463,48.8052346],[-123.3264354,48.8052761],[-123.3263645,48.8053955],[-123.3263648,48.8053956],[-123.3262919,48.8055195],[-123.3262486,48.8056936],[-123.3262606,48.8058699],[-123.3263275,48.8060408],[-123.3264463,48.806199],[-123.3264669,48.8062204],[-123.3276897,48.8078158],[-123.3277359,48.8078948],[-123.3277465,48.8079359]],[[-123.321,49.5568],[-123.2946,49.5468],[-123.2841,49.5219],[-123.3033,49.5103],[-123.3201,49.52],[-123.321,49.5568]],[[-123.30865,48.79563],[-123.3086322,48.7957809],[-123.308622,48.795784],[-123.308384,48.795821],[-123.307838,48.795868],[-123.307607,48.795873],[-123.3075693,48.7958108],[-123.30753,48.79566],[-123.30763,48.79547],[-123.30786,48.79532],[-123.30813,48.79529],[-123.30829,48.79529],[-123.30858,48.79543],[-123.30865,48.79563]],[[-123.291163,48.585704],[-123.2909332,48.5857988],[-123.29038,48.58599],[-123.29004,48.58597],[-123.28956,48.5858],[-123.28949,48.58561],[-123.28951,48.58537],[-123.28958,48.58529],[-123.2895,48.58502],[-123.28952,48.58475],[-123.2901,48.58407],[-123.2903943,48.5840437],[-123.290415,48.584309],[-123.290757,48.585058],[-123.291096,48.585569],[-123.291163,48.585704]],[[-123.290357,48.583497],[-123.2903565,48.5835023],[-123.28992,48.58373],[-123.2893,48.58368],[-123.28891,48.58335],[-123.2888908,48.5828511],[-123.288895,48.582848],[-123.289084,48.582916],[-123.290185,48.583404],[-123.290357,48.583497]],[[-123.28927,48.58426],[-123.28906,48.58448],[-123.28879,48.58454],[-123.28839,48.58451],[-123.2882,48.58398],[-123.28857,48.58371],[-123.28897,48.58375],[-123.28922,48.58403],[-123.28927,48.58426]],[[-123.28926,48.58685],[-123.2892216,48.5870036],[-123.289206,48.587024],[-123.289018,48.587222],[-123.288795,48.587194],[-123.288484,48.587134],[-123.288281,48.58708],[-123.288275,48.586987],[-123.288302,48.586513],[-123.2882938,48.586481],[-123.28854,48.58632],[-123.28896,48.58632],[-123.28915,48.58651],[-123.28926,48.58685]],[[-123.286788,48.568758],[-123.286696,48.568893],[-123.2854208,48.5703863],[-123.28536,48.57041],[-123.28517,48.5706],[-123.2851393,48.5707161],[-123.284814,48.571097],[-123.284688,48.571216],[-123.284469,48.571219],[-123.2830897,48.5711501],[-123.28268,48.57104],[-123.282431,48.5711173],[-123.2819796,48.5710947],[-123.28149,48.57088],[-123.28066,48.57073],[-123.27995,48.57087],[-123.27953,48.57085],[-123.27884,48.57093],[-123.2788255,48.5709373],[-123.277578,48.570875],[-123.276796,48.570772],[-123.2765044,48.5707523],[-123.27577,48.57026],[-123.27442,48.56964],[-123.2739,48.56931],[-123.27335,48.56937],[-123.2727279,48.5692708],[-123.2725351,48.5690935],[-123.27245,48.56898],[-123.2722942,48.5688719],[-123.272278,48.568857],[-123.271984,48.568636],[-123.272036,48.568492],[-123.2721361,48.568015],[-123.27215,48.568],[-123.2721416,48.5679891],[-123.272167,48.567868],[-123.2721222,48.5673452],[-123.27247,48.56724],[-123.27307,48.56733],[-123.27321,48.56728],[-123.27358,48.5669],[-123.27374,48.56659],[-123.27324,48.56627],[-123.27317,48.56613],[-123.27272,48.56568],[-123.27274,48.56541],[-123.27298,48.56521],[-123.2727,48.56482],[-123.2727,48.5647],[-123.27285,48.56435],[-123.27336,48.56366],[-123.27342,48.56329],[-123.27337,48.56282],[-123.27322,48.56267],[-123.27295,48.56261],[-123.27259,48.56237],[-123.272,48.56242],[-123.2716411,48.5621933],[-123.271642,48.562191],[-123.271849,48.562115],[-123.2730401,48.561776],[-123.27309,48.56182],[-123.2736211,48.5616106],[-123.2759437,48.5609496],[-123.27645,48.56087],[-123.2766435,48.5607504],[-123.277987,48.560368],[-123.278189,48.560324],[-123.2782509,48.5603415],[-123.27879,48.56062],[-123.279,48.5608],[-123.27894,48.56104],[-123.27886,48.56109],[-123.2791,48.56129],[-123.27948,48.56128],[-123.27963,48.56115],[-123.2801,48.561],[-123.2801313,48.5610015],[-123.281724,48.561569],[-123.281922,48.561659],[-123.281888,48.561959],[-123.2818928,48.5621484],[-123.28174,48.56235],[-123.28168,48.56256],[-123.28182,48.56283],[-123.28182,48.563],[-123.28151,48.56329],[-123.28141,48.56348],[-123.28135,48.56383],[-123.28153,48.56409],[-123.28187,48.56436],[-123.28302,48.56498],[-123.28368,48.56511],[-123.2844534,48.565065],[-123.285412,48.565447],[-123.2856,48.56554],[-123.285677,48.565686],[-123.2857136,48.5657854],[-123.28574,48.56626],[-123.2856,48.56642],[-123.2859,48.56658],[-123.28604,48.56673],[-123.2860939,48.5668172],[-123.2863917,48.5676254],[-123.28634,48.5678],[-123.2864744,48.5678495],[-123.286755,48.568611],[-123.286788,48.568758]],[[-123.2820987,48.5835854],[-123.281869,48.583609],[-123.281327,48.58363],[-123.281102,48.583624],[-123.281076,48.583476],[-123.281066,48.5831002],[-123.28107,48.58308],[-123.2810645,48.5830451],[-123.281054,48.582652],[-123.281069,48.582533],[-123.281292,48.582723],[-123.281944,48.58318],[-123.282069,48.5832391],[-123.2820987,48.5835854]],[[-123.2801,49.2575],[-123.2027,49.2204],[-123.1352,49.1978],[-123.1694,49.1774],[-123.2204,49.1915],[-123.2027,49.2165],[-123.2637,49.2048],[-123.2146,49.2195],[-123.2801,49.2575]],[[-123.280063,48.662003],[-123.279998,48.663358],[-123.279965,48.663517],[-123.2799152,48.66353],[-123.27955,48.66353],[-123.2791648,48.663681],[-123.2789676,48.6637171],[-123.27859,48.66365],[-123.27834,48.6638],[-123.277573,48.6639668],[-123.277428,48.663983],[-123.277271,48.663876],[-123.275378,48.662294],[-123.275268,48.662181],[-123.275468,48.662154],[-123.279839,48.661865],[-123.280049,48.661865],[-123.280063,48.662003]],[[-123.271519,48.57554],[-123.271405,48.575563],[-123.271253,48.575572],[-123.2711244,48.5754523],[-123.27121,48.57539],[-123.2714227,48.57539],[-123.271519,48.57554]],[[-123.2711855,48.5749709],[-123.2705718,48.5750081],[-123.270562,48.575001],[-123.2705338,48.5749463],[-123.27049,48.5745],[-123.2703345,48.5744293],[-123.270255,48.574205],[-123.270225,48.574058],[-123.270239,48.574053],[-123.270249,48.57405],[-123.2703,48.57405],[-123.27051,48.57407],[-123.27073,48.57422],[-123.27097,48.57427],[-123.2709708,48.5742725],[-123.270982,48.574424],[-123.2711855,48.5749709]],[[-123.2649292,48.5648825],[-123.264725,48.564819],[-123.264357,48.564672],[-123.264228,48.564609],[-123.264389,48.564615],[-123.26468,48.564645],[-123.2649207,48.5646865],[-123.2649292,48.5648825]],[[-123.2457,48.4298],[-123.2247,48.4242],[-123.2422,48.4195],[-123.2457,48.4298]],[[-123.242725,48.8466021],[-123.242646,48.846587],[-123.242593,48.846569],[-123.242547,48.8465343],[-123.24245,48.8464],[-123.24244,48.84623],[-123.24249,48.84622],[-123.24266,48.84637],[-123.242725,48.8466021]],[[-123.24203,48.84539],[-123.24176,48.84553],[-123.24089,48.84548],[-123.24052,48.84556],[-123.2402199,48.8455525],[-123.240195,48.845546],[-123.24013,48.845534],[-123.239908,48.845456],[-123.23306,48.842428],[-123.232877,48.842329],[-123.2328764,48.8423285],[-123.2329534,48.8422746],[-123.233063,48.84231],[-123.233928,48.842469],[-123.237843,48.842944],[-123.238051,48.842982],[-123.238226,48.843066],[-123.241835,48.845144],[-123.2420218,48.8452752],[-123.24203,48.84539]],[[-123.236879,48.834997],[-123.236717,48.83498],[-123.234793,48.834648],[-123.23459,48.8346],[-123.234568,48.834458],[-123.234562,48.833956],[-123.234582,48.833819],[-123.234758,48.833892],[-123.23676,48.834922],[-123.236879,48.834997]],[[-123.2337,48.8289],[-123.2253,48.8322],[-123.1892,48.8144],[-123.2337,48.8289]],[[-123.23068,48.84121],[-123.2305924,48.8412578],[-123.230492,48.841228],[-123.230335,48.841124],[-123.230231,48.841041],[-123.2301034,48.8409153],[-123.23013,48.84091],[-123.23052,48.84105],[-123.23068,48.84121]],[[-123.23053,48.84088],[-123.23035,48.84087],[-123.2300655,48.8406943],[-123.230064,48.840642],[-123.23025,48.840687],[-123.230434,48.84076],[-123.23044,48.840768],[-123.2304977,48.8408275],[-123.23053,48.84088]],[[-123.217976,48.835444],[-123.217744,48.835444],[-123.217393,48.835419],[-123.2169595,48.8354429],[-123.21618,48.835],[-123.21607,48.83477],[-123.21641,48.83451],[-123.2169265,48.834593],[-123.217121,48.834724],[-123.217869,48.835336],[-123.217976,48.835444]],[[-123.215821,48.830364],[-123.215816,48.8303707],[-123.21566,48.83042],[-123.21473,48.83024],[-123.21276,48.82963],[-123.21174,48.82918],[-123.21043,48.82845],[-123.2095883,48.8277709],[-123.209757,48.827826],[-123.215647,48.830276],[-123.215821,48.830364]],[[-123.2148166,48.7930442],[-123.2148158,48.7931334],[-123.2148034,48.7931766],[-123.2147545,48.7932597],[-123.2139364,48.7943449],[-123.2138489,48.7944883],[-123.2137965,48.7946389],[-123.2137374,48.794902],[-123.2137226,48.7950866],[-123.2137604,48.7952697],[-123.2138495,48.795445],[-123.2138941,48.7954974],[-123.213959,48.7955959],[-123.2139742,48.795642],[-123.2139755,48.7956892],[-123.2139629,48.7957356],[-123.2139368,48.7957795],[-123.2138983,48.7958192],[-123.2138488,48.7958533],[-123.21373,48.7959081],[-123.2123811,48.7964094],[-123.2122404,48.7964497],[-123.2121664,48.7964597],[-123.2120909,48.7964596],[-123.2119409,48.7964384],[-123.20831209492098,48.79566177418015],[-123.20417991442187,48.795631902995815],[-123.2041784,48.7956334],[-123.2041463,48.7956732],[-123.2041025,48.795709],[-123.2040492,48.7957387],[-123.2039883,48.7957611],[-123.203922,48.7957756],[-123.2038528,48.7957816],[-123.2037117,48.795776],[-123.2035824,48.7957627],[-123.2032965,48.7957514],[-123.2030125,48.7957763],[-123.202741,48.7958364],[-123.2024919,48.7959295],[-123.2022743,48.7960522],[-123.2020962,48.7962],[-123.2019641,48.7963674],[-123.2018829,48.7965484],[-123.2018556,48.7967362],[-123.2018832,48.7969241],[-123.2019646,48.797105],[-123.2020797,48.7972504],[-123.2021133,48.7973084],[-123.202125,48.7973587],[-123.2021205,48.7974095],[-123.2020785,48.797509],[-123.2018634,48.7978676],[-123.2018004,48.7979492],[-123.2017585,48.7979851],[-123.2017071,48.7980151],[-123.2016482,48.7980383],[-123.2015837,48.7980539],[-123.201516,48.7980613],[-123.201377,48.7980592],[-123.1956749,48.7976198],[-123.1954737,48.7975918],[-123.1851958288187,48.795494668642064],[-123.18297654689654,48.795478625640214],[-123.1828709,48.7955241],[-123.182807,48.7955414],[-123.1827393,48.7955505],[-123.1826703,48.7955511],[-123.1826023,48.7955431],[-123.1825377,48.7955269],[-123.1824186,48.7954786],[-123.18241041501432,48.79547453312058],[-123.1760870968168,48.795428822386626],[-123.1760289,48.795533],[-123.1759532,48.7957283],[-123.1759394,48.7959297],[-123.1759881,48.7961286],[-123.1760972,48.7963169],[-123.1762623,48.7964866],[-123.1764763,48.7966307],[-123.1767304,48.796743],[-123.195472,48.8033024],[-123.1957102,48.803369],[-123.2020526,48.8047302],[-123.202192,48.8047709],[-123.202253,48.8047998],[-123.2023038,48.8048363],[-123.2023816,48.8049226],[-123.2040889,48.8073533],[-123.2041364,48.8074426],[-123.2041465,48.8074889],[-123.2041429,48.8075355],[-123.2041257,48.8075808],[-123.2040957,48.8076231],[-123.2040538,48.8076608],[-123.2040018,48.8076925],[-123.2039414,48.807717],[-123.203875,48.8077334],[-123.2038051,48.807741],[-123.203589,48.807737],[-123.2035889,48.8077391],[-123.2033953,48.8077358],[-123.2031032,48.8077694],[-123.2028268,48.8078402],[-123.2025772,48.8079456],[-123.202364,48.8080813],[-123.2021956,48.8082421],[-123.2020787,48.8084215],[-123.2020179,48.8086127],[-123.2019804,48.8088423],[-123.201978,48.8090378],[-123.2020344,48.8092297],[-123.2021472,48.8094106],[-123.202312,48.8095732],[-123.2025224,48.8097112],[-123.2054777,48.8112977],[-123.2055836,48.8113674],[-123.2056243,48.8114079],[-123.2056519,48.811453],[-123.2056651,48.8115008],[-123.2056635,48.8115494],[-123.2056472,48.8115968],[-123.2056168,48.8116411],[-123.2055735,48.8116804],[-123.2055191,48.8117133],[-123.2054558,48.8117383],[-123.2053862,48.8117544],[-123.2053131,48.8117611],[-123.2052394,48.8117579],[-123.205095,48.8117319],[-123.2020338,48.8109547],[-123.20176,48.8108542],[-123.2010280232347,48.81048820071543],[-123.19332509551027,48.809205189409916],[-123.1942569,48.8098305],[-123.194391,48.80994],[-123.194291,48.8100256],[-123.18909240260807,48.81347522726195],[-123.1892623,48.8137658],[-123.1893013,48.8138595],[-123.1893064,48.8139072],[-123.189297,48.8139547],[-123.1892736,48.8140001],[-123.189237,48.8140414],[-123.1891887,48.8140773],[-123.1891307,48.8141061],[-123.1890651,48.8141269],[-123.1889947,48.8141387],[-123.188922,48.8141411],[-123.1888501,48.814134],[-123.1887114,48.814101],[-123.17493394220747,48.809755708375384],[-123.1746166,48.8096782],[-123.174478,48.809624],[-123.1744387814111,48.809599538921354],[-123.1676775774636,48.80746711338046],[-123.167585,48.807481],[-123.16755127764525,48.80742727950464],[-123.1666978,48.8071581],[-123.1663483,48.807081],[-123.1636442,48.8067205],[-123.1634446,48.8066808],[-123.1392590841088,48.80019987268437],[-123.04670606876797,48.78478410230583],[-123.046625,48.7848531],[-123.0456832,48.7858328],[-123.0455983,48.7859052],[-123.045547,48.7859352],[-123.0454881,48.7859583],[-123.0454237,48.7859739],[-123.0453561,48.7859813],[-123.0452876,48.7859803],[-123.0452205,48.7859709],[-123.0451572,48.7859535],[-123.0450414,48.7859031],[-123.0444687,48.7855999],[-123.0443719,48.7855384],[-123.0443332,48.7855028],[-123.0443048,48.7854632],[-123.0442702,48.7853776],[-123.0440333,48.7844662],[-123.0440227,48.7843766],[-123.0440298,48.7843323],[-123.0440689,48.7842461],[-123.0452679,48.7822797],[-123.0453293,48.7822006],[-123.0453698,48.7821658],[-123.0454698,48.7821063],[-123.0473647,48.7811683],[-123.0474719,48.7811241],[-123.0475888,48.7810925],[-123.0551146,48.7795365],[-123.0554331,48.7795028],[-123.0689491,48.7793743],[-123.0691149,48.7793808],[-123.0819748,48.7805218],[-123.0822644,48.7805287],[-123.0825506,48.7804988],[-123.0828227,48.780433],[-123.0830704,48.7803338],[-123.0832843,48.7802051],[-123.0834566,48.7800515],[-123.0835806,48.7798789],[-123.0836518,48.7796938],[-123.0836674,48.7795031],[-123.0836269,48.779314],[-123.0835513,48.7791706],[-123.0835271,48.7791073],[-123.0835229,48.7790628],[-123.0835311,48.7790185],[-123.0835515,48.778976],[-123.0835835,48.7789367],[-123.0836691,48.7788662],[-123.0844149,48.7783574],[-123.0845382,48.7782897],[-123.0846082,48.7782658],[-123.0847632,48.7782385],[-123.0932892,48.7773731],[-123.0934173,48.7773675],[-123.093545,48.7773765],[-123.10844692622953,48.77929138254595],[-123.10990597829674,48.77917500320824],[-123.1101126,48.7790634],[-123.1102979,48.778915],[-123.110436,48.7787458],[-123.1105216,48.7785621],[-123.1105514,48.778371],[-123.1105244,48.7781797],[-123.1104415,48.7779955],[-123.1103059,48.7778254],[-123.1101228,48.7776759],[-123.1098992,48.7775526],[-123.1096435,48.7774603],[-123.1092792595276,48.77735785190551],[-123.10899,48.7773],[-123.10848836382415,48.777135400629795],[-123.107351,48.7768155],[-123.1072231,48.7767693],[-123.1071679,48.7767388],[-123.1071229,48.7767017],[-123.1071077034362,48.77668237144001],[-123.10707,48.77667],[-123.10691,48.77634],[-123.10688241278041,48.77599515975504],[-123.1068248,48.7758606],[-123.1067047,48.7756996],[-123.1065422,48.7755557],[-123.1063428,48.7754336],[-123.1061132,48.7753373],[-123.1058608,48.7752701],[-123.10402415421018,48.77490492314272],[-123.10159623921236,48.7744660939117],[-123.1013771,48.7744697],[-123.1010697,48.7745185],[-123.1007849,48.7746089],[-123.1005352,48.7747368],[-123.10037652237342,48.77486143065552],[-123.10044,48.77507],[-123.0996132,48.7751707],[-123.099453,48.775065],[-123.09938893070824,48.775036569758015],[-123.0977152,48.7749489],[-123.0975878,48.7749348],[-123.097466,48.7749064],[-123.0948009,48.7741068],[-123.0946596,48.7740512],[-123.0945404,48.7739764],[-123.09424618909507,48.77374560543531],[-123.0939828,48.7736916],[-123.09385,48.77353],[-123.09373,48.77346],[-123.09217,48.7732],[-123.0912021,48.7731215],[-123.090346,48.772946],[-123.09014,48.772889],[-123.090113,48.772809],[-123.09005890887063,48.77251484149873],[-123.0900485,48.7725048],[-123.0900196,48.7724589],[-123.0900056,48.7724101],[-123.0900087,48.7723093],[-123.09001064427255,48.77229892145675],[-123.0899206,48.7721231],[-123.09005732673617,48.772049730073135],[-123.09008,48.7719287],[-123.0901128,48.7718334],[-123.0901367,48.7717984],[-123.0902265,48.7716258],[-123.0902664,48.7714452],[-123.09025543892173,48.77126836773747],[-123.09018,48.77125],[-123.0886926,48.7707445],[-123.08867,48.770725],[-123.088646,48.770582],[-123.08863645677607,48.77019660057239],[-123.0886148,48.770182],[-123.0885763,48.7701437],[-123.0885495,48.7701012],[-123.0885354,48.7700562],[-123.0885335,48.7699631],[-123.08861454158121,48.7693115638564],[-123.088594,48.768482],[-123.088613,48.768332],[-123.08873940026396,48.76830775885349],[-123.0887713,48.7680513],[-123.0888,48.7679509],[-123.0888294,48.7679045],[-123.0888727,48.7678632],[-123.0889853,48.767793],[-123.0918016,48.7663748],[-123.0920118,48.7662461],[-123.0921808,48.7660933],[-123.0923024,48.765922],[-123.0923721,48.7657386],[-123.0923874,48.7655498],[-123.0923851,48.7655155],[-123.0923974,48.7654664],[-123.0924456,48.7653846],[-123.0925183,48.7652932],[-123.0926,48.7651153],[-123.0926296,48.7649305],[-123.0926059,48.7647453],[-123.0925656,48.7645979],[-123.0925678,48.7645479],[-123.0925857,48.7644993],[-123.0926184,48.7644542],[-123.0926645,48.7644145],[-123.0927815,48.7643483],[-123.0933279,48.7640992],[-123.0934754,48.7640471],[-123.0935547,48.7640329],[-123.0937219,48.7640285],[-123.09967127627932,48.76431747129865],[-123.13156578199037,48.76440925404889],[-123.1314273,48.7642788],[-123.1312678,48.7641807],[-123.1312695,48.7641795],[-123.1311062,48.7640802],[-123.1310635,48.7640414],[-123.1310334,48.7639977],[-123.1310169,48.763951],[-123.1310148,48.763903],[-123.1310271,48.7638557],[-123.1310534,48.7638109],[-123.1310926,48.7637705],[-123.1311431,48.763736],[-123.1312646,48.7636807],[-123.1340713,48.7626592],[-123.1342132,48.7626196],[-123.1342877,48.7626101],[-123.1344418,48.7626116],[-123.14760637111388,48.76365307208153],[-123.14769,48.76365],[-123.14915,48.76374],[-123.14968864663504,48.76381780451395],[-123.1506442,48.7638934],[-123.1508679,48.7638999],[-123.1510906,48.7638843],[-123.1524122,48.7637252],[-123.1526699,48.7636781],[-123.1529108,48.7636015],[-123.15308129225984,48.76351976145472],[-123.15303,48.76343],[-123.1533922,48.7632449],[-123.15343620025648,48.76324625272911],[-123.1534593,48.7632232],[-123.1534656,48.7632154],[-123.1535106,48.7631793],[-123.1535654,48.7631496],[-123.1536278,48.7631273],[-123.1536955,48.7631134],[-123.1537661,48.7631084],[-123.1539093,48.7631166],[-123.1558846,48.7633577],[-123.156045,48.76339],[-123.1561164,48.7634171],[-123.1562391,48.7634926],[-123.1563867,48.7636064],[-123.1565957,48.7637391],[-123.1568397,48.7638426],[-123.15701823922349,48.76388927043106],[-123.1575,48.76387],[-123.15809040331112,48.76398731254437],[-123.1631033,48.7642713],[-123.1632189,48.764284],[-123.1633301,48.7643085],[-123.1704186,48.7662898],[-123.170796,48.7663585],[-123.1738542,48.766639],[-123.1740803,48.7666759],[-123.1800616,48.7681005],[-123.1802766,48.7681696],[-123.183053592494,48.76931941585887],[-123.183061,48.769321],[-123.183259,48.769378],[-123.18324546449229,48.769398860606],[-123.1852685,48.7702365],[-123.1853803,48.7702933],[-123.1854451019031,48.7703414860305],[-123.19357342209703,48.77246640222334],[-123.195831,48.7726785],[-123.1959892,48.7727054],[-123.1961346,48.7727544],[-123.1974671,48.7733334],[-123.1976993,48.7734159],[-123.1979499,48.7734702],[-123.2018384,48.7740684],[-123.2019855,48.7741021],[-123.2020511,48.7741283],[-123.2021645,48.7741986],[-123.2027095,48.7746159],[-123.2027869,48.7746872],[-123.2028151,48.7747264],[-123.2028321,48.7747683],[-123.2028432,48.7748558],[-123.20283753221315,48.77543553362656],[-123.2073937957035,48.78401444416242],[-123.2083153,48.7842827],[-123.2084569,48.784337],[-123.208577,48.7844104],[-123.2099694,48.7854735],[-123.2100615,48.7855545],[-123.2123387,48.7878702],[-123.2124668,48.7880495],[-123.2134417,48.7900896],[-123.213609,48.7903252],[-123.2144958,48.7912369],[-123.2145734,48.7913431],[-123.2146102,48.7914584],[-123.2148166,48.7930442]],[[-123.212584,48.839525],[-123.2124344,48.8396414],[-123.2124031,48.8396612],[-123.212371,48.839681],[-123.2122,48.839771],[-123.21203,48.83968],[-123.210959,48.838987],[-123.2104053,48.8387003],[-123.21036,48.8386],[-123.21082,48.83847],[-123.21109,48.83852],[-123.21243,48.83923],[-123.2125757,48.8394728],[-123.212584,48.839525]],[[-123.21193,48.83249],[-123.21158,48.83266],[-123.21135,48.83266],[-123.21031,48.83237],[-123.20891,48.83163],[-123.20799,48.83137],[-123.2065,48.83058],[-123.20583,48.83012],[-123.2057763,48.8298694],[-123.205788,48.829853],[-123.206012,48.829803],[-123.206479,48.829733],[-123.2065083,48.8297243],[-123.20711,48.82991],[-123.20807,48.83039],[-123.20931,48.83086],[-123.21171,48.83211],[-123.21187,48.83225],[-123.21193,48.83249]],[[-123.20925,48.83786],[-123.2090688,48.8382225],[-123.208894,48.838117],[-123.207506,48.837083],[-123.2073677,48.8369572],[-123.20784,48.83691],[-123.20857,48.83717],[-123.20874,48.83729],[-123.20895,48.83765],[-123.20925,48.83786]],[[-123.2027354,48.8344232],[-123.202507,48.834391],[-123.20101,48.834078],[-123.200796,48.834018],[-123.200559,48.833779],[-123.200477,48.833676],[-123.2004567,48.8336598],[-123.20042,48.83322],[-123.20076,48.83306],[-123.20124,48.8331],[-123.2021,48.83356],[-123.20262,48.834],[-123.2027354,48.8344232]],[[-123.20039,48.83285],[-123.20035,48.8333],[-123.1999616,48.8332659],[-123.199831,48.833162],[-123.199038,48.832746],[-123.198222,48.832401],[-123.198051,48.832313],[-123.198055,48.832171],[-123.198124,48.831756],[-123.198166,48.831625],[-123.19836,48.831708],[-123.199193,48.831993],[-123.1992471,48.8320035],[-123.19944,48.83211],[-123.20021,48.83262],[-123.20039,48.83285]],[[-123.189156,48.827385],[-123.189026,48.827324],[-123.180437,48.822382],[-123.180383,48.822345],[-123.180451,48.82237],[-123.187809,48.825861],[-123.188015,48.825984],[-123.188173,48.826136],[-123.189096,48.827288],[-123.189156,48.827385]],[[-123.1863,49.1097],[-123.1301,49.081],[-123.1697,49.0776],[-123.1863,49.1097]],[[-123.170922,48.74467],[-123.17074,48.744652],[-123.166312,48.74391],[-123.16617,48.743876],[-123.166319,48.743861],[-123.169548,48.743739],[-123.169771,48.743744],[-123.169927,48.743849],[-123.1704823,48.7442968],[-123.17048,48.74431],[-123.17051,48.7443191],[-123.17082,48.744569],[-123.170922,48.74467]],[[-123.117671,48.802248],[-123.11749,48.802232],[-123.117464,48.802228],[-123.1173954,48.8022172],[-123.117204,48.802173],[-123.117289,48.802114],[-123.117389,48.802068],[-123.117553,48.802156],[-123.117554,48.802156],[-123.117671,48.802248]],[[-123.115658,48.76036],[-123.115518,48.760439],[-123.114517,48.760903],[-123.114329,48.760974],[-123.114129,48.760918],[-123.113737,48.760776],[-123.112929,48.760544],[-123.1122986,48.7604464],[-123.11225,48.76024],[-123.1124768,48.760157],[-123.112686,48.760202],[-123.113555,48.760281],[-123.115475,48.760343],[-123.115658,48.76036]],[[-123.1116298,48.7599438],[-123.11161,48.7603],[-123.1111179,48.760382],[-123.111011,48.760385],[-123.1108866,48.7603721],[-123.1107,48.76033],[-123.1105359,48.7603195],[-123.107554,48.75981],[-123.107401,48.759773],[-123.107559,48.759748],[-123.110316,48.759493],[-123.110553,48.759486],[-123.110685,48.759541],[-123.111081,48.759749],[-123.1116298,48.7599438]],[[-123.102674,48.802435],[-123.102551,48.802488],[-123.102413,48.802523],[-123.1022326,48.802442],[-123.1022116,48.8024303],[-123.102211,48.80243],[-123.102061,48.80233],[-123.10225,48.80233],[-123.1026687,48.8024301],[-123.102674,48.802435]],[[-123.102531,48.798273],[-123.1025137,48.7982931],[-123.10226,48.79842],[-123.10169,48.79845],[-123.10062,48.79822],[-123.1001,48.79802],[-123.09961,48.79797],[-123.09881,48.79777],[-123.09775,48.79768],[-123.09507,48.79727],[-123.09477,48.79719],[-123.09399,48.79695],[-123.09281,48.79682],[-123.09251,48.79671],[-123.09241,48.79661],[-123.08852,48.79608],[-123.08753,48.79586],[-123.08449,48.79538],[-123.08375,48.7952],[-123.08361,48.79505],[-123.08199,48.7949],[-123.0809,48.79459],[-123.08018,48.79465],[-123.07947,48.79438],[-123.07852,48.79442],[-123.07741,48.79423],[-123.07559,48.79412],[-123.07413,48.79392],[-123.07226,48.79386],[-123.07219,48.7941],[-123.07228,48.79427],[-123.07218,48.79446],[-123.07218,48.79531],[-123.07222,48.79557],[-123.07238,48.79593],[-123.07315,48.79626],[-123.07539,48.7966],[-123.07566,48.79677],[-123.0763,48.79736],[-123.07639,48.79774],[-123.0763177,48.7978556],[-123.076279,48.797886],[-123.076055,48.797902],[-123.0702991,48.7979558],[-123.06758,48.79774],[-123.0648973,48.7980063],[-123.063852,48.7980161],[-123.06323,48.79788],[-123.06263,48.7976],[-123.0625,48.79761],[-123.06173,48.79798],[-123.061349,48.7980297],[-123.061298,48.798027],[-123.061389,48.797769],[-123.061423,48.797703],[-123.061548,48.797082],[-123.0615266,48.7968551],[-123.06165,48.79678],[-123.06221,48.79666],[-123.06278,48.79662],[-123.06291,48.79635],[-123.06291,48.79614],[-123.06279,48.79566],[-123.06261,48.79532],[-123.06179,48.79443],[-123.06134,48.79405],[-123.06104,48.79389],[-123.05817,48.79382],[-123.0578935,48.7938365],[-123.057854,48.793827],[-123.056915,48.79373],[-123.051001,48.793499],[-123.05082,48.79348],[-123.050968,48.793409],[-123.059177,48.790205],[-123.059375,48.790143],[-123.059594,48.790131],[-123.0690143,48.7901928],[-123.06915,48.79025],[-123.069929,48.7902107],[-123.070467,48.790263],[-123.0711892,48.7904028],[-123.07135,48.79051],[-123.07298,48.79075],[-123.07322,48.79092],[-123.07379,48.791],[-123.0739,48.79108],[-123.07413,48.79105],[-123.07447,48.79114],[-123.07477,48.79112],[-123.0755876,48.7912542],[-123.0762082,48.7913744],[-123.07631,48.79141],[-123.07646,48.79159],[-123.07685,48.79159],[-123.0776,48.79178],[-123.07778,48.79185],[-123.07795,48.79201],[-123.07917,48.79234],[-123.07933,48.79257],[-123.07933,48.79249],[-123.07969,48.79263],[-123.08088,48.79249],[-123.08117,48.79264],[-123.08275,48.7929],[-123.08286,48.79303],[-123.08321,48.79302],[-123.08377,48.79313],[-123.08401,48.79329],[-123.08401,48.7934],[-123.08462,48.79353],[-123.08492,48.79346],[-123.08593,48.79344],[-123.08619,48.79352],[-123.08627,48.79362],[-123.08675,48.79368],[-123.08725,48.79385],[-123.08891,48.79392],[-123.08973,48.79417],[-123.09021,48.79443],[-123.0909,48.79456],[-123.09085,48.79459],[-123.09135,48.79446],[-123.09192,48.79445],[-123.0923012,48.7944896],[-123.096126,48.79523],[-123.096322,48.795281],[-123.096502,48.795353],[-123.102367,48.798177],[-123.102531,48.798273]],[[-123.0945763,48.8006213],[-123.094385,48.800553],[-123.093478,48.800148],[-123.093312,48.800058],[-123.0933053,48.800055],[-123.09389,48.79994],[-123.09446,48.80004],[-123.0945763,48.8006213]],[[-123.0897,48.79925],[-123.0897,48.7993288],[-123.089647,48.799329],[-123.088686,48.79946],[-123.088322,48.799536],[-123.088109,48.799567],[-123.087894,48.799546],[-123.085632,48.79919],[-123.085404,48.799137],[-123.085357,48.798967],[-123.0852713,48.7987727],[-123.08543,48.79834],[-123.08526,48.79822],[-123.0852,48.79807],[-123.08521,48.79793],[-123.08512,48.79776],[-123.0852,48.79757],[-123.08562,48.79742],[-123.08622,48.79706],[-123.08643,48.79702],[-123.08725,48.79709],[-123.08795,48.7973],[-123.08822,48.79757],[-123.08832,48.79781],[-123.0886,48.79809],[-123.08898,48.79862],[-123.0894,48.79888],[-123.0897,48.79925]],[[-123.0426733,48.7874929],[-123.042496,48.787909],[-123.042477,48.788103],[-123.042418,48.788349],[-123.042207,48.788411],[-123.040358,48.788811],[-123.040178,48.788837],[-123.040274,48.788733],[-123.0409459,48.788142],[-123.04112,48.7881],[-123.0411669,48.7879477],[-123.041735,48.787448],[-123.041896,48.787332],[-123.0419486,48.7873063],[-123.04218,48.78726],[-123.04245,48.7873],[-123.04267,48.78748],[-123.0426733,48.7874929]]],[[[-128.0184,50.6496],[-127.767,50.5866],[-127.6157,50.5805],[-127.57309920770399,50.56074529631583],[-127.5731,50.561264],[-127.573095,50.561297],[-127.573049,50.561301],[-127.549582,50.561536],[-127.53572205145709,50.56167485372464],[-127.5299,50.5677],[-127.4208,50.5816],[-127.4191,50.6038],[-127.4634,50.587],[-127.5063,50.5964],[-127.5544,50.5687],[-127.5793,50.5839],[-127.5716,50.6022],[-127.7913,50.605],[-128.0086,50.6537],[-128.0184,50.6496]]],[[[-127.60179,50.11731],[-127.60083623317917,50.11686092012421],[-127.60030675103958,50.11813559934914],[-127.60037,50.11806],[-127.6016,50.11792],[-127.60179,50.11731]]],[[[-127.60009,50.12042],[-127.599869,50.119458],[-127.59986616821023,50.11919626171613],[-127.5992,50.1208],[-127.60008220848925,50.12068595023333],[-127.60009,50.12042]]],[[[-127.5136,50.53657],[-127.5131825,50.53657],[-127.51359896701031,50.53693567835051],[-127.5136,50.53657]]],[[[-127.4851,50.1856],[-127.48230692888053,50.180661032776555],[-127.479799,50.180495],[-127.47883,50.18013],[-127.4747,50.17994],[-127.47381,50.18044],[-127.47202,50.17998],[-127.472035,50.182682],[-127.471921,50.183273],[-127.47182131022238,50.18657788800688],[-127.4851,50.1856]]],[[[-126.64040424013331,49.73710644140727],[-126.63786942917105,49.73453580272823],[-126.6398949350305,49.7378427510702],[-126.64040424013331,49.73710644140727]]],[[[-126.44853066173353,49.46917800460594],[-126.448518,49.469178],[-126.448264,49.469178],[-126.448229,49.469196],[-126.4481885,49.4692931],[-126.448064,49.46932],[-126.44797655143078,49.469353528487304],[-126.4484,49.4693],[-126.44853066173353,49.46917800460594]]],[[[-126.43231,49.44788],[-126.43204,49.44733],[-126.4311969984446,49.44732867024098],[-126.43228576406173,49.448090044798406],[-126.43231,49.44788]]],[[[-126.43228272058825,49.44811642156861],[-126.43182607299912,49.44855039871006],[-126.43192,49.44851],[-126.43228,49.44814],[-126.43228272058825,49.44811642156861]]],[[[-126.4300546066168,49.45023391995282],[-126.42428105629868,49.4557208401133],[-126.424324,49.455703],[-126.426004,49.45485],[-126.4260925,49.4547916],[-126.42622,49.45474],[-126.42674,49.45433],[-126.4268921,49.454164],[-126.4274038,49.4537253],[-126.42788,49.45346],[-126.42867,49.45264],[-126.42898,49.45212],[-126.4289963,49.4520726],[-126.4291708,49.4517694],[-126.42947,49.45157],[-126.42967,49.45134],[-126.4297067,49.4508383],[-126.4300546066168,49.45023391995282]]],[[[-126.38871868579889,49.40944301560187],[-126.38868,49.40942],[-126.38813,49.4093],[-126.3880600323999,49.40930713955103],[-126.38871868579889,49.40944301560187]]],[[[-126.34782,49.39763],[-126.34723,49.3973],[-126.34701,49.39693],[-126.34702,49.39685],[-126.3475,49.39672],[-126.34747,49.39659],[-126.34692,49.39638],[-126.34577,49.39652],[-126.3448,49.39623],[-126.3444,49.39604],[-126.34425,49.39588],[-126.34384,49.39588],[-126.34384,49.39636670826833],[-126.34563714264264,49.39773769540133],[-126.34564,49.39769],[-126.34753,49.39769],[-126.34782,49.39763]]],[[[-126.3222,49.42],[-126.2804961246426,49.44060757903404],[-126.2804684,49.4414494],[-126.2804,49.44159],[-126.2803207,49.4459],[-126.280313,49.445937],[-126.2802591,49.4459607],[-126.27973,49.44614],[-126.2795978,49.4465246],[-126.279596,49.446528],[-126.279437,49.446992],[-126.2794369,49.4469926],[-126.2794,49.4471],[-126.27937,49.44766],[-126.2794354,49.4477355],[-126.2795131,49.449123],[-126.27949,49.44918],[-126.27954,49.44961],[-126.27961,49.44995],[-126.27978,49.45001],[-126.28038,49.45],[-126.28092,49.45009],[-126.2817087,49.4499634],[-126.281725,49.449964],[-126.28173,49.4499804],[-126.28173,49.45074],[-126.28177330930686,49.450972787524364],[-126.3222,49.42]]],[[[-126.27737122470599,49.365035950895525],[-126.2727276,49.36502],[-126.26991,49.36501],[-126.269813,49.365004],[-126.2697317,49.3649769],[-126.26444,49.36274],[-126.26331533568036,49.362735657950864],[-126.2667,49.3793],[-126.27737122470599,49.365035950895525]]],[[[-126.08022383233532,49.396135401197604],[-126.07779516279068,49.397394344186054],[-126.07826,49.39725],[-126.0783652,49.39719217],[-126.078368,49.397191],[-126.07926642,49.39669673],[-126.08017,49.3962],[-126.08022383233532,49.396135401197604]]],[[[-126.06874640525031,49.420003764314615],[-126.06839,49.41982],[-126.06823186871443,49.4198155172059],[-126.06825479271234,49.4198439429633],[-126.068371,49.419855],[-126.06874640525031,49.420003764314615]]],[[[-125.82352,49.09883],[-125.82336,49.09858],[-125.82327811023622,49.098549291338585],[-125.82351280587797,49.09899786284741],[-125.82352,49.09883]]],[[[-125.76331282488283,49.10943304218151],[-125.76331,49.10943],[-125.7632,49.10941],[-125.76317098514954,49.109486804015894],[-125.76331282488283,49.10943304218151]]],[[[-125.45493465400153,50.331890118628046],[-125.43896613153576,50.3308044959635],[-125.4393786,50.3309096],[-125.439379,50.33091],[-125.43947,50.33096],[-125.439574,50.331008],[-125.4396054,50.3310191],[-125.43969,50.33106],[-125.44028,50.33119],[-125.4408783,50.33119],[-125.440889,50.331192],[-125.4409036,50.3311971],[-125.44149,50.3315],[-125.442,50.33167],[-125.44244,50.3316],[-125.442478,50.3315032],[-125.442542,50.33146],[-125.442605,50.331398],[-125.442786,50.331177],[-125.442801,50.331162],[-125.442829,50.331166],[-125.443588,50.331314],[-125.443618,50.331322],[-125.4436385,50.331336],[-125.443818,50.331491],[-125.443836,50.331511],[-125.4438456,50.3315322],[-125.443917,50.331813],[-125.443995,50.332121],[-125.443997,50.332139],[-125.443979,50.332153],[-125.443822,50.332252],[-125.443747,50.33231],[-125.4437101,50.332352],[-125.44362,50.33238],[-125.44356,50.33257],[-125.44362,50.33267],[-125.4437135,50.3327218],[-125.443723,50.332735],[-125.443791,50.332795],[-125.444421,50.333255],[-125.44449,50.3332958],[-125.44451,50.33332],[-125.4453897,50.3335741],[-125.445408,50.333581],[-125.445429,50.3335924],[-125.44602,50.33398],[-125.44653,50.33402],[-125.44806,50.33376],[-125.4486,50.33377],[-125.449484,50.3335609],[-125.450426,50.333447],[-125.4504307,50.3334461],[-125.45057,50.33343],[-125.4506144,50.3334008],[-125.450686,50.333374],[-125.452131,50.332674],[-125.452193,50.332651],[-125.4538707,50.3321789],[-125.45441,50.33207],[-125.45493465400153,50.331890118628046]]],[[[-125.4544,50.3245],[-125.4543820315615,50.324481376462174],[-125.45434965665477,50.32452046213387],[-125.4544,50.3245]]],[[[-125.45204184302453,50.32545847670616],[-125.450982,50.325743],[-125.4509434,50.3257557],[-125.45088,50.32577],[-125.45007,50.32612],[-125.4499821862348,50.32629562753037],[-125.45204184302453,50.32545847670616]]],[[[-125.44864834451283,50.32683776964962],[-125.44845,50.32687],[-125.448122,50.3269959],[-125.446957,50.32726],[-125.4468907,50.3272789],[-125.44687,50.32728],[-125.4468408,50.3272968],[-125.446795,50.327315],[-125.4461421,50.3276242],[-125.44558,50.32782],[-125.4450014,50.3281632],[-125.444989,50.328168],[-125.444959,50.328167],[-125.4442366,50.3280922],[-125.44396,50.328],[-125.44335,50.328],[-125.4431439,50.3280965],[-125.44314,50.328098],[-125.442735,50.328288],[-125.4427347,50.3282882],[-125.44256,50.32837],[-125.44221,50.329],[-125.4422281,50.3291537],[-125.442178,50.329272],[-125.442168,50.329289],[-125.442141,50.329293],[-125.44195,50.329316],[-125.441921,50.329318],[-125.4419117,50.3293129],[-125.44145,50.32892],[-125.44129,50.32891],[-125.44102,50.3291],[-125.4406882,50.3295295],[-125.440678,50.329538],[-125.440644,50.32955],[-125.440623,50.329555],[-125.440573,50.3295748],[-125.44038,50.32943],[-125.44012,50.32945],[-125.4401,50.32952],[-125.4403384,50.3297386],[-125.440338,50.329739],[-125.440315,50.329749],[-125.440144,50.329815],[-125.4401393,50.3298172],[-125.43995,50.32989],[-125.43981,50.3301514],[-125.439797,50.330169],[-125.4397889,50.3301732],[-125.43928,50.33032],[-125.43904,50.33051],[-125.43874,50.33063],[-125.43887,50.33078],[-125.43891868451443,50.33079240564898],[-125.44864834451283,50.32683776964962]]],[[[-124.84254315817354,49.607916082976274],[-124.83124089476885,49.601987026763986],[-124.831214,49.602208],[-124.831282,49.602509],[-124.831422,49.602855],[-124.831598,49.603148],[-124.831874,49.603408],[-124.835206,49.605875],[-124.835577,49.606091],[-124.836016,49.606245],[-124.84254315817354,49.607916082976274]]],[[[-124.6780478297945,49.49591354247908],[-124.67104,49.49005],[-124.670471,49.490054],[-124.670261,49.490035],[-124.66396817607809,49.489914387541496],[-124.6644943,49.4900647],[-124.6645116,49.4900709],[-124.6647339,49.490134],[-124.6649706,49.4901687],[-124.6652131,49.4901736],[-124.6653305,49.4901614],[-124.6654519,49.4901567],[-124.6655121,49.490162],[-124.6655697,49.4901748],[-124.6656764,49.4902149],[-124.6685625,49.4915575],[-124.6687494,49.4916296],[-124.6689525,49.4916801],[-124.6703338,49.4919386],[-124.6704571,49.4919711],[-124.6705113,49.491995],[-124.6706034,49.4920574],[-124.67126925951081,49.49261496813178],[-124.6780478297945,49.49591354247908]]],[[[-124.66316179015722,49.48989893181135],[-124.659461,49.489828],[-124.659341,49.489835],[-124.65907,49.48982],[-124.658717,49.489927],[-124.658715,49.489927],[-124.62535,49.5],[-124.62278,49.50077],[-124.61256,49.50386],[-124.609433,49.510011],[-124.60631713439068,49.51614147281908],[-124.6064205,49.5161311],[-124.6065421,49.5161266],[-124.6066017,49.5161319],[-124.606717,49.5161572],[-124.6154127,49.5186968],[-124.6155513,49.5187466],[-124.621204,49.5211944],[-124.6213518,49.5212733],[-124.6282533,49.5257821],[-124.6283453,49.5258517],[-124.62912832261047,49.5265421230344],[-124.63104658990997,49.52696756053449],[-124.63123875,49.52506237],[-124.631242,49.525051],[-124.631258,49.52504],[-124.633165,49.523955],[-124.63451484319775,49.52318716937521],[-124.63380940710768,49.51177570321238],[-124.6332394,49.5115528],[-124.6330627,49.5114638],[-124.6309476,49.5101144],[-124.630873,49.5100572],[-124.6308445,49.510025],[-124.6308061,49.5099543],[-124.6306753,49.509619],[-124.6306569,49.509542],[-124.630659,49.5095036],[-124.6306722,49.5094661],[-124.630696,49.5094308],[-124.6307296,49.5093992],[-124.6307718,49.5093721],[-124.6308211,49.5093508],[-124.6308756,49.5093358],[-124.6309336,49.5093277],[-124.6310535,49.509326],[-124.6320123,49.5093714],[-124.6322518,49.5093681],[-124.6324861,49.5093358],[-124.6327071,49.5092757],[-124.6334814,49.5090071],[-124.63363413729238,49.50894045620014],[-124.63317665846371,49.5015400633836],[-124.6330924,49.5014726],[-124.6329493,49.5013274],[-124.6327854,49.5011936],[-124.6325827,49.5010846],[-124.6323498,49.5010048],[-124.6320968,49.5009577],[-124.6318342,49.5009453],[-124.6302926,49.500976],[-124.6301682,49.5009706],[-124.6301088,49.5009601],[-124.6300538,49.5009423],[-124.6300051,49.5009179],[-124.6299647,49.5008877],[-124.6299342,49.5008531],[-124.6299147,49.5008152],[-124.629907,49.5007755],[-124.6299114,49.5007357],[-124.6299444,49.5006576],[-124.6301614,49.5002904],[-124.6302114,49.5002241],[-124.6302447,49.5001948],[-124.6303272,49.5001441],[-124.6310769,49.4997604],[-124.6311732,49.4997197],[-124.6312256,49.4997055],[-124.6312811,49.4996976],[-124.6313378,49.4996964],[-124.6314515,49.4997073],[-124.6325997,49.4998881],[-124.6328263,49.4999408],[-124.6330568,49.499979],[-124.6332942,49.4999888],[-124.6335304,49.4999699],[-124.633757,49.4999228],[-124.6339663,49.4998493],[-124.6342422,49.4997294],[-124.6343479,49.4996924],[-124.6344044,49.4996808],[-124.6344633,49.4996764],[-124.6345225,49.4996792],[-124.6345797,49.4996892],[-124.6346331,49.499706],[-124.6347293,49.4997527],[-124.63494265114811,49.49987824878354],[-124.6543322435548,49.495440303927516],[-124.6543632,49.4954083],[-124.6544543,49.4952494],[-124.6547142,49.4945998],[-124.6547606,49.4945194],[-124.6547956,49.4944837],[-124.6548412,49.4944536],[-124.6548955,49.4944302],[-124.6550184,49.4943986],[-124.6564481,49.4941393],[-124.6567167,49.4940684],[-124.6569537,49.49396],[-124.657147,49.4938196],[-124.6594515,49.491705],[-124.6595372,49.4916414],[-124.6595883,49.4916163],[-124.6596463,49.4915985],[-124.6597087,49.4915888],[-124.6597728,49.4915876],[-124.6599009,49.4916023],[-124.6614927,49.4918979],[-124.6617506,49.4919276],[-124.6620124,49.4919225],[-124.6622672,49.4918829],[-124.6625041,49.4918103],[-124.6627132,49.4917079],[-124.6628857,49.4915798],[-124.6630144,49.4914317],[-124.6630939,49.4912695],[-124.6631207,49.4911003],[-124.6631207,49.4900312],[-124.6631332,49.4899499],[-124.6631514,49.4899114],[-124.66316179015722,49.48989893181135]]],[[[-124.6572107583436,48.58556421075423],[-124.65350116332193,48.5855762333005],[-124.65361892227367,48.58591553875462],[-124.65714369895443,48.58587963825139],[-124.6572107583436,48.58556421075423]]],[[[-124.29426,48.49489],[-124.2939862,48.4948009],[-124.293934,48.494699],[-124.293542,48.494271],[-124.290602,48.491738],[-124.290171,48.49143],[-124.289662,48.491179],[-124.2895423,48.4911401],[-124.28956,48.49084],[-124.28603786339194,48.49084730733736],[-124.29426,48.495561706484644],[-124.29426,48.49489]]],[[[-124.27182308426899,48.48269685377881],[-124.2713334,48.4815976],[-124.27138,48.48149],[-124.27101,48.48092],[-124.271,48.48075],[-124.27088,48.48058],[-124.27024,48.48031],[-124.26812,48.4792],[-124.2670716,48.4790049],[-124.26102109866473,48.47650322380777],[-124.27182308426899,48.48269685377881]]],[[[-124.21432319444924,48.46214492083056],[-124.21409,48.46205],[-124.2106109,48.4612045],[-124.2104876,48.4611587],[-124.20989,48.46059],[-124.2084844,48.4602441],[-124.206815,48.459473],[-124.206189,48.459243],[-124.205855,48.459175],[-124.20536,48.4588],[-124.20383,48.45866],[-124.20349,48.45911],[-124.2035099,48.4592446],[-124.203405,48.459268],[-124.2028879445491,48.4594702895514],[-124.21432319444924,48.46214492083056]]],[[[-124.19835925858207,48.45841105908011],[-124.197697,48.458021],[-124.197091,48.457735],[-124.1970252,48.4577164],[-124.19683,48.45751],[-124.19454,48.45736],[-124.19325,48.4572],[-124.1925946359008,48.45706275097399],[-124.19835925858207,48.45841105908011]]],[[[-124.1827966021337,48.45477105400045],[-124.182711,48.454731],[-124.182546,48.4546793],[-124.1825,48.45457],[-124.1820922,48.4545482],[-124.181609,48.454459],[-124.18129453693992,48.4544197306288],[-124.1827966021337,48.45477105400045]]],[[[-124.15638275582528,48.44859302552215],[-124.15638,48.44859],[-124.1563635741163,48.448588539044],[-124.15638275582528,48.44859302552215]]],[[[-123.54004,48.93433],[-123.53996,48.93423],[-123.5390024,48.9337275],[-123.538983,48.933688],[-123.538938,48.933634],[-123.538877,48.933587],[-123.538861,48.933576],[-123.5388287,48.93356],[-123.53882,48.93355],[-123.5387875,48.9335397],[-123.53877,48.933531],[-123.538708,48.933507],[-123.538625,48.933481],[-123.5385822,48.9334743],[-123.53774413681279,48.9332076716916],[-123.53959401370906,48.93440238385377],[-123.53987,48.93442],[-123.54004,48.93433]]],[[[-123.5223,48.3885],[-123.52196660377358,48.388429811320755],[-123.52202473704304,48.388485708695235],[-123.5223,48.3885]]],[[[-123.50324,48.5586],[-123.50196494957247,48.55859935276628],[-123.50048985484874,48.56056074245388],[-123.5005919,48.5605118],[-123.5006,48.56051],[-123.5006114,48.5605024],[-123.501638,48.56001],[-123.5017532,48.5599429],[-123.50193,48.55987],[-123.50228,48.55931],[-123.50271,48.55904],[-123.50272,48.55879],[-123.50289,48.55871],[-123.50321,48.55873],[-123.50324,48.5586]]],[[[-123.47424226493209,48.56703674367969],[-123.47411652200753,48.56693636520773],[-123.47361481402763,48.56818116896918],[-123.47398,48.56796],[-123.47409,48.56759],[-123.47421,48.56741],[-123.47424226493209,48.56703674367969]]]]}}]}
