{"type":"FeatureCollection","features":[{"type":"Feature","properties":{"scope":"Outside Vancouver Island and supported major islands","sourceName":"OpenStreetMap contributors","sourceUrl":"https://www.openstreetmap.org/copyright"},"geometry":{"type":"MultiPolygon","coordinates":[[[[-180,-85],[180,-85],[180,85],[-180,85],[-180,-85]],[[-128.435279,50.781127],[-128.43084,50.788133],[-128.40846,50.779109],[-128.392522,50.781866],[-128.381336,50.787644],[-128.363459,50.78581],[-128.35521,50.793516],[-128.362477,50.80378],[-128.331908,50.808279],[-128.307225,50.797947],[-128.274955,50.808179],[-128.248154,50.806544],[-128.228194,50.817313],[-128.215159,50.829146],[-128.21285,50.835335],[-128.186967,50.836412],[-128.178007,50.845216],[-128.165755,50.842823],[-128.150324,50.845812],[-128.14232,50.840982],[-128.131223,50.84091],[-128.122921,50.846257],[-128.122724,50.854951],[-128.109909,50.860681],[-128.104785,50.867711],[-128.07138,50.871263],[-128.054892,50.878273],[-128.048092,50.875797],[-128.046144,50.869445],[-128.040726,50.866527],[-128.014353,50.868313],[-128.001286,50.860967],[-127.983927,50.862553],[-127.964515,50.872279],[-127.949965,50.875584],[-127.931277,50.876715],[-127.919385,50.874006],[-127.90558,50.87635],[-127.872542,50.867459],[-127.862746,50.857094],[-127.801411,50.843965],[-127.757955,50.83839],[-127.745946,50.83309],[-127.710955,50.827009],[-127.69783,50.821133],[-127.663782,50.815407],[-127.594276,50.792758],[-127.550004,50.784804],[-127.512052,50.775146],[-127.501989,50.769418],[-127.486813,50.768395],[-127.482657,50.764146],[-127.490802,50.755444],[-127.492885,50.736791],[-127.488171,50.727451],[-127.481487,50.723536],[-127.467165,50.725041],[-127.452924,50.733884],[-127.449833,50.737657],[-127.451201,50.746399],[-127.428388,50.748084],[-127.420359,50.751565],[-127.406639,50.748785],[-127.404578,50.738936],[-127.408439,50.728191],[-127.42358,50.713872],[-127.422284,50.703964],[-127.416931,50.699441],[-127.382368,50.70123],[-127.373633,50.690564],[-127.340188,50.674573],[-127.327999,50.672587],[-127.3049,50.662075],[-127.280719,50.660124],[-127.274097,50.652848],[-127.2116,50.628957],[-127.193249,50.615818],[-127.179027,50.616734],[-127.145547,50.610317],[-127.128758,50.614807],[-127.078573,50.606021],[-127.076299,50.604029],[-127.081643,50.599217],[-127.081603,50.595028],[-127.070232,50.588985],[-127.051782,50.590412],[-127.024034,50.584878],[-126.997079,50.587171],[-126.977511,50.581154],[-126.971925,50.566298],[-126.965669,50.562354],[-126.917863,50.56009],[-126.904499,50.562607],[-126.870689,50.557394],[-126.844578,50.549082],[-126.821507,50.551838],[-126.805749,50.544862],[-126.781478,50.545187],[-126.769836,50.537537],[-126.675795,50.515758],[-126.63956,50.500257],[-126.615352,50.497644],[-126.606925,50.488586],[-126.586326,50.483328],[-126.576994,50.484717],[-126.568475,50.490777],[-126.535676,50.490347],[-126.474382,50.482173],[-126.461614,50.484181],[-126.4301,50.478599],[-126.417,50.479348],[-126.399454,50.485201],[-126.360393,50.485013],[-126.330906,50.480463],[-126.315228,50.481593],[-126.280496,50.470847],[-126.253452,50.474925],[-126.231801,50.469498],[-126.221017,50.47061],[-126.202769,50.464746],[-126.175422,50.464989],[-126.16078,50.45796],[-126.145591,50.460883],[-126.125919,50.45944],[-126.116646,50.454968],[-126.084657,50.450637],[-125.993969,50.418389],[-125.950414,50.393793],[-125.927301,50.388466],[-125.905555,50.390137],[-125.858322,50.381864],[-125.819982,50.385105],[-125.772907,50.364702],[-125.742534,50.363448],[-125.722649,50.358585],[-125.684496,50.366526],[-125.671134,50.367245],[-125.651582,50.362243],[-125.613957,50.369004],[-125.579313,50.369734],[-125.558788,50.358135],[-125.537988,50.352691],[-125.52393,50.34302],[-125.502445,50.342853],[-125.485629,50.337519],[-125.477888,50.33046],[-125.446517,50.335605],[-125.437937,50.332327],[-125.436444,50.330453],[-125.440973,50.323674],[-125.437587,50.309434],[-125.43272,50.304818],[-125.436716,50.298339],[-125.430654,50.287158],[-125.431475,50.281153],[-125.409456,50.270973],[-125.395997,50.252382],[-125.394681,50.244934],[-125.397659,50.237741],[-125.38079,50.20667],[-125.381498,50.199584],[-125.377601,50.194844],[-125.380725,50.187359],[-125.378863,50.180329],[-125.367702,50.170886],[-125.36807,50.16087],[-125.361073,50.153334],[-125.356718,50.129981],[-125.358027,50.122126],[-125.35043,50.117803],[-125.322833,50.114321],[-125.321796,50.102626],[-125.315472,50.093967],[-125.304585,50.089555],[-125.296748,50.078836],[-125.28316,50.078004],[-125.269437,50.0703],[-125.260274,50.054163],[-125.241897,50.039397],[-125.242024,50.032971],[-125.235073,50.024628],[-125.217149,49.975668],[-125.206266,49.968494],[-125.200915,49.95451],[-125.182698,49.94276],[-125.179838,49.915001],[-125.157857,49.899933],[-125.120237,49.889322],[-125.112397,49.881626],[-125.11197,49.86897],[-125.106657,49.85977],[-125.06204,49.840529],[-125.052279,49.830254],[-125.031699,49.821027],[-125.005892,49.795503],[-124.971748,49.775644],[-124.962712,49.76371],[-124.948703,49.760487],[-124.927338,49.742768],[-124.912171,49.741195],[-124.891566,49.729613],[-124.882984,49.722907],[-124.882238,49.717619],[-124.875078,49.710758],[-124.860224,49.708264],[-124.85733,49.701141],[-124.861875,49.69405],[-124.904404,49.660675],[-124.926565,49.658422],[-124.931888,49.667772],[-124.953917,49.672321],[-124.963639,49.669369],[-124.965583,49.663864],[-124.943751,49.649515],[-124.930395,49.649428],[-124.921102,49.64401],[-124.918465,49.634371],[-124.906735,49.62606],[-124.903235,49.617268],[-124.886076,49.597667],[-124.878581,49.594094],[-124.881827,49.581533],[-124.857357,49.537779],[-124.842975,49.524717],[-124.828874,49.522562],[-124.827894,49.510792],[-124.82448,49.506796],[-124.816648,49.504828],[-124.806734,49.507258],[-124.790726,49.498863],[-124.788237,49.491371],[-124.794548,49.481746],[-124.786463,49.472386],[-124.750694,49.462023],[-124.742188,49.463308],[-124.736914,49.467681],[-124.723783,49.468911],[-124.715562,49.459774],[-124.683858,49.449824],[-124.654511,49.42828],[-124.639447,49.423155],[-124.62802,49.406939],[-124.60806,49.402281],[-124.59826,49.393437],[-124.572442,49.382018],[-124.536724,49.37802],[-124.504753,49.367782],[-124.485223,49.37056],[-124.456398,49.35665],[-124.416512,49.36188],[-124.363848,49.355223],[-124.353081,49.352757],[-124.348425,49.344708],[-124.331917,49.337853],[-124.321157,49.328313],[-124.313372,49.327057],[-124.299165,49.333043],[-124.28347,49.333033],[-124.261747,49.326037],[-124.259123,49.316831],[-124.252776,49.31331],[-124.240525,49.314737],[-124.228167,49.309365],[-124.220216,49.311171],[-124.214431,49.316601],[-124.199531,49.31102],[-124.184822,49.314009],[-124.16071,49.295021],[-124.133993,49.291764],[-124.127306,49.283373],[-124.106783,49.271055],[-124.112644,49.262822],[-124.107685,49.256844],[-124.093108,49.255805],[-124.082423,49.258779],[-124.053091,49.25005],[-124.033246,49.250375],[-124.006815,49.240451],[-123.963812,49.238052],[-123.956137,49.231356],[-123.946587,49.229778],[-123.938016,49.212247],[-123.957736,49.208302],[-123.962542,49.20127],[-123.957719,49.19611],[-123.946427,49.193974],[-123.94636923871867,49.19331256288829],[-123.9456594,49.1939679],[-123.9456068,49.1940304],[-123.9455772,49.194099],[-123.9455719,49.1941703],[-123.945577,49.1942216],[-123.9455929,49.1942838],[-123.9456275,49.1943427],[-123.9456793,49.1943959],[-123.9457463,49.1944412],[-123.9458258,49.194477],[-123.9459147,49.1945016],[-123.9460092,49.1945142],[-123.9461057,49.1945143],[-123.9462003,49.1945017],[-123.9472669,49.1942856],[-123.9473276,49.1942773],[-123.9473665,49.194277],[-123.9474048,49.1942814],[-123.9474411,49.1942906],[-123.9474741,49.194304],[-123.9475026,49.1943213],[-123.9475256,49.1943418],[-123.9475422,49.1943648],[-123.9475575,49.1944041],[-123.9476498,49.1947917],[-123.9476528,49.1948395],[-123.9476444,49.1948689],[-123.9476153,49.1949127],[-123.9460202,49.1967218],[-123.9459836,49.1967738],[-123.9455135,49.1976402],[-123.9454913,49.1976979],[-123.9454861,49.1977574],[-123.9454982,49.1978164],[-123.9455148,49.1978489],[-123.9455132,49.1978493],[-123.9455387,49.1978984],[-123.9455442,49.197922],[-123.9455425,49.1979599],[-123.9454811,49.1982974],[-123.9454792,49.1983589],[-123.9454956,49.1984194],[-123.9456935,49.1988813],[-123.9457036,49.1989153],[-123.9457051,49.1989499],[-123.9456372,49.1997905],[-123.9456415,49.1998523],[-123.9456643,49.1999124],[-123.9457046,49.1999684],[-123.9464245,49.2007569],[-123.9464528,49.2007967],[-123.9464623,49.2008234],[-123.9464637,49.2008672],[-123.9464376,49.2010765],[-123.9464272,49.201115],[-123.9464141,49.201138],[-123.9463948,49.201159],[-123.9463699,49.2011774],[-123.9463227,49.2012014],[-123.9458003,49.2014199],[-123.9457249,49.201459],[-123.9456628,49.201507],[-123.9456166,49.2015621],[-123.9455881,49.2016222],[-123.9455784,49.2016847],[-123.9455879,49.2017473],[-123.9456031,49.2017966],[-123.9456033,49.2018382],[-123.9455478,49.2022173],[-123.9455354,49.2022586],[-123.9455199,49.202283],[-123.9454974,49.2023049],[-123.9454688,49.2023234],[-123.9454151,49.2023466],[-123.9432749,49.2030829],[-123.9432223,49.2030973],[-123.9431874,49.2031025],[-123.9431305,49.2031042],[-123.9409253,49.2030454],[-123.9408619,49.2030396],[-123.9408239,49.2030309],[-123.9407893,49.2030176],[-123.9407416,49.2029896],[-123.9405687,49.2028661],[-123.9404882,49.2028201],[-123.9403941,49.2027868],[-123.9402912,49.2027679],[-123.9388681,49.2026154],[-123.9388112,49.2026058],[-123.9387778,49.2025957],[-123.9387298,49.2025736],[-123.9369434,49.2015823],[-123.9369012,49.201554],[-123.9368676,49.2015211],[-123.9366603,49.2012698],[-123.9366001,49.2012129],[-123.9365223,49.2011659],[-123.9364307,49.2011312],[-123.9326781,49.2000496],[-123.9326231,49.2000294],[-123.932593,49.2000126],[-123.9325684,49.1999923],[-123.9325503,49.1999693],[-123.9325393,49.1999444],[-123.9325358,49.1999186],[-123.9325401,49.1998929],[-123.9325519,49.1998682],[-123.9325707,49.1998454],[-123.9325959,49.1998255],[-123.9326447,49.1997993],[-123.9331006,49.1996002],[-123.9331753,49.19956],[-123.9332361,49.1995108],[-123.9332806,49.1994546],[-123.9333071,49.1993938],[-123.9333144,49.1993307],[-123.9333023,49.199268],[-123.9331031,49.1987024],[-123.9330742,49.1986457],[-123.9330295,49.1985936],[-123.9329706,49.198548],[-123.9328995,49.1985105],[-123.9328188,49.1984824],[-123.9327315,49.1984648],[-123.9326407,49.1984582],[-123.9325496,49.198463],[-123.9324616,49.198479],[-123.9323797,49.1985055],[-123.932307,49.1985416],[-123.932246,49.1985861],[-123.9321189,49.1986987],[-123.932074,49.1987471],[-123.932043,49.1988],[-123.932027,49.1988557],[-123.9320266,49.1989124],[-123.9320418,49.1989681],[-123.9320719,49.1990212],[-123.932082,49.199035],[-123.9320919,49.199061],[-123.9320936,49.1990879],[-123.9320871,49.1991144],[-123.9320725,49.1991395],[-123.9320505,49.1991622],[-123.932022,49.1991816],[-123.9319881,49.1991968],[-123.9319503,49.1992073],[-123.93191,49.1992126],[-123.9318688,49.1992126],[-123.9318286,49.1992071],[-123.9317683,49.1991901],[-123.9316839,49.1991594],[-123.9316054,49.1991366],[-123.931522,49.1991233],[-123.9314363,49.1991198],[-123.931351,49.1991264],[-123.9302319,49.1992794],[-123.9301781,49.1992837],[-123.930124,49.1992822],[-123.9291932,49.1992046],[-123.9291801,49.1992036],[-123.9282933,49.1991458],[-123.9282301,49.1991375],[-123.9281928,49.1991272],[-123.9281593,49.1991124],[-123.9281141,49.1990824],[-123.9280203,49.1990061],[-123.9279594,49.1989649],[-123.9278881,49.1989317],[-123.9278088,49.1989074],[-123.927724,49.1988929],[-123.9276367,49.1988887],[-123.9253145,49.1989146],[-123.925258,49.1989121],[-123.9252235,49.1989064],[-123.925191,49.198897],[-123.925144,49.1988763],[-123.9244584,49.1985145],[-123.9244136,49.1984858],[-123.9243913,49.1984645],[-123.9243757,49.1984409],[-123.9243672,49.1984158],[-123.9243664,49.19839],[-123.9243771,49.1983496],[-123.9244737,49.1981196],[-123.9244901,49.1980536],[-123.9244849,49.1979868],[-123.9244582,49.1979223],[-123.9244112,49.1978629],[-123.9243461,49.1978113],[-123.9240451,49.1976189],[-123.9239988,49.1975817],[-123.9239786,49.1975548],[-123.9239618,49.1975082],[-123.9239264,49.1973135],[-123.9239073,49.1972556],[-123.9238719,49.197201],[-123.9238214,49.1971518],[-123.9237578,49.1971096],[-123.9236831,49.1970759],[-123.92349,49.1970053],[-123.9234374,49.1969814],[-123.9234096,49.1969625],[-123.923388,49.1969404],[-123.9233735,49.1969159],[-123.9233665,49.1968901],[-123.9233674,49.1968639],[-123.9233762,49.1968383],[-123.9233924,49.1968143],[-123.9234293,49.1967801],[-123.923913,49.1964142],[-123.9239646,49.1963669],[-123.9240021,49.1963143],[-123.9240241,49.196258],[-123.9240299,49.1962],[-123.9240194,49.1961424],[-123.9239928,49.196087],[-123.9239511,49.1960357],[-123.9238957,49.1959903],[-123.9238393,49.1959519],[-123.923817,49.1959287],[-123.9238025,49.1959029],[-123.9237927,49.1958596],[-123.9237749,49.1955926],[-123.9237792,49.1955476],[-123.923791,49.1955204],[-123.9238113,49.1954954],[-123.9238559,49.1954609],[-123.9242999,49.1951834],[-123.924351,49.1951573],[-123.9243874,49.1951454],[-123.9244499,49.1951343],[-123.92523,49.1950498],[-123.9253014,49.1950472],[-123.925372,49.195055],[-123.9256749,49.1951112],[-123.9257718,49.1951224],[-123.9258701,49.1951205],[-123.9259658,49.1951055],[-123.9260548,49.1950782],[-123.9261335,49.1950396],[-123.9267409,49.1946728],[-123.9268133,49.1946177],[-123.9268644,49.1945532],[-123.9270734,49.1941925],[-123.9270984,49.1941317],[-123.9271043,49.1940688],[-123.927091,49.1940064],[-123.9270589,49.1939471],[-123.9270093,49.193893],[-123.9268971,49.1937945],[-123.9268401,49.1937528],[-123.9267727,49.1937184],[-123.9266971,49.1936923],[-123.9266157,49.1936753],[-123.9266002,49.193673],[-123.9265015,49.1936655],[-123.9264025,49.1936714],[-123.9263075,49.1936904],[-123.9254113,49.1939384],[-123.9253531,49.1939505],[-123.9253151,49.1939535],[-123.9252769,49.1939517],[-123.9252398,49.1939454],[-123.9252052,49.1939346],[-123.9251743,49.1939198],[-123.9251482,49.1939015],[-123.9251277,49.1938803],[-123.9251151,49.1938593],[-123.9250734,49.1938057],[-123.9250169,49.1937583],[-123.9249476,49.1937188],[-123.9248681,49.1936886],[-123.9247871,49.1936701],[-123.9247873,49.1936698],[-123.9247816,49.1936689],[-123.9247813,49.1936688],[-123.924781,49.1936688],[-123.924699,49.1936549],[-123.9246616,49.1936428],[-123.9246287,49.1936261],[-123.9246018,49.1936053],[-123.92457,49.1935671],[-123.9239361,49.1925749],[-123.9238973,49.1925265],[-123.9238462,49.1924831],[-123.9235652,49.1922835],[-123.9235245,49.1922477],[-123.9235068,49.1922222],[-123.923492,49.1921786],[-123.9234683,49.1920409],[-123.9234485,49.1919805],[-123.9234111,49.1919237],[-123.9233573,49.1918728],[-123.9214844,49.1904264],[-123.9214551,49.1903998],[-123.9214323,49.1903706],[-123.921029,49.1897369],[-123.9210097,49.1896947],[-123.9210062,49.1896672],[-123.9210115,49.1896398],[-123.9210336,49.1895981],[-123.9211436,49.1894441],[-123.9211727,49.1893916],[-123.9211872,49.1893366],[-123.9211866,49.1892808],[-123.9211568,49.1890784],[-123.921157,49.1890365],[-123.921165,49.1890108],[-123.9211805,49.1889866],[-123.921203,49.1889648],[-123.9212316,49.1889464],[-123.9212851,49.1889234],[-123.9217307,49.1887704],[-123.9218164,49.1887328],[-123.9218879,49.1886841],[-123.9219419,49.1886266],[-123.9224629,49.1879085],[-123.9224945,49.187851],[-123.9225086,49.1877907],[-123.9225046,49.1877297],[-123.9224827,49.1876704],[-123.921982,49.1867274],[-123.921968,49.1866908],[-123.9219641,49.1866532],[-123.9219729,49.1863798],[-123.9219938,49.1862975],[-123.9223562,49.1855538],[-123.9223814,49.1855155],[-123.922404,49.185494],[-123.9224327,49.1854758],[-123.9224662,49.1854615],[-123.9225034,49.1854519],[-123.9225427,49.1854471],[-123.9226065,49.1854477],[-123.9229717,49.1854744],[-123.9230352,49.1854828],[-123.9231126,49.1854974],[-123.9232057,49.1855026],[-123.9232985,49.1854961],[-123.9233877,49.1854779],[-123.9234698,49.1854488],[-123.9235418,49.1854099],[-123.923601,49.1853627],[-123.9236451,49.1853088],[-123.9236724,49.1852505],[-123.923682,49.1851897],[-123.9236735,49.1851289],[-123.9236627,49.1850921],[-123.9235873,49.1846394],[-123.9235864,49.1845993],[-123.9235931,49.1845745],[-123.9236068,49.184551],[-123.923627,49.1845295],[-123.9236531,49.184511],[-123.9236839,49.1844959],[-123.9237186,49.1844849],[-123.9237778,49.1844745],[-123.924077,49.1844413],[-123.9241757,49.1844231],[-123.9242663,49.1843916],[-123.9243446,49.1843483],[-123.9244071,49.1842952],[-123.9247988,49.1838765],[-123.9248392,49.1838222],[-123.924863,49.1837638],[-123.9248693,49.1837036],[-123.9248579,49.1836437],[-123.9248292,49.1835863],[-123.9248059,49.1835514],[-123.9247974,49.1835264],[-123.9247963,49.1835008],[-123.9248028,49.1834755],[-123.9248247,49.1834372],[-123.9252727,49.1828371],[-123.9253098,49.1827678],[-123.9253214,49.1826948],[-123.9252839,49.1808863],[-123.9252886,49.1808473],[-123.9252984,49.1808237],[-123.9253146,49.1808015],[-123.9253498,49.18077],[-123.9277994,49.1789525],[-123.9278464,49.1789239],[-123.9278806,49.1789101],[-123.9279184,49.178901],[-123.9279581,49.1788969],[-123.9280223,49.1788986],[-123.9308737,49.1791601],[-123.9309759,49.1791623],[-123.9310764,49.1791504],[-123.9311708,49.1791249],[-123.9312549,49.1790869],[-123.9313248,49.1790382],[-123.9313774,49.1789809],[-123.9331836,49.1764362],[-123.9332132,49.1764028],[-123.9332372,49.1763844],[-123.9332829,49.1763601],[-123.9350859,49.1755664],[-123.9351397,49.1755473],[-123.9351763,49.1755396],[-123.9352145,49.1755366],[-123.9352529,49.1755382],[-123.9352901,49.1755446],[-123.9353248,49.1755554],[-123.9353558,49.1755703],[-123.9353975,49.1755996],[-123.9389402,49.1786163],[-123.938984,49.1786618],[-123.942158,49.1827411],[-123.9421778,49.1827705],[-123.9444446,49.1866977],[-123.9444613,49.1867386],[-123.9444638,49.1867651],[-123.9444582,49.1867914],[-123.9444448,49.1868165],[-123.944424,49.1868393],[-123.9443726,49.1868764],[-123.9443141,49.1869283],[-123.9442731,49.1869869],[-123.9442512,49.1870498],[-123.9442494,49.1871143],[-123.9442677,49.1871776],[-123.9443054,49.1872372],[-123.9447327,49.1877551],[-123.944761,49.187797],[-123.9454766,49.1891301],[-123.9454978,49.1891881],[-123.9455577,49.1894808],[-123.9455785,49.1895393],[-123.9456159,49.1895941],[-123.9456686,49.1896433],[-123.9458211,49.1897602],[-123.9458588,49.189796],[-123.9458846,49.1898359],[-123.9460943,49.190284],[-123.9461041,49.1903086],[-123.94610794259954,49.190320403670384],[-123.945853,49.187401],[-123.937006,49.17459],[-123.92094,49.162281],[-123.918989,49.157765],[-123.925432,49.150176],[-123.921037,49.141318],[-123.909539,49.139084],[-123.893076,49.146025],[-123.891567,49.149889],[-123.89691,49.166143],[-123.894337,49.168231],[-123.884307,49.153361],[-123.870132,49.143686],[-123.816983,49.136985],[-123.802213,49.120377],[-123.802989,49.112358],[-123.796684,49.094342],[-123.778205,49.071377],[-123.744415,49.040708],[-123.770748,49.020914],[-123.770161,49.016682],[-123.758695,49.005066],[-123.755309,48.985906],[-123.772063,48.978705],[-123.778813,48.988155],[-123.792,48.990726],[-123.80024,48.986729],[-123.799845,48.980009],[-123.788295,48.972729],[-123.777182,48.972963],[-123.773566,48.967226],[-123.754226,48.959326],[-123.734136,48.937947],[-123.716783,48.930677],[-123.703953,48.930891],[-123.691281,48.908593],[-123.670394,48.899499],[-123.659944,48.887811],[-123.643115,48.884256],[-123.641606,48.87411],[-123.634791,48.865173],[-123.619267,48.862664],[-123.610662,48.854832],[-123.590167,48.84886],[-123.581807,48.824429],[-123.588837,48.817433],[-123.589191,48.813112],[-123.560607,48.799933],[-123.561866,48.788284],[-123.555681,48.781187],[-123.566037,48.77758],[-123.575943,48.768541],[-123.567074,48.748974],[-123.56765,48.742119],[-123.576176,48.73781],[-123.577228,48.732356],[-123.55329,48.716883],[-123.549985,48.704176],[-123.532617,48.694373],[-123.529089,48.66964],[-123.531717,48.659339],[-123.543729,48.646828],[-123.526948,48.632699],[-123.516365,48.615297],[-123.520745,48.597353],[-123.519344,48.583826],[-123.51315,48.571232],[-123.499795,48.568119],[-123.489221,48.578806],[-123.475553,48.578965],[-123.468779,48.584894],[-123.470344,48.590243],[-123.482909,48.597194],[-123.483485,48.606841],[-123.475672,48.618701],[-123.482266,48.628829],[-123.476019,48.641792],[-123.458877,48.650889],[-123.456246,48.656212],[-123.460191,48.66117],[-123.47989,48.667129],[-123.490618,48.67622],[-123.48527,48.683033],[-123.48529,48.693601],[-123.438829,48.700619],[-123.410923,48.690236],[-123.401119,48.689997],[-123.3939,48.676138],[-123.395592,48.669271],[-123.390154,48.662303],[-123.392803,48.655996],[-123.391205,48.646478],[-123.405978,48.627689],[-123.390344,48.602803],[-123.3676,48.597002],[-123.369626,48.5894],[-123.364103,48.573155],[-123.364258,48.563775],[-123.35962,48.55829],[-123.362388,48.549397],[-123.358784,48.542605],[-123.363831,48.531858],[-123.362255,48.517233],[-123.328589,48.497733],[-123.304966,48.497443],[-123.298018,48.489304],[-123.297125,48.476838],[-123.274322,48.465163],[-123.262606,48.452591],[-123.285949,48.446697],[-123.289385,48.437337],[-123.2977,48.432453],[-123.297621,48.421171],[-123.29177,48.410481],[-123.313442,48.408292],[-123.321004,48.404052],[-123.339233,48.406933],[-123.349772,48.401284],[-123.399118,48.416121],[-123.411085,48.415373],[-123.428876,48.425362],[-123.454688,48.428082],[-123.47227,48.413824],[-123.482867,48.399721],[-123.481663,48.394123],[-123.476052,48.390413],[-123.476246,48.385078],[-123.496983,48.385411],[-123.513783,48.380527],[-123.526605,48.370347],[-123.539205,48.354674],[-123.538071,48.347911],[-123.525145,48.341314],[-123.540191,48.33387],[-123.537449,48.325069],[-123.539319,48.318562],[-123.560126,48.307365],[-123.575242,48.311894],[-123.587089,48.30833],[-123.602794,48.31362],[-123.605856,48.319755],[-123.602552,48.325022],[-123.603957,48.329154],[-123.617848,48.333166],[-123.625108,48.330114],[-123.636442,48.315542],[-123.654638,48.312244],[-123.672414,48.320706],[-123.689033,48.333969],[-123.715828,48.337488],[-123.723729,48.350318],[-123.755033,48.357919],[-123.763446,48.367185],[-123.822159,48.355342],[-123.839364,48.369605],[-123.861591,48.377639],[-123.896036,48.380217],[-123.922154,48.375108],[-123.942564,48.384072],[-123.951357,48.392177],[-123.975617,48.390909],[-123.986883,48.393648],[-123.997315,48.406264],[-124.035629,48.418518],[-124.070322,48.42129],[-124.093008,48.431895],[-124.107903,48.430861],[-124.120521,48.438533],[-124.207115,48.455707],[-124.251472,48.469116],[-124.272916,48.4786],[-124.293832,48.483604],[-124.297991,48.493223],[-124.311009,48.502291],[-124.366515,48.507327],[-124.418649,48.521387],[-124.434347,48.521657],[-124.460632,48.5307],[-124.459843,48.536436],[-124.443752,48.548313],[-124.432258,48.551411],[-124.426091,48.557345],[-124.408802,48.560172],[-124.406636,48.566816],[-124.413906,48.571971],[-124.46761,48.558549],[-124.497612,48.541143],[-124.55122,48.55506],[-124.604387,48.562628],[-124.617719,48.568031],[-124.645069,48.571584],[-124.689323,48.58815],[-124.718028,48.592046],[-124.73787,48.608287],[-124.752676,48.609572],[-124.76331,48.615624],[-124.768807,48.62534],[-124.785242,48.636088],[-124.796695,48.638868],[-124.816859,48.657875],[-124.829912,48.657605],[-124.872721,48.674177],[-124.88536,48.673801],[-124.913112,48.679808],[-124.921481,48.686023],[-124.952686,48.698246],[-125.00664,48.705101],[-125.01904,48.711765],[-125.060805,48.720132],[-125.100985,48.719769],[-125.118798,48.730573],[-125.121592,48.73921],[-125.131657,48.746971],[-125.134655,48.762853],[-125.139713,48.769446],[-125.161615,48.769974],[-125.176026,48.783277],[-125.199705,48.778721],[-125.212534,48.780469],[-125.217707,48.790503],[-125.207109,48.799393],[-125.192145,48.80313],[-125.181031,48.815147],[-125.155357,48.828068],[-125.130275,48.84903],[-125.113798,48.854095],[-125.108941,48.864605],[-125.098888,48.869292],[-125.090242,48.878969],[-125.069638,48.886946],[-125.035718,48.885854],[-125.015042,48.902104],[-125.012809,48.913408],[-125.034932,48.933256],[-125.020578,48.945253],[-125.022756,48.950726],[-125.035086,48.955917],[-125.022956,48.972109],[-125.031139,48.98443],[-125.056164,48.990977],[-125.083435,48.975119],[-125.095014,48.971302],[-125.110594,48.971779],[-125.128897,48.978558],[-125.12925,48.986245],[-125.138675,48.994458],[-125.151262,48.995509],[-125.157727,48.991517],[-125.160667,48.98391],[-125.177537,48.983551],[-125.182055,48.977852],[-125.191591,48.973812],[-125.200455,48.961463],[-125.211301,48.957622],[-125.220143,48.949897],[-125.24258,48.942601],[-125.251719,48.947583],[-125.255361,48.95438],[-125.268592,48.956405],[-125.280632,48.963785],[-125.299843,48.966314],[-125.31013,48.96426],[-125.32548,48.968414],[-125.298596,48.979229],[-125.29529,48.987613],[-125.302451,48.996353],[-125.320849,49.002394],[-125.326389,49.00907],[-125.32543,49.013265],[-125.310239,49.019848],[-125.311078,49.027774],[-125.319595,49.03139],[-125.331908,49.029257],[-125.33836,49.03489],[-125.346523,49.036324],[-125.359115,49.028766],[-125.355221,49.019391],[-125.359506,49.006292],[-125.365279,49.002544],[-125.367121,48.997013],[-125.386356,48.986504],[-125.394392,48.974987],[-125.4414,48.950254],[-125.44514,48.941713],[-125.458956,48.938491],[-125.46757,48.925609],[-125.480486,48.919614],[-125.519675,48.922855],[-125.542852,48.919348],[-125.546163,48.925801],[-125.557159,48.934433],[-125.570658,48.936881],[-125.578004,48.943973],[-125.586601,48.946247],[-125.594083,48.954422],[-125.606104,48.957331],[-125.610405,48.96201],[-125.610894,48.969175],[-125.621313,48.97479],[-125.616734,48.981642],[-125.61748,48.985601],[-125.635337,48.998188],[-125.64824,49.000507],[-125.670548,48.994212],[-125.67433,49.00149],[-125.68335,49.008301],[-125.678961,49.016247],[-125.685406,49.024625],[-125.70613,49.041259],[-125.744799,49.063191],[-125.774504,49.069351],[-125.787318,49.061584],[-125.806743,49.066246],[-125.822343,49.061358],[-125.832016,49.068541],[-125.861384,49.075702],[-125.892177,49.093094],[-125.887207,49.105184],[-125.89593,49.110833],[-125.900193,49.120142],[-125.908845,49.124149],[-125.90874,49.130851],[-125.91763,49.138562],[-125.918056,49.147812],[-125.913677,49.155188],[-125.900476,49.156153],[-125.887965,49.151604],[-125.884081,49.13143],[-125.877257,49.125808],[-125.80677,49.121533],[-125.770179,49.104385],[-125.758371,49.110523],[-125.730726,49.113395],[-125.724411,49.124463],[-125.682488,49.144317],[-125.682366,49.154855],[-125.671797,49.159037],[-125.66966,49.16439],[-125.679375,49.17531],[-125.691186,49.176091],[-125.711178,49.161362],[-125.722595,49.143318],[-125.742947,49.145197],[-125.752723,49.142764],[-125.758191,49.138643],[-125.760628,49.129646],[-125.779424,49.13034],[-125.7926,49.139338],[-125.79485,49.146622],[-125.77561,49.156256],[-125.762204,49.172549],[-125.761447,49.177642],[-125.75376,49.183062],[-125.755959,49.208235],[-125.753105,49.214367],[-125.756616,49.223258],[-125.751617,49.236642],[-125.760422,49.243395],[-125.778292,49.238593],[-125.798933,49.238134],[-125.81422,49.244816],[-125.818921,49.258346],[-125.811486,49.263004],[-125.806378,49.289471],[-125.81365,49.295753],[-125.825304,49.294398],[-125.834361,49.285643],[-125.834698,49.268187],[-125.830508,49.260729],[-125.854946,49.253494],[-125.87025,49.256365],[-125.865122,49.262203],[-125.865063,49.267605],[-125.874065,49.275522],[-125.898834,49.277152],[-125.908958,49.273389],[-125.911874,49.266282],[-125.933226,49.253198],[-125.934761,49.243693],[-125.950126,49.239718],[-125.972309,49.22547],[-125.997889,49.238165],[-126.01462,49.242077],[-126.01411,49.251721],[-126.026356,49.261695],[-126.028527,49.274907],[-126.034876,49.284503],[-126.022699,49.289609],[-126.019553,49.304629],[-126.011174,49.30867],[-126.009312,49.313868],[-126.015227,49.319203],[-126.035361,49.323286],[-126.060811,49.339593],[-126.064449,49.350819],[-126.0628,49.371603],[-126.07419,49.390012],[-126.085236,49.394716],[-126.083815,49.399354],[-126.07066,49.404805],[-126.067014,49.409854],[-126.070733,49.419664],[-126.069578,49.425688],[-126.07731,49.432052],[-126.11621,49.427205],[-126.136852,49.415472],[-126.146007,49.406577],[-126.148074,49.399353],[-126.192028,49.396431],[-126.226981,49.402771],[-126.237874,49.410497],[-126.246559,49.409626],[-126.25903,49.396668],[-126.254767,49.366642],[-126.250488,49.360895],[-126.252796,49.350784],[-126.26069,49.345513],[-126.268823,49.35158],[-126.288181,49.351524],[-126.291512,49.357252],[-126.300823,49.360611],[-126.308749,49.369445],[-126.333743,49.378203],[-126.339589,49.388262],[-126.358017,49.401282],[-126.409784,49.412347],[-126.406024,49.419033],[-126.407023,49.427105],[-126.419491,49.435188],[-126.422443,49.441376],[-126.434697,49.447703],[-126.43541,49.451078],[-126.418584,49.462147],[-126.420547,49.469797],[-126.430275,49.47281],[-126.445436,49.467752],[-126.449551,49.455371],[-126.458526,49.449271],[-126.459872,49.443602],[-126.476405,49.441819],[-126.48482,49.432311],[-126.484512,49.421908],[-126.469341,49.41764],[-126.466963,49.411405],[-126.459807,49.406773],[-126.46436,49.398175],[-126.461319,49.391696],[-126.471274,49.38356],[-126.473174,49.376745],[-126.496615,49.379802],[-126.52142,49.376566],[-126.54688,49.381505],[-126.547125,49.391816],[-126.579559,49.414487],[-126.576343,49.422169],[-126.568113,49.427009],[-126.567264,49.43504],[-126.558594,49.447047],[-126.576711,49.464301],[-126.572165,49.470108],[-126.573333,49.475717],[-126.563719,49.484717],[-126.560359,49.509817],[-126.554049,49.516426],[-126.555692,49.521052],[-126.573048,49.534275],[-126.564746,49.543065],[-126.567959,49.568328],[-126.572424,49.578035],[-126.557496,49.587875],[-126.527541,49.59232],[-126.513143,49.599887],[-126.508099,49.606693],[-126.496936,49.612757],[-126.494259,49.6213],[-126.483418,49.631761],[-126.483615,49.638611],[-126.479049,49.645635],[-126.460046,49.645938],[-126.457704,49.640676],[-126.450245,49.637759],[-126.437404,49.642042],[-126.398674,49.640275],[-126.371898,49.631757],[-126.355047,49.636507],[-126.35314,49.644497],[-126.35981,49.648894],[-126.377858,49.652789],[-126.388959,49.659959],[-126.416236,49.660427],[-126.439651,49.650241],[-126.450607,49.652819],[-126.45275,49.657329],[-126.471503,49.668671],[-126.479564,49.678749],[-126.50206,49.685508],[-126.493817,49.7003],[-126.500637,49.707231],[-126.5271,49.70445],[-126.545306,49.697366],[-126.550427,49.69213],[-126.566856,49.695075],[-126.589018,49.693553],[-126.615754,49.720477],[-126.626437,49.737424],[-126.63134,49.765036],[-126.634831,49.770638],[-126.644554,49.77619],[-126.642118,49.782843],[-126.645394,49.796171],[-126.655363,49.816283],[-126.654608,49.847857],[-126.657892,49.85469],[-126.683714,49.862454],[-126.706238,49.862172],[-126.715636,49.869643],[-126.735695,49.866745],[-126.754641,49.873154],[-126.789255,49.903087],[-126.798205,49.902992],[-126.810392,49.896067],[-126.813614,49.886921],[-126.824364,49.879383],[-126.878775,49.867342],[-126.91045,49.867089],[-126.924019,49.871513],[-126.941817,49.858763],[-126.963231,49.853982],[-126.972138,49.858249],[-126.985378,49.859019],[-126.99676,49.850753],[-127.016333,49.848156],[-127.026548,49.852275],[-127.044053,49.850802],[-127.077502,49.86082],[-127.092708,49.857818],[-127.106271,49.861555],[-127.119589,49.852751],[-127.153981,49.858605],[-127.171161,49.870052],[-127.179207,49.879416],[-127.180313,49.8914],[-127.185526,49.898456],[-127.196061,49.902526],[-127.203832,49.913345],[-127.204552,49.920915],[-127.221097,49.926405],[-127.233541,49.95647],[-127.242428,49.960128],[-127.252895,49.958639],[-127.257687,49.965741],[-127.253224,49.972047],[-127.241559,49.973059],[-127.22477,49.981673],[-127.212064,49.993294],[-127.202742,49.994582],[-127.183152,50.005184],[-127.183253,50.012974],[-127.199106,50.022681],[-127.188858,50.027742],[-127.17474,50.042074],[-127.178426,50.049011],[-127.177377,50.055884],[-127.187393,50.065344],[-127.176002,50.074673],[-127.143448,50.085343],[-127.139035,50.0921],[-127.142948,50.098158],[-127.159375,50.099455],[-127.169493,50.094425],[-127.199756,50.090302],[-127.213801,50.091721],[-127.236964,50.104683],[-127.234653,50.114106],[-127.236979,50.118325],[-127.248585,50.122886],[-127.25702,50.122412],[-127.266212,50.111488],[-127.260959,50.102957],[-127.271835,50.100223],[-127.276604,50.094404],[-127.267506,50.082362],[-127.276796,50.076207],[-127.278939,50.070794],[-127.264974,50.057208],[-127.269848,50.052735],[-127.279981,50.051734],[-127.315974,50.037668],[-127.33875,50.024653],[-127.344457,50.018021],[-127.360156,50.021456],[-127.369001,50.027105],[-127.394175,50.026889],[-127.408357,50.035789],[-127.43041,50.034752],[-127.43353,50.041224],[-127.442541,50.046649],[-127.449356,50.066],[-127.486945,50.092022],[-127.484965,50.105121],[-127.487477,50.110291],[-127.515691,50.12035],[-127.525227,50.12748],[-127.5612,50.121509],[-127.57602,50.124476],[-127.589201,50.116235],[-127.591571,50.109739],[-127.608892,50.106212],[-127.615679,50.114203],[-127.627465,50.116491],[-127.642137,50.141553],[-127.648221,50.146238],[-127.656282,50.148051],[-127.674854,50.144993],[-127.683024,50.140656],[-127.683571,50.129727],[-127.704689,50.129663],[-127.715827,50.122739],[-127.731422,50.120709],[-127.79589,50.078975],[-127.813459,50.078474],[-127.832472,50.086245],[-127.865044,50.090796],[-127.883772,50.097066],[-127.889786,50.103658],[-127.918277,50.112664],[-127.922723,50.130409],[-127.913602,50.133206],[-127.898873,50.14399],[-127.857422,50.160482],[-127.847195,50.170574],[-127.838408,50.17448],[-127.83277,50.185741],[-127.824934,50.189766],[-127.821639,50.196313],[-127.801377,50.20497],[-127.799753,50.210053],[-127.803668,50.214837],[-127.80355,50.221391],[-127.777103,50.225869],[-127.767552,50.230482],[-127.765163,50.23722],[-127.773132,50.243307],[-127.800686,50.245306],[-127.850716,50.272834],[-127.866393,50.289449],[-127.859047,50.293618],[-127.842711,50.292948],[-127.83608,50.296463],[-127.834351,50.301727],[-127.842101,50.308551],[-127.858756,50.311405],[-127.867087,50.316251],[-127.867567,50.325465],[-127.875237,50.330282],[-127.879099,50.338491],[-127.899291,50.338172],[-127.919636,50.324624],[-127.950256,50.31741],[-127.966311,50.323515],[-127.978209,50.323488],[-127.978316,50.333309],[-127.997734,50.349724],[-127.975522,50.357306],[-127.965586,50.364412],[-127.965077,50.378009],[-127.973102,50.38457],[-127.973288,50.388927],[-127.962502,50.392476],[-127.960974,50.401676],[-127.953956,50.40579],[-127.95244,50.41125],[-127.932421,50.423707],[-127.932656,50.429797],[-127.942406,50.437078],[-127.936995,50.458316],[-127.938307,50.472567],[-127.952696,50.477385],[-127.960732,50.474612],[-127.96704,50.468088],[-127.981926,50.469253],[-127.991714,50.465308],[-128.019021,50.468763],[-128.015386,50.473583],[-128.016963,50.483506],[-128.028709,50.493652],[-128.039352,50.494223],[-128.049598,50.488058],[-128.050896,50.482273],[-128.033755,50.468431],[-128.023411,50.467161],[-128.036188,50.446358],[-128.047969,50.442011],[-128.060784,50.451187],[-128.062035,50.457473],[-128.069702,50.464275],[-128.087474,50.472144],[-128.110859,50.470846],[-128.124915,50.489614],[-128.144446,50.503234],[-128.164425,50.506094],[-128.18081,50.52159],[-128.206538,50.526995],[-128.221269,50.536793],[-128.217572,50.547177],[-128.221513,50.554967],[-128.249305,50.571884],[-128.239555,50.579154],[-128.2384,50.584509],[-128.241199,50.588241],[-128.26196,50.593025],[-128.277549,50.604163],[-128.304779,50.60738],[-128.329359,50.628934],[-128.330175,50.640008],[-128.310396,50.653578],[-128.301946,50.650502],[-128.292557,50.652334],[-128.288675,50.657313],[-128.29043,50.661777],[-128.302181,50.665188],[-128.311744,50.660134],[-128.332593,50.667511],[-128.34598,50.663773],[-128.352463,50.668443],[-128.375239,50.674509],[-128.380295,50.692165],[-128.369467,50.696707],[-128.367832,50.703361],[-128.378303,50.717565],[-128.392086,50.726897],[-128.392362,50.735243],[-128.414101,50.743087],[-128.406793,50.751135],[-128.407345,50.76024],[-128.433104,50.773057],[-128.435279,50.781127]],[[-127.163664,50.639511],[-127.163644,50.639705],[-127.16301,50.641966],[-127.162917,50.642162],[-127.162756,50.642339],[-127.157482,50.64683],[-127.157179,50.647038],[-127.120923,50.667094],[-127.120624,50.667287],[-127.113606,50.672551],[-127.11331,50.672733],[-127.107324,50.675755],[-127.107098,50.675848],[-127.106975,50.675879],[-127.106844,50.675895],[-127.106711,50.675895],[-127.106581,50.675878],[-127.106458,50.675846],[-127.106347,50.6758],[-127.106155,50.675681],[-127.098507,50.669914],[-127.098134,50.669681],[-127.0977,50.669496],[-127.097219,50.669365],[-127.096708,50.669293],[-127.090729,50.668815],[-127.090242,50.668738],[-127.079572,50.666153],[-127.078976,50.666055],[-127.07836,50.666041],[-127.068602,50.666502],[-127.068142,50.666548],[-127.067701,50.666642],[-127.06729,50.66678],[-127.056661,50.671115],[-127.056406,50.671197],[-127.05627,50.67122],[-127.05613,50.671225],[-127.05599,50.671212],[-127.055858,50.671181],[-127.055738,50.671134],[-127.055636,50.671072],[-127.055474,50.670923],[-127.050974,50.6657],[-127.050651,50.665401],[-127.050239,50.66515],[-127.049756,50.664957],[-127.0448,50.663401],[-127.044606,50.663327],[-127.044434,50.663234],[-127.041496,50.661378],[-127.041083,50.661162],[-127.040612,50.661],[-127.040102,50.660898],[-127.032645,50.659885],[-127.032371,50.659828],[-127.03212,50.659737],[-127.027129,50.657448],[-127.026707,50.657288],[-127.026247,50.657177],[-127.025764,50.657119],[-127.025272,50.657115],[-127.019871,50.657374],[-127.019335,50.657433],[-127.018827,50.657556],[-127.018367,50.657739],[-127.00615,50.663713],[-127.005936,50.663799],[-127.005703,50.663859],[-127.000526,50.664856],[-127.000319,50.664886],[-127.000108,50.664895],[-126.996267,50.664876],[-126.995987,50.664856],[-126.995718,50.664802],[-126.986729,50.662308],[-126.986151,50.662192],[-126.985548,50.662159],[-126.984947,50.662207],[-126.980828,50.662834],[-126.980577,50.662857],[-126.980452,50.662854],[-126.98033,50.662837],[-126.980215,50.662806],[-126.980003,50.662718],[-126.978146,50.661782],[-126.977667,50.661588],[-126.977137,50.661458],[-126.976576,50.661399],[-126.976009,50.661413],[-126.975457,50.661498],[-126.974943,50.661653],[-126.967664,50.664445],[-126.967411,50.664521],[-126.967277,50.664542],[-126.967139,50.664545],[-126.966863,50.664517],[-126.96383,50.664006],[-126.963542,50.663935],[-126.963286,50.663825],[-126.960607,50.662381],[-126.960173,50.662189],[-126.959689,50.662052],[-126.959173,50.661974],[-126.958644,50.66196],[-126.954289,50.662101],[-126.954063,50.662097],[-126.953841,50.662069],[-126.940029,50.65962],[-126.939801,50.659565],[-126.93959,50.659486],[-126.930562,50.655373],[-126.930075,50.655195],[-126.929542,50.655082],[-126.928984,50.655039],[-126.928424,50.655067],[-126.927883,50.655165],[-126.916733,50.657979],[-126.916213,50.658152],[-126.915761,50.65839],[-126.909457,50.662486],[-126.909275,50.662586],[-126.909068,50.662664],[-126.905667,50.663712],[-126.905143,50.663921],[-126.904704,50.664199],[-126.895446,50.671509],[-126.895251,50.671635],[-126.895137,50.671684],[-126.89501,50.671717],[-126.894876,50.671734],[-126.894739,50.671734],[-126.894604,50.671716],[-126.894478,50.671682],[-126.894365,50.671633],[-126.89427,50.67157],[-126.894196,50.671497],[-126.894146,50.671416],[-126.8941,50.671242],[-126.893657,50.667196],[-126.89354,50.666796],[-126.892702,50.665069],[-126.892497,50.664756],[-126.892202,50.664474],[-126.891827,50.664231],[-126.891388,50.664039],[-126.890898,50.663902],[-126.883857,50.662427],[-126.883631,50.662366],[-126.88353,50.662323],[-126.883351,50.662216],[-126.878193,50.658507],[-126.877793,50.658271],[-126.877328,50.658088],[-126.876816,50.657966],[-126.870476,50.656883],[-126.87021,50.656819],[-126.870092,50.656771],[-126.869992,50.656709],[-126.869833,50.65656],[-126.866989,50.653188],[-126.866845,50.652975],[-126.863921,50.647323],[-126.863734,50.647044],[-126.863475,50.646789],[-126.857014,50.641489],[-126.856548,50.641188],[-126.855983,50.640965],[-126.832662,50.634043],[-126.832193,50.633853],[-126.824374,50.629643],[-126.824164,50.629502],[-126.824087,50.62942],[-126.823991,50.629235],[-126.823168,50.626738],[-126.823139,50.626583],[-126.823147,50.626506],[-126.823203,50.626355],[-126.826244,50.620566],[-126.826345,50.620419],[-126.826486,50.620286],[-126.828317,50.61886],[-126.82849,50.618748],[-126.828589,50.618703],[-126.828699,50.618669],[-126.828938,50.618628],[-126.83122,50.618366],[-126.831472,50.618352],[-126.831597,50.61836],[-126.831717,50.618381],[-126.831945,50.618452],[-126.838389,50.620949],[-126.83887,50.621097],[-126.847597,50.623163],[-126.847841,50.623238],[-126.847948,50.62329],[-126.848037,50.623353],[-126.848174,50.623502],[-126.849644,50.625514],[-126.849802,50.625824],[-126.85144,50.631254],[-126.851614,50.631617],[-126.851906,50.631949],[-126.852301,50.632233],[-126.852783,50.632458],[-126.853329,50.632613],[-126.85664,50.633295],[-126.857144,50.633367],[-126.85766,50.63338],[-126.858172,50.633332],[-126.85866,50.633225],[-126.85911,50.633064],[-126.862268,50.631671],[-126.862633,50.631479],[-126.862941,50.631252],[-126.866218,50.628374],[-126.866381,50.628254],[-126.866576,50.628155],[-126.88686,50.619581],[-126.887115,50.619496],[-126.887252,50.619471],[-126.88754,50.619458],[-126.91454,50.620042],[-126.914908,50.620071],[-126.9202,50.620789],[-126.920797,50.620828],[-126.921394,50.620786],[-126.921962,50.620664],[-126.922477,50.620469],[-126.922915,50.620208],[-126.924023,50.61939],[-126.924233,50.619264],[-126.924354,50.619217],[-126.924488,50.619187],[-126.924774,50.619162],[-126.92601,50.619138],[-126.926342,50.619157],[-126.926658,50.619226],[-126.936514,50.622253],[-126.937202,50.622398],[-126.945911,50.62347],[-126.946111,50.623505],[-126.946301,50.623558],[-126.951803,50.625411],[-126.952003,50.625493],[-126.952178,50.625595],[-126.954128,50.626945],[-126.954526,50.627173],[-126.954985,50.627348],[-126.955489,50.627465],[-126.95636,50.627609],[-126.957039,50.627667],[-126.957719,50.627618],[-126.960905,50.627137],[-126.961496,50.627002],[-126.962024,50.626787],[-126.962464,50.626504],[-126.962931,50.626126],[-126.963125,50.625998],[-126.963238,50.625948],[-126.963365,50.625914],[-126.9635,50.625896],[-126.963638,50.625896],[-126.963913,50.625931],[-126.964838,50.626113],[-126.965392,50.626185],[-126.965957,50.626184],[-126.96651,50.626112],[-126.96703,50.62597],[-126.973442,50.623716],[-126.973709,50.623644],[-126.973849,50.623626],[-126.973991,50.623628],[-126.974274,50.623668],[-126.979486,50.62479],[-126.979991,50.62495],[-126.985946,50.627518],[-126.986401,50.627677],[-126.986893,50.62778],[-126.987408,50.627824],[-126.987926,50.627807],[-126.988431,50.62773],[-126.994688,50.626376],[-126.995234,50.626214],[-126.995713,50.625982],[-127.005323,50.620197],[-127.005502,50.620106],[-127.005601,50.620071],[-127.005817,50.620021],[-127.008916,50.619485],[-127.009198,50.619455],[-127.009339,50.619459],[-127.009617,50.619504],[-127.016538,50.621111],[-127.016791,50.621189],[-127.016901,50.621242],[-127.016991,50.621308],[-127.017059,50.621385],[-127.017146,50.621554],[-127.019775,50.629312],[-127.019979,50.629695],[-127.020314,50.63004],[-127.029306,50.637278],[-127.029467,50.637442],[-127.029568,50.637624],[-127.03017,50.639258],[-127.030206,50.639441],[-127.030182,50.639625],[-127.029975,50.640315],[-127.029927,50.640701],[-127.030011,50.641085],[-127.030224,50.641447],[-127.030556,50.641772],[-127.031614,50.642597],[-127.031755,50.642729],[-127.031805,50.642801],[-127.031833,50.642877],[-127.03184,50.642956],[-127.031808,50.643114],[-127.031145,50.645025],[-127.031081,50.645347],[-127.03111,50.64567],[-127.031168,50.64592],[-127.031295,50.646246],[-127.031517,50.646551],[-127.031825,50.646825],[-127.032209,50.647057],[-127.032655,50.647239],[-127.033147,50.647365],[-127.033667,50.647429],[-127.034198,50.647431],[-127.034719,50.647369],[-127.038481,50.646686],[-127.039011,50.646551],[-127.039488,50.646351],[-127.039891,50.646093],[-127.041391,50.644916],[-127.041673,50.644649],[-127.041874,50.644355],[-127.043356,50.641503],[-127.043496,50.641006],[-127.043594,50.639173],[-127.04363,50.639],[-127.043674,50.638919],[-127.043742,50.638844],[-127.043832,50.63878],[-127.04394,50.638728],[-127.044062,50.63869],[-127.044193,50.638669],[-127.044468,50.638659],[-127.045427,50.638684],[-127.046033,50.638658],[-127.046616,50.638551],[-127.047149,50.638366],[-127.052042,50.636203],[-127.052223,50.636135],[-127.052419,50.636085],[-127.081742,50.630187],[-127.081957,50.630155],[-127.082176,50.630145],[-127.104325,50.630254],[-127.104724,50.630238],[-127.130652,50.628001],[-127.130939,50.627995],[-127.131221,50.628027],[-127.150287,50.631463],[-127.150876,50.631527],[-127.151474,50.63151],[-127.152053,50.631414],[-127.152586,50.631242],[-127.153049,50.631002],[-127.154648,50.629976],[-127.154849,50.62987],[-127.154962,50.62983],[-127.155084,50.629804],[-127.155212,50.629793],[-127.155341,50.629797],[-127.155466,50.629817],[-127.155584,50.629851],[-127.155689,50.629898],[-127.155779,50.629957],[-127.155922,50.630096],[-127.163528,50.639235],[-127.163641,50.639416],[-127.163664,50.639511]],[[-126.973935,49.819381],[-126.973918,49.819531],[-126.973854,49.819676],[-126.973747,49.819811],[-126.9736,49.819928],[-126.973419,49.820024],[-126.973213,49.820096],[-126.972989,49.820139],[-126.972516,49.820166],[-126.971833,49.82016],[-126.97088,49.820215],[-126.969962,49.820391],[-126.969118,49.820683],[-126.968381,49.821078],[-126.967782,49.821559],[-126.967344,49.822109],[-126.967086,49.822704],[-126.967084,49.822724],[-126.967082,49.822724],[-126.966966,49.823168],[-126.966884,49.823306],[-126.966763,49.823431],[-126.966606,49.823538],[-126.966419,49.823623],[-126.966281,49.823664],[-126.965491,49.823953],[-126.9648,49.824334],[-126.964235,49.824793],[-126.963815,49.825313],[-126.963556,49.825875],[-126.963404,49.826375],[-126.963265,49.82667],[-126.963153,49.826804],[-126.963096,49.826847],[-126.962562,49.82735],[-126.962193,49.827911],[-126.962003,49.828508],[-126.961999,49.829118],[-126.962182,49.829716],[-126.962544,49.830278],[-126.963072,49.830784],[-126.965941,49.833017],[-126.966195,49.833258],[-126.966283,49.833391],[-126.96633,49.833531],[-126.966335,49.833675],[-126.966298,49.833817],[-126.966219,49.833952],[-126.966102,49.834074],[-126.965796,49.834289],[-126.959623,49.83787],[-126.959287,49.838032],[-126.959101,49.838092],[-126.958902,49.838131],[-126.958484,49.83816],[-126.953873,49.838224],[-126.953384,49.838198],[-126.953153,49.838154],[-126.952723,49.838003],[-126.951817,49.837602],[-126.95107,49.837332],[-126.950261,49.837152],[-126.949415,49.837069],[-126.94856,49.837085],[-126.947723,49.837199],[-126.945504,49.837639],[-126.945048,49.837699],[-126.944819,49.837699],[-126.944594,49.837671],[-126.944164,49.837556],[-126.931405,49.833174],[-126.930721,49.832884],[-126.93063,49.832837],[-126.929855,49.83257],[-126.929017,49.832399],[-126.928644,49.832347],[-126.928223,49.83223],[-126.92525,49.831172],[-126.924318,49.83092],[-126.923325,49.8308],[-126.922315,49.830818],[-126.921333,49.830973],[-126.920425,49.831258],[-126.91963,49.83166],[-126.918504,49.832367],[-126.91815,49.83255],[-126.917952,49.832617],[-126.917738,49.832659],[-126.917516,49.832673],[-126.916942,49.83264],[-126.916567,49.832597],[-126.915556,49.83262],[-126.914575,49.832782],[-126.913739,49.833051],[-126.913486,49.833115],[-126.91326,49.83314],[-126.912612,49.833131],[-126.911675,49.833178],[-126.910771,49.833343],[-126.909935,49.833618],[-126.909199,49.833994],[-126.908592,49.834456],[-126.908137,49.834986],[-126.907852,49.835564],[-126.907749,49.836166],[-126.90783,49.836769],[-126.908094,49.837351],[-126.90853,49.837887],[-126.908683,49.838037],[-126.908854,49.838304],[-126.909581,49.839834],[-126.909672,49.840121],[-126.909674,49.840265],[-126.909633,49.840407],[-126.909551,49.840541],[-126.909431,49.840663],[-126.909278,49.840768],[-126.909095,49.840852],[-126.908683,49.840974],[-126.908612,49.840989],[-126.907778,49.841236],[-126.907032,49.841581],[-126.906403,49.842012],[-126.905914,49.842513],[-126.905583,49.843065],[-126.905422,49.843648],[-126.905438,49.84424],[-126.90563,49.844819],[-126.905791,49.845147],[-126.905816,49.845299],[-126.905792,49.845451],[-126.90572,49.845597],[-126.905486,49.845868],[-126.903853,49.847373],[-126.903542,49.847606],[-126.903357,49.847698],[-126.903146,49.847765],[-126.902919,49.847803],[-126.902444,49.847819],[-126.899987,49.847744],[-126.899509,49.847698],[-126.899286,49.847644],[-126.899084,49.847563],[-126.898711,49.847333],[-126.898526,49.84719],[-126.897837,49.846825],[-126.897054,49.846549],[-126.896205,49.846372],[-126.89532,49.8463],[-126.89443,49.846337],[-126.892883,49.846494],[-126.891927,49.846659],[-126.891044,49.846947],[-126.890273,49.847347],[-126.889646,49.847841],[-126.889192,49.848407],[-126.888928,49.849022],[-126.888868,49.849659],[-126.888889,49.849969],[-126.88886,49.850282],[-126.888797,49.850431],[-126.888688,49.850568],[-126.888538,49.850689],[-126.888353,49.850787],[-126.888141,49.850858],[-126.887673,49.850943],[-126.88673,49.85105],[-126.885884,49.851197],[-126.885094,49.851443],[-126.884388,49.851777],[-126.884125,49.851928],[-126.883245,49.852341],[-126.882745,49.85252],[-126.882193,49.852616],[-126.878625,49.852947],[-126.878134,49.852959],[-126.877896,49.852933],[-126.877671,49.852876],[-126.877118,49.85264],[-126.876339,49.85237],[-126.875495,49.852198],[-126.874617,49.85213],[-126.874394,49.852139],[-126.873604,49.852113],[-126.87121,49.851867],[-126.870285,49.85183],[-126.869365,49.851911],[-126.868487,49.852104],[-126.867685,49.852404],[-126.864764,49.853755],[-126.863975,49.854214],[-126.863364,49.854774],[-126.862018,49.856357],[-126.861778,49.856587],[-126.86163,49.856684],[-126.861456,49.856764],[-126.861263,49.856821],[-126.860847,49.85689],[-126.857232,49.857268],[-126.856277,49.857435],[-126.855396,49.857726],[-126.83814,49.864968],[-126.837763,49.865096],[-126.837562,49.865137],[-126.837352,49.865155],[-126.836927,49.86514],[-126.836068,49.86506],[-126.835129,49.865032],[-126.8342,49.865124],[-126.833317,49.865332],[-126.832514,49.865647],[-126.830618,49.86657],[-126.830214,49.866728],[-126.829995,49.866779],[-126.829765,49.866801],[-126.829293,49.866785],[-126.825806,49.866439],[-126.824812,49.866408],[-126.82383,49.866511],[-126.822903,49.866743],[-126.82207,49.867094],[-126.821188,49.867557],[-126.820792,49.867726],[-126.820574,49.867782],[-126.820344,49.86781],[-126.82011,49.867807],[-126.819881,49.867773],[-126.819667,49.867712],[-126.819282,49.867533],[-126.813262,49.864102],[-126.812547,49.863765],[-126.811747,49.86352],[-126.810891,49.863374],[-126.810008,49.863333],[-126.809128,49.863397],[-126.807981,49.863553],[-126.807053,49.863744],[-126.806205,49.864053],[-126.805472,49.864467],[-126.804884,49.864968],[-126.804468,49.865535],[-126.804239,49.866146],[-126.804208,49.866774],[-126.804375,49.867392],[-126.805638,49.870274],[-126.805943,49.870789],[-126.806386,49.87126],[-126.806952,49.871672],[-126.807624,49.872013],[-126.808419,49.872346],[-126.808773,49.872528],[-126.808918,49.872638],[-126.809028,49.872763],[-126.809099,49.8729],[-126.809128,49.873042],[-126.809102,49.873333],[-126.807323,49.880688],[-126.807206,49.88098],[-126.807105,49.881114],[-126.806965,49.881232],[-126.806792,49.881331],[-126.806386,49.881482],[-126.803676,49.882273],[-126.80292,49.88255],[-126.802254,49.882911],[-126.801702,49.883344],[-126.801281,49.883834],[-126.801004,49.884365],[-126.800889,49.884681],[-126.800707,49.884943],[-126.799165,49.886703],[-126.798891,49.886953],[-126.798721,49.887056],[-126.798522,49.887136],[-126.798302,49.887188],[-126.798071,49.887211],[-126.797837,49.887204],[-126.79761,49.887166],[-126.797182,49.887033],[-126.793353,49.885518],[-126.792507,49.885253],[-126.791596,49.8851],[-126.790656,49.885066],[-126.789724,49.885151],[-126.788837,49.885353],[-126.787184,49.885852],[-126.786753,49.885951],[-126.78653,49.885972],[-126.786304,49.885966],[-126.786085,49.885931],[-126.785879,49.88587],[-126.785509,49.885697],[-126.778229,49.881556],[-126.777768,49.881236],[-126.777154,49.880878],[-126.776454,49.880594],[-126.775687,49.880393],[-126.775484,49.880352],[-126.775065,49.880204],[-126.771252,49.878508],[-126.770824,49.878263],[-126.7705,49.877959],[-126.763448,49.869238],[-126.762941,49.868737],[-126.762291,49.868308],[-126.756774,49.865315],[-126.756479,49.865123],[-126.756361,49.865013],[-126.756187,49.864768],[-126.753199,49.859323],[-126.752845,49.858825],[-126.75236,49.858375],[-126.751759,49.857988],[-126.75106,49.857677],[-126.750963,49.857641],[-126.750781,49.857537],[-126.750489,49.857283],[-126.747814,49.854364],[-126.747232,49.853856],[-126.746502,49.853436],[-126.745653,49.853121],[-126.744723,49.852924],[-126.74375,49.852855],[-126.742775,49.852915],[-126.74184,49.853102],[-126.740782,49.853394],[-126.740322,49.853487],[-126.740086,49.853502],[-126.739849,49.853485],[-126.739623,49.853439],[-126.739417,49.853363],[-126.739238,49.853263],[-126.738947,49.853015],[-126.733344,49.84708],[-126.732727,49.84656],[-126.731953,49.846137],[-126.730839,49.845648],[-126.73012,49.845389],[-126.729343,49.845213],[-126.728531,49.845126],[-126.724206,49.84491],[-126.723347,49.844917],[-126.722504,49.845023],[-126.721705,49.845226],[-126.720974,49.845517],[-126.720337,49.845889],[-126.71993,49.846174],[-126.719379,49.846642],[-126.718976,49.84717],[-126.718737,49.847738],[-126.71867,49.848324],[-126.718778,49.848909],[-126.719056,49.849469],[-126.719495,49.849984],[-126.720079,49.850437],[-126.720786,49.850809],[-126.721589,49.851087],[-126.723958,49.851727],[-126.724343,49.851859],[-126.724511,49.851946],[-126.724652,49.852051],[-126.724872,49.852294],[-126.726035,49.853902],[-126.726194,49.854198],[-126.726198,49.854215],[-126.72643,49.854844],[-126.726861,49.855428],[-126.727472,49.85594],[-126.728235,49.856359],[-126.730162,49.857207],[-126.730495,49.857384],[-126.730632,49.85749],[-126.730737,49.85761],[-126.730807,49.85774],[-126.730871,49.858016],[-126.731106,49.860619],[-126.731089,49.86091],[-126.731038,49.86105],[-126.730947,49.861181],[-126.73082,49.861299],[-126.73066,49.861399],[-126.730473,49.861477],[-126.730055,49.861587],[-126.728653,49.861859],[-126.727835,49.862073],[-126.727091,49.86238],[-126.726449,49.862771],[-126.72571,49.863312],[-126.725165,49.863801],[-126.724778,49.864348],[-126.724564,49.864934],[-126.724535,49.865456],[-126.724497,49.865642],[-126.724424,49.865781],[-126.72431,49.865908],[-126.72416,49.866018],[-126.723795,49.8662],[-126.720883,49.867376],[-126.72044,49.867515],[-126.720205,49.867553],[-126.719962,49.867559],[-126.719723,49.867533],[-126.719266,49.867415],[-126.71147,49.864772],[-126.71107,49.864601],[-126.710903,49.864493],[-126.710641,49.864233],[-126.709006,49.862191],[-126.708502,49.861689],[-126.707858,49.861259],[-126.707096,49.860918],[-126.706247,49.860679],[-126.705342,49.86055],[-126.704415,49.860537],[-126.703502,49.860639],[-126.703156,49.860725],[-126.702667,49.860812],[-126.702439,49.860822],[-126.702211,49.860804],[-126.701672,49.860688],[-126.700756,49.860554],[-126.699817,49.860539],[-126.698891,49.860643],[-126.698015,49.860861],[-126.6979,49.860899],[-126.697482,49.861005],[-126.697263,49.861031],[-126.697042,49.86103],[-126.696601,49.860973],[-126.687876,49.859286],[-126.686829,49.859164],[-126.685767,49.859194],[-126.680169,49.859762],[-126.679641,49.859777],[-126.679386,49.859747],[-126.6789,49.859613],[-126.67087,49.856676],[-126.670518,49.856519],[-126.670369,49.856422],[-126.670249,49.85631],[-126.670074,49.856057],[-126.66847,49.853042],[-126.668363,49.85275],[-126.668355,49.852602],[-126.668392,49.852455],[-126.668557,49.852174],[-126.669857,49.850477],[-126.670158,49.84998],[-126.67032,49.849458],[-126.670341,49.848925],[-126.670217,49.848398],[-126.669358,49.846097],[-126.669263,49.845658],[-126.669232,49.845251],[-126.668961,49.844609],[-126.668481,49.84402],[-126.667815,49.843511],[-126.667628,49.843396],[-126.667502,49.843283],[-126.66741,49.843157],[-126.667356,49.843023],[-126.66734,49.842884],[-126.66739,49.842604],[-126.667879,49.841091],[-126.667979,49.840529],[-126.667916,49.839964],[-126.667694,49.839416],[-126.66723,49.838592],[-126.667116,49.838305],[-126.667103,49.838159],[-126.667135,49.838014],[-126.667285,49.837734],[-126.668164,49.836498],[-126.668465,49.835934],[-126.668593,49.835344],[-126.668541,49.834748],[-126.668311,49.834171],[-126.667919,49.833641],[-126.66784,49.833503],[-126.667804,49.833363],[-126.66781,49.83322],[-126.667856,49.833081],[-126.667943,49.83295],[-126.668193,49.832711],[-126.670621,49.8308],[-126.671116,49.830328],[-126.671466,49.829805],[-126.671661,49.829249],[-126.671693,49.82868],[-126.671561,49.828116],[-126.671271,49.827578],[-126.670831,49.827084],[-126.670257,49.826651],[-126.669569,49.826293],[-126.667372,49.825355],[-126.667006,49.825162],[-126.666858,49.825046],[-126.666749,49.824912],[-126.666617,49.82462],[-126.663473,49.813763],[-126.663418,49.813213],[-126.663622,49.810864],[-126.663594,49.810319],[-126.663417,49.809786],[-126.663097,49.809282],[-126.66022,49.805693],[-126.660062,49.805444],[-126.659974,49.80518],[-126.659283,49.801603],[-126.659094,49.80105],[-126.658752,49.800529],[-126.658267,49.800057],[-126.657656,49.799651],[-126.657369,49.799493],[-126.65723,49.799379],[-126.657127,49.799251],[-126.657064,49.799112],[-126.657043,49.798968],[-126.657088,49.798677],[-126.657473,49.797414],[-126.657563,49.796812],[-126.657469,49.796211],[-126.654005,49.785163],[-126.653778,49.784662],[-126.649769,49.777983],[-126.649394,49.777492],[-126.648889,49.777052],[-126.644495,49.773862],[-126.644225,49.773622],[-126.64413,49.77349],[-126.644055,49.773292],[-126.643942,49.772795],[-126.64362,49.772218],[-126.643495,49.772086],[-126.643236,49.771741],[-126.64312,49.771455],[-126.642152,49.767582],[-126.641753,49.766755],[-126.637253,49.760631],[-126.6371,49.760359],[-126.63703,49.760072],[-126.636701,49.756698],[-126.636582,49.756182],[-126.636329,49.755686],[-126.63595,49.755225],[-126.633827,49.753102],[-126.633592,49.752795],[-126.633531,49.752632],[-126.633525,49.75229],[-126.633648,49.751513],[-126.633657,49.750953],[-126.633508,49.750401],[-126.633206,49.749876],[-126.632762,49.749395],[-126.631921,49.748649],[-126.631695,49.748402],[-126.63162,49.748269],[-126.631586,49.748129],[-126.631592,49.747987],[-126.631639,49.747849],[-126.631726,49.747719],[-126.631848,49.747601],[-126.632161,49.747398],[-126.635388,49.745659],[-126.635821,49.745474],[-126.636059,49.745415],[-126.636573,49.745367],[-126.638302,49.74533],[-126.639265,49.745245],[-126.64018,49.745036],[-126.641011,49.74471],[-126.641722,49.744282],[-126.642283,49.74377],[-126.642671,49.743194],[-126.64287,49.74258],[-126.642871,49.741952],[-126.642675,49.741337],[-126.642658,49.741303],[-126.642605,49.741033],[-126.642546,49.740057],[-126.64244,49.739522],[-126.64219,49.739006],[-126.641805,49.738527],[-126.637843,49.734509],[-126.637598,49.734178],[-126.637482,49.733819],[-126.637105,49.730925],[-126.637108,49.730645],[-126.637149,49.730509],[-126.637228,49.73038],[-126.637341,49.730263],[-126.637634,49.730056],[-126.640269,49.728513],[-126.640563,49.728372],[-126.641239,49.727978],[-126.641278,49.727945],[-126.641783,49.72759],[-126.642355,49.727098],[-126.642733,49.726584],[-126.642862,49.72644],[-126.643005,49.726334],[-126.643351,49.726158],[-126.644694,49.725595],[-126.645053,49.725475],[-126.645817,49.725154],[-126.646473,49.724745],[-126.646996,49.724263],[-126.647367,49.723725],[-126.647572,49.723151],[-126.647604,49.722562],[-126.647461,49.72198],[-126.647148,49.721427],[-126.646679,49.720922],[-126.646428,49.720704],[-126.646215,49.720479],[-126.64614,49.720358],[-126.646099,49.72023],[-126.646085,49.719967],[-126.646208,49.718472],[-126.646169,49.717886],[-126.645959,49.717315],[-126.645585,49.716781],[-126.64506,49.716303],[-126.644714,49.716044],[-126.644433,49.715782],[-126.644339,49.715637],[-126.644293,49.715483],[-126.644309,49.715003],[-126.644302,49.715003],[-126.64432,49.714702],[-126.644205,49.714168],[-126.643948,49.713655],[-126.643556,49.713179],[-126.641071,49.710714],[-126.64086,49.710452],[-126.640796,49.710312],[-126.640754,49.710017],[-126.640774,49.707456],[-126.640682,49.70684],[-126.640401,49.706248],[-126.639942,49.705705],[-126.63493,49.700975],[-126.634698,49.700698],[-126.634629,49.700549],[-126.634589,49.700234],[-126.634778,49.694493],[-126.634798,49.694397],[-126.634829,49.693794],[-126.634677,49.693199],[-126.634349,49.692634],[-126.633856,49.692123],[-126.633218,49.691683],[-126.63246,49.691332],[-126.631484,49.690969],[-126.630532,49.690699],[-126.629512,49.69057],[-126.628474,49.690588],[-126.624825,49.690911],[-126.624376,49.690922],[-126.624156,49.690901],[-126.623947,49.690853],[-126.623755,49.69078],[-126.623589,49.690684],[-126.623453,49.690571],[-126.623354,49.690442],[-126.623232,49.690162],[-126.622448,49.687349],[-126.622412,49.687022],[-126.622477,49.686734],[-126.622597,49.686446],[-126.622662,49.685859],[-126.622553,49.685274],[-126.622273,49.684714],[-126.621833,49.684199],[-126.621572,49.683997],[-126.621293,49.683743],[-126.621205,49.683624],[-126.621096,49.683369],[-126.62011,49.679927],[-126.619813,49.679289],[-126.61931,49.678707],[-126.618625,49.678209],[-126.617268,49.677415],[-126.616972,49.677207],[-126.616858,49.677089],[-126.616699,49.676826],[-126.611297,49.66468],[-126.611219,49.664421],[-126.61121,49.664158],[-126.611491,49.661336],[-126.61157,49.661031],[-126.611655,49.660889],[-126.611783,49.660761],[-126.612118,49.66054],[-126.61374,49.659668],[-126.614129,49.659498],[-126.614343,49.65944],[-126.614571,49.659411],[-126.614802,49.659412],[-126.615029,49.659442],[-126.615242,49.659501],[-126.615432,49.659587],[-126.615758,49.659806],[-126.616569,49.660472],[-126.617202,49.6609],[-126.61795,49.661241],[-126.618786,49.661483],[-126.619677,49.661617],[-126.620592,49.661637],[-126.621496,49.661543],[-126.622355,49.661338],[-126.623137,49.661031],[-126.623814,49.660631],[-126.624359,49.660156],[-126.624753,49.659621],[-126.624982,49.659047],[-126.625035,49.658455],[-126.624934,49.656733],[-126.624946,49.656593],[-126.624916,49.656042],[-126.624735,49.655504],[-126.6247,49.655449],[-126.624547,49.655094],[-126.624532,49.654936],[-126.624619,49.654568],[-126.624685,49.654411],[-126.624745,49.6538],[-126.624618,49.653193],[-126.624307,49.652615],[-126.623825,49.652088],[-126.623191,49.651634],[-126.622252,49.651083],[-126.621933,49.650854],[-126.621814,49.650723],[-126.621739,49.65058],[-126.621709,49.650429],[-126.621727,49.650278],[-126.621791,49.650132],[-126.621899,49.649997],[-126.622199,49.649758],[-126.622732,49.649412],[-126.623325,49.648941],[-126.623764,49.648403],[-126.62403,49.64782],[-126.624114,49.647215],[-126.624011,49.64661],[-126.623443,49.644869],[-126.623393,49.644607],[-126.623403,49.644477],[-126.623509,49.644175],[-126.623652,49.64387],[-126.623741,49.643251],[-126.623634,49.642632],[-126.623338,49.642041],[-126.622863,49.6415],[-126.62223,49.641032],[-126.622025,49.640909],[-126.621906,49.640808],[-126.621721,49.640581],[-126.619109,49.636592],[-126.618983,49.636341],[-126.618954,49.636212],[-126.618967,49.635948],[-126.619665,49.632122],[-126.619767,49.631825],[-126.620047,49.631415],[-126.620329,49.630871],[-126.62045,49.630303],[-126.620406,49.62973],[-126.620197,49.629172],[-126.620139,49.629063],[-126.620109,49.628916],[-126.620139,49.628615],[-126.62066,49.626564],[-126.620766,49.626316],[-126.620927,49.625676],[-126.620878,49.625028],[-126.62062,49.624402],[-126.620358,49.62407],[-126.620185,49.623795],[-126.620143,49.623652],[-126.620143,49.623289],[-126.620161,49.62317],[-126.620086,49.622603],[-126.61985,49.622054],[-126.619462,49.621542],[-126.618935,49.621086],[-126.618718,49.620931],[-126.618603,49.62081],[-126.618527,49.620676],[-126.618452,49.620393],[-126.61759,49.612931],[-126.617452,49.612389],[-126.617166,49.611872],[-126.616743,49.611396],[-126.615994,49.610704],[-126.615767,49.610444],[-126.615696,49.610304],[-126.615669,49.610158],[-126.615685,49.610011],[-126.615746,49.609869],[-126.615859,49.609723],[-126.616222,49.60909],[-126.616362,49.608421],[-126.616274,49.607749],[-126.61596,49.607105],[-126.614277,49.604634],[-126.614136,49.604358],[-126.614108,49.604216],[-126.614121,49.604074],[-126.61422,49.603823],[-126.614445,49.603402],[-126.614567,49.602755],[-126.614476,49.602106],[-126.614175,49.601484],[-126.614165,49.601469],[-126.614116,49.601321],[-126.614115,49.60117],[-126.614197,49.600899],[-126.614286,49.600285],[-126.614184,49.599672],[-126.613895,49.599085],[-126.612575,49.597112],[-126.612435,49.596831],[-126.612408,49.596686],[-126.612425,49.596541],[-126.612485,49.596401],[-126.612585,49.59627],[-126.612722,49.596155],[-126.612891,49.596059],[-126.61343,49.595855],[-126.614157,49.595517],[-126.614774,49.595096],[-126.615257,49.594607],[-126.61559,49.594069],[-126.61576,49.593499],[-126.615762,49.592918],[-126.615595,49.592348],[-126.615266,49.591808],[-126.614786,49.591318],[-126.614172,49.590896],[-126.614008,49.590819],[-126.613582,49.590576],[-126.613447,49.590463],[-126.613348,49.590335],[-126.613287,49.590197],[-126.613267,49.590055],[-126.61329,49.589913],[-126.613353,49.589775],[-126.613456,49.589649],[-126.613593,49.589537],[-126.613761,49.589444],[-126.613953,49.589373],[-126.614162,49.589327],[-126.614605,49.589287],[-126.62065,49.589119],[-126.621085,49.589133],[-126.621295,49.589166],[-126.621492,49.589223],[-126.621669,49.589303],[-126.62182,49.589402],[-126.621941,49.589518],[-126.622026,49.589646],[-126.622089,49.589825],[-126.622358,49.590362],[-126.622776,49.590859],[-126.623326,49.591297],[-126.623992,49.591663],[-126.624749,49.591943],[-126.626494,49.592457],[-126.62743,49.592659],[-126.628411,49.592732],[-126.629394,49.592671],[-126.641273,49.59111],[-126.641759,49.591079],[-126.642245,49.591115],[-126.643944,49.591357],[-126.644943,49.591428],[-126.645944,49.591362],[-126.6469,49.591159],[-126.647769,49.590831],[-126.649086,49.590202],[-126.649734,49.589829],[-126.650267,49.589385],[-126.650665,49.588886],[-126.650917,49.588348],[-126.651013,49.587789],[-126.651023,49.587446],[-126.651067,49.58731],[-126.651148,49.587182],[-126.651264,49.587065],[-126.651411,49.586964],[-126.651761,49.586798],[-126.65448,49.585746],[-126.655201,49.585404],[-126.655809,49.58498],[-126.656284,49.58449],[-126.656609,49.58395],[-126.656771,49.583381],[-126.656838,49.582892],[-126.656996,49.582572],[-126.657946,49.581191],[-126.658168,49.580938],[-126.658313,49.580828],[-126.658486,49.580738],[-126.658683,49.580672],[-126.658896,49.580631],[-126.659117,49.580616],[-126.659338,49.58063],[-126.659552,49.58067],[-126.660153,49.580872],[-126.660163,49.580859],[-126.660701,49.581035],[-126.661677,49.581198],[-126.662683,49.581223],[-126.663675,49.58111],[-126.670024,49.579925],[-126.670487,49.57987],[-126.670719,49.579873],[-126.670946,49.579906],[-126.671092,49.579949],[-126.672062,49.580152],[-126.673077,49.580216],[-126.674089,49.580138],[-126.675052,49.579921],[-126.675922,49.579575],[-126.676276,49.579398],[-126.676681,49.579235],[-126.676901,49.579182],[-126.677134,49.579159],[-126.677368,49.579167],[-126.677596,49.579206],[-126.677806,49.579273],[-126.677992,49.579367],[-126.678144,49.579483],[-126.678252,49.57961],[-126.678465,49.580066],[-126.678912,49.580727],[-126.679338,49.581092],[-126.679317,49.581102],[-126.681352,49.582762],[-126.68149,49.582899],[-126.682103,49.583387],[-126.682855,49.583784],[-126.683717,49.584073],[-126.684651,49.584242],[-126.68495,49.584275],[-126.685167,49.58433],[-126.685363,49.584412],[-126.68553,49.584518],[-126.685795,49.584772],[-126.687039,49.586266],[-126.687493,49.586713],[-126.688059,49.587102],[-126.688722,49.587422],[-126.68946,49.587662],[-126.698017,49.589863],[-126.698415,49.589995],[-126.698589,49.590083],[-126.698734,49.59019],[-126.698846,49.590314],[-126.698919,49.590449],[-126.698951,49.59059],[-126.698929,49.590924],[-126.698986,49.591547],[-126.699236,49.592149],[-126.699668,49.592706],[-126.70326,49.596357],[-126.703847,49.596839],[-126.70457,49.597236],[-126.7054,49.597531],[-126.706305,49.597714],[-126.711088,49.598348],[-126.711531,49.598437],[-126.711733,49.598508],[-126.711908,49.598603],[-126.712052,49.598718],[-126.712267,49.598985],[-126.713414,49.60084],[-126.713817,49.60135],[-126.71436,49.601802],[-126.715022,49.60218],[-126.715781,49.602473],[-126.716611,49.602669],[-126.717483,49.602761],[-126.718366,49.602748],[-126.726487,49.602126],[-126.726974,49.602122],[-126.72721,49.602152],[-126.727659,49.602275],[-126.741162,49.607114],[-126.742069,49.607363],[-126.743035,49.607485],[-126.74402,49.607475],[-126.74498,49.607334],[-126.745874,49.607067],[-126.749733,49.605582],[-126.750177,49.605449],[-126.750586,49.605389],[-126.751447,49.605204],[-126.752238,49.604917],[-126.752294,49.604892],[-126.75263,49.604766],[-126.752809,49.604722],[-126.75319,49.604673],[-126.769954,49.603435],[-126.770417,49.60343],[-126.770873,49.603484],[-126.776665,49.604566],[-126.777038,49.604659],[-126.777382,49.604791],[-126.790925,49.611053],[-126.792014,49.611428],[-126.811726,49.616214],[-126.812796,49.616385],[-126.826353,49.61749],[-126.826792,49.617554],[-126.826996,49.617612],[-126.827179,49.617693],[-126.827334,49.617796],[-126.827457,49.617916],[-126.827629,49.618186],[-126.835393,49.634607],[-126.835486,49.634908],[-126.835485,49.635059],[-126.835437,49.635207],[-126.835345,49.635346],[-126.835074,49.635597],[-126.832235,49.63774],[-126.831689,49.638248],[-126.831311,49.638816],[-126.831117,49.639422],[-126.830791,49.641451],[-126.830788,49.642069],[-126.830977,49.642675],[-126.831348,49.643244],[-126.831889,49.643753],[-126.838276,49.648635],[-126.838506,49.648844],[-126.838591,49.648959],[-126.838702,49.649205],[-126.840749,49.655788],[-126.84101,49.656347],[-126.84143,49.656864],[-126.841994,49.65732],[-126.84268,49.657698],[-126.843466,49.657986],[-126.85084,49.660116],[-126.851785,49.660315],[-126.852773,49.660382],[-126.863069,49.660382],[-126.863486,49.660406],[-126.863686,49.660442],[-126.863873,49.660499],[-126.864041,49.660577],[-126.864333,49.660771],[-126.86824,49.663878],[-126.868513,49.664151],[-126.868601,49.6643],[-126.868638,49.664459],[-126.868605,49.664783],[-126.867703,49.668144],[-126.867636,49.66878],[-126.867772,49.66941],[-126.867942,49.669853],[-126.86821,49.670358],[-126.868609,49.670825],[-126.869127,49.671241],[-126.869748,49.671592],[-126.872399,49.672845],[-126.873105,49.673121],[-126.873875,49.673314],[-126.874685,49.673418],[-126.876713,49.67356],[-126.877507,49.673573],[-126.878294,49.673499],[-126.87905,49.673342],[-126.884651,49.671832],[-126.885109,49.671742],[-126.885343,49.671728],[-126.885577,49.671746],[-126.886032,49.671842],[-126.899624,49.675746],[-126.900033,49.675897],[-126.900208,49.675995],[-126.900494,49.676237],[-126.911812,49.688078],[-126.912332,49.688526],[-126.912971,49.688905],[-126.913704,49.689203],[-126.915951,49.689938],[-126.916387,49.690123],[-126.916749,49.690364],[-126.921115,49.694007],[-126.921332,49.694223],[-126.921409,49.69434],[-126.921503,49.69459],[-126.922492,49.698705],[-126.922698,49.699242],[-126.923051,49.699746],[-126.923538,49.700201],[-126.924143,49.700592],[-126.924847,49.700907],[-126.927342,49.701819],[-126.927667,49.701962],[-126.927807,49.702049],[-126.928042,49.702252],[-126.930461,49.704763],[-126.93067,49.705038],[-126.930729,49.705185],[-126.930741,49.705336],[-126.930707,49.705485],[-126.930536,49.705789],[-126.930341,49.70605],[-126.930106,49.706658],[-126.930067,49.707284],[-126.930226,49.707903],[-126.931136,49.710057],[-126.931212,49.710342],[-126.931208,49.7105],[-126.93129,49.71099],[-126.931328,49.711457],[-126.931233,49.713107],[-126.931289,49.713704],[-126.931522,49.714283],[-126.931925,49.714821],[-126.932481,49.715299],[-126.93317,49.715698],[-126.933589,49.715858],[-126.933578,49.71587],[-126.934149,49.716087],[-126.934655,49.716375],[-126.935429,49.716733],[-126.936298,49.716985],[-126.937227,49.717119],[-126.938178,49.717131],[-126.939114,49.717019],[-126.940665,49.716728],[-126.941161,49.716672],[-126.941408,49.716678],[-126.941647,49.716718],[-126.941868,49.71679],[-126.94226,49.716994],[-126.944514,49.718454],[-126.945286,49.718858],[-126.946171,49.71915],[-126.94713,49.719317],[-126.948122,49.71935],[-126.948173,49.719345],[-126.948173,49.719346],[-126.948888,49.719319],[-126.949121,49.71934],[-126.949341,49.719392],[-126.949542,49.719471],[-126.949619,49.719517],[-126.950516,49.719941],[-126.950758,49.720007],[-126.950754,49.720012],[-126.951373,49.720218],[-126.951552,49.72031],[-126.95185,49.720539],[-126.955068,49.723562],[-126.955275,49.723799],[-126.955343,49.723926],[-126.955376,49.724059],[-126.955371,49.724193],[-126.955288,49.72446],[-126.950964,49.733867],[-126.950793,49.734139],[-126.95067,49.734261],[-126.950513,49.734365],[-126.950329,49.734447],[-126.94997,49.734549],[-126.949403,49.73467],[-126.948597,49.734964],[-126.947894,49.735353],[-126.947321,49.735823],[-126.94427,49.738903],[-126.943998,49.739128],[-126.943834,49.739221],[-126.943646,49.739293],[-126.94323,49.739389],[-126.939771,49.739964],[-126.938841,49.740187],[-126.938004,49.74053],[-126.937295,49.740978],[-126.934407,49.743229],[-126.934093,49.743431],[-126.933911,49.743511],[-126.933709,49.743567],[-126.933495,49.743598],[-126.933116,49.743605],[-126.93209,49.743698],[-126.931971,49.743727],[-126.931968,49.743722],[-126.931302,49.743842],[-126.930844,49.743864],[-126.930633,49.743862],[-126.929702,49.743908],[-126.928804,49.744072],[-126.927973,49.744346],[-126.92724,49.744719],[-126.926634,49.745178],[-126.926179,49.745704],[-126.925892,49.746278],[-126.925808,49.746744],[-126.925635,49.747247],[-126.925522,49.747876],[-126.925611,49.748506],[-126.925898,49.749111],[-126.926254,49.749653],[-126.926391,49.749936],[-126.926415,49.750082],[-126.926396,49.750228],[-126.926332,49.750369],[-126.926228,49.750499],[-126.926087,49.750614],[-126.925914,49.750709],[-126.925715,49.75078],[-126.9255,49.750825],[-126.925274,49.750843],[-126.924752,49.750817],[-126.923833,49.750829],[-126.922935,49.750955],[-126.922091,49.75119],[-126.921333,49.751526],[-126.920689,49.75195],[-126.920184,49.752447],[-126.919836,49.752996],[-126.919658,49.753579],[-126.919657,49.754173],[-126.919834,49.754756],[-126.919844,49.754773],[-126.920035,49.75519],[-126.920373,49.755732],[-126.920863,49.756222],[-126.921488,49.756644],[-126.921872,49.75682],[-126.922202,49.757008],[-126.922343,49.757127],[-126.922444,49.757263],[-126.92256,49.757558],[-126.923212,49.760363],[-126.923236,49.760649],[-126.923207,49.76079],[-126.923138,49.760924],[-126.923032,49.761047],[-126.922891,49.761156],[-126.922722,49.761246],[-126.92253,49.761313],[-126.922321,49.761356],[-126.922104,49.761374],[-126.921885,49.761365],[-126.921456,49.761293],[-126.919314,49.760793],[-126.918474,49.760651],[-126.917608,49.76061],[-126.916745,49.760672],[-126.915914,49.760834],[-126.915142,49.761091],[-126.914456,49.761434],[-126.913983,49.761719],[-126.913782,49.761798],[-126.913561,49.76185],[-126.913328,49.761871],[-126.912851,49.761852],[-126.908605,49.761405],[-126.908109,49.761316],[-126.907655,49.761159],[-126.900856,49.758158],[-126.89998,49.757853],[-126.899025,49.757673],[-126.898033,49.757624],[-126.891525,49.757749],[-126.890632,49.757821],[-126.889775,49.758001],[-126.888987,49.758282],[-126.888294,49.758654],[-126.887723,49.759103],[-126.887293,49.759614],[-126.88702,49.760169],[-126.886914,49.760747],[-126.886932,49.760912],[-126.886914,49.76126],[-126.88686,49.761406],[-126.886763,49.761543],[-126.886625,49.761664],[-126.886276,49.761868],[-126.884581,49.762679],[-126.884192,49.76283],[-126.883981,49.762879],[-126.88376,49.762902],[-126.883536,49.762897],[-126.883318,49.762864],[-126.882904,49.762744],[-126.877348,49.760703],[-126.876492,49.760458],[-126.875579,49.760325],[-126.874643,49.760311],[-126.873721,49.760415],[-126.872848,49.760634],[-126.872059,49.760959],[-126.871383,49.761378],[-126.870848,49.761874],[-126.870609,49.762229],[-126.870601,49.762227],[-126.870314,49.76265],[-126.870178,49.762773],[-126.870007,49.762877],[-126.869808,49.762957],[-126.869588,49.763009],[-126.869356,49.763031],[-126.869063,49.763021],[-126.868074,49.763054],[-126.867118,49.763218],[-126.866235,49.763507],[-126.865464,49.763907],[-126.864838,49.764402],[-126.864384,49.76497],[-126.864121,49.765586],[-126.864,49.76606],[-126.863911,49.766206],[-126.863776,49.766338],[-126.863602,49.766448],[-126.863457,49.766507],[-126.862677,49.766907],[-126.862043,49.767403],[-126.861583,49.767973],[-126.861317,49.768593],[-126.861256,49.769234],[-126.861257,49.769246],[-126.861227,49.769384],[-126.861159,49.769515],[-126.861054,49.769636],[-126.860917,49.769743],[-126.860647,49.769888],[-126.860059,49.770155],[-126.859398,49.770609],[-126.858892,49.77114],[-126.858563,49.771726],[-126.858423,49.772342],[-126.858393,49.772789],[-126.858033,49.774417],[-126.857994,49.775043],[-126.858153,49.775661],[-126.858503,49.776245],[-126.85903,49.776772],[-126.859711,49.777218],[-126.85998,49.777334],[-126.86042,49.777565],[-126.860566,49.777679],[-126.860675,49.777808],[-126.860742,49.777949],[-126.860766,49.778096],[-126.860745,49.778243],[-126.86068,49.778384],[-126.860573,49.778515],[-126.860281,49.778747],[-126.859604,49.77919],[-126.859238,49.779385],[-126.859032,49.779456],[-126.858808,49.779499],[-126.858335,49.779526],[-126.843615,49.779399],[-126.843198,49.779372],[-126.842796,49.779297],[-126.840627,49.778758],[-126.839749,49.7786],[-126.83884,49.778553],[-126.837935,49.778618],[-126.837065,49.778795],[-126.836264,49.779075],[-126.836107,49.779143],[-126.835711,49.779252],[-126.834868,49.779552],[-126.834135,49.779956],[-126.833544,49.780448],[-126.833119,49.781006],[-126.832876,49.781608],[-126.832826,49.782229],[-126.832878,49.782896],[-126.833018,49.783499],[-126.83334,49.784072],[-126.833831,49.784593],[-126.834472,49.785041],[-126.83527,49.785497],[-126.835607,49.785736],[-126.835731,49.785874],[-126.835807,49.786025],[-126.835858,49.786346],[-126.83585,49.787754],[-126.835804,49.788048],[-126.835672,49.78833],[-126.833621,49.791545],[-126.833425,49.791787],[-126.833297,49.791894],[-126.833141,49.791985],[-126.832781,49.792128],[-126.830443,49.792883],[-126.829569,49.793247],[-126.828839,49.793724],[-126.828287,49.794293],[-126.82794,49.794926],[-126.827769,49.795394],[-126.827507,49.795895],[-126.827291,49.796506],[-126.827273,49.797132],[-126.827451,49.797748],[-126.827819,49.798327],[-126.828362,49.798847],[-126.829057,49.799284],[-126.829874,49.799621],[-126.830781,49.799844],[-126.831398,49.799908],[-126.831397,49.799913],[-126.834634,49.800263],[-126.835494,49.800305],[-126.836352,49.800246],[-126.83718,49.800088],[-126.837949,49.799836],[-126.838635,49.799498],[-126.840264,49.798534],[-126.840703,49.798329],[-126.841203,49.798193],[-126.845872,49.797322],[-126.846716,49.797106],[-126.847482,49.79679],[-126.84814,49.796386],[-126.848668,49.795909],[-126.849751,49.794699],[-126.850028,49.794451],[-126.850199,49.794349],[-126.850398,49.794271],[-126.850843,49.794168],[-126.854704,49.793546],[-126.855617,49.793332],[-126.856445,49.793004],[-126.857152,49.792573],[-126.857708,49.792059],[-126.858091,49.791482],[-126.858285,49.790867],[-126.85828,49.79024],[-126.858079,49.789627],[-126.857803,49.789221],[-126.857683,49.78899],[-126.857654,49.788847],[-126.857667,49.788703],[-126.857723,49.788564],[-126.857819,49.788433],[-126.857951,49.788317],[-126.858116,49.788219],[-126.858501,49.788066],[-126.865243,49.78593],[-126.866003,49.785629],[-126.866662,49.785242],[-126.867198,49.784783],[-126.870431,49.78139],[-126.870721,49.781145],[-126.870899,49.781046],[-126.871315,49.780894],[-126.872144,49.780661],[-126.873009,49.780344],[-126.873753,49.779918],[-126.874343,49.779401],[-126.874754,49.778817],[-126.874829,49.778671],[-126.874948,49.778539],[-126.875106,49.778424],[-126.875297,49.778333],[-126.875512,49.778269],[-126.875744,49.778234],[-126.875981,49.778231],[-126.876454,49.778286],[-126.88084,49.779108],[-126.881867,49.779223],[-126.882907,49.779191],[-126.883912,49.779014],[-126.886594,49.77833],[-126.887105,49.77824],[-126.887365,49.778234],[-126.887885,49.778297],[-126.895489,49.779805],[-126.895892,49.779911],[-126.896257,49.780064],[-126.902306,49.783136],[-126.902632,49.783337],[-126.902795,49.783484],[-126.90324,49.783973],[-126.903903,49.784444],[-126.904703,49.784816],[-126.905603,49.785073],[-126.905738,49.785101],[-126.905942,49.785176],[-126.906238,49.785342],[-126.906981,49.785684],[-126.907811,49.785928],[-126.908699,49.786065],[-126.909221,49.786112],[-126.909688,49.786222],[-126.913431,49.787404],[-126.914194,49.787594],[-126.914996,49.787697],[-126.915814,49.78771],[-126.916623,49.787632],[-126.917198,49.787544],[-126.917419,49.787537],[-126.917639,49.787558],[-126.917848,49.787605],[-126.918039,49.787677],[-126.918206,49.787771],[-126.918343,49.787883],[-126.918444,49.788011],[-126.91857,49.788289],[-126.918679,49.788654],[-126.918938,49.789223],[-126.919362,49.789749],[-126.919935,49.790213],[-126.920636,49.790596],[-126.921437,49.790886],[-126.92231,49.791071],[-126.923222,49.791144],[-126.924138,49.791103],[-126.925025,49.790949],[-126.925494,49.7908],[-126.9255,49.790808],[-126.926151,49.790604],[-126.926381,49.790566],[-126.926618,49.79056],[-126.926852,49.790584],[-126.927073,49.790639],[-126.927273,49.790721],[-126.927443,49.790828],[-126.927576,49.790955],[-126.927666,49.791096],[-126.92771,49.791246],[-126.927706,49.791399],[-126.9276,49.791702],[-126.926722,49.793395],[-126.926519,49.793959],[-126.926483,49.794538],[-126.926616,49.795111],[-126.926913,49.795657],[-126.926922,49.795669],[-126.926975,49.795805],[-126.927001,49.796088],[-126.926956,49.796986],[-126.926897,49.797279],[-126.926826,49.797417],[-126.92661,49.797661],[-126.926252,49.798174],[-126.926044,49.798719],[-126.925993,49.79928],[-126.926102,49.799838],[-126.926366,49.800373],[-126.926419,49.800454],[-126.926839,49.800958],[-126.927397,49.801403],[-126.928074,49.801774],[-126.932975,49.803987],[-126.933801,49.804286],[-126.934703,49.804473],[-126.935644,49.804541],[-126.936587,49.804488],[-126.937495,49.804315],[-126.938333,49.804029],[-126.939065,49.803643],[-126.939665,49.80317],[-126.940108,49.802629],[-126.940376,49.802043],[-126.940459,49.801434],[-126.940353,49.800827],[-126.939486,49.798219],[-126.939434,49.797921],[-126.939453,49.797773],[-126.939517,49.797631],[-126.939622,49.7975],[-126.939766,49.797384],[-126.940122,49.797191],[-126.952592,49.791679],[-126.952984,49.791539],[-126.953194,49.791495],[-126.953413,49.791477],[-126.953634,49.791486],[-126.953848,49.791521],[-126.954048,49.791583],[-126.954227,49.791667],[-126.954377,49.791772],[-126.954494,49.791893],[-126.954574,49.792026],[-126.954654,49.792311],[-126.954747,49.793019],[-126.954906,49.793589],[-126.955228,49.794129],[-126.955701,49.79462],[-126.956309,49.795045],[-126.95643,49.795116],[-126.957079,49.795432],[-126.957802,49.795672],[-126.960431,49.796368],[-126.961325,49.79654],[-126.962254,49.796597],[-126.963182,49.796536],[-126.965513,49.796231],[-126.966017,49.7962],[-126.966263,49.79622],[-126.966498,49.796273],[-126.966929,49.796443],[-126.970343,49.798146],[-126.970663,49.798338],[-126.970791,49.798451],[-126.970981,49.798705],[-126.973525,49.803105],[-126.973642,49.803385],[-126.973657,49.803528],[-126.973631,49.80367],[-126.973494,49.803947],[-126.972256,49.805813],[-126.972031,49.806076],[-126.971884,49.806189],[-126.971704,49.806282],[-126.9715,49.80635],[-126.97128,49.80639],[-126.971051,49.806403],[-126.970823,49.806386],[-126.970381,49.806294],[-126.962654,49.804126],[-126.961747,49.803938],[-126.9608,49.803871],[-126.959852,49.803927],[-126.95894,49.804104],[-126.9581,49.804394],[-126.957966,49.804452],[-126.957761,49.804509],[-126.957543,49.804539],[-126.957526,49.804539],[-126.956665,49.8046],[-126.955835,49.804761],[-126.955064,49.805016],[-126.954377,49.805357],[-126.953798,49.805773],[-126.953345,49.80625],[-126.952805,49.806956],[-126.952478,49.807516],[-126.952325,49.808107],[-126.952352,49.808705],[-126.952559,49.809288],[-126.952937,49.809835],[-126.953472,49.810323],[-126.954145,49.810736],[-126.954928,49.811056],[-126.955793,49.811273],[-126.956384,49.81134],[-126.956985,49.811448],[-126.962823,49.812905],[-126.963198,49.813024],[-126.963561,49.813197],[-126.963928,49.813402],[-126.964733,49.813698],[-126.965611,49.813889],[-126.965676,49.813894],[-126.966304,49.813994],[-126.966748,49.814132],[-126.971268,49.815938],[-126.971636,49.816119],[-126.971787,49.81623],[-126.972019,49.816489],[-126.973753,49.818941],[-126.973906,49.819231],[-126.973935,49.819381]],[[-126.958803,50.594036],[-126.958798,50.594072],[-126.958783,50.594108],[-126.957917,50.595695],[-126.957898,50.595737],[-126.957333,50.597461],[-126.957313,50.597502],[-126.957293,50.597525],[-126.957249,50.597558],[-126.956395,50.598086],[-126.956349,50.59811],[-126.956297,50.598129],[-126.953598,50.598911],[-126.953518,50.598939],[-126.953447,50.598976],[-126.953386,50.599021],[-126.953065,50.599302],[-126.953003,50.599374],[-126.95231,50.60046],[-126.952249,50.600529],[-126.951011,50.601569],[-126.95094,50.60165],[-126.950727,50.601994],[-126.950697,50.602032],[-126.950672,50.602052],[-126.950621,50.60208],[-126.949678,50.602499],[-126.949606,50.602523],[-126.949528,50.602536],[-126.94879,50.602602],[-126.948736,50.602604],[-126.948683,50.602601],[-126.946574,50.602365],[-126.946522,50.602357],[-126.946472,50.602343],[-126.94388,50.601472],[-126.943777,50.601446],[-126.940744,50.600896],[-126.940634,50.600866],[-126.937929,50.59986],[-126.937843,50.599834],[-126.937751,50.599818],[-126.933219,50.599316],[-126.93313,50.5993],[-126.928929,50.598284],[-126.928814,50.598244],[-126.92653,50.597166],[-126.926473,50.597135],[-126.923067,50.594926],[-126.922991,50.594885],[-126.92089,50.59395],[-126.920817,50.593911],[-126.919042,50.592724],[-126.918989,50.592681],[-126.914542,50.588374],[-126.914527,50.58836],[-126.911713,50.585903],[-126.911641,50.585852],[-126.911553,50.585811],[-126.911455,50.585782],[-126.911349,50.585766],[-126.911287,50.585765],[-126.911287,50.585764],[-126.911195,50.585762],[-126.911156,50.585757],[-126.911119,50.585747],[-126.911085,50.585732],[-126.911039,50.585702],[-126.909914,50.584824],[-126.909843,50.584778],[-126.909758,50.584741],[-126.909665,50.584715],[-126.909267,50.584633],[-126.909211,50.584618],[-126.90916,50.584596],[-126.907168,50.583596],[-126.907121,50.583567],[-126.907098,50.583546],[-126.907071,50.583509],[-126.906074,50.581674],[-126.906059,50.581639],[-126.905618,50.580346],[-126.905607,50.580283],[-126.905588,50.578037],[-126.905593,50.577996],[-126.905611,50.577956],[-126.906031,50.57727],[-126.906068,50.577225],[-126.906121,50.577187],[-126.907417,50.576442],[-126.907475,50.576415],[-126.907515,50.576403],[-126.907586,50.576394],[-126.909666,50.576258],[-126.909781,50.576259],[-126.911909,50.576445],[-126.911978,50.576454],[-126.914518,50.576923],[-126.914652,50.576937],[-126.916117,50.576964],[-126.916243,50.576956],[-126.918276,50.576682],[-126.918354,50.576677],[-126.918431,50.576684],[-126.921579,50.577185],[-126.921636,50.577198],[-126.921669,50.57721],[-126.921716,50.577235],[-126.922896,50.577976],[-126.922941,50.578008],[-126.924326,50.579166],[-126.92439,50.57921],[-126.924465,50.579247],[-126.924549,50.579274],[-126.9248,50.57934],[-126.924851,50.579356],[-126.924897,50.579378],[-126.927321,50.580738],[-126.927384,50.580781],[-126.928742,50.581904],[-126.928779,50.581942],[-126.928793,50.581967],[-126.928803,50.582011],[-126.928929,50.583704],[-126.928941,50.58376],[-126.929345,50.584943],[-126.92937,50.584997],[-126.930036,50.586061],[-126.930065,50.586132],[-126.930314,50.587291],[-126.930338,50.587355],[-126.930381,50.587415],[-126.930441,50.587469],[-126.930517,50.587514],[-126.930605,50.587549],[-126.930702,50.587573],[-126.931121,50.587646],[-126.931183,50.58766],[-126.931217,50.587674],[-126.931247,50.587691],[-126.931271,50.587712],[-126.931288,50.587735],[-126.931298,50.58776],[-126.9313,50.587785],[-126.931291,50.587827],[-126.931173,50.588144],[-126.931151,50.588186],[-126.931129,50.588209],[-126.931101,50.588229],[-126.931067,50.588244],[-126.931024,50.588257],[-126.930937,50.588277],[-126.930847,50.58831],[-126.930769,50.588354],[-126.930706,50.588407],[-126.93066,50.588467],[-126.930633,50.588531],[-126.930627,50.588597],[-126.930669,50.589314],[-126.930691,50.589399],[-126.931006,50.590061],[-126.93104,50.590116],[-126.931089,50.590166],[-126.932091,50.591021],[-126.932145,50.59106],[-126.932208,50.591093],[-126.936468,50.593039],[-126.936571,50.593075],[-126.936683,50.593097],[-126.939292,50.593404],[-126.939376,50.593409],[-126.93946,50.593406],[-126.940552,50.593315],[-126.94069,50.593291],[-126.942413,50.592827],[-126.942516,50.592791],[-126.942603,50.592741],[-126.943179,50.592332],[-126.943238,50.592281],[-126.943281,50.592224],[-126.943307,50.592163],[-126.943566,50.591205],[-126.943593,50.591144],[-126.944791,50.589229],[-126.944846,50.589165],[-126.946311,50.587866],[-126.946359,50.587832],[-126.946395,50.587815],[-126.946436,50.587803],[-126.946507,50.587794],[-126.951677,50.587468],[-126.951759,50.587469],[-126.951839,50.587482],[-126.952297,50.587599],[-126.952351,50.587617],[-126.952381,50.587631],[-126.952422,50.587659],[-126.953297,50.588368],[-126.953332,50.588401],[-126.953839,50.588946],[-126.953869,50.588987],[-126.953884,50.589031],[-126.954068,50.590001],[-126.954086,50.590058],[-126.954119,50.590111],[-126.954166,50.590161],[-126.955599,50.591413],[-126.955668,50.591463],[-126.956287,50.591827],[-126.956376,50.59187],[-126.958363,50.592624],[-126.958424,50.592654],[-126.958454,50.592677],[-126.958489,50.59272],[-126.95878,50.593208],[-126.958797,50.593246],[-126.958802,50.593285],[-126.958803,50.594036]],[[-126.241481,49.332712],[-126.241469,49.332785],[-126.241437,49.332855],[-126.241385,49.33292],[-126.241316,49.332977],[-126.241231,49.333024],[-126.241034,49.333098],[-126.240007,49.3334],[-126.239586,49.33356],[-126.239223,49.333771],[-126.238932,49.334025],[-126.238726,49.334312],[-126.238613,49.334621],[-126.238597,49.334938],[-126.23868,49.33525],[-126.238702,49.335287],[-126.238791,49.335496],[-126.238799,49.335574],[-126.238782,49.335651],[-126.238665,49.335866],[-126.238554,49.336154],[-126.238528,49.336449],[-126.238539,49.336643],[-126.238522,49.336716],[-126.238483,49.336786],[-126.238424,49.336849],[-126.238346,49.336906],[-126.238018,49.337099],[-126.237747,49.337331],[-126.237547,49.337591],[-126.237425,49.337871],[-126.237384,49.338161],[-126.237426,49.338451],[-126.237447,49.338526],[-126.237446,49.338603],[-126.237422,49.338677],[-126.237375,49.338747],[-126.237308,49.33881],[-126.237136,49.338917],[-126.236487,49.339248],[-126.236134,49.339469],[-126.235857,49.339731],[-126.235668,49.340025],[-126.235644,49.340103],[-126.235559,49.34029],[-126.235468,49.340607],[-126.235478,49.340929],[-126.235589,49.341244],[-126.235796,49.341536],[-126.236091,49.341795],[-126.236252,49.34191],[-126.236313,49.341975],[-126.236352,49.342047],[-126.236369,49.342122],[-126.236363,49.342199],[-126.236334,49.342273],[-126.23623,49.342412],[-126.235335,49.34336],[-126.235141,49.343616],[-126.235021,49.343891],[-126.234979,49.344176],[-126.235017,49.34446],[-126.235134,49.344736],[-126.235326,49.344993],[-126.235458,49.345109],[-126.235567,49.345231],[-126.235605,49.345304],[-126.235619,49.345381],[-126.23561,49.345457],[-126.235578,49.345531],[-126.235578,49.345532],[-126.235404,49.345815],[-126.235318,49.346115],[-126.235323,49.34642],[-126.235418,49.346719],[-126.2356,49.347],[-126.235862,49.347252],[-126.237115,49.348238],[-126.237251,49.34837],[-126.237296,49.348443],[-126.237317,49.34852],[-126.237314,49.348598],[-126.237287,49.348675],[-126.237237,49.348746],[-126.237091,49.348874],[-126.234406,49.350789],[-126.234131,49.351027],[-126.233931,49.351294],[-126.233811,49.351581],[-126.233777,49.351878],[-126.233829,49.352174],[-126.233876,49.352318],[-126.233878,49.352394],[-126.233856,49.352469],[-126.233811,49.35254],[-126.233747,49.352603],[-126.233579,49.352713],[-126.231907,49.353605],[-126.231564,49.353829],[-126.231297,49.354094],[-126.231117,49.354387],[-126.231032,49.354699],[-126.231044,49.355015],[-126.231153,49.355323],[-126.231356,49.355611],[-126.231642,49.355867],[-126.232002,49.356079],[-126.23242,49.356241],[-126.232654,49.356311],[-126.232859,49.356391],[-126.232947,49.356442],[-126.233017,49.356504],[-126.233067,49.356573],[-126.233111,49.356692],[-126.233165,49.356937],[-126.233343,49.357249],[-126.233618,49.35753],[-126.233886,49.357706],[-126.234085,49.357867],[-126.234842,49.358633],[-126.234949,49.358768],[-126.234981,49.35884],[-126.23499,49.358915],[-126.234978,49.358989],[-126.234943,49.359061],[-126.234831,49.359194],[-126.233398,49.360563],[-126.233262,49.360671],[-126.23318,49.360716],[-126.233088,49.36075],[-126.232988,49.360773],[-126.232727,49.360801],[-126.232296,49.360875],[-126.231893,49.360998],[-126.231532,49.361168],[-126.231225,49.361378],[-126.230983,49.361622],[-126.230814,49.36189],[-126.230723,49.362174],[-126.230718,49.362355],[-126.230691,49.362483],[-126.230604,49.362638],[-126.230312,49.363024],[-126.230189,49.363153],[-126.230111,49.363208],[-126.230018,49.363252],[-126.229868,49.363297],[-126.229524,49.363374],[-126.229124,49.363525],[-126.228775,49.363723],[-126.22849,49.363961],[-126.228281,49.36423],[-126.228155,49.36452],[-126.228117,49.364821],[-126.228167,49.365121],[-126.228305,49.365408],[-126.228525,49.365674],[-126.228818,49.365907],[-126.229175,49.366099],[-126.229582,49.366243],[-126.232061,49.36693],[-126.232259,49.367],[-126.232346,49.367046],[-126.232417,49.367102],[-126.232472,49.367166],[-126.232506,49.367235],[-126.232521,49.367307],[-126.232509,49.367433],[-126.232526,49.367733],[-126.23263,49.368025],[-126.232818,49.368299],[-126.233,49.368508],[-126.233076,49.368667],[-126.233277,49.369337],[-126.2333,49.369493],[-126.233287,49.36957],[-126.23325,49.369644],[-126.233192,49.369711],[-126.23304,49.369825],[-126.232759,49.370085],[-126.232564,49.370376],[-126.232464,49.370687],[-126.232462,49.371005],[-126.232558,49.371316],[-126.232586,49.37136],[-126.232583,49.371361],[-126.232686,49.371561],[-126.232701,49.37163],[-126.232697,49.3717],[-126.23265,49.371837],[-126.232555,49.372031],[-126.232452,49.372355],[-126.232456,49.372685],[-126.232565,49.373007],[-126.232776,49.373307],[-126.232829,49.373365],[-126.232927,49.373501],[-126.232954,49.373573],[-126.23296,49.373647],[-126.232944,49.373721],[-126.232907,49.373791],[-126.232849,49.373855],[-126.232842,49.373861],[-126.232566,49.37411],[-126.23237,49.37439],[-126.232262,49.374689],[-126.232246,49.374996],[-126.232322,49.375299],[-126.232487,49.375587],[-126.232735,49.375848],[-126.233406,49.376421],[-126.23353,49.376551],[-126.233571,49.376622],[-126.233589,49.376697],[-126.233585,49.376772],[-126.233558,49.376846],[-126.233459,49.376985],[-126.230586,49.38017],[-126.230413,49.380404],[-126.230302,49.380653],[-126.230256,49.38091],[-126.230237,49.381265],[-126.230286,49.381638],[-126.23047,49.381993],[-126.231005,49.382725],[-126.231082,49.382862],[-126.2311,49.382934],[-126.231097,49.383006],[-126.231049,49.383149],[-126.230935,49.383384],[-126.230835,49.383691],[-126.230832,49.384005],[-126.230925,49.384314],[-126.231111,49.384604],[-126.231382,49.384864],[-126.231876,49.38525],[-126.232008,49.385376],[-126.2321,49.385516],[-126.232704,49.386769],[-126.232918,49.387086],[-126.233233,49.387364],[-126.233635,49.38759],[-126.234553,49.388003],[-126.234735,49.388103],[-126.234808,49.388164],[-126.234861,49.388232],[-126.234892,49.388306],[-126.2349,49.388383],[-126.234868,49.388537],[-126.233963,49.391026],[-126.233887,49.39117],[-126.233829,49.391235],[-126.233753,49.391291],[-126.233662,49.391337],[-126.233558,49.39137],[-126.233447,49.391389],[-126.233399,49.391391],[-126.23293,49.391442],[-126.232485,49.391553],[-126.232081,49.391717],[-126.231736,49.391931],[-126.231462,49.392184],[-126.23127,49.392468],[-126.231167,49.39277],[-126.231157,49.39308],[-126.231242,49.393385],[-126.231332,49.39359],[-126.231341,49.393664],[-126.231329,49.393737],[-126.231263,49.393879],[-126.230744,49.394695],[-126.230627,49.394836],[-126.230549,49.394896],[-126.230454,49.394945],[-126.230345,49.39498],[-126.230228,49.394999],[-126.230107,49.395003],[-126.229987,49.394991],[-126.229757,49.394933],[-126.228275,49.394445],[-126.228075,49.394362],[-126.227991,49.394309],[-126.227855,49.394182],[-126.226958,49.393131],[-126.226676,49.392869],[-126.226317,49.392648],[-126.225898,49.39248],[-126.225434,49.392372],[-126.224946,49.392326],[-126.224455,49.392347],[-126.22398,49.392432],[-126.223541,49.392578],[-126.223157,49.392779],[-126.222844,49.393027],[-126.222255,49.393605],[-126.222112,49.393719],[-126.222026,49.393767],[-126.221929,49.393802],[-126.221822,49.393825],[-126.221711,49.393835],[-126.221599,49.39383],[-126.22149,49.393812],[-126.221285,49.393749],[-126.220845,49.39358],[-126.220454,49.393459],[-126.220036,49.393385],[-126.219604,49.393361],[-126.219173,49.393388],[-126.218756,49.393465],[-126.215133,49.394367],[-126.214892,49.394409],[-126.214769,49.394413],[-126.214647,49.3944],[-126.214414,49.394342],[-126.208828,49.39249],[-126.208655,49.39242],[-126.208579,49.392376],[-126.208452,49.392272],[-126.208122,49.39195],[-126.207855,49.391734],[-126.207534,49.391552],[-126.207168,49.39141],[-126.20677,49.391311],[-126.206352,49.39126],[-126.204272,49.391128],[-126.204018,49.391094],[-126.203902,49.39106],[-126.2038,49.39101],[-126.20363,49.390883],[-126.202376,49.389701],[-126.202256,49.389557],[-126.202185,49.389401],[-126.20184,49.388193],[-126.201705,49.387892],[-126.201481,49.387614],[-126.198412,49.384594],[-126.198151,49.38438],[-126.197837,49.384199],[-126.19748,49.384056],[-126.194574,49.383111],[-126.194397,49.38304],[-126.194241,49.382951],[-126.190181,49.38017],[-126.190028,49.38004],[-126.189975,49.379968],[-126.189946,49.37989],[-126.189943,49.379809],[-126.189966,49.37973],[-126.190013,49.379656],[-126.190219,49.379462],[-126.190464,49.37917],[-126.190608,49.378851],[-126.190645,49.378519],[-126.190575,49.378189],[-126.190398,49.377877],[-126.190125,49.377596],[-126.190094,49.377571],[-126.189991,49.377444],[-126.189319,49.376391],[-126.189202,49.376141],[-126.18916,49.376013],[-126.188953,49.37571],[-126.188652,49.375442],[-126.188272,49.375222],[-126.187829,49.375058],[-126.187342,49.374959],[-126.185674,49.374741],[-126.185211,49.374711],[-126.184748,49.374739],[-126.184302,49.374824],[-126.18389,49.374963],[-126.18302,49.375331],[-126.18266,49.375517],[-126.182361,49.375744],[-126.182133,49.376004],[-126.181986,49.376288],[-126.181924,49.376585],[-126.18195,49.376883],[-126.182063,49.377174],[-126.182063,49.377175],[-126.18208,49.377246],[-126.182073,49.377392],[-126.181901,49.378288],[-126.181854,49.378427],[-126.181812,49.378492],[-126.181753,49.37855],[-126.181601,49.378653],[-126.17895,49.380151],[-126.178619,49.38038],[-126.178364,49.380647],[-126.178197,49.380941],[-126.178123,49.381251],[-126.178118,49.381314],[-126.178082,49.381466],[-126.178042,49.381537],[-126.177981,49.381602],[-126.177821,49.381715],[-126.175192,49.383235],[-126.175017,49.38332],[-126.17482,49.383382],[-126.169671,49.38465],[-126.169273,49.384776],[-126.168917,49.384948],[-126.168616,49.385159],[-126.164643,49.388514],[-126.164498,49.388616],[-126.164413,49.388657],[-126.164319,49.388688],[-126.164218,49.388708],[-126.164005,49.388723],[-126.157807,49.388808],[-126.157316,49.388848],[-126.156848,49.388952],[-126.156422,49.389116],[-126.156058,49.389334],[-126.155768,49.389595],[-126.155567,49.389889],[-126.155463,49.390204],[-126.155456,49.390241],[-126.155419,49.390315],[-126.155299,49.390453],[-126.152407,49.393086],[-126.152256,49.393199],[-126.152167,49.393245],[-126.152065,49.393278],[-126.151844,49.393319],[-126.144198,49.394228],[-126.143637,49.394342],[-126.143135,49.394541],[-126.140906,49.395689],[-126.140665,49.395786],[-126.140395,49.395843],[-126.137052,49.39627],[-126.136818,49.396284],[-126.136703,49.396277],[-126.136478,49.396232],[-126.133527,49.395428],[-126.133079,49.395338],[-126.132613,49.395306],[-126.132146,49.395334],[-126.131696,49.39542],[-126.13128,49.395561],[-126.130914,49.395752],[-126.130612,49.395985],[-126.130385,49.396252],[-126.130242,49.396543],[-126.130197,49.396796],[-126.130166,49.396892],[-126.130125,49.396958],[-126.130005,49.397079],[-126.128338,49.398461],[-126.128173,49.398572],[-126.128078,49.398616],[-126.12797,49.398646],[-126.127856,49.398662],[-126.127739,49.398663],[-126.127506,49.398634],[-126.121409,49.397475],[-126.12122,49.397427],[-126.121045,49.39736],[-126.119606,49.396686],[-126.119206,49.396534],[-126.118768,49.396435],[-126.118309,49.396393],[-126.117847,49.396408],[-126.117397,49.396481],[-126.116245,49.396746],[-126.116032,49.396781],[-126.115925,49.396785],[-126.115817,49.396777],[-126.115714,49.396756],[-126.11552,49.39669],[-126.112022,49.395215],[-126.111614,49.395077],[-126.111172,49.394992],[-126.108171,49.394612],[-126.10791,49.394558],[-126.107675,49.394467],[-126.105328,49.393303],[-126.105175,49.393212],[-126.105048,49.393106],[-126.103304,49.391349],[-126.103005,49.391105],[-126.102637,49.390904],[-126.102216,49.390755],[-126.101758,49.390663],[-126.10128,49.390632],[-126.101117,49.390632],[-126.100886,49.390617],[-126.100776,49.390596],[-126.100674,49.390561],[-126.100493,49.390465],[-126.098315,49.389066],[-126.098159,49.388942],[-126.098103,49.388873],[-126.09807,49.388797],[-126.098061,49.388719],[-126.098093,49.38856],[-126.098418,49.387678],[-126.098482,49.387381],[-126.098459,49.387082],[-126.098103,49.385518],[-126.098092,49.385357],[-126.098112,49.385279],[-126.098156,49.385205],[-126.098223,49.385138],[-126.098309,49.385082],[-126.098517,49.384994],[-126.100114,49.384462],[-126.100529,49.384286],[-126.100881,49.384058],[-126.101153,49.383789],[-126.101335,49.383489],[-126.101465,49.383187],[-126.101545,49.382902],[-126.101543,49.382612],[-126.101459,49.382327],[-126.101295,49.382057],[-126.101058,49.381811],[-126.100755,49.381598],[-126.097319,49.379589],[-126.097004,49.379433],[-126.096654,49.379313],[-126.094419,49.378692],[-126.094202,49.378614],[-126.09411,49.378563],[-126.094037,49.378499],[-126.093984,49.378428],[-126.093927,49.378271],[-126.093711,49.377217],[-126.093705,49.377047],[-126.09373,49.376965],[-126.093782,49.376888],[-126.093937,49.376751],[-126.094927,49.376051],[-126.095221,49.375795],[-126.095429,49.375506],[-126.095542,49.375196],[-126.095557,49.374876],[-126.095473,49.374562],[-126.095412,49.374422],[-126.095232,49.374126],[-126.094965,49.373861],[-126.094621,49.373635],[-126.094214,49.37346],[-126.093761,49.373342],[-126.093281,49.373285],[-126.087018,49.372968],[-126.086755,49.372935],[-126.086635,49.3729],[-126.08642,49.372796],[-126.0849,49.371872],[-126.084738,49.371751],[-126.084618,49.371611],[-126.082779,49.368829],[-126.082713,49.368698],[-126.082698,49.36863],[-126.082699,49.368625],[-126.082678,49.368353],[-126.082585,49.368088],[-126.082423,49.367836],[-126.082197,49.367607],[-126.08211,49.367534],[-126.082058,49.367467],[-126.082028,49.367394],[-126.08202,49.367319],[-126.082049,49.367169],[-126.082062,49.366853],[-126.081978,49.366541],[-126.081798,49.366247],[-126.081532,49.365982],[-126.08119,49.365758],[-126.081027,49.365671],[-126.080865,49.365565],[-126.080801,49.365504],[-126.080757,49.365436],[-126.080733,49.365364],[-126.080731,49.36529],[-126.080771,49.365143],[-126.081678,49.363002],[-126.081762,49.362666],[-126.081733,49.362327],[-126.081592,49.362],[-126.081346,49.3617],[-126.079555,49.359991],[-126.079448,49.359865],[-126.079414,49.359798],[-126.079399,49.359727],[-126.079409,49.359584],[-126.079537,49.358995],[-126.079596,49.35884],[-126.079648,49.358769],[-126.079722,49.358706],[-126.079814,49.358655],[-126.079921,49.358617],[-126.080156,49.35857],[-126.080513,49.358524],[-126.080938,49.358443],[-126.081332,49.358312],[-126.081684,49.358137],[-126.08198,49.357922],[-126.08221,49.357676],[-126.082368,49.357407],[-126.082391,49.357326],[-126.082467,49.357162],[-126.082525,49.357092],[-126.082604,49.357032],[-126.082807,49.35693],[-126.082935,49.356879],[-126.083269,49.356684],[-126.083541,49.356452],[-126.083743,49.356191],[-126.083866,49.355911],[-126.083908,49.35562],[-126.083908,49.355134],[-126.083857,49.354814],[-126.083708,49.354508],[-126.083465,49.354227],[-126.083105,49.353896],[-126.082979,49.353749],[-126.082942,49.353669],[-126.082923,49.3535],[-126.082976,49.352572],[-126.082946,49.352261],[-126.082822,49.351959],[-126.082608,49.35168],[-126.082315,49.351434],[-126.08217,49.351352],[-126.081987,49.351229],[-126.081862,49.351103],[-126.081352,49.350461],[-126.081263,49.350315],[-126.081242,49.350238],[-126.081245,49.350161],[-126.081273,49.350085],[-126.081309,49.350034],[-126.081462,49.349747],[-126.081527,49.349445],[-126.081502,49.349141],[-126.081387,49.348846],[-126.080527,49.347291],[-126.080467,49.347132],[-126.080463,49.347051],[-126.080485,49.346972],[-126.080581,49.346821],[-126.082251,49.344811],[-126.082441,49.344512],[-126.082533,49.344193],[-126.082523,49.343869],[-126.08241,49.343553],[-126.081624,49.342069],[-126.081575,49.341944],[-126.081567,49.34188],[-126.081583,49.341751],[-126.081828,49.340794],[-126.08186,49.340509],[-126.081813,49.340225],[-126.081687,49.339952],[-126.081487,49.339697],[-126.07938,49.33753],[-126.079268,49.337383],[-126.079238,49.337304],[-126.079234,49.337229],[-126.079305,49.336978],[-126.079342,49.336623],[-126.079255,49.336271],[-126.07905,49.335942],[-126.078395,49.335161],[-126.078308,49.33503],[-126.078284,49.334961],[-126.078279,49.33489],[-126.078295,49.33482],[-126.078366,49.334684],[-126.07862,49.334313],[-126.078769,49.334021],[-126.078828,49.333716],[-126.078794,49.33341],[-126.078669,49.333113],[-126.078458,49.332838],[-126.078169,49.332596],[-126.077812,49.332394],[-126.077402,49.332242],[-126.07708,49.332149],[-126.076881,49.332075],[-126.076796,49.332028],[-126.076653,49.331911],[-126.075529,49.330787],[-126.07541,49.330633],[-126.075346,49.330465],[-126.074408,49.325883],[-126.0744,49.32574],[-126.074415,49.32567],[-126.07445,49.325603],[-126.074558,49.325478],[-126.075068,49.324996],[-126.075296,49.324727],[-126.07544,49.324434],[-126.075493,49.324129],[-126.075453,49.323822],[-126.075279,49.323202],[-126.075259,49.323059],[-126.075269,49.322988],[-126.0753,49.322919],[-126.075349,49.322856],[-126.075423,49.322792],[-126.07566,49.322545],[-126.075822,49.322273],[-126.075905,49.321987],[-126.075905,49.321696],[-126.075822,49.321409],[-126.07573,49.321256],[-126.075737,49.321255],[-126.075612,49.321043],[-126.075592,49.32097],[-126.075594,49.320896],[-126.075618,49.320823],[-126.075663,49.320755],[-126.075793,49.320631],[-126.076244,49.320278],[-126.076532,49.319995],[-126.076721,49.319677],[-126.076799,49.319341],[-126.076765,49.319002],[-126.07644,49.317799],[-126.076422,49.317637],[-126.076439,49.317557],[-126.076481,49.317482],[-126.076546,49.317414],[-126.076719,49.317297],[-126.078467,49.316339],[-126.078778,49.316133],[-126.079026,49.315894],[-126.079203,49.315629],[-126.079302,49.315347],[-126.07932,49.315059],[-126.079257,49.314773],[-126.079114,49.314499],[-126.07898,49.314304],[-126.078955,49.314235],[-126.078949,49.314165],[-126.078964,49.314094],[-126.079032,49.313958],[-126.079673,49.312992],[-126.079782,49.312863],[-126.079853,49.312807],[-126.080064,49.312694],[-126.080168,49.312648],[-126.080487,49.312442],[-126.080742,49.3122],[-126.080924,49.311931],[-126.081025,49.311645],[-126.081043,49.311352],[-126.080882,49.309432],[-126.080825,49.309168],[-126.080701,49.308914],[-126.080512,49.308678],[-126.07505,49.303059],[-126.074939,49.302913],[-126.074908,49.302835],[-126.074903,49.302755],[-126.074946,49.302594],[-126.075517,49.301274],[-126.075598,49.300989],[-126.075597,49.300699],[-126.075514,49.300413],[-126.075351,49.300143],[-126.07532,49.300103],[-126.075071,49.299846],[-126.074843,49.299689],[-126.075068,49.299467],[-126.075247,49.299181],[-126.075337,49.298877],[-126.075394,49.298472],[-126.075392,49.298174],[-126.075304,49.297882],[-126.075132,49.297606],[-126.074884,49.297356],[-126.074568,49.297141],[-126.074195,49.296969],[-126.073778,49.296846],[-126.073334,49.296776],[-126.072878,49.296763],[-126.072426,49.296806],[-126.071994,49.296905],[-126.071599,49.297054],[-126.071255,49.29725],[-126.070973,49.297485],[-126.070765,49.29775],[-126.070581,49.298052],[-126.070444,49.298371],[-126.070413,49.298701],[-126.070489,49.299029],[-126.070669,49.299338],[-126.070944,49.299616],[-126.071071,49.299719],[-126.071276,49.299855],[-126.071108,49.300004],[-126.071002,49.300119],[-126.070922,49.300177],[-126.070725,49.300269],[-126.069433,49.300757],[-126.0692,49.300825],[-126.069077,49.300841],[-126.068951,49.30084],[-126.068829,49.300822],[-126.068598,49.300752],[-126.065577,49.299558],[-126.065377,49.299459],[-126.065296,49.299397],[-126.065237,49.299326],[-126.065202,49.299249],[-126.065181,49.299068],[-126.065112,49.298795],[-126.064971,49.298534],[-126.064762,49.298294],[-126.064624,49.298164],[-126.064577,49.29809],[-126.064554,49.298012],[-126.064556,49.297932],[-126.064567,49.297904],[-126.064629,49.297576],[-126.064584,49.297246],[-126.064434,49.29693],[-126.064186,49.296642],[-126.06385,49.296393],[-126.063443,49.296197],[-126.05914,49.294548],[-126.058946,49.294456],[-126.058867,49.294398],[-126.058806,49.294332],[-126.058767,49.294259],[-126.058735,49.294104],[-126.058728,49.293954],[-126.058673,49.29367],[-126.05854,49.293397],[-126.058332,49.293144],[-126.058058,49.29292],[-126.056446,49.291825],[-126.056305,49.29171],[-126.056253,49.291645],[-126.056221,49.291575],[-126.05621,49.291503],[-126.056219,49.29143],[-126.056281,49.291289],[-126.05677,49.290469],[-126.056899,49.290167],[-126.056933,49.289856],[-126.056872,49.289546],[-126.056717,49.28925],[-126.055977,49.288189],[-126.055896,49.288031],[-126.055883,49.287949],[-126.055897,49.287868],[-126.055978,49.28771],[-126.0572,49.285974],[-126.057371,49.285631],[-126.057418,49.285273],[-126.057311,49.28289],[-126.057234,49.282541],[-126.05704,49.282212],[-126.056737,49.28192],[-126.055427,49.280916],[-126.055268,49.28076],[-126.055172,49.280584],[-126.054509,49.278679],[-126.054342,49.278362],[-126.054077,49.278076],[-126.053724,49.277833],[-126.0533,49.277644],[-126.052932,49.277515],[-126.050912,49.276638],[-126.050736,49.276544],[-126.050664,49.276488],[-126.050554,49.276359],[-126.04896,49.273983],[-126.048884,49.273827],[-126.048867,49.273708],[-126.048765,49.273386],[-126.048562,49.273084],[-126.048266,49.272817],[-126.047892,49.272595],[-126.047825,49.272563],[-126.047742,49.272502],[-126.047617,49.272356],[-126.046505,49.270657],[-126.046433,49.270507],[-126.046422,49.270429],[-126.046434,49.270352],[-126.046506,49.270202],[-126.047615,49.268521],[-126.047719,49.268396],[-126.047787,49.268341],[-126.04787,49.268295],[-126.047963,49.26826],[-126.048065,49.268236],[-126.048282,49.268214],[-126.048285,49.268214],[-126.048698,49.268173],[-126.049093,49.268086],[-126.04946,49.267956],[-126.049786,49.267787],[-126.053914,49.265231],[-126.054239,49.264984],[-126.054478,49.264698],[-126.054621,49.264387],[-126.054663,49.264063],[-126.054656,49.263827],[-126.054609,49.263548],[-126.054487,49.26328],[-126.054293,49.263029],[-126.053957,49.262677],[-126.05386,49.262552],[-126.05383,49.262485],[-126.053819,49.262416],[-126.053836,49.262275],[-126.054259,49.260627],[-126.054316,49.260487],[-126.054363,49.260423],[-126.054428,49.260365],[-126.054508,49.260316],[-126.0546,49.260277],[-126.054702,49.260251],[-126.054809,49.260237],[-126.055031,49.260235],[-126.063158,49.260673],[-126.063687,49.260663],[-126.0642,49.260578],[-126.064514,49.260501],[-126.064915,49.260374],[-126.065273,49.260201],[-126.065576,49.259988],[-126.065813,49.259742],[-126.066828,49.258435],[-126.066961,49.2583],[-126.067047,49.258244],[-126.067148,49.2582],[-126.06726,49.258171],[-126.06738,49.258157],[-126.067501,49.25816],[-126.067619,49.258179],[-126.06784,49.258248],[-126.068722,49.258602],[-126.069122,49.258731],[-126.069552,49.258809],[-126.069996,49.258834],[-126.072949,49.258821],[-126.073439,49.258785],[-126.073909,49.258685],[-126.079424,49.257083],[-126.07984,49.256928],[-126.0802,49.256723],[-126.080491,49.256475],[-126.08069,49.256208],[-126.080691,49.256208],[-126.080691,49.256206],[-126.080701,49.256194],[-126.080705,49.256184],[-126.080828,49.255975],[-126.080967,49.255837],[-126.083344,49.253947],[-126.083629,49.253661],[-126.083814,49.253342],[-126.083962,49.252964],[-126.084036,49.252632],[-126.084,49.252298],[-126.083857,49.251976],[-126.083612,49.251682],[-126.083276,49.251429],[-126.083066,49.2513],[-126.082994,49.251232],[-126.082863,49.251023],[-126.082639,49.250747],[-126.082336,49.250506],[-126.081966,49.250309],[-126.081543,49.250163],[-126.080481,49.249882],[-126.080278,49.249812],[-126.08019,49.249766],[-126.080116,49.24971],[-126.080061,49.249646],[-126.079989,49.249504],[-126.079751,49.248823],[-126.079721,49.24867],[-126.07973,49.248595],[-126.079761,49.248522],[-126.079813,49.248454],[-126.079884,49.248395],[-126.079972,49.248345],[-126.080177,49.24827],[-126.083249,49.24739],[-126.083454,49.247345],[-126.08356,49.247335],[-126.083667,49.247338],[-126.083771,49.247353],[-126.083869,49.24738],[-126.08405,49.247458],[-126.090449,49.250794],[-126.090847,49.250962],[-126.091289,49.251076],[-126.091756,49.251131],[-126.09223,49.251126],[-126.092694,49.251059],[-126.093128,49.250934],[-126.093517,49.250756],[-126.093844,49.250531],[-126.095456,49.249178],[-126.095611,49.24907],[-126.095702,49.249028],[-126.095804,49.248997],[-126.095913,49.248979],[-126.096253,49.248968],[-126.096338,49.248969],[-126.096831,49.248912],[-126.097295,49.24879],[-126.09771,49.248607],[-126.098057,49.248373],[-126.098323,49.248096],[-126.098609,49.247716],[-126.098732,49.247587],[-126.09881,49.247532],[-126.098903,49.247488],[-126.099007,49.247457],[-126.099119,49.247439],[-126.099234,49.247436],[-126.099347,49.247448],[-126.099455,49.247473],[-126.099553,49.247512],[-126.099638,49.247563],[-126.099706,49.247623],[-126.099755,49.247691],[-126.099783,49.247764],[-126.099794,49.247916],[-126.099733,49.248721],[-126.099758,49.249037],[-126.09988,49.249344],[-126.100095,49.249628],[-126.100392,49.249878],[-126.100605,49.250025],[-126.100747,49.250144],[-126.100799,49.250211],[-126.10083,49.250283],[-126.10084,49.250369],[-126.100836,49.250678],[-126.100937,49.251002],[-126.10114,49.251305],[-126.101436,49.251574],[-126.101812,49.251796],[-126.104459,49.253054],[-126.104849,49.253205],[-126.105276,49.253306],[-126.105724,49.253352],[-126.106178,49.253342],[-126.107759,49.253211],[-126.107988,49.253206],[-126.1081,49.253218],[-126.108206,49.253243],[-126.108303,49.253282],[-126.108386,49.253331],[-126.108454,49.25339],[-126.108546,49.253515],[-126.108628,49.253662],[-126.108855,49.253911],[-126.109148,49.254129],[-126.109497,49.254308],[-126.109891,49.254442],[-126.110316,49.254526],[-126.110596,49.254564],[-126.110705,49.254594],[-126.110802,49.254638],[-126.110884,49.254694],[-126.110947,49.254759],[-126.110989,49.254832],[-126.111027,49.254987],[-126.111057,49.255334],[-126.111121,49.255615],[-126.111261,49.255884],[-126.111474,49.256132],[-126.111751,49.256351],[-126.112085,49.256533],[-126.11268,49.256803],[-126.11305,49.256941],[-126.113451,49.257034],[-126.113872,49.257079],[-126.12557,49.257647],[-126.125924,49.257648],[-126.126274,49.257614],[-126.12921,49.257184],[-126.129628,49.257097],[-126.130014,49.256961],[-126.130356,49.256781],[-126.130642,49.256564],[-126.130863,49.256316],[-126.131011,49.256047],[-126.131082,49.255764],[-126.13109,49.255685],[-126.131121,49.255611],[-126.131175,49.255542],[-126.131248,49.255482],[-126.131338,49.255433],[-126.131442,49.255396],[-126.131554,49.255373],[-126.131672,49.255366],[-126.131909,49.255382],[-126.135777,49.255902],[-126.135979,49.255942],[-126.136072,49.255972],[-126.136156,49.256013],[-126.136227,49.256063],[-126.136341,49.256179],[-126.137187,49.257229],[-126.137275,49.257371],[-126.137297,49.257446],[-126.137295,49.257522],[-126.137272,49.257596],[-126.137226,49.257665],[-126.13716,49.257728],[-126.13694,49.257868],[-126.136671,49.258071],[-126.136459,49.258301],[-126.136329,49.258518],[-126.136267,49.258597],[-126.136129,49.258713],[-126.134125,49.260097],[-126.133856,49.260321],[-126.133653,49.260573],[-126.132997,49.261604],[-126.132867,49.261876],[-126.132814,49.262158],[-126.13284,49.262442],[-126.133653,49.265919],[-126.133737,49.266155],[-126.133876,49.26638],[-126.135568,49.268603],[-126.135904,49.268932],[-126.140025,49.272037],[-126.140396,49.272263],[-126.140831,49.272433],[-126.141312,49.27254],[-126.141816,49.272579],[-126.142321,49.272547],[-126.142886,49.272472],[-126.143136,49.272457],[-126.143242,49.272465],[-126.143696,49.272471],[-126.144144,49.272422],[-126.14432,49.272379],[-126.144678,49.27232],[-126.146578,49.272143],[-126.146812,49.272136],[-126.146927,49.272148],[-126.147035,49.272174],[-126.147134,49.272213],[-126.14722,49.272264],[-126.147358,49.272388],[-126.148149,49.273266],[-126.148246,49.273402],[-126.148274,49.273474],[-126.148429,49.273761],[-126.148666,49.274023],[-126.148977,49.274249],[-126.149348,49.274433],[-126.149767,49.274566],[-126.150217,49.274644],[-126.150682,49.274664],[-126.151145,49.274625],[-126.151586,49.274529],[-126.152356,49.274304],[-126.152785,49.274143],[-126.153154,49.273928],[-126.153448,49.273668],[-126.153653,49.273374],[-126.153763,49.273059],[-126.153771,49.272737],[-126.153677,49.272419],[-126.15346,49.271949],[-126.153414,49.271795],[-126.153415,49.271718],[-126.15344,49.271642],[-126.153488,49.271571],[-126.153556,49.271508],[-126.153643,49.271455],[-126.153848,49.271373],[-126.154406,49.271196],[-126.154596,49.271149],[-126.154695,49.271136],[-126.154898,49.271133],[-126.157734,49.271244],[-126.157973,49.271269],[-126.158085,49.271297],[-126.158186,49.271339],[-126.158419,49.271488],[-126.15847,49.271527],[-126.158854,49.271726],[-126.159291,49.271869],[-126.159764,49.271952],[-126.160253,49.27197],[-126.160737,49.271923],[-126.161197,49.271814],[-126.161613,49.271646],[-126.161968,49.271426],[-126.162052,49.271362],[-126.162142,49.271316],[-126.162244,49.271282],[-126.162354,49.271262],[-126.162468,49.271255],[-126.162582,49.271264],[-126.162691,49.271286],[-126.162894,49.271359],[-126.166561,49.272983],[-126.166961,49.273126],[-126.167397,49.273217],[-126.16785,49.273253],[-126.168306,49.273232],[-126.168748,49.273155],[-126.169159,49.273025],[-126.169525,49.272847],[-126.169833,49.272627],[-126.171951,49.270785],[-126.172104,49.270675],[-126.172361,49.27055],[-126.172741,49.270319],[-126.173036,49.27004],[-126.173232,49.269727],[-126.174187,49.267562],[-126.174283,49.267409],[-126.174353,49.267341],[-126.174444,49.267285],[-126.174551,49.267243],[-126.174791,49.267189],[-126.176872,49.266879],[-126.177296,49.266787],[-126.177688,49.266647],[-126.178032,49.266461],[-126.178318,49.266237],[-126.178416,49.266144],[-126.178571,49.266024],[-126.178664,49.265976],[-126.17877,49.265941],[-126.178884,49.265921],[-126.179124,49.265911],[-126.179303,49.265916],[-126.179752,49.265899],[-126.180189,49.265828],[-126.180598,49.265705],[-126.180964,49.265535],[-126.181276,49.265323],[-126.181521,49.265077],[-126.181692,49.264805],[-126.181782,49.264517],[-126.181795,49.26444],[-126.181832,49.264365],[-126.181891,49.264297],[-126.18197,49.264239],[-126.182066,49.264191],[-126.182175,49.264158],[-126.182291,49.26414],[-126.182535,49.264135],[-126.183919,49.264198],[-126.184424,49.264187],[-126.184914,49.264106],[-126.185367,49.263961],[-126.185764,49.263757],[-126.186087,49.263504],[-126.186321,49.263212],[-126.186824,49.262383],[-126.186942,49.262237],[-126.187023,49.262174],[-126.187121,49.262124],[-126.187234,49.262089],[-126.187481,49.262051],[-126.188682,49.26195],[-126.188906,49.261946],[-126.189015,49.261957],[-126.189119,49.261981],[-126.189214,49.262017],[-126.189298,49.262065],[-126.189366,49.262121],[-126.189417,49.262185],[-126.189481,49.262325],[-126.189736,49.263157],[-126.189748,49.263236],[-126.189837,49.263533],[-126.190012,49.263813],[-126.190267,49.264066],[-126.190591,49.264282],[-126.190972,49.264454],[-126.191397,49.264574],[-126.19185,49.26464],[-126.192313,49.264647],[-126.19277,49.264596],[-126.192799,49.264591],[-126.192911,49.264585],[-126.193021,49.264593],[-126.193128,49.264615],[-126.193226,49.264649],[-126.193313,49.264695],[-126.193458,49.264807],[-126.195408,49.266639],[-126.19568,49.266852],[-126.196005,49.26703],[-126.196373,49.267168],[-126.199116,49.267995],[-126.199298,49.268063],[-126.199459,49.268151],[-126.205018,49.271766],[-126.205171,49.271888],[-126.205268,49.272009],[-126.205542,49.272277],[-126.205894,49.272503],[-126.206309,49.272678],[-126.206771,49.272793],[-126.208638,49.273121],[-126.208864,49.273177],[-126.208965,49.273219],[-126.20905,49.273273],[-126.209186,49.273403],[-126.210157,49.27457],[-126.210465,49.274858],[-126.210863,49.275094],[-126.211333,49.275266],[-126.213218,49.275787],[-126.213436,49.275866],[-126.213529,49.275918],[-126.213603,49.275982],[-126.213655,49.276054],[-126.213683,49.276132],[-126.213686,49.276212],[-126.213639,49.276372],[-126.213533,49.2766],[-126.213444,49.276886],[-126.213437,49.277178],[-126.213514,49.277465],[-126.213671,49.277739],[-126.213903,49.277988],[-126.214686,49.278678],[-126.214801,49.278802],[-126.21484,49.278869],[-126.214859,49.27894],[-126.214857,49.279012],[-126.214812,49.279154],[-126.21439,49.280059],[-126.214301,49.280344],[-126.214293,49.280635],[-126.214369,49.280922],[-126.214524,49.281195],[-126.214754,49.281445],[-126.215051,49.281662],[-126.215404,49.28184],[-126.216493,49.28229],[-126.216902,49.282425],[-126.217343,49.282507],[-126.2178,49.282533],[-126.227354,49.282479],[-126.227534,49.282486],[-126.227711,49.282512],[-126.230811,49.283123],[-126.231027,49.28318],[-126.231122,49.283222],[-126.231204,49.283274],[-126.231268,49.283336],[-126.231313,49.283405],[-126.231336,49.283479],[-126.231337,49.283554],[-126.231316,49.283627],[-126.23123,49.283768],[-126.229892,49.285455],[-126.229725,49.285723],[-126.229637,49.286007],[-126.229299,49.288042],[-126.229257,49.288179],[-126.229218,49.288244],[-126.229162,49.288303],[-126.22909,49.288354],[-126.22892,49.288439],[-126.227611,49.288978],[-126.227244,49.289164],[-126.226938,49.289393],[-126.226706,49.289656],[-126.226283,49.290264],[-126.226125,49.290573],[-126.226069,49.290897],[-126.226116,49.291222],[-126.226265,49.291533],[-126.22651,49.291818],[-126.22684,49.292063],[-126.228112,49.29283],[-126.228267,49.292944],[-126.228325,49.293008],[-126.228363,49.293079],[-126.228379,49.293153],[-126.228373,49.293228],[-126.228345,49.293301],[-126.228295,49.293368],[-126.228227,49.293428],[-126.228142,49.293479],[-126.228043,49.293517],[-126.227935,49.293543],[-126.227821,49.293554],[-126.227589,49.293547],[-126.223487,49.293166],[-126.222991,49.293153],[-126.222501,49.293207],[-126.22204,49.293326],[-126.221625,49.293504],[-126.221275,49.293734],[-126.217978,49.2964],[-126.217726,49.296649],[-126.217095,49.297425],[-126.216917,49.297708],[-126.216826,49.298008],[-126.216826,49.298314],[-126.216918,49.298615],[-126.217098,49.298898],[-126.217358,49.299152],[-126.217689,49.299369],[-126.218079,49.29954],[-126.219054,49.299883],[-126.219226,49.299956],[-126.2193,49.300002],[-126.219362,49.300055],[-126.219456,49.300174],[-126.220413,49.3017],[-126.220614,49.301953],[-126.220883,49.302178],[-126.221209,49.302368],[-126.221583,49.302516],[-126.222018,49.302654],[-126.222217,49.302734],[-126.222302,49.302785],[-126.222369,49.302846],[-126.222376,49.302856],[-126.222597,49.303106],[-126.222884,49.303326],[-126.223227,49.303507],[-126.223616,49.303644],[-126.224037,49.303733],[-126.224279,49.303768],[-126.224532,49.303825],[-126.224644,49.30387],[-126.224834,49.303993],[-126.22579,49.304771],[-126.225925,49.304907],[-126.225968,49.304982],[-126.225987,49.305061],[-126.225981,49.30514],[-126.225949,49.305217],[-126.225882,49.305304],[-126.225678,49.305502],[-126.225507,49.305757],[-126.225408,49.306028],[-126.225402,49.306094],[-126.225357,49.306263],[-126.225314,49.306335],[-126.225127,49.306523],[-126.224903,49.30681],[-126.224773,49.307121],[-126.224743,49.307443],[-126.224816,49.307762],[-126.224986,49.308065],[-126.225248,49.308339],[-126.225458,49.308515],[-126.22551,49.308582],[-126.225541,49.308654],[-126.22555,49.308729],[-126.225536,49.308803],[-126.2255,49.308874],[-126.225444,49.30894],[-126.225424,49.308955],[-126.225146,49.309217],[-126.224956,49.30951],[-126.22486,49.309822],[-126.224862,49.310141],[-126.224964,49.310453],[-126.22516,49.310744],[-126.225442,49.311004],[-126.225799,49.311222],[-126.226216,49.311388],[-126.226676,49.311495],[-126.228196,49.31174],[-126.228423,49.311793],[-126.228525,49.311834],[-126.228672,49.311922],[-126.228843,49.312052],[-126.229188,49.312232],[-126.229576,49.312367],[-126.229996,49.312454],[-126.230061,49.312464],[-126.230165,49.312493],[-126.230258,49.312535],[-126.230363,49.312604],[-126.230698,49.312788],[-126.23108,49.312929],[-126.231494,49.313023],[-126.231927,49.313067],[-126.232365,49.313058],[-126.232794,49.312998],[-126.233199,49.312888],[-126.233267,49.312864],[-126.233377,49.312843],[-126.233492,49.312836],[-126.233607,49.312843],[-126.233717,49.312865],[-126.233819,49.312901],[-126.234,49.312998],[-126.234161,49.313104],[-126.234539,49.313306],[-126.234973,49.313454],[-126.235443,49.313541],[-126.235931,49.313565],[-126.237336,49.31354],[-126.237569,49.313551],[-126.23768,49.313571],[-126.237783,49.313604],[-126.237875,49.31365],[-126.23795,49.313707],[-126.238008,49.313772],[-126.238045,49.313843],[-126.238059,49.313918],[-126.238052,49.313993],[-126.238022,49.314065],[-126.237971,49.314133],[-126.237797,49.314281],[-126.237533,49.314564],[-126.237366,49.314876],[-126.237356,49.314926],[-126.237355,49.314926],[-126.237283,49.315146],[-126.237193,49.315284],[-126.236277,49.316379],[-126.236165,49.31649],[-126.236096,49.316538],[-126.236056,49.316557],[-126.235722,49.316756],[-126.235451,49.316992],[-126.235252,49.317258],[-126.235134,49.317543],[-126.235099,49.317837],[-126.23515,49.31813],[-126.235284,49.318412],[-126.235497,49.318673],[-126.235781,49.318903],[-126.236126,49.319094],[-126.23652,49.31924],[-126.237782,49.319609],[-126.237996,49.31969],[-126.238087,49.319743],[-126.238159,49.319807],[-126.238209,49.31988],[-126.238262,49.320038],[-126.238464,49.321228],[-126.238467,49.321385],[-126.238444,49.321461],[-126.238398,49.321533],[-126.238262,49.321663],[-126.235559,49.323762],[-126.235386,49.323871],[-126.235287,49.323912],[-126.235176,49.32394],[-126.235094,49.323949],[-126.234621,49.324035],[-126.234183,49.324181],[-126.233801,49.324382],[-126.233489,49.32463],[-126.233423,49.324695],[-126.233141,49.324913],[-126.232922,49.325164],[-126.232778,49.325437],[-126.232712,49.325723],[-126.232729,49.326012],[-126.232826,49.326294],[-126.233001,49.326559],[-126.233248,49.326799],[-126.235865,49.328895],[-126.23599,49.329017],[-126.236033,49.329084],[-126.236095,49.329272],[-126.236103,49.329316],[-126.236232,49.329591],[-126.236437,49.329847],[-126.23671,49.330073],[-126.237042,49.330263],[-126.237422,49.330411],[-126.237837,49.330511],[-126.239457,49.330792],[-126.239666,49.330843],[-126.23976,49.330879],[-126.239842,49.330927],[-126.239978,49.331042],[-126.241337,49.332437],[-126.24144,49.332569],[-126.241471,49.332639],[-126.241481,49.332712]],[[-126.0390338,49.205187],[-126.0390241,49.2052218],[-126.0389852,49.2052886],[-126.0384041,49.2060634],[-126.0383461,49.2061253],[-126.0383093,49.2061519],[-126.0382208,49.2061958],[-126.0380108,49.2062811],[-126.037819,49.2063777],[-126.0376608,49.2064976],[-126.0375427,49.2066357],[-126.0374694,49.2067866],[-126.0374401,49.2068781],[-126.0374165,49.2069138],[-126.0373823,49.2069456],[-126.0373391,49.2069722],[-126.0372886,49.2069927],[-126.0372328,49.207006],[-126.037174,49.2070118],[-126.0370535,49.2070076],[-126.0349721,49.206795],[-126.0346379,49.2067916],[-126.0333213,49.2068991],[-126.0331,49.2069313],[-126.0328919,49.20699],[-126.0327045,49.2070733],[-126.0316296,49.2076549],[-126.0315265,49.2076998],[-126.0314698,49.2077146],[-126.0314097,49.2077213],[-126.0313487,49.2077199],[-126.0312895,49.2077102],[-126.0312347,49.2076927],[-126.0311865,49.2076682],[-126.0311099,49.2076089],[-126.0309262,49.207494],[-126.0307094,49.2074069],[-126.0304694,49.2073516],[-126.030217,49.2073306],[-126.0299635,49.2073449],[-126.0290093,49.2074661],[-126.0287499,49.2075196],[-126.0285156,49.2076098],[-126.0283184,49.2077322],[-126.0270667,49.2087082],[-126.0269427,49.2088248],[-126.026853,49.2089541],[-126.0259485,49.2106523],[-126.025885,49.2108532],[-126.0258649,49.2110335],[-126.0258729,49.2111968],[-126.0259326,49.2113556],[-126.0260413,49.2115028],[-126.0261944,49.211632],[-126.0262818,49.2116918],[-126.0263132,49.2117243],[-126.026334,49.2117601],[-126.0263435,49.211798],[-126.0263413,49.2118363],[-126.0263275,49.2118736],[-126.0263048,49.2119054],[-126.0262203,49.2120671],[-126.0261916,49.212237],[-126.0262199,49.2124069],[-126.0263039,49.2125688],[-126.0263377,49.2126162],[-126.0263514,49.2126527],[-126.0263539,49.2126903],[-126.0263453,49.2127274],[-126.0263257,49.2127627],[-126.026296,49.2127949],[-126.0262573,49.2128227],[-126.0262111,49.212845],[-126.0261591,49.2128611],[-126.026046,49.2128796],[-126.0251284,49.2129686],[-126.0250196,49.2129726],[-126.0249662,49.2129682],[-126.024915,49.2129575],[-126.0248675,49.2129409],[-126.0248255,49.2129189],[-126.0247542,49.2128651],[-126.0239928,49.2121718],[-126.023834,49.2120541],[-126.0236426,49.2119594],[-126.0234261,49.2118915],[-126.0231933,49.2118531],[-126.0229534,49.2118458],[-126.0227161,49.2118698],[-126.0224908,49.2119241],[-126.0222866,49.2120067],[-126.0221117,49.2121142],[-126.021973,49.2122422],[-126.020615,49.2138076],[-126.0204941,49.2139159],[-126.0187159,49.2151763],[-126.0185723,49.2153011],[-126.0184693,49.2154419],[-126.0184111,49.2155934],[-126.0183999,49.2157493],[-126.0184039,49.2157988],[-126.0183956,49.2158363],[-126.0183561,49.2159087],[-126.017886,49.2165597],[-126.0178277,49.2166237],[-126.0177903,49.2166511],[-126.0177456,49.2166734],[-126.0176952,49.2166898],[-126.0176409,49.2166996],[-126.0175273,49.2167054],[-126.0115484,49.2166366],[-126.0114423,49.2166292],[-126.0113917,49.2166195],[-126.0113445,49.216604],[-126.0112592,49.2165622],[-126.0090086,49.2152378],[-126.0088122,49.2151439],[-126.0085909,49.2150779],[-126.0083536,49.2150423],[-126.0081103,49.2150387],[-126.0076524,49.2150624],[-126.0075357,49.215061],[-126.0074216,49.2150447],[-126.0026084,49.2140273],[-126.0025108,49.2140002],[-126.0024669,49.2139814],[-126.0023899,49.2139338],[-126.0004751,49.2125205],[-126.0002913,49.2124104],[-126.0000766,49.2123275],[-125.9998404,49.2122753],[-125.9995927,49.2122561],[-125.9993443,49.2122708],[-125.9988519,49.2123341],[-125.9987234,49.2123414],[-125.9986605,49.212336],[-125.9985393,49.2123073],[-125.9966097,49.2116888],[-125.9964194,49.2116404],[-125.9962192,49.2116138],[-125.9960151,49.2116098],[-125.9945291,49.2116631],[-125.9943858,49.2116569],[-125.994249,49.2116285],[-125.987883,49.2097256],[-125.9877746,49.2096836],[-125.9876729,49.2096221],[-125.9874827,49.2095281],[-125.9872678,49.2094605],[-125.9870367,49.209422],[-125.9867985,49.2094142],[-125.9865626,49.2094372],[-125.9837047,49.2099099],[-125.9835812,49.2099216],[-125.9835199,49.2099189],[-125.9834607,49.2099079],[-125.9833504,49.2098698],[-125.9826824,49.2095768],[-125.9824968,49.20951],[-125.9822961,49.2094657],[-125.9820866,49.209445],[-125.9818748,49.2094488],[-125.9817461,49.2094662],[-125.9816533,49.2094726],[-125.9815984,49.2094696],[-125.9815452,49.20946],[-125.9814958,49.2094441],[-125.9814517,49.2094225],[-125.9814145,49.2093959],[-125.9813694,49.2093479],[-125.9812239,49.2092234],[-125.9810434,49.2091203],[-125.9808352,49.2090427],[-125.9806075,49.2089936],[-125.9803695,49.2089751],[-125.9788466,49.2089566],[-125.9787436,49.2089495],[-125.9786943,49.2089403],[-125.9786011,49.2089107],[-125.9772846,49.2083958],[-125.9770661,49.2083288],[-125.9768315,49.2082917],[-125.9765903,49.2082861],[-125.9763523,49.2083121],[-125.976127,49.2083686],[-125.9759236,49.2084535],[-125.9747554,49.2090568],[-125.9745917,49.2091591],[-125.9744604,49.2092797],[-125.9743661,49.2094142],[-125.9743122,49.2095579],[-125.9743005,49.2097057],[-125.9743316,49.2098522],[-125.9743984,49.2100372],[-125.974414,49.2101134],[-125.9744103,49.2101512],[-125.9743953,49.2101879],[-125.9743695,49.2102218],[-125.9743341,49.2102519],[-125.9742903,49.2102767],[-125.9741881,49.2103148],[-125.9727841,49.2107239],[-125.9726773,49.2107474],[-125.9725655,49.2107574],[-125.9711926,49.2107943],[-125.9710732,49.2107896],[-125.9710163,49.2107797],[-125.9709635,49.2107626],[-125.9708692,49.2107146],[-125.9702534,49.2103306],[-125.9700813,49.2102414],[-125.9698872,49.2101742],[-125.9696776,49.2101313],[-125.9694595,49.210114],[-125.9692403,49.210123],[-125.969155,49.2101316],[-125.9690324,49.2101274],[-125.9673316,49.2099536],[-125.9670779,49.2099454],[-125.9668272,49.2099723],[-125.9665909,49.210033],[-125.9657296,49.2103265],[-125.9656242,49.2103544],[-125.9655691,49.2103615],[-125.965513,49.2103617],[-125.9654579,49.2103548],[-125.9654057,49.2103413],[-125.9653584,49.2103215],[-125.9653177,49.2102963],[-125.9652851,49.2102664],[-125.9652617,49.2102331],[-125.9652348,49.2101609],[-125.9651955,49.2099829],[-125.9651346,49.2098252],[-125.9650252,49.209679],[-125.9648719,49.2095508],[-125.9646815,49.209446],[-125.9644621,49.2093691],[-125.9634415,49.2090962],[-125.9633371,49.20906],[-125.963292,49.2090359],[-125.963255,49.2090064],[-125.9632277,49.2089727],[-125.9632111,49.2089362],[-125.9632059,49.2088983],[-125.9632186,49.2088215],[-125.9633086,49.2085422],[-125.963334,49.2083986],[-125.9633186,49.2082544],[-125.963263,49.2081146],[-125.9631856,49.2079744],[-125.9630853,49.2078365],[-125.9629459,49.207714],[-125.9627729,49.2076114],[-125.9625727,49.2075326],[-125.9623529,49.2074807],[-125.9621219,49.2074576],[-125.9618885,49.2074642],[-125.9616614,49.2075002],[-125.9614492,49.2075642],[-125.9614255,49.2075733],[-125.9597857,49.2080728],[-125.9596849,49.2080966],[-125.9596327,49.2081023],[-125.9595256,49.2081014],[-125.9589278,49.2080612],[-125.958699,49.2080601],[-125.9584741,49.2080874],[-125.9582612,49.2081421],[-125.958068,49.2082221],[-125.9579016,49.2083247],[-125.957768,49.208446],[-125.9576721,49.2085817],[-125.9576464,49.2086498],[-125.9576414,49.208649],[-125.9575954,49.2087664],[-125.9575686,49.2088021],[-125.9575311,49.2088333],[-125.9574846,49.2088588],[-125.957431,49.2088776],[-125.9573126,49.2089002],[-125.9563464,49.2090154],[-125.9562209,49.2090215],[-125.9561595,49.209016],[-125.9561012,49.2090022],[-125.9560487,49.2089806],[-125.9560043,49.2089524],[-125.9559345,49.2088839],[-125.9552437,49.2080192],[-125.9551127,49.2078887],[-125.9549448,49.2077778],[-125.9547466,49.2076908],[-125.954526,49.2076312],[-125.9542916,49.2076012],[-125.9540529,49.2076022],[-125.9526297,49.2077009],[-125.952514,49.2077016],[-125.9524578,49.2076947],[-125.9524048,49.2076808],[-125.9523568,49.2076606],[-125.9523158,49.2076346],[-125.9522832,49.207604],[-125.9522602,49.2075698],[-125.9522428,49.2075188],[-125.9521787,49.2073868],[-125.95208,49.2072643],[-125.9519499,49.207155],[-125.9517924,49.2070623],[-125.9517119,49.2070228],[-125.9516753,49.2069967],[-125.9516466,49.2069667],[-125.9516268,49.2069338],[-125.9516165,49.2068991],[-125.9516157,49.2068275],[-125.9516766,49.2063576],[-125.9516944,49.2062905],[-125.9517119,49.2062588],[-125.9517376,49.2062296],[-125.9517449,49.2062239],[-125.951869,49.2061067],[-125.9519586,49.2059768],[-125.9520107,49.2058384],[-125.9520236,49.2056961],[-125.9519969,49.2055547],[-125.9519314,49.2054187],[-125.9517865,49.205192],[-125.9517516,49.2051171],[-125.9517461,49.2050787],[-125.9517524,49.2050403],[-125.9517704,49.2050035],[-125.9517993,49.2049698],[-125.9518776,49.2049105],[-125.9527062,49.2043977],[-125.9528597,49.2042822],[-125.9529759,49.2041494],[-125.9530504,49.2040044],[-125.9530805,49.2038528],[-125.953065,49.2037002],[-125.9530044,49.2035524],[-125.952901,49.2034152],[-125.9527589,49.2032937],[-125.9525834,49.2031925],[-125.9523811,49.2031155],[-125.9511046,49.2027331],[-125.9510105,49.2026978],[-125.9509696,49.2026752],[-125.9509356,49.202648],[-125.9509097,49.2026174],[-125.9508928,49.2025841],[-125.9508776,49.2025139],[-125.9507731,49.2011172],[-125.9507785,49.2010426],[-125.9507919,49.2010067],[-125.9508154,49.2009732],[-125.9508484,49.2009433],[-125.9508595,49.2009364],[-125.9510205,49.2008145],[-125.9511399,49.2006737],[-125.9512129,49.20052],[-125.9512362,49.2003597],[-125.951209,49.2001997],[-125.9511323,49.2000467],[-125.9510095,49.1999071],[-125.9508456,49.1997869],[-125.9506476,49.1996911],[-125.9493406,49.1991855],[-125.9492589,49.1991475],[-125.9492238,49.1991245],[-125.9491659,49.1990711],[-125.9484005,49.1982217],[-125.9483525,49.1981544],[-125.9483388,49.1981189],[-125.9483325,49.1980448],[-125.9483774,49.1973126],[-125.9483619,49.1971517],[-125.9482964,49.1969963],[-125.9481836,49.1968529],[-125.9480284,49.1967276],[-125.9478372,49.1966257],[-125.9476181,49.1965515],[-125.9473805,49.1965082],[-125.94677,49.19644],[-125.9466528,49.1964187],[-125.9465995,49.1964007],[-125.9465529,49.1963761],[-125.9464758,49.1963146],[-125.9445456,49.194405],[-125.9443993,49.194287],[-125.944221,49.1941896],[-125.9440173,49.1941166],[-125.9437959,49.1940705],[-125.9435651,49.1940532],[-125.9433334,49.1940653],[-125.9431097,49.1941063],[-125.9429023,49.1941747],[-125.9427189,49.194268],[-125.9425665,49.1943826],[-125.9424508,49.1945143],[-125.942376,49.1946581],[-125.9423451,49.1948086],[-125.9423425,49.1948546],[-125.9423308,49.194889],[-125.9423097,49.1949214],[-125.9422493,49.1949809],[-125.9419988,49.1951844],[-125.9419215,49.1952364],[-125.9418767,49.1952571],[-125.9418269,49.1952719],[-125.9417737,49.1952805],[-125.941719,49.1952825],[-125.9416646,49.1952778],[-125.9416125,49.1952667],[-125.9415153,49.1952317],[-125.9367778,49.1931316],[-125.9366001,49.1930278],[-125.9349648,49.19178],[-125.9348917,49.1917101],[-125.9348435,49.1916315],[-125.934618,49.1911033],[-125.9345207,49.1909448],[-125.9343732,49.1908038],[-125.9341825,49.1906869],[-125.9330463,49.1901295],[-125.9329614,49.1900788],[-125.9329276,49.190049],[-125.9328782,49.1899812],[-125.9323549,49.1890373],[-125.9323291,49.188975],[-125.9323193,49.1889107],[-125.9322788,49.1873003],[-125.9322436,49.1871243],[-125.9321487,49.1869579],[-125.931999,49.1868097],[-125.9315595,49.1864667],[-125.9314912,49.1864007],[-125.9314684,49.1863644],[-125.9314574,49.1863258],[-125.9314586,49.1862866],[-125.931472,49.1862483],[-125.931497,49.1862126],[-125.9315326,49.186181],[-125.9315773,49.1861548],[-125.9316827,49.1861148],[-125.9320266,49.1860134],[-125.9322152,49.1859437],[-125.9323815,49.1858531],[-125.9325203,49.1857443],[-125.933061,49.1852328],[-125.93317,49.185106],[-125.9332413,49.1849681],[-125.9332724,49.1848241],[-125.9332622,49.1846787],[-125.9331902,49.1843413],[-125.9331849,49.1842727],[-125.9331915,49.184239],[-125.9332227,49.1841735],[-125.93357,49.1836214],[-125.9336254,49.1835534],[-125.9336623,49.183524],[-125.9337073,49.1834999],[-125.9337587,49.1834821],[-125.9338145,49.1834713],[-125.9338724,49.1834678],[-125.9339303,49.1834719],[-125.9339857,49.1834833],[-125.9340367,49.1835017],[-125.9341268,49.1835515],[-125.9353656,49.1843868],[-125.9354364,49.1844445],[-125.9355133,49.1845401],[-125.9356401,49.1846662],[-125.9358015,49.1847742],[-125.9359915,49.1848599],[-125.9362031,49.1849203],[-125.9364285,49.184953],[-125.9366594,49.1849569],[-125.9390338,49.1848473],[-125.9392849,49.1848179],[-125.9395209,49.1847545],[-125.939731,49.1846599],[-125.9406071,49.1841679],[-125.9407089,49.1841218],[-125.9407651,49.1841064],[-125.940825,49.1840989],[-125.9408859,49.1840997],[-125.9409453,49.1841086],[-125.9410006,49.1841254],[-125.9410494,49.1841493],[-125.9411306,49.1842099],[-125.9416291,49.1846717],[-125.9417585,49.1847724],[-125.9418317,49.1848131],[-125.9419023,49.1848619],[-125.9419326,49.1848931],[-125.9419532,49.1849276],[-125.9419633,49.1849641],[-125.9419621,49.185026],[-125.9419793,49.1851695],[-125.9420364,49.1853085],[-125.9421315,49.1854384],[-125.9422612,49.1855547],[-125.9424213,49.1856535],[-125.9426063,49.1857316],[-125.9426628,49.1857509],[-125.942743,49.1857948],[-125.9429304,49.1858792],[-125.9431387,49.1859388],[-125.9433606,49.1859717],[-125.9435879,49.1859767],[-125.9438126,49.1859535],[-125.9440266,49.185903],[-125.9442221,49.185827],[-125.9443922,49.1857283],[-125.9445307,49.1856104],[-125.9445358,49.185605],[-125.9446399,49.1854684],[-125.9447016,49.1853211],[-125.9447185,49.1851688],[-125.9446898,49.1850173],[-125.9446168,49.1848723],[-125.944428,49.1845924],[-125.944393,49.1845239],[-125.9443855,49.1844886],[-125.9443882,49.1844529],[-125.9444008,49.1844182],[-125.944423,49.1843857],[-125.944454,49.1843563],[-125.9445324,49.1843055],[-125.9445689,49.1842859],[-125.9447297,49.1841813],[-125.9448574,49.1840588],[-125.9449477,49.1839227],[-125.9449971,49.183778],[-125.945004,49.1836298],[-125.9449996,49.1835857],[-125.9450012,49.1835536],[-125.944958,49.183394],[-125.9448656,49.1832436],[-125.9447278,49.1831088],[-125.9446438,49.1830551],[-125.9445603,49.182992],[-125.9445327,49.1829611],[-125.9445144,49.1829274],[-125.9445059,49.1828921],[-125.9445075,49.1828563],[-125.9445193,49.1828214],[-125.9445626,49.1827547],[-125.944888,49.1823609],[-125.9449536,49.1822973],[-125.9449947,49.1822707],[-125.945043,49.1822499],[-125.9450966,49.1822357],[-125.9451534,49.1822286],[-125.9452113,49.1822289],[-125.9452679,49.1822366],[-125.9453212,49.1822514],[-125.945418,49.1822946],[-125.9472765,49.183313],[-125.9474763,49.1834017],[-125.9476992,49.1834625],[-125.9479362,49.1834928],[-125.9481778,49.1834915],[-125.9482915,49.1834834],[-125.9487872,49.1834784],[-125.9490129,49.1834621],[-125.9492298,49.1834183],[-125.9494302,49.1833485],[-125.9510761,49.1826374],[-125.951178,49.1826021],[-125.9512324,49.1825914],[-125.951289,49.1825876],[-125.9513456,49.1825911],[-125.9514002,49.1826016],[-125.9514506,49.1826188],[-125.9515407,49.1826658],[-125.9520841,49.1830109],[-125.9521635,49.1830731],[-125.9522216,49.1831447],[-125.953154,49.1846574],[-125.9531888,49.1847382],[-125.9531926,49.1847793],[-125.9531827,49.1848201],[-125.953136,49.1848982],[-125.9529721,49.1851037],[-125.9528818,49.185252],[-125.9528394,49.1854091],[-125.9528464,49.1855685],[-125.9529027,49.1857238],[-125.9530059,49.1858683],[-125.9531517,49.1859963],[-125.9533341,49.1861023],[-125.9535456,49.1861819],[-125.9537774,49.186232],[-125.9540198,49.1862503],[-125.9553367,49.1862619],[-125.9555244,49.1862539],[-125.9557079,49.1862268],[-125.9577421,49.1858147],[-125.9578623,49.185799],[-125.9579228,49.1857993],[-125.9579818,49.1858078],[-125.958037,49.1858239],[-125.9580859,49.1858471],[-125.9581389,49.1858852],[-125.9583151,49.1859893],[-125.9585193,49.1860686],[-125.9587435,49.1861201],[-125.9589787,49.1861417],[-125.9592158,49.1861326],[-125.9594455,49.1860931],[-125.9596589,49.1860248],[-125.9598474,49.1859304],[-125.9600039,49.1858136],[-125.960122,49.1856789],[-125.9601972,49.1855316],[-125.9602265,49.1853775],[-125.9602597,49.1845003],[-125.9602452,49.1843577],[-125.9601913,49.1842192],[-125.9600999,49.1840894],[-125.959715,49.1836528],[-125.9595758,49.183526],[-125.9590069,49.1831037],[-125.9588341,49.1829984],[-125.9586332,49.1829174],[-125.9584118,49.1828636],[-125.9561227,49.1824698],[-125.9560094,49.1824419],[-125.9559589,49.1824211],[-125.9558717,49.1823663],[-125.9552463,49.1818838],[-125.9551843,49.1818261],[-125.955162,49.1817944],[-125.9551488,49.1817607],[-125.9551413,49.1816903],[-125.9551587,49.18116],[-125.9551766,49.1810733],[-125.9551997,49.1810331],[-125.9552745,49.1809592],[-125.9553897,49.180815],[-125.9554568,49.1806584],[-125.955473,49.1804961],[-125.9554513,49.1803973],[-125.9554478,49.1803257],[-125.9554591,49.1802855],[-125.9554832,49.1802478],[-125.9555559,49.1801796],[-125.957174,49.1789644],[-125.9573119,49.1788372],[-125.9574086,49.1786947],[-125.9574603,49.1785425],[-125.9574648,49.1783866],[-125.9574221,49.1782332],[-125.9573338,49.1780883],[-125.9567951,49.1774096],[-125.9567471,49.1773278],[-125.9567379,49.1772852],[-125.9567494,49.1771978],[-125.957134,49.1759503],[-125.9571697,49.1758749],[-125.9571984,49.1758409],[-125.9572369,49.1758113],[-125.9572838,49.1757874],[-125.9573371,49.1757702],[-125.9573947,49.1757603],[-125.9575151,49.1757561],[-125.9596091,49.1758215],[-125.95982,49.175816],[-125.9600261,49.1757863],[-125.960221,49.1757335],[-125.9640576,49.1744254],[-125.9643123,49.1743089],[-125.9666147,49.1729327],[-125.9668355,49.1727556],[-125.9681169,49.1713505],[-125.968209,49.1712256],[-125.9682659,49.171092],[-125.9682861,49.170954],[-125.9682687,49.1708158],[-125.9682144,49.1706818],[-125.9680588,49.170401],[-125.9679682,49.1702742],[-125.9678446,49.1701599],[-125.9676918,49.1700618],[-125.9675148,49.1699831],[-125.9651481,49.169121],[-125.9650477,49.1690749],[-125.9650064,49.1690461],[-125.964975,49.1690124],[-125.9649548,49.1689752],[-125.9649384,49.1688957],[-125.9648802,49.1676828],[-125.9648467,49.1675216],[-125.9647629,49.1673683],[-125.964377,49.1668421],[-125.964335,49.1667648],[-125.964327,49.1667248],[-125.9643319,49.1666846],[-125.9643496,49.1666459],[-125.96441,49.1665741],[-125.9649604,49.1660566],[-125.9650766,49.1659202],[-125.9651491,49.1657714],[-125.9651751,49.1656162],[-125.9651536,49.1654607],[-125.9650853,49.1653111],[-125.9649732,49.1651733],[-125.9622346,49.1624921],[-125.962178,49.1624221],[-125.9621613,49.1623847],[-125.9621565,49.1623458],[-125.9621639,49.162307],[-125.9622028,49.1622321],[-125.9625026,49.1618039],[-125.9625623,49.1617371],[-125.9626011,49.1617086],[-125.9626477,49.1616857],[-125.9627004,49.1616692],[-125.9628152,49.1616504],[-125.9645957,49.1614781],[-125.9648322,49.1614387],[-125.9650516,49.1613689],[-125.9652449,49.1612715],[-125.9654041,49.1611505],[-125.9655971,49.1609694],[-125.965713,49.1608336],[-125.9657856,49.1606855],[-125.9658122,49.1605309],[-125.9657915,49.160376],[-125.9657245,49.1602268],[-125.9656138,49.1600891],[-125.9654638,49.1599685],[-125.9652803,49.1598695],[-125.9641703,49.1593835],[-125.9640832,49.159337],[-125.9640476,49.1593092],[-125.9640205,49.1592776],[-125.9639852,49.1592078],[-125.9638042,49.1586929],[-125.9637299,49.1585479],[-125.963614,49.1584151],[-125.9616097,49.156565],[-125.9615515,49.1564982],[-125.9615333,49.1564622],[-125.9615189,49.1563859],[-125.9614317,49.1539738],[-125.9614408,49.1538964],[-125.9614567,49.1538595],[-125.9614835,49.1538255],[-125.9615201,49.1537956],[-125.9616345,49.153733],[-125.9616811,49.1537123],[-125.9618476,49.1536014],[-125.9619774,49.1534712],[-125.9620654,49.1533268],[-125.962108,49.1531739],[-125.9621038,49.1530185],[-125.9620527,49.1528667],[-125.9619569,49.1527244],[-125.96182,49.1525974],[-125.9616186,49.1524449],[-125.961556,49.152388],[-125.9615333,49.1523566],[-125.9615195,49.1523231],[-125.9615151,49.1522885],[-125.9615203,49.152254],[-125.9615497,49.1521865],[-125.9618447,49.1516858],[-125.9619102,49.151526],[-125.961923,49.1513608],[-125.9618641,49.1506612],[-125.96187,49.1505811],[-125.9618852,49.1505429],[-125.961912,49.1505075],[-125.9619494,49.1504765],[-125.9619684,49.150466],[-125.9621153,49.1503701],[-125.9622347,49.1502591],[-125.962323,49.1501362],[-125.9623759,49.1500094],[-125.9623974,49.1499732],[-125.9624276,49.149942],[-125.9624663,49.1499152],[-125.9625121,49.1498937],[-125.9625634,49.1498783],[-125.9626745,49.1498606],[-125.962881,49.1498412],[-125.9629941,49.1498377],[-125.9630494,49.1498429],[-125.9631022,49.1498549],[-125.9631506,49.1498731],[-125.9631928,49.1498971],[-125.9632629,49.1499552],[-125.9638398,49.1505412],[-125.9638935,49.1506098],[-125.9639093,49.1506463],[-125.9639138,49.1506844],[-125.963957,49.1508408],[-125.9640476,49.1509884],[-125.9641818,49.1511209],[-125.9643542,49.1512331],[-125.964466,49.1512923],[-125.9645538,49.1513601],[-125.9645938,49.1513975],[-125.9647576,49.1515011],[-125.9649484,49.1515826],[-125.9651593,49.151639],[-125.9653827,49.1516683],[-125.9656106,49.1516694],[-125.9658347,49.1516423],[-125.9660468,49.151588],[-125.9662395,49.1515084],[-125.9664056,49.1514063],[-125.9665392,49.1512856],[-125.9666355,49.1511505],[-125.9666638,49.1510984],[-125.966693,49.1510662],[-125.9667312,49.1510383],[-125.9667769,49.1510158],[-125.9668283,49.1509995],[-125.966858,49.1509945],[-125.9670843,49.1509394],[-125.9672892,49.1508557],[-125.9674642,49.1507468],[-125.9676024,49.1506172],[-125.967698,49.1504722],[-125.9677472,49.1503175],[-125.9677513,49.1502921],[-125.9677671,49.1502576],[-125.9677925,49.1502257],[-125.9678265,49.1501974],[-125.967868,49.1501737],[-125.9679155,49.1501555],[-125.9679814,49.1501401],[-125.968192,49.1500752],[-125.9683794,49.1499849],[-125.9685366,49.1498726],[-125.9686577,49.1497425],[-125.9687381,49.1495996],[-125.9687747,49.1494492],[-125.9687662,49.149297],[-125.968591,49.1484452],[-125.968587,49.1483672],[-125.9685968,49.1483292],[-125.9686179,49.1482933],[-125.9686822,49.1482275],[-125.9694788,49.1475683],[-125.9695587,49.1475139],[-125.9696053,49.1474925],[-125.9696573,49.1474774],[-125.9697128,49.1474692],[-125.9697697,49.1474681],[-125.9698835,49.1474804],[-125.9704027,49.1475711],[-125.9705078,49.1475966],[-125.9705552,49.1476153],[-125.9705964,49.1476395],[-125.97063,49.1476683],[-125.9706547,49.1477007],[-125.9706696,49.1477356],[-125.9706744,49.1477717],[-125.9706628,49.1478446],[-125.9703218,49.1489613],[-125.9702986,49.1491151],[-125.970322,49.1492689],[-125.970391,49.1494167],[-125.970503,49.1495528],[-125.9706536,49.1496719],[-125.971657,49.1503222],[-125.9717348,49.1503843],[-125.9717839,49.150446],[-125.9718315,49.1505264],[-125.971954,49.1506536],[-125.9721113,49.1507632],[-125.9722977,49.1508512],[-125.9725063,49.1509143],[-125.9727296,49.1509502],[-125.9729591,49.1509575],[-125.9731867,49.1509361],[-125.9734037,49.1508866],[-125.9736024,49.150811],[-125.9736204,49.1508025],[-125.9737823,49.1507111],[-125.9739168,49.1506022],[-125.9740196,49.1504795],[-125.9740873,49.1503467],[-125.9741179,49.1502082],[-125.9741193,49.150191],[-125.9741334,49.1501547],[-125.9741831,49.1500863],[-125.9745718,49.1496631],[-125.9746439,49.1496001],[-125.9746882,49.1495743],[-125.9747395,49.1495549],[-125.9747958,49.1495426],[-125.9748547,49.149538],[-125.9749138,49.1495412],[-125.9749707,49.1495521],[-125.9750999,49.149597],[-125.975328,49.1496574],[-125.9755701,49.1496861],[-125.9758161,49.1496819],[-125.9760556,49.1496449],[-125.9762784,49.1495767],[-125.9767745,49.149382],[-125.9768818,49.1493489],[-125.9769386,49.1493398],[-125.976997,49.1493382],[-125.9770548,49.1493442],[-125.9771096,49.1493576],[-125.9771592,49.1493778],[-125.9772018,49.149404],[-125.9772356,49.1494353],[-125.9772835,49.1495063],[-125.9775193,49.149978],[-125.977619,49.1501246],[-125.9777623,49.1502548],[-125.977943,49.1503633],[-125.9781538,49.1504454],[-125.9783857,49.1504978],[-125.978629,49.1505182],[-125.9788735,49.1505057],[-125.9791091,49.150461],[-125.9802029,49.1501711],[-125.9804098,49.1501002],[-125.9805918,49.1500044],[-125.9807105,49.1499282],[-125.9808632,49.1498088],[-125.9809767,49.1496719],[-125.9810466,49.1495231],[-125.9810703,49.1493682],[-125.9810703,49.1492695],[-125.9810823,49.1491916],[-125.9810998,49.1491548],[-125.9811282,49.149121],[-125.9811663,49.1490917],[-125.9812127,49.1490678],[-125.9812654,49.1490505],[-125.9813223,49.1490405],[-125.9814416,49.1490356],[-125.9821319,49.1490526],[-125.9822486,49.1490631],[-125.9823035,49.1490756],[-125.9824258,49.1491228],[-125.9824539,49.1491365],[-125.9826486,49.1491994],[-125.9828575,49.1492383],[-125.9830737,49.1492519],[-125.9832901,49.1492398],[-125.9840235,49.1491544],[-125.9841519,49.1491487],[-125.9842145,49.1491549],[-125.9842736,49.1491697],[-125.984381,49.149216],[-125.9868792,49.1505663],[-125.9869556,49.1506158],[-125.986986,49.1506443],[-125.9870081,49.150676],[-125.9870212,49.1507097],[-125.9870248,49.1507444],[-125.9870126,49.1508143],[-125.9868064,49.151469],[-125.9867842,49.1515143],[-125.9867364,49.1516572],[-125.98673,49.1518034],[-125.9867652,49.1519478],[-125.9868408,49.1520854],[-125.9869541,49.1522115],[-125.9871012,49.1523216],[-125.9872771,49.1524119],[-125.9874755,49.1524793],[-125.9876896,49.1525214],[-125.9882079,49.1525897],[-125.9883261,49.1526139],[-125.9884342,49.1526536],[-125.9890072,49.1529187],[-125.9890918,49.1529662],[-125.9891262,49.1529944],[-125.9891784,49.1530588],[-125.9892131,49.1531135],[-125.9893179,49.153243],[-125.9894578,49.1533576],[-125.9896279,49.153453],[-125.9898221,49.1535262],[-125.9900337,49.1535744],[-125.9902554,49.153596],[-125.9904794,49.1535902],[-125.9906977,49.1535573],[-125.9907532,49.1535453],[-125.9908601,49.1535291],[-125.9909142,49.1535275],[-125.9909679,49.1535325],[-125.9910718,49.1535554],[-125.9917208,49.1537432],[-125.991834,49.1537863],[-125.9918811,49.1538149],[-125.9919176,49.1538495],[-125.9919447,49.1538936],[-125.9920614,49.1540377],[-125.9922211,49.154163],[-125.992417,49.1542639],[-125.9926406,49.1543362],[-125.9928821,49.1543766],[-125.9931313,49.1543835],[-125.9933772,49.1543565],[-125.99352,49.1543306],[-125.993578,49.1543279],[-125.9936358,49.1543327],[-125.993691,49.1543449],[-125.9937414,49.1543639],[-125.9937851,49.1543891],[-125.9938203,49.1544194],[-125.9938457,49.1544536],[-125.9938603,49.1544905],[-125.9938635,49.1545285],[-125.9938381,49.1546435],[-125.9938391,49.1546436],[-125.9938164,49.1547431],[-125.9938257,49.1548913],[-125.9938775,49.1550356],[-125.9939699,49.155171],[-125.9940996,49.1552925],[-125.994262,49.155396],[-125.9944512,49.1554776],[-125.9946606,49.1555344],[-125.9948825,49.1555645],[-125.9951092,49.1555667],[-125.9953324,49.155541],[-125.9955443,49.1554883],[-125.9955693,49.1554802],[-125.9956932,49.15546],[-125.9962364,49.1554114],[-125.9963622,49.1554089],[-125.9964231,49.1554162],[-125.9964803,49.1554318],[-125.9965312,49.1554548],[-125.9965736,49.1554844],[-125.9966386,49.1555549],[-125.9971574,49.1562831],[-125.9971955,49.1563535],[-125.9972038,49.15639],[-125.9971988,49.1564646],[-125.9971384,49.1567454],[-125.9971277,49.156887],[-125.9971562,49.1570275],[-125.9972229,49.1571624],[-125.9973256,49.1572872],[-125.997461,49.1573979],[-125.9983281,49.1579882],[-125.9983962,49.1580441],[-125.9984217,49.1580753],[-125.9984379,49.1581089],[-125.9984513,49.1581799],[-125.9984583,49.1583254],[-125.9984937,49.1584918],[-125.9985826,49.1586494],[-125.9987207,49.1587911],[-125.9989018,49.1589102],[-125.9998567,49.1594163],[-126.0000644,49.1595048],[-126.0002956,49.1595635],[-126.0005402,49.1595899],[-126.0007879,49.1595828],[-126.0028594,49.1593816],[-126.0029727,49.1593777],[-126.0030282,49.1593828],[-126.0030812,49.1593946],[-126.0031299,49.1594128],[-126.0031723,49.1594367],[-126.0032071,49.1594655],[-126.0032329,49.159498],[-126.0032489,49.1595331],[-126.0032574,49.1595903],[-126.0033057,49.1597465],[-126.0034013,49.1598932],[-126.0035402,49.1600242],[-126.0037168,49.160134],[-126.0039238,49.1602183],[-126.0041525,49.1602735],[-126.0063286,49.160639],[-126.0064545,49.1606705],[-126.0066229,49.1607446],[-126.0066247,49.1607427],[-126.0067323,49.1607914],[-126.006954,49.1608533],[-126.0071901,49.1608849],[-126.0074311,49.1608851],[-126.0076674,49.1608537],[-126.0078892,49.1607921],[-126.0080877,49.1607027],[-126.0082549,49.1605891],[-126.0083839,49.160456],[-126.0086062,49.1601659],[-126.0086669,49.1601026],[-126.0087055,49.1600756],[-126.0087512,49.160054],[-126.0088023,49.1600385],[-126.0089133,49.1600206],[-126.0103197,49.159885],[-126.0105392,49.1598498],[-126.0107446,49.1597883],[-126.0109287,49.1597027],[-126.011085,49.159596],[-126.0112079,49.1594721],[-126.0112581,49.1593915],[-126.0113069,49.1593323],[-126.0113449,49.1593026],[-126.0113912,49.1592785],[-126.011444,49.1592609],[-126.011508,49.1592494],[-126.0117549,49.159185],[-126.011974,49.1590867],[-126.0121546,49.1589592],[-126.0122657,49.1588608],[-126.012515,49.1586795],[-126.0126076,49.158625],[-126.0126607,49.1586049],[-126.012719,49.1585925],[-126.0128429,49.158584],[-126.0150766,49.158584],[-126.0151823,49.1585901],[-126.0152329,49.1585992],[-126.0152802,49.158614],[-126.0153664,49.1586545],[-126.0161348,49.1590885],[-126.0163391,49.1591816],[-126.0165684,49.1592451],[-126.0168128,49.1592762],[-126.0170618,49.1592736],[-126.0181247,49.15919],[-126.0182435,49.1591885],[-126.0183012,49.1591954],[-126.0183557,49.1592096],[-126.0184047,49.1592306],[-126.0184464,49.1592576],[-126.018479,49.1592894],[-126.0185014,49.1593248],[-126.0185125,49.1593625],[-126.0185115,49.1594402],[-126.0183734,49.1602691],[-126.0183707,49.1604206],[-126.0184126,49.1605697],[-126.0184975,49.1607107],[-126.0186224,49.1608384],[-126.0187824,49.1609479],[-126.0200205,49.161646],[-126.0201021,49.1617022],[-126.0201332,49.1617345],[-126.0201538,49.1617703],[-126.0201633,49.161808],[-126.0201611,49.1618461],[-126.0201474,49.1618833],[-126.0201228,49.1619179],[-126.0200526,49.1619803],[-126.0197209,49.1622208],[-126.0195781,49.162348],[-126.0194772,49.1624914],[-126.0194222,49.1626451],[-126.0194154,49.1628028],[-126.0194191,49.1628368],[-126.0194537,49.1629751],[-126.0195254,49.1631073],[-126.0196319,49.1632289],[-126.0198164,49.1634016],[-126.0200072,49.1635413],[-126.0202432,49.1636473],[-126.0216736,49.1641373],[-126.021777,49.1641823],[-126.0218198,49.1642109],[-126.0218526,49.1642447],[-126.021896,49.1643208],[-126.0223852,49.1655628],[-126.0224033,49.1656403],[-126.0224003,49.165679],[-126.0223855,49.1657164],[-126.0223596,49.1657512],[-126.0223235,49.1657819],[-126.0222787,49.1658072],[-126.0222271,49.1658261],[-126.0221128,49.16585],[-126.0185584,49.1663415],[-126.0183382,49.1663868],[-126.0181353,49.1664588],[-126.0179573,49.1665549],[-126.0165152,49.1675003],[-126.016422,49.1675502],[-126.0163695,49.1675682],[-126.0163125,49.1675789],[-126.0162534,49.167582],[-126.0161945,49.1675772],[-126.0160805,49.167552],[-126.0153518,49.1673351],[-126.0152465,49.1672948],[-126.0152019,49.1672684],[-126.0151665,49.1672367],[-126.0151417,49.1672009],[-126.015115,49.167123],[-126.0150709,49.1668788],[-126.0150153,49.1667182],[-126.0149095,49.1665686],[-126.0147583,49.1664368],[-126.0145683,49.1663286],[-126.0142036,49.1661615],[-126.0141519,49.1661328],[-126.0139576,49.1660448],[-126.0137406,49.1659834],[-126.0135094,49.165951],[-126.013273,49.165949],[-126.0130406,49.1659773],[-126.0128212,49.1660349],[-126.0126233,49.1661194],[-126.0108735,49.1670403],[-126.010743,49.1671202],[-126.0106321,49.1672119],[-126.0093569,49.1684446],[-126.0092283,49.1686068],[-126.0077126,49.17123],[-126.0076566,49.1713596],[-126.0076353,49.1714937],[-126.007514,49.1761163],[-126.0075258,49.1762405],[-126.0075676,49.176362],[-126.0091354,49.1796673],[-126.0092235,49.179805],[-126.0093499,49.1799293],[-126.0095101,49.1800358],[-126.0096982,49.1801204],[-126.0099075,49.1801802],[-126.0101303,49.180213],[-126.0103586,49.1802176],[-126.010584,49.1801938],[-126.0107985,49.1801425],[-126.0109943,49.1800656],[-126.0111642,49.1799659],[-126.0112059,49.1799362],[-126.0112556,49.1799131],[-126.0113116,49.1798971],[-126.0113714,49.1798891],[-126.0114324,49.1798894],[-126.0114921,49.1798979],[-126.0116051,49.1799312],[-126.0119216,49.1800518],[-126.0120138,49.1800951],[-126.0120522,49.1801217],[-126.0120823,49.1801526],[-126.0121029,49.1801866],[-126.0121132,49.1802226],[-126.012113,49.1802593],[-126.0120909,49.180332],[-126.0117449,49.1810879],[-126.0116985,49.1811611],[-126.0116649,49.1811934],[-126.011622,49.1812207],[-126.0115196,49.1812632],[-126.0106599,49.1815448],[-126.0104442,49.1816354],[-126.0102629,49.181754],[-126.0101243,49.1818951],[-126.0100347,49.1820522],[-126.0099983,49.1822182],[-126.0099301,49.1834803],[-126.0099433,49.1836271],[-126.0099982,49.1837698],[-126.0100929,49.1839032],[-126.010224,49.1840228],[-126.010387,49.1841242],[-126.0105761,49.1842039],[-126.0107847,49.1842592],[-126.0110053,49.184288],[-126.0112303,49.1842894],[-126.0112632,49.1842876],[-126.011319,49.1842914],[-126.0113727,49.1843022],[-126.0114731,49.184337],[-126.0123339,49.1847085],[-126.0124114,49.1847484],[-126.0124443,49.1847719],[-126.0124978,49.184826],[-126.0138145,49.1864333],[-126.0139139,49.186535],[-126.0140361,49.1866255],[-126.0153392,49.1874531],[-126.0155167,49.1875461],[-126.0157178,49.1876156],[-126.0159354,49.187659],[-126.0161617,49.1876748],[-126.0163884,49.1876624],[-126.0166074,49.1876222],[-126.0168109,49.1875558],[-126.0169916,49.1874654],[-126.0171429,49.1873544],[-126.0171907,49.1873118],[-126.0172327,49.1872865],[-126.0172815,49.187267],[-126.017335,49.187254],[-126.0173914,49.1872481],[-126.0174485,49.1872493],[-126.0175041,49.1872578],[-126.0175562,49.1872731],[-126.0176463,49.1873149],[-126.0177575,49.1873772],[-126.0179736,49.1874548],[-126.0182095,49.187502],[-126.0184551,49.1875166],[-126.0199902,49.1875044],[-126.0201013,49.1875103],[-126.0201543,49.1875199],[-126.0202037,49.1875357],[-126.0202478,49.1875572],[-126.0203338,49.1876186],[-126.0205244,49.1877286],[-126.0207462,49.1878098],[-126.0209891,49.1878587],[-126.0212424,49.187873],[-126.0214946,49.1878521],[-126.0215131,49.1878479],[-126.0215132,49.1878482],[-126.0216885,49.1878199],[-126.0217476,49.1878183],[-126.0219045,49.1878349],[-126.0219301,49.1878395],[-126.0221622,49.1878502],[-126.0223931,49.1878315],[-126.0226142,49.187784],[-126.0228171,49.1877095],[-126.0229941,49.1876108],[-126.0231387,49.1874916],[-126.0232454,49.1873565],[-126.0232686,49.187304],[-126.023317,49.1872233],[-126.0233465,49.1871926],[-126.0233842,49.1871661],[-126.0234289,49.1871447],[-126.0234789,49.1871291],[-126.0235325,49.18712],[-126.0236445,49.187115],[-126.0242094,49.1871248],[-126.0244406,49.1871142],[-126.0246643,49.1870747],[-126.0248722,49.1870079],[-126.0250566,49.1869162],[-126.0252106,49.186803],[-126.0253284,49.1866726],[-126.0254057,49.1865298],[-126.0254395,49.1863799],[-126.0254287,49.1862287],[-126.0253735,49.1860815],[-126.0253542,49.1860455],[-126.0253461,49.1860083],[-126.0253525,49.1859322],[-126.0254544,49.185499],[-126.0254842,49.1854236],[-126.0255099,49.1853891],[-126.0255455,49.1853586],[-126.0255898,49.1853334],[-126.0256408,49.1853144],[-126.0256966,49.1853024],[-126.0257549,49.1852979],[-126.0258134,49.1853011],[-126.0258698,49.1853118],[-126.0259753,49.185348],[-126.0276651,49.1860763],[-126.0278858,49.1861513],[-126.0281253,49.1861948],[-126.0283735,49.1862052],[-126.0286197,49.1861819],[-126.0288532,49.1861259],[-126.029064,49.1860397],[-126.0292431,49.1859269],[-126.0294024,49.1858033],[-126.0294867,49.1857497],[-126.0295354,49.1857291],[-126.0295893,49.1857152],[-126.029705,49.1857015],[-126.0307236,49.1856479],[-126.0308475,49.1856498],[-126.0309069,49.185659],[-126.0309621,49.185676],[-126.0310107,49.1857001],[-126.0310506,49.1857303],[-126.0310801,49.1857652],[-126.031098,49.1858033],[-126.0311089,49.185884],[-126.031091,49.1866185],[-126.0310735,49.186706],[-126.0310503,49.1867467],[-126.0309757,49.1868203],[-126.0307413,49.1870026],[-126.0305974,49.1871427],[-126.0305028,49.1872997],[-126.0304616,49.1874662],[-126.0304744,49.1876156],[-126.0304713,49.1876996],[-126.0303213,49.1885269],[-126.0303162,49.188676],[-126.0303543,49.1888231],[-126.0304344,49.1889628],[-126.0305536,49.1890901],[-126.0307074,49.1892003],[-126.0308904,49.1892895],[-126.0352407,49.1910146],[-126.0353248,49.1910549],[-126.0353605,49.1910792],[-126.0353891,49.1911073],[-126.035431,49.1911697],[-126.0357343,49.1917558],[-126.0358362,49.1919015],[-126.0359812,49.1920307],[-126.0361634,49.1921379],[-126.0363751,49.1922186],[-126.0366075,49.1922696],[-126.0367484,49.1922903],[-126.0368593,49.1923143],[-126.0369094,49.1923328],[-126.0369531,49.1923574],[-126.0369885,49.1923871],[-126.0370144,49.1924207],[-126.0370298,49.192457],[-126.0370341,49.1924946],[-126.0370271,49.192532],[-126.0370091,49.1925677],[-126.0369807,49.1926005],[-126.0369432,49.1926291],[-126.0368512,49.1926761],[-126.0361185,49.1929804],[-126.0359276,49.1930787],[-126.035771,49.1932001],[-126.035655,49.1933397],[-126.0349114,49.1945016],[-126.0348641,49.1945899],[-126.0342061,49.1961042],[-126.0341669,49.1962371],[-126.0341632,49.1963723],[-126.0341952,49.196506],[-126.0342619,49.196634],[-126.0343928,49.1968287],[-126.0344271,49.1968953],[-126.0344347,49.1969297],[-126.0344327,49.1969645],[-126.0344213,49.1969984],[-126.0343796,49.1970632],[-126.0341921,49.197294],[-126.0341142,49.1974123],[-126.0340671,49.1975373],[-126.0340519,49.1976657],[-126.0340588,49.1985474],[-126.0340739,49.1986672],[-126.0341167,49.1987841],[-126.0344837,49.1995276],[-126.0345816,49.1996734],[-126.0347226,49.1998032],[-126.0349008,49.1999118],[-126.0351089,49.1999946],[-126.0353383,49.2000483],[-126.0355796,49.2000705],[-126.0368514,49.2001026],[-126.0369696,49.2001134],[-126.0370251,49.2001262],[-126.0370756,49.2001459],[-126.037119,49.2001719],[-126.0371537,49.200203],[-126.0372034,49.2002739],[-126.0378541,49.2015187],[-126.0378815,49.2015961],[-126.0378828,49.2016352],[-126.037872,49.2016737],[-126.0378495,49.2017099],[-126.0378162,49.2017425],[-126.0377735,49.2017699],[-126.0377232,49.2017911],[-126.0376098,49.2018197],[-126.0371774,49.2018967],[-126.0369839,49.2019432],[-126.0368054,49.2020106],[-126.0366473,49.202097],[-126.036514,49.2021998],[-126.0361462,49.2025389],[-126.0360321,49.2026689],[-126.0359579,49.2028107],[-126.0359263,49.2029592],[-126.0359386,49.2031088],[-126.0359941,49.2032543],[-126.0360911,49.2033901],[-126.0362258,49.2035114],[-126.0363933,49.2036138],[-126.0365876,49.2036934],[-126.0368016,49.2037475],[-126.0370273,49.2037739],[-126.0370967,49.2037733],[-126.0372327,49.2037807],[-126.0372873,49.2037909],[-126.0373379,49.2038076],[-126.0373827,49.2038304],[-126.0374199,49.2038584],[-126.0374482,49.2038906],[-126.0374834,49.2039579],[-126.0375123,49.2040379],[-126.037607,49.2041749],[-126.0377399,49.2042976],[-126.0379063,49.2044015],[-126.0381,49.2044827],[-126.0383138,49.2045383],[-126.0385399,49.2045661],[-126.0386137,49.2045705],[-126.038666,49.2045802],[-126.0387148,49.204596],[-126.0387583,49.2046173],[-126.038795,49.2046436],[-126.0388237,49.2046738],[-126.0388637,49.2047408],[-126.0390132,49.2050813],[-126.0390336,49.2051516],[-126.0390338,49.205187]],[[-125.9341776,49.2232995],[-125.9341608,49.2233652],[-125.934085,49.223491],[-125.9333969,49.2243556],[-125.9332948,49.2244586],[-125.9332307,49.2245024],[-125.933155,49.2245375],[-125.9330706,49.2245627],[-125.9329805,49.224577],[-125.9327928,49.2245831],[-125.9268164,49.2244064],[-125.9264268,49.2244197],[-125.9260485,49.2244823],[-125.9256961,49.2245917],[-125.925383,49.2247437],[-125.9242803,49.2253974],[-125.9241197,49.2254748],[-125.9240304,49.2255019],[-125.9239347,49.2255168],[-125.9238363,49.2255188],[-125.9237393,49.225508],[-125.9236476,49.2254847],[-125.9235648,49.2254498],[-125.9234221,49.2253587],[-125.9230955,49.2251034],[-125.922792,49.2249115],[-125.9224334,49.2247656],[-125.9220359,49.2246723],[-125.9216172,49.2246355],[-125.9211961,49.2246571],[-125.9199506,49.2248087],[-125.9197515,49.2248195],[-125.9196537,49.2248119],[-125.9195602,49.2247917],[-125.9194747,49.2247597],[-125.9194009,49.2247171],[-125.9193765,49.2246959],[-125.9191123,49.2245084],[-125.9187972,49.2243579],[-125.9184435,49.2242503],[-125.9180644,49.2241897],[-125.918014,49.224185],[-125.9179227,49.2241701],[-125.9175126,49.2241595],[-125.9171078,49.2242038],[-125.9167255,49.2243012],[-125.9163817,49.2244476],[-125.9160909,49.2246368],[-125.9159815,49.2247243],[-125.9159149,49.2247616],[-125.9158391,49.2247905],[-125.9157566,49.2248102],[-125.9155817,49.2248299],[-125.9131499,49.22496],[-125.9127839,49.2250023],[-125.9124362,49.225088],[-125.9071854,49.2267625],[-125.906986,49.2268096],[-125.9068825,49.2268186],[-125.9067785,49.2268131],[-125.9065756,49.2267727],[-125.9018006,49.2254433],[-125.9014429,49.2253688],[-125.9010701,49.2253393],[-125.9006955,49.2253558],[-125.9003322,49.2254178],[-125.899993,49.2255232],[-125.8996901,49.2256681],[-125.899434,49.2258474],[-125.8992338,49.2260549],[-125.8990966,49.2262832],[-125.8990272,49.2265242],[-125.8988702,49.2276394],[-125.8987755,49.2279026],[-125.8977407,49.2296459],[-125.8976308,49.2299109],[-125.8976083,49.230185],[-125.8976741,49.2304562],[-125.8978253,49.2307124],[-125.8984673,49.2315308],[-125.8985416,49.2316563],[-125.8985579,49.2317217],[-125.8985532,49.2317878],[-125.8985277,49.231852],[-125.8984824,49.2319112],[-125.8983545,49.2320166],[-125.8982157,49.2321093],[-125.8979609,49.2323186],[-125.8977768,49.2325573],[-125.8976711,49.2328156],[-125.8976482,49.2330825],[-125.897709,49.2333468],[-125.897851,49.2335975],[-125.8980684,49.2338241],[-125.8983518,49.2340169],[-125.8986895,49.234168],[-125.8989041,49.2342442],[-125.8989756,49.2342826],[-125.8990349,49.234329],[-125.8991257,49.234436],[-125.9003789,49.2363111],[-125.9004387,49.2364313],[-125.90045,49.2364932],[-125.9004427,49.2365553],[-125.9004172,49.2366153],[-125.9003743,49.236671],[-125.9003157,49.2367202],[-125.9001695,49.2368029],[-125.8978134,49.2378941],[-125.8974868,49.2380836],[-125.8972311,49.2383148],[-125.8970585,49.2385768],[-125.8969771,49.238857],[-125.8969651,49.2389571],[-125.8969355,49.2390716],[-125.8969056,49.2391256],[-125.8968615,49.2391752],[-125.8968046,49.2392189],[-125.8966672,49.2392926],[-125.895132,49.2399749],[-125.894918,49.2400469],[-125.8946365,49.2400903],[-125.894276,49.2401703],[-125.8939453,49.2402934],[-125.8936563,49.2404552],[-125.8934196,49.2406499],[-125.8932437,49.2408703],[-125.893135,49.2411085],[-125.89311,49.2411915],[-125.8930747,49.2412483],[-125.8930235,49.2412996],[-125.8928914,49.2413888],[-125.8922404,49.2417514],[-125.8920999,49.2418168],[-125.8920229,49.2418408],[-125.8919407,49.2418558],[-125.891769,49.2418669],[-125.8875778,49.2418986],[-125.887196,49.2419255],[-125.8868291,49.2419997],[-125.8864907,49.2421183],[-125.8861933,49.2422769],[-125.8857661,49.2425536],[-125.8856047,49.2426382],[-125.8855138,49.2426682],[-125.8854153,49.2426853],[-125.8853135,49.2426886],[-125.8852129,49.2426781],[-125.8850197,49.2426295],[-125.8842128,49.2423606],[-125.8842116,49.242362],[-125.8840045,49.2422919],[-125.8836559,49.2422227],[-125.8832939,49.2421958],[-125.8829304,49.2422124],[-125.8825775,49.2422717],[-125.8823691,49.2423204],[-125.8822744,49.2423296],[-125.8821787,49.2423266],[-125.8820858,49.2423115],[-125.8819991,49.2422849],[-125.881922,49.2422477],[-125.8818575,49.2422016],[-125.8818079,49.2421481],[-125.8817726,49.2420847],[-125.881616,49.2418676],[-125.8814011,49.2416729],[-125.8811352,49.2415072],[-125.8808274,49.2413761],[-125.880488,49.241284],[-125.8801286,49.2412341],[-125.8797755,49.2412068],[-125.8794176,49.2412003],[-125.8790636,49.2412355],[-125.878725,49.2413114],[-125.8752524,49.2423249],[-125.875091,49.2423615],[-125.8750076,49.2423705],[-125.8748367,49.2423694],[-125.8679479,49.2419378],[-125.867512,49.2419416],[-125.8670878,49.242007],[-125.8666955,49.2421309],[-125.8642013,49.2431513],[-125.864021,49.2432094],[-125.8639252,49.2432257],[-125.8638263,49.2432291],[-125.8637283,49.2432195],[-125.8636354,49.2431971],[-125.8634465,49.2431206],[-125.8630836,49.2430049],[-125.8626925,49.2429392],[-125.8622891,49.2429262],[-125.86189,49.2429664],[-125.8616296,49.2430295],[-125.8614718,49.2430558],[-125.8613713,49.2430587],[-125.8612719,49.2430481],[-125.8611048,49.243006],[-125.8609462,49.2429516],[-125.8606043,49.2428814],[-125.8602487,49.2428521],[-125.8598908,49.2428648],[-125.8597708,49.2428835],[-125.8595686,49.2428994],[-125.8594692,49.2428939],[-125.8593737,49.2428753],[-125.8592048,49.2428162],[-125.8588668,49.2427226],[-125.8585082,49.2426711],[-125.8581413,49.2426632],[-125.8577783,49.2426993],[-125.8574316,49.2427781],[-125.8573152,49.2428126],[-125.8572161,49.242827],[-125.8571146,49.2428278],[-125.8570151,49.2428148],[-125.8568258,49.2427618],[-125.854134,49.2417816],[-125.8538254,49.2416906],[-125.8534976,49.241635],[-125.8531602,49.2416162],[-125.8482314,49.2416162],[-125.84807,49.2416076],[-125.8479129,49.241582],[-125.8414381,49.2401535],[-125.8410909,49.2400989],[-125.8407343,49.2400855],[-125.8379155,49.2401442],[-125.8377378,49.2401375],[-125.8376522,49.240124],[-125.8375717,49.2401008],[-125.8374244,49.2400356],[-125.8348296,49.2386509],[-125.834518,49.2385143],[-125.8341727,49.2384181],[-125.833806,49.2383658],[-125.8334308,49.2383592],[-125.8330604,49.2383985],[-125.8327077,49.2384823],[-125.8323852,49.2386077],[-125.8322635,49.2386658],[-125.8320971,49.23873],[-125.8320072,49.2387507],[-125.8319128,49.2387597],[-125.8317198,49.2387532],[-125.8268826,49.2382811],[-125.8265323,49.2382673],[-125.8261837,49.2382936],[-125.8258475,49.2383594],[-125.8255342,49.2384625],[-125.8246706,49.2388119],[-125.8244873,49.23887],[-125.82439,49.238886],[-125.8242897,49.2388887],[-125.8240887,49.2388669],[-125.8213147,49.2383702],[-125.8211472,49.2383293],[-125.8210712,49.2382997],[-125.8209365,49.2382228],[-125.8191967,49.2370338],[-125.8188702,49.2368539],[-125.8184927,49.2367234],[-125.8180813,49.2366482],[-125.8176549,49.2366319],[-125.809369,49.2368935],[-125.8092198,49.2368909],[-125.8090728,49.2368737],[-125.8035766,49.2359498],[-125.803152,49.2359095],[-125.7981411,49.2357887],[-125.7979265,49.235768],[-125.7978269,49.2357431],[-125.797738,49.2357046],[-125.7975875,49.2356026],[-125.7971525,49.2352346],[-125.796917,49.2350676],[-125.7966407,49.2349298],[-125.7963321,49.2348254],[-125.7934025,49.2340366],[-125.7932268,49.2339752],[-125.7931512,49.2339342],[-125.7931384,49.2339238],[-125.792878,49.2337487],[-125.7925723,49.2336084],[-125.792232,49.2335076],[-125.7918689,49.23345],[-125.7914957,49.2334376],[-125.7911254,49.2334707],[-125.7907711,49.2335482],[-125.7904451,49.2336675],[-125.7901588,49.2338243],[-125.7899222,49.2340132],[-125.7898088,49.2341233],[-125.7897425,49.2341668],[-125.7896646,49.2342012],[-125.7895782,49.2342252],[-125.7894862,49.2342381],[-125.7893923,49.2342392],[-125.7892997,49.2342287],[-125.7891218,49.2341843],[-125.7885462,49.2339976],[-125.7883977,49.2339384],[-125.7882588,49.2338582],[-125.7879626,49.2337166],[-125.7876318,49.2336128],[-125.7872774,49.2335502],[-125.7869115,49.2335311],[-125.7865465,49.2335559],[-125.7861945,49.2336239],[-125.7858675,49.2337328],[-125.7856175,49.233836],[-125.7855235,49.233859],[-125.7853222,49.2338792],[-125.7812122,49.2340127],[-125.781019,49.2340066],[-125.7809264,49.2339916],[-125.78084,49.2339652],[-125.780684,49.2338905],[-125.7787032,49.2327319],[-125.7785209,49.2326044],[-125.7746601,49.229366],[-125.7745649,49.2292696],[-125.7745314,49.2292172],[-125.7744932,49.2291053],[-125.7739802,49.2265569],[-125.7739069,49.2263391],[-125.7737779,49.2261327],[-125.773597,49.2259435],[-125.7725869,49.2250649],[-125.7724895,49.2249612],[-125.7724569,49.2249051],[-125.7724245,49.2247853],[-125.7724219,49.2247644],[-125.772355,49.2245193],[-125.772218,49.224287],[-125.772016,49.2240759],[-125.7717563,49.2238937],[-125.7714484,49.223747],[-125.7711034,49.2236412],[-125.7709579,49.2236072],[-125.7708703,49.2235717],[-125.770796,49.223525],[-125.770679,49.2234115],[-125.7699595,49.2225232],[-125.7698918,49.2224183],[-125.7698727,49.2223634],[-125.7698644,49.2222498],[-125.769963,49.2206316],[-125.7699453,49.2203989],[-125.7698645,49.2201719],[-125.7693376,49.2191257],[-125.7692942,49.2189958],[-125.7692932,49.2189303],[-125.7693322,49.218802],[-125.7693787,49.2187064],[-125.7694237,49.2184649],[-125.7693993,49.2182222],[-125.7693063,49.2179866],[-125.7692148,49.2178204],[-125.7692002,49.2177622],[-125.7692023,49.2177032],[-125.76924,49.2175863],[-125.7704747,49.2149739],[-125.7705515,49.2147318],[-125.7705572,49.2144847],[-125.7704914,49.2142413],[-125.7703564,49.2140103],[-125.7701573,49.2138001],[-125.7698467,49.2135328],[-125.7697376,49.2134145],[-125.769704,49.2133502],[-125.7696797,49.213213],[-125.7696566,49.2114104],[-125.769619,49.2111691],[-125.7695137,49.2109365],[-125.7693443,49.2107206],[-125.7678794,49.2092172],[-125.7677942,49.2091082],[-125.7677683,49.2090502],[-125.7677506,49.2089283],[-125.7677506,49.2081836],[-125.7677181,49.2079491],[-125.7676216,49.2077222],[-125.7675769,49.2076449],[-125.767561,49.2075861],[-125.7675621,49.2075264],[-125.7675801,49.2074678],[-125.7676027,49.2074315],[-125.7677146,49.2071822],[-125.7677487,49.2069233],[-125.7677036,49.2066652],[-125.7675812,49.206418],[-125.7675202,49.2063269],[-125.7674619,49.2062115],[-125.7674498,49.206152],[-125.767455,49.2060921],[-125.7674772,49.2060338],[-125.7675321,49.205956],[-125.7676628,49.205707],[-125.7677144,49.2054459],[-125.7676848,49.2051834],[-125.7675752,49.2049302],[-125.76739,49.2046964],[-125.7672829,49.2045893],[-125.7671837,49.2044609],[-125.7671303,49.2043213],[-125.7666984,49.2022181],[-125.7666918,49.2020887],[-125.766708,49.2020258],[-125.766743,49.2019662],[-125.7667954,49.2019124],[-125.7668632,49.2018664],[-125.7670262,49.2017928],[-125.7679182,49.2014711],[-125.7682419,49.2013256],[-125.7685156,49.2011414],[-125.7687289,49.2009258],[-125.7688735,49.2006871],[-125.7689437,49.2004345],[-125.7689368,49.2001778],[-125.7688532,49.1999269],[-125.7686961,49.1996916],[-125.7684715,49.199481],[-125.7676321,49.1988391],[-125.7675239,49.1987384],[-125.7674858,49.198683],[-125.7674644,49.1986239],[-125.7674564,49.198501],[-125.767518,49.1977342],[-125.7674947,49.1974561],[-125.7673817,49.1971875],[-125.7671839,49.1969406],[-125.7668083,49.1965735],[-125.7667181,49.1964638],[-125.7666903,49.1964051],[-125.7666801,49.1963441],[-125.7666879,49.1962828],[-125.7667135,49.1962237],[-125.7667559,49.1961689],[-125.7668726,49.1960705],[-125.7677486,49.1954634],[-125.7678973,49.195379],[-125.7679817,49.1953477],[-125.7680964,49.195323],[-125.7684601,49.1952176],[-125.7687846,49.1950671],[-125.769057,49.1948775],[-125.7692665,49.1946564],[-125.7693987,49.1944796],[-125.7695352,49.1943682],[-125.7710884,49.1933541],[-125.7712373,49.1932742],[-125.771321,49.1932447],[-125.7714119,49.1932264],[-125.7715064,49.19322],[-125.7716011,49.1932255],[-125.7716924,49.193243],[-125.7717767,49.1932716],[-125.7718511,49.1933103],[-125.7719125,49.1933577],[-125.7719588,49.193412],[-125.7720184,49.1935317],[-125.7720548,49.1936395],[-125.7721698,49.1938731],[-125.7723498,49.1940886],[-125.7725883,49.1942782],[-125.772877,49.1944353],[-125.7751377,49.1954463],[-125.7754257,49.1955534],[-125.7757369,49.1956278],[-125.7760627,49.1956676],[-125.7781764,49.1958085],[-125.7783796,49.1958363],[-125.778473,49.1958633],[-125.7785558,49.1959024],[-125.7786244,49.1959519],[-125.7786756,49.1960097],[-125.7787074,49.1960732],[-125.7787294,49.196208],[-125.7787348,49.1988555],[-125.7787728,49.1991068],[-125.778884,49.1993486],[-125.7790645,49.1995719],[-125.7793074,49.1997683],[-125.7796036,49.1999304],[-125.7799421,49.2000523],[-125.7803101,49.2001292],[-125.7806939,49.2001584],[-125.7810792,49.2001388],[-125.7813151,49.2001116],[-125.7814157,49.2001137],[-125.7815136,49.2001292],[-125.7815675,49.200146],[-125.7819664,49.2002378],[-125.782386,49.2002726],[-125.7828074,49.2002489],[-125.7828649,49.2002416],[-125.7830622,49.2002426],[-125.7844267,49.2003382],[-125.784634,49.2003676],[-125.7847289,49.2003959],[-125.7848987,49.200479],[-125.7877756,49.2022297],[-125.7880951,49.2023882],[-125.7884567,49.2025018],[-125.7888457,49.2025658],[-125.7892464,49.2025778],[-125.7896427,49.2025372],[-125.7900186,49.2024456],[-125.7903589,49.2023068],[-125.7906499,49.2021264],[-125.7908799,49.2019116],[-125.7910395,49.2016711],[-125.7911223,49.2014147],[-125.7913023,49.2003234],[-125.7913463,49.2001903],[-125.7913884,49.2001292],[-125.7915116,49.2000196],[-125.7930721,49.1988997],[-125.7932229,49.1988115],[-125.7933091,49.1987788],[-125.7934037,49.1987582],[-125.7936047,49.1987428],[-125.7942791,49.1987363],[-125.7946496,49.19871],[-125.795006,49.1986392],[-125.7953362,49.1985264],[-125.7956285,49.1983754],[-125.7958728,49.1981916],[-125.7960607,49.1979813],[-125.7961854,49.1977519],[-125.7962428,49.1975114],[-125.7962308,49.197268],[-125.7962038,49.1971888],[-125.7961708,49.196982],[-125.7961708,49.1961588],[-125.7961216,49.195871],[-125.7959766,49.1955974],[-125.7938116,49.1926283],[-125.7937455,49.1925085],[-125.7937311,49.1924464],[-125.7937357,49.1923837],[-125.7937588,49.1923227],[-125.7937998,49.1922659],[-125.793857,49.1922154],[-125.7939281,49.1921732],[-125.7940106,49.1921409],[-125.794176,49.1921022],[-125.7943898,49.1920675],[-125.7947368,49.1919621],[-125.7950466,49.1918155],[-125.795308,49.1916329],[-125.7955112,49.191421],[-125.7956489,49.1911878],[-125.795716,49.1909416],[-125.79571,49.1906916],[-125.7956312,49.1904469],[-125.7954825,49.1902166],[-125.7952692,49.190009],[-125.7949993,49.1898318],[-125.7946826,49.1896915],[-125.7943308,49.1895933],[-125.7941726,49.1895604],[-125.7939932,49.1895099],[-125.7939139,49.1894742],[-125.7938469,49.189429],[-125.7937947,49.1893762],[-125.793723,49.1892575],[-125.7931687,49.1879853],[-125.793133,49.1878514],[-125.7931369,49.1877846],[-125.7931879,49.1876528],[-125.7934304,49.1872226],[-125.7935073,49.1871167],[-125.7935591,49.1870697],[-125.793623,49.1870296],[-125.7936969,49.1869976],[-125.7937784,49.1869748],[-125.7939533,49.1869488],[-125.7943582,49.1869134],[-125.7947561,49.1868509],[-125.7951261,49.1867368],[-125.7954528,49.1865757],[-125.7957223,49.1863745],[-125.7959234,49.1861416],[-125.7960477,49.1858868],[-125.7960898,49.1856207],[-125.7960481,49.1853547],[-125.7958126,49.1846135],[-125.7957919,49.1844783],[-125.7958032,49.1844119],[-125.7958354,49.1843484],[-125.7958514,49.1843306],[-125.7960239,49.1840817],[-125.7961133,49.1838148],[-125.7961158,49.1835415],[-125.7960311,49.1832739],[-125.7958631,49.1830238],[-125.7918824,49.1784642],[-125.7918065,49.178355],[-125.7917849,49.1782974],[-125.7917799,49.1782383],[-125.7917915,49.1781795],[-125.7918195,49.1781231],[-125.791863,49.1780711],[-125.7919789,49.1779782],[-125.7931754,49.1771827],[-125.7934002,49.1770039],[-125.7935732,49.176802],[-125.7936889,49.1765833],[-125.7937437,49.1763547],[-125.7938071,49.1757334],[-125.793795,49.1754789],[-125.7937075,49.1752308],[-125.793548,49.1749985],[-125.7934229,49.1748833],[-125.7933327,49.1747794],[-125.7933024,49.1747191],[-125.793291,49.174656],[-125.7932988,49.1745927],[-125.7933532,49.1744689],[-125.7943121,49.1728957],[-125.7944216,49.1726464],[-125.7944536,49.1723879],[-125.7944066,49.1721303],[-125.7927822,49.1673375],[-125.7927594,49.1672227],[-125.7927682,49.167107],[-125.7936582,49.162951],[-125.7936906,49.1628435],[-125.7959293,49.1571364],[-125.7959879,49.1568945],[-125.7959764,49.1566497],[-125.795895,49.1564106],[-125.7957468,49.1561856],[-125.795537,49.1559827],[-125.7952728,49.1558091],[-125.7949637,49.1556708],[-125.7946205,49.1555727],[-125.7942554,49.1555183],[-125.7938811,49.1555094],[-125.7935109,49.1555465],[-125.7933302,49.1555761],[-125.7932311,49.1555789],[-125.7931333,49.1555685],[-125.7930406,49.1555454],[-125.792957,49.1555106],[-125.7928859,49.1554654],[-125.7927728,49.1553565],[-125.7920141,49.1544371],[-125.7919433,49.1543289],[-125.7919237,49.1542722],[-125.79192,49.1542141],[-125.7919325,49.1541565],[-125.7919768,49.1540695],[-125.7921045,49.153871],[-125.7921829,49.1536026],[-125.792174,49.1533294],[-125.7920784,49.1530634],[-125.7919001,49.1528163],[-125.7917006,49.1526448],[-125.7916245,49.1525672],[-125.7915905,49.152512],[-125.7915726,49.1524537],[-125.7915702,49.1523334],[-125.7918546,49.1500208],[-125.7918916,49.1498899],[-125.7919296,49.1498293],[-125.7919858,49.149775],[-125.7921317,49.1496823],[-125.7938577,49.1487917],[-125.7940135,49.1487258],[-125.7940983,49.1487032],[-125.7941881,49.1486913],[-125.7942797,49.1486906],[-125.7943699,49.148701],[-125.7945434,49.148744],[-125.7966293,49.1494125],[-125.7970039,49.1495034],[-125.7973988,49.1495437],[-125.797798,49.1495317],[-125.7981855,49.1494679],[-125.8004453,49.1489333],[-125.8006191,49.1489035],[-125.8007076,49.1488992],[-125.8008863,49.1489116],[-125.8015435,49.1489974],[-125.8019601,49.1490225],[-125.8023755,49.1489902],[-125.8027715,49.1489019],[-125.8031306,49.1487616],[-125.8034371,49.1485754],[-125.8036775,49.1483514],[-125.8041599,49.1477836],[-125.8042615,49.147686],[-125.8043886,49.147602],[-125.8069872,49.1461724],[-125.807269,49.1459823],[-125.8074863,49.1457588],[-125.8076302,49.1455113],[-125.8076947,49.1452498],[-125.807866,49.1433296],[-125.8078999,49.1431953],[-125.8079373,49.1431329],[-125.8080521,49.1430194],[-125.8087725,49.1424481],[-125.8090558,49.1422751],[-125.8094226,49.1421036],[-125.8097271,49.141928],[-125.8099709,49.1417156],[-125.810144,49.1414754],[-125.8102392,49.1412172],[-125.8102524,49.1409517],[-125.8101832,49.14069],[-125.8100345,49.1404429],[-125.8098124,49.1402206],[-125.809526,49.1400323],[-125.8091874,49.1398858],[-125.8088104,49.1397873],[-125.8084107,49.1397407],[-125.8080049,49.139748],[-125.8076588,49.1397775],[-125.8072666,49.1398378],[-125.8069008,49.1399484],[-125.8065765,49.1401049],[-125.8039558,49.1416597],[-125.8038038,49.1417338],[-125.8037195,49.1417604],[-125.803629,49.141776],[-125.8035356,49.1417801],[-125.8034427,49.1417724],[-125.8032625,49.1417338],[-125.7989055,49.1404862],[-125.798726,49.1404194],[-125.79865,49.1403753],[-125.7985273,49.1402666],[-125.7908289,49.1316996],[-125.7907485,49.1315863],[-125.7907259,49.1315265],[-125.7907165,49.1314018],[-125.7907667,49.1307034],[-125.7907502,49.1304637],[-125.7906669,49.13023],[-125.7905197,49.1300103],[-125.7904149,49.1299095],[-125.7904197,49.1299075],[-125.7902475,49.1297372],[-125.7902101,49.1296751],[-125.7901933,49.1296092],[-125.7901979,49.1295425],[-125.79025,49.1294112],[-125.7907373,49.128562],[-125.7908388,49.1283125],[-125.7908632,49.1280548],[-125.7907961,49.1268781],[-125.7908143,49.1267284],[-125.7908847,49.1265854],[-125.7916373,49.1255062],[-125.7917841,49.1252016],[-125.7918134,49.1248828],[-125.7916087,49.1227452],[-125.7916159,49.1226166],[-125.7916386,49.1225549],[-125.7916794,49.1224973],[-125.7917367,49.1224462],[-125.7918084,49.1224034],[-125.7918916,49.1223708],[-125.7920769,49.1223277],[-125.7921608,49.1223142],[-125.7925222,49.122231],[-125.7928527,49.1221041],[-125.79314,49.1219382],[-125.7933735,49.1217394],[-125.7935446,49.1215151],[-125.7936469,49.1212735],[-125.7936791,49.121154],[-125.7937135,49.1210958],[-125.7937647,49.1210431],[-125.7938304,49.1209978],[-125.7939084,49.1209618],[-125.7940851,49.1209103],[-125.7956981,49.1205589],[-125.7958701,49.1205323],[-125.7959574,49.1205292],[-125.7960441,49.1205363],[-125.7962129,49.1205708],[-125.7998774,49.1215633],[-125.8000535,49.1216253],[-125.8002069,49.1217091],[-125.8046473,49.1246811],[-125.8049527,49.1248483],[-125.8053028,49.1249724],[-125.8056837,49.1250486],[-125.8071935,49.1252452],[-125.8074117,49.1252914],[-125.8076077,49.1253692],[-125.810155,49.1266663],[-125.8102858,49.1267463],[-125.8103386,49.1267928],[-125.8103777,49.1268448],[-125.8104019,49.1269005],[-125.810419,49.1270172],[-125.8104192,49.1270323],[-125.81046,49.1272878],[-125.8105765,49.1275331],[-125.8107643,49.1277588],[-125.8110159,49.1279559],[-125.8113218,49.1281171],[-125.8116699,49.1282358],[-125.8120509,49.128336],[-125.8124184,49.1284066],[-125.8127997,49.12843],[-125.8131809,49.1284053],[-125.8135477,49.1283333],[-125.8138868,49.1282167],[-125.8141856,49.1280599],[-125.8144331,49.1278686],[-125.8145828,49.1277273],[-125.8147483,49.1275971],[-125.8149594,49.1273953],[-125.8151092,49.1271712],[-125.8151925,49.1269327],[-125.8152064,49.1266883],[-125.8151503,49.1264465],[-125.8145809,49.1249535],[-125.8145523,49.1248231],[-125.8145583,49.1247582],[-125.8145843,49.1246956],[-125.8146291,49.1246376],[-125.8146908,49.1245868],[-125.814767,49.1245452],[-125.8148545,49.1245145],[-125.8150476,49.1244771],[-125.8184242,49.1240609],[-125.8186123,49.1240497],[-125.818705,49.1240558],[-125.8187944,49.1240733],[-125.818877,49.1241016],[-125.8189499,49.1241396],[-125.8190727,49.1242335],[-125.8195688,49.1246959],[-125.8198512,49.1249067],[-125.8201958,49.1250732],[-125.8205868,49.1251876],[-125.8213957,49.1253589],[-125.821582,49.1254128],[-125.8216635,49.125451],[-125.8217314,49.1254994],[-125.8217827,49.1255558],[-125.8218489,49.1256818],[-125.8222121,49.1267071],[-125.8223375,49.1269498],[-125.822533,49.1271717],[-125.8227909,49.1273644],[-125.8231014,49.1275204],[-125.8231486,49.1275396],[-125.8234927,49.1276512],[-125.8277958,49.1287226],[-125.8283437,49.1288036],[-125.8343032,49.1291197],[-125.8344933,49.1291421],[-125.8345821,49.1291649],[-125.8346624,49.1291985],[-125.8348019,49.129286],[-125.8377366,49.131525],[-125.8379903,49.1316869],[-125.8382837,49.1318168],[-125.8431804,49.1335921],[-125.8436208,49.1337093],[-125.844091,49.133755],[-125.846097,49.1337918],[-125.8464387,49.1337789],[-125.846772,49.1337279],[-125.8470871,49.1336403],[-125.848384,49.1331904],[-125.8485549,49.1331439],[-125.8486444,49.1331316],[-125.8487359,49.1331303],[-125.848826,49.1331403],[-125.8489118,49.133161],[-125.8489902,49.1331918],[-125.849068,49.1332371],[-125.8493467,49.1334278],[-125.8496993,49.1335835],[-125.8500943,49.1336868],[-125.8505138,49.133733],[-125.8530154,49.1338307],[-125.8532006,49.1338495],[-125.8532878,49.1338699],[-125.8533675,49.1339007],[-125.853437,49.1339407],[-125.8534937,49.1339886],[-125.8535786,49.134098],[-125.8541923,49.1351178],[-125.8542411,49.1352256],[-125.8542509,49.1352809],[-125.8542409,49.1353931],[-125.8540337,49.1363223],[-125.8540157,49.1365804],[-125.8540757,49.1368357],[-125.8542115,49.1370783],[-125.854636,49.1376533],[-125.8548263,49.1378597],[-125.8550713,49.1380397],[-125.8577424,49.1396701],[-125.8578647,49.13976],[-125.8579116,49.139811],[-125.8579432,49.1398668],[-125.8579586,49.1399254],[-125.8579571,49.1399849],[-125.8579202,49.1401029],[-125.8564811,49.1432025],[-125.8563964,49.1435334],[-125.8562139,49.1467497],[-125.8562337,49.1469878],[-125.8563195,49.1472195],[-125.8564682,49.1474372],[-125.8566751,49.1476335],[-125.8569331,49.147802],[-125.8579945,49.1483785],[-125.858346,49.1485314],[-125.8587388,49.1486325],[-125.8591553,49.1486773],[-125.859577,49.1486638],[-125.8599848,49.1485925],[-125.8619011,49.1481106],[-125.8621059,49.148075],[-125.86221,49.1480719],[-125.8623128,49.1480834],[-125.8624095,49.1481089],[-125.8625847,49.1481869],[-125.8661354,49.1501622],[-125.8664294,49.1502979],[-125.8667559,49.1503969],[-125.8671043,49.1504558],[-125.8674632,49.1504729],[-125.8676273,49.150471],[-125.8680515,49.1504361],[-125.8684546,49.1503429],[-125.8688181,49.1501957],[-125.8691253,49.1500011],[-125.8693621,49.1497683],[-125.8695655,49.1495123],[-125.869663,49.1494129],[-125.869724,49.1493703],[-125.8697957,49.1493357],[-125.8698759,49.1493101],[-125.8700497,49.1492784],[-125.8707733,49.1491919],[-125.870988,49.1491818],[-125.8710927,49.1491918],[-125.8711916,49.1492165],[-125.8713715,49.1492938],[-125.8724562,49.1498799],[-125.8725865,49.1499648],[-125.872638,49.1500137],[-125.8726747,49.1500681],[-125.8727168,49.1501851],[-125.8729443,49.1512568],[-125.8730339,49.151502],[-125.8731939,49.1517313],[-125.8734183,49.1519362],[-125.8736988,49.152109],[-125.8751007,49.1528191],[-125.8752536,49.1529154],[-125.8753116,49.1529722],[-125.8753499,49.1530357],[-125.8753838,49.1531727],[-125.8756134,49.1560048],[-125.8756071,49.15612],[-125.8755886,49.1561756],[-125.8755306,49.1562675],[-125.87541,49.1564219],[-125.8753038,49.1566634],[-125.8752705,49.1569137],[-125.8753111,49.1571636],[-125.8755996,49.1580837],[-125.8756198,49.158206],[-125.8756121,49.1582666],[-125.8755871,49.1583251],[-125.8755456,49.1583795],[-125.8754892,49.1584278],[-125.8754199,49.1584682],[-125.8752584,49.1585313],[-125.8741067,49.158889],[-125.8739361,49.1589299],[-125.8738475,49.1589398],[-125.8737577,49.1589389],[-125.8736696,49.1589273],[-125.873416,49.1588607],[-125.8734149,49.1588623],[-125.8731211,49.1587882],[-125.8727055,49.1587452],[-125.8722853,49.1587602],[-125.8718793,49.1588325],[-125.8715054,49.1589588],[-125.8711804,49.1591336],[-125.8704108,49.1596454],[-125.8702699,49.1597232],[-125.8701907,49.1597525],[-125.8701045,49.1597717],[-125.8700144,49.1597802],[-125.8699234,49.1597776],[-125.8698347,49.1597641],[-125.8697514,49.15974],[-125.8695994,49.1596719],[-125.8684001,49.1590188],[-125.8680442,49.158864],[-125.8676461,49.1587623],[-125.867224,49.1587184],[-125.8657383,49.1586692],[-125.8655355,49.1586486],[-125.8654409,49.1586252],[-125.8653557,49.1585896],[-125.865334,49.1585756],[-125.8650179,49.15841],[-125.8646571,49.1582896],[-125.8642665,49.1582194],[-125.8638623,49.1582021],[-125.8634611,49.1582386],[-125.8630794,49.1583273],[-125.862733,49.1584646],[-125.8624362,49.1586449],[-125.862201,49.1588606],[-125.8620374,49.1591029],[-125.8619006,49.1593781],[-125.8617692,49.159582],[-125.8617694,49.159582],[-125.861719,49.1596471],[-125.8616132,49.1598995],[-125.8615865,49.1601606],[-125.86164,49.1604199],[-125.8617715,49.160667],[-125.8619759,49.1608921],[-125.8622447,49.1610859],[-125.8625342,49.1612565],[-125.8626605,49.1613464],[-125.862709,49.1613977],[-125.8627758,49.1615117],[-125.8632478,49.162619],[-125.8632791,49.1627273],[-125.863282,49.1628374],[-125.8631209,49.1643869],[-125.863126,49.1646039],[-125.8631861,49.1648174],[-125.8632995,49.1650215],[-125.8650833,49.1675528],[-125.8651556,49.1676991],[-125.8651731,49.1678525],[-125.8649581,49.1709749],[-125.8649721,49.1711988],[-125.8650445,49.1714178],[-125.8651732,49.1716255],[-125.8660618,49.1727669],[-125.8661307,49.172881],[-125.8661479,49.1729405],[-125.8661475,49.1730632],[-125.8658946,49.1747585],[-125.8658657,49.174863],[-125.8658111,49.174963],[-125.8656594,49.1751825],[-125.8655395,49.1754098],[-125.8654854,49.1756476],[-125.8654989,49.1758879],[-125.8655797,49.1761224],[-125.8657249,49.1763433],[-125.8659296,49.1765431],[-125.866187,49.1767149],[-125.8661916,49.1767174],[-125.8662512,49.1767665],[-125.866295,49.1768221],[-125.8663214,49.1768822],[-125.8663294,49.1769446],[-125.8663076,49.1770707],[-125.8663071,49.1770722],[-125.8662632,49.1773473],[-125.8663089,49.1776223],[-125.8664423,49.1778848],[-125.8665132,49.1779868],[-125.8665351,49.1780479],[-125.8665384,49.1781106],[-125.8665228,49.1781725],[-125.8664891,49.1782313],[-125.8664384,49.1782846],[-125.8662384,49.1784244],[-125.8662403,49.1784255],[-125.8660543,49.1785558],[-125.8658465,49.1787762],[-125.8657093,49.179019],[-125.8656482,49.1792748],[-125.8656655,49.1795334],[-125.8657606,49.1797847],[-125.8659297,49.1800188],[-125.8661662,49.1802265],[-125.8678564,49.1814383],[-125.8679821,49.1815506],[-125.8680244,49.1816132],[-125.8680453,49.1816803],[-125.8680439,49.1817487],[-125.8679954,49.1818842],[-125.8675415,49.182731],[-125.8674653,49.1828398],[-125.8674132,49.1828881],[-125.8673484,49.1829293],[-125.8672732,49.1829621],[-125.86719,49.1829853],[-125.8671017,49.1829981],[-125.8669188,49.1830022],[-125.8665551,49.1829882],[-125.8661791,49.1829971],[-125.8658123,49.1830518],[-125.8654677,49.1831506],[-125.8651577,49.1832899],[-125.8648931,49.1834647],[-125.8646834,49.1836689],[-125.864536,49.1838951],[-125.8644561,49.1841355],[-125.8644467,49.1843813],[-125.8644478,49.1843914],[-125.8644334,49.1844575],[-125.8643984,49.1845203],[-125.864344,49.1845769],[-125.8641995,49.1846743],[-125.8628686,49.1854009],[-125.8625588,49.1856129],[-125.8623293,49.1858648],[-125.8603962,49.1886587],[-125.860261,49.1889297],[-125.860219,49.1892135],[-125.8602723,49.1894965],[-125.8604184,49.1897651],[-125.8618985,49.1917628],[-125.8619635,49.1918765],[-125.861979,49.1919355],[-125.8619774,49.1919954],[-125.8619397,49.1921142],[-125.8615268,49.1929927],[-125.8613977,49.1931929],[-125.861273,49.1934664],[-125.8612424,49.1937511],[-125.8613071,49.1940333],[-125.8614642,49.1942996],[-125.8615347,49.1943886],[-125.8615869,49.1944997],[-125.8618978,49.1954589],[-125.8619193,49.1955868],[-125.8619106,49.1956501],[-125.861883,49.1957109],[-125.8617908,49.1958247],[-125.8609663,49.1966352],[-125.8607693,49.1968826],[-125.8606574,49.1971518],[-125.8604307,49.1980789],[-125.8603712,49.1982189],[-125.8603193,49.1982817],[-125.8601726,49.1983908],[-125.8591787,49.198981],[-125.8589236,49.1991642],[-125.8587261,49.1993756],[-125.8585933,49.1996076],[-125.8585299,49.1998518],[-125.8585383,49.2000994],[-125.8586182,49.2003415],[-125.8587119,49.2004855],[-125.8587598,49.2005884],[-125.8587784,49.2007188],[-125.85877,49.2013724],[-125.8587516,49.2014916],[-125.8587261,49.2015484],[-125.858685,49.2016011],[-125.8586298,49.201648],[-125.8584933,49.201728],[-125.8573477,49.2022831],[-125.8571776,49.2023495],[-125.8570854,49.2023707],[-125.8569886,49.2023794],[-125.856891,49.2023755],[-125.8567967,49.2023589],[-125.8567092,49.2023305],[-125.8566271,49.2022887],[-125.8562885,49.2021494],[-125.8559142,49.202057],[-125.8555192,49.2020152],[-125.8551194,49.2020257],[-125.8547308,49.202088],[-125.8543691,49.2021997],[-125.8540487,49.2023563],[-125.8537824,49.2025515],[-125.8535811,49.2027774],[-125.8534527,49.2030251],[-125.8534025,49.2032844],[-125.8534324,49.2035452],[-125.8538334,49.2050258],[-125.853848,49.205161],[-125.8538339,49.2052271],[-125.853799,49.2052898],[-125.8537449,49.2053464],[-125.8536739,49.2053944],[-125.853502,49.2054702],[-125.8520873,49.2059617],[-125.8517811,49.2060929],[-125.8515167,49.2062584],[-125.851303,49.2064526],[-125.8491095,49.2088908],[-125.8489967,49.2089923],[-125.8489274,49.2090344],[-125.8488469,49.209067],[-125.8486182,49.2091235],[-125.8485227,49.2091406],[-125.8481717,49.2092551],[-125.8478618,49.2094123],[-125.8476048,49.209606],[-125.8474108,49.2098288],[-125.8472871,49.2100721],[-125.8470302,49.2108151],[-125.8469635,49.2109435],[-125.8469113,49.2110009],[-125.8468419,49.2110499],[-125.8467584,49.2110884],[-125.8465677,49.2111419],[-125.8450961,49.2114397],[-125.8448758,49.2114669],[-125.8447658,49.2114641],[-125.8445495,49.2114255],[-125.8431366,49.2110569],[-125.8429626,49.2109979],[-125.8428665,49.2109475],[-125.8425527,49.2108124],[-125.8422058,49.2107182],[-125.841838,49.2106681],[-125.8414623,49.2106638],[-125.8410921,49.2107056],[-125.8407404,49.2107919],[-125.8404196,49.2109197],[-125.8401412,49.2110845],[-125.8397635,49.2113544],[-125.8395321,49.2115558],[-125.8393643,49.2117824],[-125.8392661,49.2120258],[-125.8392414,49.2122771],[-125.839291,49.2125267],[-125.839413,49.2127655],[-125.839603,49.2129846],[-125.8398538,49.2131757],[-125.8401561,49.2133318],[-125.8401663,49.2133361],[-125.840338,49.2134276],[-125.840405,49.2134837],[-125.840499,49.2136149],[-125.8410217,49.2146249],[-125.8410657,49.2147485],[-125.8410687,49.2148111],[-125.8410531,49.2148729],[-125.8410193,49.2149315],[-125.8409168,49.2150393],[-125.8402644,49.2155952],[-125.8400562,49.2158146],[-125.8399181,49.2160566],[-125.8398557,49.2163116],[-125.8398714,49.2165696],[-125.8399646,49.2168205],[-125.8401316,49.2170546],[-125.8401888,49.2171177],[-125.8402721,49.2172346],[-125.8402949,49.2172964],[-125.8402986,49.2173599],[-125.8402829,49.2174226],[-125.8402485,49.2174821],[-125.8401686,49.2175653],[-125.8399782,49.2178226],[-125.839878,49.2181008],[-125.839873,49.2183865],[-125.8401288,49.2200829],[-125.8401922,49.2203045],[-125.840313,49.2205157],[-125.8404877,49.2207101],[-125.840711,49.220882],[-125.8413581,49.2213007],[-125.8414879,49.2214041],[-125.8415345,49.2214626],[-125.8415617,49.221526],[-125.8415754,49.2216594],[-125.8415469,49.2221671],[-125.8415694,49.2224158],[-125.8416638,49.2226571],[-125.8418267,49.2228823],[-125.8420522,49.2230832],[-125.842332,49.2232525],[-125.8426559,49.2233839],[-125.8430122,49.2234728],[-125.8441124,49.223671],[-125.8442681,49.2237084],[-125.8443394,49.2237351],[-125.8444677,49.2238037],[-125.8464564,49.2250633],[-125.8467791,49.2252292],[-125.8471469,49.2253486],[-125.8475444,49.2254163],[-125.8479546,49.2254295],[-125.8483603,49.2253877],[-125.8487444,49.2252925],[-125.8490905,49.2251481],[-125.8493841,49.2249605],[-125.8494573,49.2248891],[-125.8496109,49.2247654],[-125.8496836,49.2247257],[-125.8497667,49.2246959],[-125.8499496,49.2246578],[-125.8524805,49.2243023],[-125.8528828,49.2242158],[-125.8532481,49.2240758],[-125.85356,49.2238888],[-125.8538046,49.2236629],[-125.8539708,49.2234085],[-125.8541738,49.2229754],[-125.8542482,49.2228588],[-125.8543013,49.2228069],[-125.8543688,49.2227628],[-125.8544482,49.2227281],[-125.8545363,49.2227041],[-125.8546299,49.2226917],[-125.8548721,49.2226909],[-125.8550599,49.2227718],[-125.8559006,49.2230598],[-125.856071,49.2231337],[-125.8561399,49.2231794],[-125.8563077,49.2233508],[-125.8565555,49.2235555],[-125.8568606,49.2237239],[-125.857211,49.2238493],[-125.8575925,49.2239266],[-125.857728,49.2239355],[-125.8580037,49.223974],[-125.8582583,49.2240299],[-125.8586391,49.2240629],[-125.8590225,49.2240477],[-125.8593943,49.2239848],[-125.8597409,49.2238766],[-125.8600493,49.2237271],[-125.8603083,49.2235418],[-125.8605082,49.2233276],[-125.860578,49.2232334],[-125.8608648,49.2229372],[-125.8610409,49.2227082],[-125.8611451,49.2224611],[-125.8611733,49.2222055],[-125.8611245,49.2219512],[-125.8610005,49.221708],[-125.8609552,49.2216417],[-125.860934,49.2215816],[-125.8609275,49.2214567],[-125.8609344,49.221385],[-125.8609256,49.2211566],[-125.860856,49.2209327],[-125.8607277,49.2207202],[-125.8605445,49.2205255],[-125.8603628,49.2203656],[-125.8600753,49.220162],[-125.8597284,49.2200026],[-125.8593379,49.2198946],[-125.8589212,49.2198429],[-125.8584972,49.2198498],[-125.858085,49.219915],[-125.8564977,49.2202862],[-125.8563153,49.2203165],[-125.8561944,49.2203212],[-125.8560761,49.2203188],[-125.855991,49.2202799],[-125.8558172,49.2201844],[-125.8536485,49.2187417],[-125.8535324,49.2186487],[-125.853489,49.2185966],[-125.853461,49.2185402],[-125.8534494,49.2184813],[-125.8534546,49.2184221],[-125.8534987,49.2183056],[-125.8561001,49.2134245],[-125.8562514,49.2132206],[-125.8585614,49.2108536],[-125.8586937,49.2107455],[-125.8588583,49.2106582],[-125.8603165,49.2100409],[-125.8604885,49.2099828],[-125.8605803,49.2099654],[-125.8606754,49.20996],[-125.8607199,49.2099632],[-125.8611019,49.2099664],[-125.8614778,49.2099221],[-125.8618339,49.2098319],[-125.8621572,49.209699],[-125.8624359,49.2095283],[-125.8626597,49.2093261],[-125.8628206,49.2090997],[-125.8628866,49.2089256],[-125.8629361,49.2088345],[-125.8629842,49.2087813],[-125.8630471,49.2087351],[-125.8631223,49.2086977],[-125.8632072,49.2086705],[-125.8632984,49.2086543],[-125.8633928,49.20865],[-125.8635829,49.2086653],[-125.8644686,49.2087943],[-125.8648817,49.2088255],[-125.8652958,49.2088001],[-125.8656928,49.2087192],[-125.8660557,49.2085864],[-125.8661137,49.2085596],[-125.8662786,49.2084981],[-125.8663673,49.2084784],[-125.8664602,49.20847],[-125.8665538,49.2084734],[-125.8666447,49.2084884],[-125.8667296,49.2085144],[-125.866883,49.2085875],[-125.8688112,49.2097053],[-125.8689383,49.2097942],[-125.8690378,49.2098971],[-125.8694178,49.2103866],[-125.8696146,49.2105907],[-125.8698656,49.2107677],[-125.8701622,49.2109115],[-125.8704942,49.2110171],[-125.8708503,49.2110811],[-125.8712183,49.2111011],[-125.871301,49.2111006],[-125.8713909,49.2111111],[-125.8714762,49.2111322],[-125.8715541,49.2111634],[-125.8716217,49.2112034],[-125.8716769,49.2112509],[-125.8717593,49.211359],[-125.8718031,49.2114329],[-125.8719867,49.2116686],[-125.8722394,49.2118753],[-125.8725506,49.2120445],[-125.8729077,49.2121692],[-125.8732959,49.2122443],[-125.8736993,49.2122667],[-125.8741014,49.2122355],[-125.8741162,49.2122323],[-125.874505,49.2121783],[-125.8754832,49.2121126],[-125.8756935,49.2121131],[-125.8757946,49.2121276],[-125.8758888,49.2121557],[-125.8759717,49.2121961],[-125.8760397,49.2122471],[-125.8761415,49.2123673],[-125.8763549,49.2126984],[-125.8765447,49.2129263],[-125.8767997,49.2131251],[-125.8771099,49.2132871],[-125.8774631,49.2134058],[-125.8778452,49.2134765],[-125.8782411,49.2134964],[-125.8786353,49.2134648],[-125.8790121,49.2133829],[-125.8793567,49.2132539],[-125.8796553,49.2130829],[-125.8798963,49.2128767],[-125.8799915,49.2127758],[-125.8801281,49.2126807],[-125.882451,49.2113601],[-125.8826257,49.2112805],[-125.8827225,49.2112543],[-125.8828256,49.2112422],[-125.8829303,49.2112447],[-125.8831365,49.2112794],[-125.8841313,49.2115239],[-125.8842928,49.2115749],[-125.8843644,49.211609],[-125.8844254,49.2116511],[-125.8844739,49.2116996],[-125.8845433,49.2118076],[-125.8849983,49.2127443],[-125.8851481,49.2129738],[-125.8853621,49.2131806],[-125.8856324,49.2133569],[-125.8859491,49.2134964],[-125.8863007,49.213594],[-125.8866742,49.213646],[-125.8870562,49.2136507],[-125.8874325,49.2136078],[-125.8877894,49.2135188],[-125.8878864,49.2134874],[-125.8880766,49.213441],[-125.8880979,49.2134389],[-125.8884865,49.2133732],[-125.8888471,49.213258],[-125.8891653,49.2130981],[-125.8894281,49.2128999],[-125.8896249,49.2126714],[-125.8897477,49.2124217],[-125.8897917,49.2121611],[-125.8897551,49.2119],[-125.8896393,49.2116489],[-125.889449,49.2114181],[-125.8891918,49.2112167],[-125.8890725,49.2111404],[-125.8889515,49.2110167],[-125.8874703,49.2090387],[-125.8873962,49.2089032],[-125.8873831,49.2088331],[-125.8874054,49.20869],[-125.8878315,49.2074027],[-125.8878898,49.2072836],[-125.8879354,49.2072295],[-125.8880429,49.2071453],[-125.8882495,49.2069499],[-125.8883985,49.2067334],[-125.8884849,49.2065027],[-125.888506,49.2062656],[-125.8884609,49.20603],[-125.8881097,49.2049813],[-125.8879741,49.2047163],[-125.8857725,49.2015791],[-125.8855488,49.2013348],[-125.8852492,49.201128],[-125.8848881,49.2009685],[-125.8844827,49.200864],[-125.8833993,49.2006709],[-125.8832247,49.2006279],[-125.883146,49.2005965],[-125.8830778,49.200556],[-125.8830223,49.2005079],[-125.8829816,49.2004539],[-125.8829571,49.2003958],[-125.8829496,49.2003358],[-125.8829595,49.2002759],[-125.8830139,49.2001592],[-125.8834618,49.1994463],[-125.8835828,49.199171],[-125.883609,49.198885],[-125.883539,49.1986023],[-125.8833763,49.1983363],[-125.8829219,49.19778],[-125.8827838,49.1975385],[-125.8814245,49.193663],[-125.8814001,49.1935417],[-125.8814054,49.1934814],[-125.881428,49.1934228],[-125.881467,49.193368],[-125.8815211,49.193319],[-125.8815883,49.1932775],[-125.881746,49.1932116],[-125.8848272,49.1921782],[-125.8850031,49.1921325],[-125.8850949,49.1921211],[-125.8851883,49.1921213],[-125.88528,49.1921331],[-125.8853666,49.192156],[-125.8855254,49.1922234],[-125.8864862,49.1927227],[-125.8868004,49.1928565],[-125.8871473,49.1929496],[-125.8875147,49.1929987],[-125.8878897,49.193002],[-125.888259,49.1929594],[-125.8886097,49.1928724],[-125.8889292,49.1927441],[-125.8892064,49.192579],[-125.8894315,49.192383],[-125.8895965,49.1921629],[-125.8903862,49.1907984],[-125.890479,49.1906777],[-125.8905426,49.1906258],[-125.8907023,49.1905401],[-125.8913354,49.1902673],[-125.8916347,49.1901093],[-125.8918821,49.1899166],[-125.8920684,49.1896965],[-125.8921866,49.1894572],[-125.8922324,49.1892075],[-125.892204,49.1889567],[-125.8921025,49.1887141],[-125.8909218,49.1866847],[-125.8908774,49.1865851],[-125.8908579,49.1864822],[-125.8907252,49.184502],[-125.8907331,49.1843873],[-125.8907522,49.184332],[-125.8908204,49.1842262],[-125.891388,49.183526],[-125.8915315,49.1832998],[-125.8916079,49.1830601],[-125.8916144,49.1828153],[-125.8915509,49.182574],[-125.8908419,49.1808623],[-125.8908108,49.1807467],[-125.8908115,49.1806887],[-125.8908451,49.1805734],[-125.8913981,49.1793106],[-125.891475,49.1789673],[-125.8915497,49.1749458],[-125.8915748,49.1748086],[-125.8916438,49.1746781],[-125.8930675,49.1726981],[-125.8931649,49.1725908],[-125.8932276,49.1725449],[-125.8933026,49.1725076],[-125.8933871,49.1724805],[-125.893478,49.1724644],[-125.893572,49.1724599],[-125.8937614,49.172475],[-125.8968182,49.1729157],[-125.8970276,49.1729624],[-125.8971201,49.1729997],[-125.8972779,49.1731011],[-125.8997334,49.1750777],[-125.8999909,49.1752498],[-125.9002924,49.175388],[-125.9008926,49.1756122],[-125.9012562,49.1757182],[-125.9016448,49.1757749],[-125.9020429,49.17578],[-125.9024346,49.1757334],[-125.9028044,49.1756369],[-125.9031375,49.1754943],[-125.9034207,49.1753113],[-125.9036427,49.1750953],[-125.9037947,49.1748547],[-125.9038706,49.1745992],[-125.9038905,49.1744585],[-125.9039193,49.1743965],[-125.9040154,49.174281],[-125.905935,49.1724466],[-125.9060545,49.1723527],[-125.9061257,49.1723145],[-125.9062067,49.1722856],[-125.9062944,49.1722671],[-125.906386,49.1722597],[-125.9065723,49.1722677],[-125.9150819,49.173164],[-125.9155629,49.1731762],[-125.9160345,49.1731127],[-125.9174173,49.1728091],[-125.9175882,49.1727824],[-125.917675,49.1727791],[-125.9177613,49.1727858],[-125.9178444,49.1728024],[-125.9180008,49.1728548],[-125.92295,49.1748927],[-125.9230916,49.1749634],[-125.923151,49.1750059],[-125.9231977,49.1750547],[-125.9232304,49.1751082],[-125.9232659,49.1752223],[-125.9232984,49.1754137],[-125.923373,49.1756503],[-125.923513,49.1758739],[-125.9237137,49.1760767],[-125.9239682,49.1762519],[-125.9242677,49.1763935],[-125.926209,49.1771425],[-125.9263831,49.1772278],[-125.9264526,49.177281],[-125.9265026,49.1773427],[-125.9265601,49.1774799],[-125.9267687,49.1783403],[-125.9267806,49.1784579],[-125.9267703,49.1785158],[-125.9267442,49.1785715],[-125.9267031,49.1786232],[-125.9265924,49.1787162],[-125.9251221,49.1797437],[-125.9248753,49.1799561],[-125.9246997,49.1801968],[-125.9246026,49.1804558],[-125.9245881,49.1807223],[-125.9246568,49.1809852],[-125.9252057,49.1822735],[-125.9252385,49.1823931],[-125.9252376,49.1824532],[-125.9252196,49.182512],[-125.9251851,49.1825677],[-125.9251353,49.1826181],[-125.925072,49.1826617],[-125.9249974,49.1826967],[-125.9249141,49.182722],[-125.924738,49.1827511],[-125.9243832,49.1828336],[-125.9240583,49.1829583],[-125.9237751,49.1831206],[-125.9235436,49.1833148],[-125.9234521,49.1834086],[-125.9233808,49.1834561],[-125.9231486,49.1835568],[-125.922818,49.1837365],[-125.9225539,49.1839584],[-125.9225118,49.1840029],[-125.9224509,49.1840467],[-125.922305,49.1841189],[-125.9214474,49.1844671],[-125.9212928,49.1845182],[-125.9212108,49.1845344],[-125.9210387,49.1845479],[-125.9200044,49.1845694],[-125.9196197,49.1846021],[-125.919252,49.1846828],[-125.918915,49.1848084],[-125.9186216,49.1849742],[-125.9183828,49.185174],[-125.9174117,49.1861731],[-125.9172974,49.1862694],[-125.9172959,49.1862702],[-125.9170437,49.1864451],[-125.9168449,49.1866473],[-125.9167061,49.1868698],[-125.9166322,49.1871052],[-125.9166256,49.1873455],[-125.9166864,49.1875825],[-125.9168128,49.1878082],[-125.9175416,49.1888123],[-125.9177699,49.1890544],[-125.9180729,49.1892584],[-125.9184364,49.1894147],[-125.9188431,49.1895159],[-125.9191448,49.1895671],[-125.919338,49.1896145],[-125.9194238,49.1896502],[-125.9194963,49.1896967],[-125.9195526,49.189752],[-125.9195901,49.1898137],[-125.9196389,49.1900002],[-125.9197312,49.1902272],[-125.9198842,49.1904397],[-125.9200929,49.1906308],[-125.9203507,49.1907943],[-125.9209822,49.1911284],[-125.9211136,49.1912122],[-125.9211657,49.1912606],[-125.9212418,49.1913698],[-125.9218306,49.1924749],[-125.9218751,49.1925929],[-125.92188,49.1926528],[-125.9218678,49.1927123],[-125.9218388,49.1927692],[-125.9218142,49.192798],[-125.9216485,49.1930521],[-125.9215684,49.1933234],[-125.9215775,49.1935996],[-125.9216754,49.1938683],[-125.9243319,49.1987815],[-125.9245936,49.1991087],[-125.9304389,49.2044183],[-125.9305353,49.2045265],[-125.9305663,49.2045848],[-125.9305795,49.204646],[-125.9305693,49.204771],[-125.9304327,49.2053631],[-125.9304136,49.2056315],[-125.930479,49.2058967],[-125.9306261,49.2061476],[-125.9314411,49.2071983],[-125.931499,49.2072895],[-125.931535,49.2073854],[-125.9320449,49.2093869],[-125.932057,49.2095262],[-125.9320233,49.209664],[-125.9315416,49.2108156],[-125.9314761,49.2110657],[-125.931486,49.2113194],[-125.9322037,49.215117],[-125.9322087,49.215243],[-125.9321926,49.2153043],[-125.9321588,49.2153624],[-125.9320565,49.2154693],[-125.9297698,49.217411],[-125.929548,49.2176477],[-125.9294079,49.2179097],[-125.9293558,49.2181852],[-125.9293312,49.2191603],[-125.9293627,49.2194136],[-125.9294688,49.2196581],[-125.9296455,49.2198846],[-125.929886,49.2200844],[-125.9301812,49.2202499],[-125.9304639,49.2203795],[-125.9305993,49.2204541],[-125.9306551,49.2204982],[-125.930742,49.2205991],[-125.9314999,49.2216976],[-125.9316842,49.2219094],[-125.9319256,49.2220952],[-125.9322156,49.2222483],[-125.9338794,49.2229705],[-125.934039,49.2230567],[-125.9341023,49.2231089],[-125.9341477,49.2231685],[-125.9341732,49.223233],[-125.9341776,49.2232995]],[[-125.407778,50.332787],[-125.407776,50.332886],[-125.407741,50.332983],[-125.407605,50.333164],[-125.406908,50.333885],[-125.406622,50.334273],[-125.406481,50.334691],[-125.406492,50.335119],[-125.406864,50.336949],[-125.406874,50.337129],[-125.406851,50.337217],[-125.406803,50.337301],[-125.40673,50.337377],[-125.406636,50.337443],[-125.406409,50.337551],[-125.4017,50.339361],[-125.401199,50.339604],[-125.400789,50.339909],[-125.40049,50.340262],[-125.400315,50.340648],[-125.400071,50.341525],[-125.400029,50.341937],[-125.400127,50.342345],[-125.400417,50.343032],[-125.400464,50.343205],[-125.400461,50.343292],[-125.400433,50.343378],[-125.40038,50.343458],[-125.400305,50.343531],[-125.40021,50.343593],[-125.400098,50.343643],[-125.399886,50.343704],[-125.399544,50.343778],[-125.399062,50.343951],[-125.39864,50.344179],[-125.398292,50.344453],[-125.398029,50.344764],[-125.397862,50.3451],[-125.397523,50.346098],[-125.397434,50.346275],[-125.397363,50.346355],[-125.39727,50.346425],[-125.397156,50.346481],[-125.396638,50.346692],[-125.396199,50.346967],[-125.395859,50.347294],[-125.395632,50.347659],[-125.395615,50.347698],[-125.395519,50.347818],[-125.395282,50.348228],[-125.395262,50.348333],[-125.395261,50.348333],[-125.39517,50.348609],[-125.395113,50.348694],[-125.395031,50.34877],[-125.394926,50.348834],[-125.394803,50.348883],[-125.394529,50.34895],[-125.390472,50.349646],[-125.38989,50.349789],[-125.389369,50.350007],[-125.388931,50.35029],[-125.388595,50.350625],[-125.388377,50.350997],[-125.388319,50.35114],[-125.388255,50.351224],[-125.388166,50.351297],[-125.388055,50.351358],[-125.387796,50.351451],[-125.38423,50.352436],[-125.383647,50.35265],[-125.383156,50.352942],[-125.381031,50.35453],[-125.380837,50.35465],[-125.380726,50.354698],[-125.380603,50.354731],[-125.380472,50.35475],[-125.380202,50.354756],[-125.37475,50.354557],[-125.374228,50.354568],[-125.373717,50.354637],[-125.373234,50.354762],[-125.371688,50.355267],[-125.371416,50.355335],[-125.371274,50.355351],[-125.37113,50.355349],[-125.370846,50.355307],[-125.36718,50.354524],[-125.366941,50.354457],[-125.366833,50.354411],[-125.36674,50.354354],[-125.366588,50.354219],[-125.365251,50.352784],[-125.36495,50.352517],[-125.364581,50.352288],[-125.364155,50.352102],[-125.362516,50.351516],[-125.362041,50.35138],[-125.361535,50.351299],[-125.361016,50.351275],[-125.360498,50.351311],[-125.357477,50.351691],[-125.357127,50.351707],[-125.356781,50.351671],[-125.345537,50.349564],[-125.345223,50.349478],[-125.344949,50.349349],[-125.339384,50.346022],[-125.338935,50.345801],[-125.338428,50.345639],[-125.337882,50.345542],[-125.329003,50.34453],[-125.328726,50.344481],[-125.3286,50.34444],[-125.328488,50.344384],[-125.328301,50.344244],[-125.327284,50.343314],[-125.326907,50.343033],[-125.326451,50.342804],[-125.325934,50.342637],[-125.325376,50.342537],[-125.324798,50.342508],[-125.324222,50.342552],[-125.323671,50.342667],[-125.323166,50.342848],[-125.322726,50.343089],[-125.322367,50.34338],[-125.322105,50.34371],[-125.321949,50.344067],[-125.321905,50.344436],[-125.321975,50.344803],[-125.322021,50.344936],[-125.322178,50.345768],[-125.322324,50.346166],[-125.3226,50.346535],[-125.322994,50.346857],[-125.323487,50.347118],[-125.323508,50.347126],[-125.323727,50.347239],[-125.323817,50.347307],[-125.323885,50.347385],[-125.323928,50.34747],[-125.323945,50.347558],[-125.323935,50.347647],[-125.323862,50.347821],[-125.323475,50.348479],[-125.323323,50.348848],[-125.32329,50.349229],[-125.323378,50.349607],[-125.323584,50.349965],[-125.323898,50.35029],[-125.324309,50.350567],[-125.327519,50.35234],[-125.327725,50.352479],[-125.327802,50.35256],[-125.327904,50.352739],[-125.327985,50.352946],[-125.328157,50.353263],[-125.328415,50.353555],[-125.32875,50.353814],[-125.329151,50.354031],[-125.32923,50.35406],[-125.329512,50.354187],[-125.329604,50.354247],[-125.329677,50.354317],[-125.32973,50.354394],[-125.329791,50.354559],[-125.329855,50.354853],[-125.329976,50.355184],[-125.330187,50.355495],[-125.330483,50.355777],[-125.330853,50.356021],[-125.331286,50.356218],[-125.331767,50.356363],[-125.333156,50.356687],[-125.3334,50.356761],[-125.333509,50.356811],[-125.333601,50.356873],[-125.333673,50.356945],[-125.333724,50.357024],[-125.333752,50.357107],[-125.333758,50.35728],[-125.333348,50.361013],[-125.333294,50.361208],[-125.333236,50.361299],[-125.333149,50.361379],[-125.333038,50.361446],[-125.332773,50.361549],[-125.323539,50.364319],[-125.323282,50.364379],[-125.323148,50.364392],[-125.323013,50.36439],[-125.322881,50.364372],[-125.322756,50.364338],[-125.322601,50.364272],[-125.322069,50.364093],[-125.321492,50.363987],[-125.320892,50.363957],[-125.320296,50.364005],[-125.319922,50.364061],[-125.316796,50.364294],[-125.316217,50.364375],[-125.315676,50.364528],[-125.315193,50.364747],[-125.314789,50.365023],[-125.314478,50.365344],[-125.314275,50.365699],[-125.314186,50.366072],[-125.314215,50.366449],[-125.314362,50.366815],[-125.31462,50.367155],[-125.314979,50.367456],[-125.315425,50.367704],[-125.315939,50.367891],[-125.316319,50.367999],[-125.316439,50.368054],[-125.316538,50.368122],[-125.316614,50.368202],[-125.316663,50.36829],[-125.316684,50.368383],[-125.316674,50.368476],[-125.316635,50.368567],[-125.3165,50.368736],[-125.31479,50.37043],[-125.314518,50.370771],[-125.31436,50.37114],[-125.314322,50.371522],[-125.314405,50.371902],[-125.314607,50.372262],[-125.314919,50.372589],[-125.316645,50.374044],[-125.316791,50.374195],[-125.31684,50.374277],[-125.316864,50.374364],[-125.316861,50.374452],[-125.316804,50.374626],[-125.316559,50.375128],[-125.316446,50.375469],[-125.316433,50.375818],[-125.316521,50.376163],[-125.316801,50.376848],[-125.317015,50.377214],[-125.317343,50.377543],[-125.31777,50.377823],[-125.318278,50.37804],[-125.318845,50.378186],[-125.319448,50.378255],[-125.320059,50.378243],[-125.322637,50.378021],[-125.323161,50.377944],[-125.323654,50.377809],[-125.325812,50.37706],[-125.326351,50.376821],[-125.326793,50.376511],[-125.32835,50.375144],[-125.328557,50.374997],[-125.32868,50.37494],[-125.32882,50.374901],[-125.328969,50.374881],[-125.329278,50.374883],[-125.332871,50.375141],[-125.333166,50.375182],[-125.333302,50.375221],[-125.333423,50.375276],[-125.333523,50.375347],[-125.333676,50.375513],[-125.334501,50.376667],[-125.334596,50.376847],[-125.334614,50.37694],[-125.33459,50.37713],[-125.334355,50.377944],[-125.334306,50.378277],[-125.33435,50.37861],[-125.334485,50.378932],[-125.334708,50.379235],[-125.335011,50.379507],[-125.335704,50.380027],[-125.335861,50.380171],[-125.335917,50.38025],[-125.335949,50.380334],[-125.335956,50.38042],[-125.335918,50.380594],[-125.334969,50.383175],[-125.334892,50.383547],[-125.334932,50.383921],[-125.335087,50.384283],[-125.335351,50.384617],[-125.335714,50.384912],[-125.335939,50.385061],[-125.336012,50.385133],[-125.336064,50.385211],[-125.336092,50.385295],[-125.336095,50.38538],[-125.336074,50.385465],[-125.33603,50.385545],[-125.335893,50.385694],[-125.33279,50.388474],[-125.332618,50.388602],[-125.332413,50.388709],[-125.327513,50.390811],[-125.327099,50.391025],[-125.326752,50.391284],[-125.320896,50.396541],[-125.320626,50.396836],[-125.320445,50.397157],[-125.319843,50.398629],[-125.319742,50.398802],[-125.319591,50.398959],[-125.315687,50.402237],[-125.315428,50.402495],[-125.315238,50.402777],[-125.314012,50.405104],[-125.313885,50.405448],[-125.313862,50.405801],[-125.313942,50.406151],[-125.314083,50.40652],[-125.314266,50.406856],[-125.314544,50.407164],[-125.314908,50.407433],[-125.315298,50.407631],[-125.315425,50.407712],[-125.315507,50.407794],[-125.315561,50.407886],[-125.315583,50.407983],[-125.315561,50.408181],[-125.314755,50.411078],[-125.314673,50.411261],[-125.314605,50.411344],[-125.314512,50.411417],[-125.314281,50.411537],[-125.312707,50.412196],[-125.312277,50.412415],[-125.311919,50.41268],[-125.311644,50.412983],[-125.311461,50.413313],[-125.311378,50.41366],[-125.311396,50.41401],[-125.311445,50.414258],[-125.311435,50.414349],[-125.311397,50.414437],[-125.311265,50.414602],[-125.310478,50.415389],[-125.310285,50.415544],[-125.310168,50.415605],[-125.309893,50.415696],[-125.30677,50.416469],[-125.306198,50.416659],[-125.305704,50.416923],[-125.305311,50.41725],[-125.30252,50.420184],[-125.302233,50.420584],[-125.3021,50.421017],[-125.301862,50.422987],[-125.301872,50.423343],[-125.301986,50.423691],[-125.303115,50.426008],[-125.30334,50.426349],[-125.303665,50.426654],[-125.304077,50.426914],[-125.306022,50.42792],[-125.306213,50.428038],[-125.306289,50.428107],[-125.306402,50.428261],[-125.307009,50.429336],[-125.307078,50.429509],[-125.307086,50.429597],[-125.307049,50.429774],[-125.306523,50.43122],[-125.306435,50.431388],[-125.306368,50.431464],[-125.306279,50.431531],[-125.306173,50.431586],[-125.305928,50.431669],[-125.304024,50.432179],[-125.303494,50.432364],[-125.303034,50.432613],[-125.302663,50.432916],[-125.302396,50.433261],[-125.299644,50.437978],[-125.299519,50.438142],[-125.299433,50.438214],[-125.299328,50.438274],[-125.29908,50.438367],[-125.293103,50.440132],[-125.292607,50.440318],[-125.292177,50.440561],[-125.28799,50.443437],[-125.287755,50.443568],[-125.28762,50.443615],[-125.28717,50.443701],[-125.287172,50.443705],[-125.286776,50.443781],[-125.286218,50.443979],[-125.28574,50.444249],[-125.285364,50.444577],[-125.285107,50.44495],[-125.285089,50.444985],[-125.284978,50.445152],[-125.284899,50.445226],[-125.2848,50.445288],[-125.284683,50.445338],[-125.284553,50.445372],[-125.284416,50.44539],[-125.284276,50.445391],[-125.284138,50.445374],[-125.283874,50.445308],[-125.274307,50.442174],[-125.273926,50.442015],[-125.264992,50.437407],[-125.264779,50.437272],[-125.264613,50.437112],[-125.260486,50.43207],[-125.260153,50.431749],[-125.259725,50.431477],[-125.259218,50.431266],[-125.256662,50.430426],[-125.25645,50.430341],[-125.256264,50.430234],[-125.251504,50.427006],[-125.250827,50.426664],[-125.244693,50.424406],[-125.244198,50.424157],[-125.238172,50.420125],[-125.237527,50.419799],[-125.227515,50.416052],[-125.227177,50.415896],[-125.217467,50.410472],[-125.21731,50.41037],[-125.21718,50.410254],[-125.211336,50.404142],[-125.21099,50.403849],[-125.204589,50.399397],[-125.204113,50.39913],[-125.20356,50.398934],[-125.198082,50.397458],[-125.197631,50.397294],[-125.179854,50.388936],[-125.17945,50.388777],[-125.179011,50.38866],[-125.169826,50.386758],[-125.169312,50.386683],[-125.168785,50.386668],[-125.168263,50.386712],[-125.16372,50.387363],[-125.163483,50.387385],[-125.163243,50.387381],[-125.157804,50.387018],[-125.157529,50.386983],[-125.157401,50.386949],[-125.157285,50.386901],[-125.157186,50.386839],[-125.157107,50.386767],[-125.157051,50.386686],[-125.15702,50.3866],[-125.157015,50.386512],[-125.157059,50.386335],[-125.157336,50.385649],[-125.157427,50.385262],[-125.15739,50.384871],[-125.157227,50.384493],[-125.157164,50.384389],[-125.156883,50.384041],[-125.156496,50.383738],[-125.156019,50.383492],[-125.154701,50.382947],[-125.154473,50.38283],[-125.15438,50.38276],[-125.154312,50.382679],[-125.154269,50.382591],[-125.154255,50.382499],[-125.15427,50.382408],[-125.154312,50.38232],[-125.154443,50.382168],[-125.154656,50.381854],[-125.154777,50.381521],[-125.154801,50.38118],[-125.154729,50.380841],[-125.154562,50.380517],[-125.153705,50.379251],[-125.153611,50.379058],[-125.153598,50.378959],[-125.15364,50.378758],[-125.154302,50.377041],[-125.154417,50.376843],[-125.154597,50.376667],[-125.158088,50.373982],[-125.15845,50.37363],[-125.15868,50.373235],[-125.158768,50.372818],[-125.158927,50.367915],[-125.158893,50.367588],[-125.158771,50.367269],[-125.157149,50.364224],[-125.15688,50.363855],[-125.148017,50.354508],[-125.147841,50.354276],[-125.144931,50.349364],[-125.144855,50.349185],[-125.144837,50.349],[-125.144896,50.347908],[-125.144936,50.347723],[-125.144983,50.347636],[-125.145085,50.347526],[-125.14532,50.347208],[-125.145458,50.346867],[-125.145495,50.346516],[-125.145429,50.346166],[-125.145263,50.345831],[-125.145001,50.345521],[-125.144654,50.345247],[-125.144234,50.34502],[-125.143754,50.344846],[-125.138378,50.343301],[-125.138113,50.343202],[-125.138001,50.343137],[-125.137822,50.342978],[-125.134307,50.339053],[-125.134101,50.338741],[-125.132949,50.336172],[-125.132694,50.335778],[-125.132306,50.33543],[-125.131805,50.335147],[-125.129361,50.334052],[-125.129132,50.333925],[-125.129042,50.333849],[-125.128912,50.333674],[-125.128043,50.332097],[-125.127973,50.331912],[-125.127968,50.331818],[-125.127993,50.331726],[-125.128047,50.331639],[-125.128127,50.33156],[-125.12823,50.331493],[-125.128478,50.331388],[-125.133183,50.329804],[-125.133437,50.329737],[-125.13357,50.32972],[-125.133706,50.329718],[-125.13384,50.329733],[-125.133967,50.329763],[-125.134083,50.329808],[-125.134288,50.329926],[-125.135752,50.330942],[-125.136166,50.33118],[-125.136643,50.331364],[-125.137165,50.331488],[-125.137715,50.331547],[-125.138769,50.331595],[-125.13938,50.331583],[-125.139974,50.33149],[-125.140526,50.331322],[-125.15297,50.326449],[-125.153186,50.326379],[-125.153418,50.326333],[-125.169281,50.324068],[-125.169959,50.323914],[-125.170558,50.32366],[-125.176449,50.320439],[-125.176794,50.320216],[-125.177076,50.31996],[-125.179829,50.316961],[-125.179974,50.31683],[-125.180062,50.316774],[-125.180267,50.316682],[-125.18221,50.315958],[-125.182628,50.31577],[-125.182988,50.315539],[-125.183281,50.315272],[-125.185701,50.312594],[-125.186023,50.31232],[-125.189726,50.309864],[-125.189926,50.309754],[-125.190038,50.309711],[-125.190161,50.309682],[-125.19029,50.309668],[-125.190421,50.309668],[-125.190681,50.3097],[-125.190766,50.309715],[-125.19133,50.309781],[-125.191904,50.309776],[-125.192465,50.3097],[-125.192992,50.309557],[-125.193467,50.309351],[-125.19387,50.30909],[-125.194186,50.308785],[-125.194404,50.308446],[-125.194516,50.308087],[-125.194641,50.307273],[-125.194695,50.307098],[-125.194747,50.307017],[-125.194821,50.306943],[-125.194917,50.306879],[-125.195029,50.306828],[-125.195154,50.306792],[-125.195288,50.306772],[-125.195426,50.306768],[-125.195702,50.306793],[-125.196865,50.306975],[-125.197404,50.307026],[-125.197949,50.307013],[-125.198481,50.306936],[-125.198982,50.306798],[-125.199642,50.306567],[-125.200113,50.306363],[-125.200514,50.306105],[-125.205715,50.302033],[-125.206062,50.301815],[-125.211124,50.299274],[-125.211475,50.29913],[-125.215258,50.297882],[-125.215513,50.297816],[-125.215646,50.297799],[-125.215782,50.297798],[-125.215915,50.297814],[-125.216138,50.297868],[-125.216669,50.297963],[-125.217219,50.297993],[-125.217768,50.297957],[-125.218297,50.297857],[-125.218788,50.297695],[-125.218904,50.297648],[-125.219041,50.297614],[-125.219186,50.297599],[-125.219333,50.297603],[-125.219475,50.297626],[-125.219744,50.297708],[-125.221341,50.298333],[-125.221555,50.298435],[-125.221645,50.298497],[-125.221715,50.298568],[-125.221816,50.298726],[-125.222621,50.300427],[-125.222679,50.300623],[-125.222671,50.300822],[-125.222632,50.301007],[-125.222612,50.301368],[-125.222699,50.301725],[-125.222892,50.302065],[-125.223182,50.302375],[-125.22356,50.302644],[-125.223739,50.302749],[-125.223819,50.302818],[-125.223878,50.302894],[-125.223914,50.302977],[-125.223926,50.303062],[-125.223913,50.303147],[-125.223838,50.303313],[-125.222619,50.305303],[-125.222469,50.305634],[-125.222416,50.305976],[-125.222461,50.306319],[-125.222602,50.306651],[-125.222836,50.306961],[-125.223682,50.307861],[-125.223813,50.308042],[-125.223847,50.308137],[-125.223848,50.308235],[-125.223817,50.308331],[-125.223692,50.308512],[-125.223538,50.308683],[-125.223304,50.309012],[-125.223172,50.309363],[-125.223148,50.309724],[-125.223232,50.310081],[-125.223421,50.310422],[-125.224831,50.312352],[-125.224923,50.312514],[-125.224944,50.312599],[-125.224941,50.312684],[-125.224913,50.312768],[-125.224862,50.312847],[-125.224789,50.312918],[-125.224696,50.31298],[-125.224366,50.313132],[-125.224369,50.313134],[-125.22406,50.313277],[-125.223674,50.31354],[-125.223374,50.313845],[-125.22317,50.314181],[-125.223069,50.314535],[-125.223076,50.314895],[-125.22319,50.315248],[-125.223408,50.315581],[-125.22372,50.315881],[-125.224116,50.316138],[-125.224904,50.31656],[-125.225104,50.31669],[-125.225181,50.316765],[-125.225234,50.316848],[-125.225261,50.316936],[-125.225261,50.317026],[-125.225206,50.317204],[-125.224336,50.319045],[-125.224237,50.319201],[-125.224155,50.319284],[-125.223901,50.319605],[-125.223747,50.31995],[-125.223712,50.320212],[-125.223544,50.320157],[-125.223004,50.320058],[-125.222445,50.320026],[-125.221885,50.320062],[-125.221347,50.320165],[-125.220849,50.320331],[-125.220409,50.320554],[-125.217591,50.322289],[-125.217217,50.322568],[-125.216936,50.322889],[-125.216757,50.323239],[-125.216688,50.323604],[-125.216731,50.323971],[-125.216817,50.324169],[-125.216862,50.324338],[-125.216854,50.324504],[-125.216808,50.32473],[-125.216849,50.325104],[-125.217005,50.325466],[-125.21727,50.3258],[-125.217633,50.326095],[-125.218081,50.326338],[-125.218595,50.32652],[-125.219155,50.326633],[-125.21976,50.326714],[-125.220328,50.326754],[-125.220899,50.326723],[-125.221449,50.326623],[-125.221959,50.326456],[-125.222409,50.32623],[-125.222782,50.325953],[-125.223065,50.325636],[-125.224965,50.322915],[-125.225024,50.322849],[-125.225255,50.322522],[-125.225386,50.322173],[-125.225398,50.321994],[-125.22546,50.322017],[-125.225995,50.32213],[-125.226553,50.322176],[-125.227116,50.322154],[-125.227661,50.322064],[-125.228574,50.321852],[-125.228889,50.321804],[-125.229096,50.321802],[-125.229648,50.321763],[-125.230179,50.321659],[-125.23067,50.321493],[-125.231104,50.321271],[-125.231465,50.321002],[-125.231589,50.320889],[-125.231845,50.320731],[-125.231986,50.320659],[-125.232364,50.320368],[-125.232643,50.320034],[-125.232813,50.319672],[-125.232866,50.319296],[-125.2328,50.31892],[-125.232619,50.31856],[-125.232618,50.318558],[-125.232533,50.318395],[-125.232515,50.318311],[-125.232521,50.318226],[-125.232582,50.318058],[-125.233636,50.316044],[-125.233746,50.315884],[-125.233823,50.315813],[-125.234018,50.31569],[-125.236815,50.314221],[-125.23704,50.314124],[-125.237163,50.31409],[-125.237294,50.314071],[-125.237429,50.314067],[-125.237561,50.31408],[-125.237818,50.314136],[-125.243746,50.315843],[-125.243987,50.315931],[-125.244091,50.315988],[-125.244177,50.316056],[-125.244241,50.316134],[-125.244281,50.316217],[-125.244295,50.316304],[-125.244284,50.316391],[-125.244247,50.316476],[-125.244137,50.316618],[-125.243924,50.316982],[-125.243833,50.317367],[-125.243867,50.317755],[-125.244025,50.318131],[-125.244301,50.318478],[-125.244682,50.318781],[-125.245153,50.319028],[-125.245693,50.319208],[-125.246279,50.319314],[-125.246647,50.319355],[-125.25052,50.320065],[-125.251054,50.320129],[-125.251597,50.32013],[-125.252131,50.320068],[-125.252639,50.319944],[-125.253102,50.319763],[-125.253506,50.319531],[-125.25366,50.319424],[-125.253777,50.31937],[-125.253909,50.319332],[-125.25405,50.319312],[-125.254343,50.319307],[-125.258397,50.319503],[-125.258669,50.319533],[-125.258797,50.319563],[-125.258913,50.319609],[-125.259015,50.319667],[-125.259097,50.319736],[-125.259219,50.319894],[-125.260946,50.322772],[-125.261024,50.322955],[-125.261033,50.323047],[-125.261013,50.32314],[-125.260964,50.323227],[-125.260909,50.323286],[-125.260652,50.323634],[-125.260512,50.324008],[-125.260493,50.324393],[-125.260597,50.324772],[-125.260819,50.325129],[-125.26115,50.325451],[-125.261577,50.325723],[-125.262081,50.325934],[-125.262641,50.326075],[-125.263235,50.326141],[-125.263688,50.326161],[-125.264278,50.326149],[-125.264851,50.326063],[-125.265387,50.325906],[-125.265863,50.325685],[-125.266261,50.325407],[-125.266565,50.325085],[-125.266762,50.32473],[-125.266845,50.324357],[-125.266823,50.324114],[-125.266833,50.323955],[-125.266867,50.323866],[-125.266929,50.323783],[-125.267014,50.323709],[-125.267121,50.323648],[-125.267245,50.323601],[-125.267381,50.323571],[-125.267524,50.323558],[-125.267606,50.323561],[-125.268256,50.323542],[-125.268882,50.323432],[-125.269456,50.323238],[-125.26995,50.322968],[-125.270066,50.322889],[-125.270295,50.322762],[-125.270426,50.322716],[-125.270568,50.322688],[-125.270877,50.322669],[-125.271442,50.322599],[-125.271974,50.322461],[-125.272455,50.322259],[-125.272865,50.322002],[-125.2787,50.317549],[-125.278907,50.317419],[-125.279027,50.31737],[-125.27916,50.317336],[-125.279301,50.317319],[-125.279542,50.317322],[-125.280126,50.317291],[-125.280688,50.317187],[-125.281207,50.317015],[-125.281663,50.316781],[-125.282038,50.316493],[-125.282316,50.316165],[-125.282488,50.315807],[-125.282768,50.314917],[-125.282851,50.314743],[-125.282917,50.314664],[-125.283006,50.314594],[-125.283114,50.314537],[-125.283238,50.314494],[-125.283372,50.314467],[-125.283656,50.314447],[-125.284831,50.314439],[-125.28511,50.314455],[-125.285243,50.314479],[-125.285366,50.314518],[-125.285476,50.314572],[-125.285567,50.314639],[-125.285637,50.314715],[-125.285693,50.314816],[-125.285942,50.315154],[-125.28629,50.315454],[-125.286723,50.315704],[-125.287226,50.315895],[-125.287777,50.316019],[-125.288356,50.316071],[-125.291263,50.316148],[-125.291869,50.316124],[-125.292455,50.316021],[-125.292995,50.315844],[-125.294069,50.315398],[-125.294513,50.315172],[-125.294881,50.314896],[-125.29516,50.31458],[-125.295338,50.314236],[-125.295411,50.313876],[-125.295385,50.313619],[-125.295393,50.313476],[-125.295427,50.313387],[-125.295488,50.313303],[-125.295662,50.313153],[-125.296808,50.312347],[-125.29704,50.312215],[-125.297173,50.312167],[-125.297319,50.312138],[-125.297628,50.31212],[-125.307068,50.312209],[-125.307574,50.312186],[-125.308065,50.312109],[-125.308529,50.311978],[-125.311296,50.311012],[-125.311566,50.310939],[-125.311708,50.31092],[-125.311852,50.31092],[-125.31214,50.310957],[-125.314068,50.311339],[-125.314621,50.311412],[-125.315185,50.311417],[-125.315741,50.311353],[-125.316267,50.311222],[-125.322286,50.309291],[-125.322796,50.309174],[-125.329321,50.308244],[-125.329831,50.308139],[-125.330303,50.307977],[-125.330722,50.307763],[-125.331073,50.307505],[-125.331184,50.307385],[-125.331358,50.307237],[-125.331467,50.307175],[-125.331593,50.307129],[-125.331731,50.307099],[-125.331875,50.307088],[-125.332169,50.307103],[-125.333394,50.307246],[-125.333983,50.307277],[-125.33457,50.307232],[-125.335131,50.307113],[-125.335643,50.306925],[-125.337184,50.306222],[-125.337651,50.305956],[-125.33802,50.305634],[-125.33948,50.304027],[-125.339757,50.303616],[-125.341341,50.300194],[-125.341455,50.299795],[-125.341432,50.299389],[-125.341274,50.298996],[-125.339338,50.295699],[-125.339265,50.295529],[-125.339255,50.295442],[-125.33927,50.295356],[-125.33931,50.295273],[-125.339373,50.295196],[-125.339545,50.295059],[-125.342505,50.293098],[-125.342754,50.292966],[-125.343042,50.292872],[-125.353684,50.290304],[-125.353899,50.290264],[-125.35412,50.290245],[-125.363475,50.289905],[-125.364025,50.289851],[-125.364548,50.289733],[-125.367812,50.288767],[-125.368054,50.288711],[-125.36818,50.288697],[-125.368307,50.288698],[-125.36856,50.288727],[-125.375928,50.290019],[-125.376453,50.290079],[-125.376987,50.290078],[-125.377511,50.290015],[-125.378009,50.289893],[-125.379305,50.289487],[-125.379574,50.289423],[-125.379714,50.289408],[-125.379855,50.289412],[-125.379993,50.289432],[-125.380122,50.28947],[-125.380238,50.289522],[-125.380434,50.289657],[-125.380736,50.289908],[-125.381035,50.290217],[-125.381378,50.290505],[-125.381801,50.290746],[-125.382288,50.290931],[-125.382821,50.291053],[-125.383381,50.291107],[-125.383947,50.291093],[-125.384496,50.291045],[-125.384764,50.291037],[-125.384895,50.291048],[-125.38502,50.291075],[-125.385136,50.291116],[-125.385239,50.291169],[-125.38541,50.291298],[-125.385596,50.291466],[-125.386009,50.291718],[-125.38649,50.291914],[-125.387022,50.292047],[-125.387583,50.292112],[-125.388153,50.292107],[-125.388814,50.292061],[-125.389083,50.292058],[-125.389214,50.292071],[-125.389466,50.29213],[-125.395715,50.294006],[-125.396009,50.294123],[-125.396252,50.294281],[-125.399296,50.296802],[-125.399475,50.296995],[-125.399578,50.29721],[-125.400061,50.298953],[-125.400264,50.299383],[-125.400621,50.299769],[-125.401516,50.300518],[-125.401671,50.300679],[-125.401721,50.300767],[-125.401742,50.30086],[-125.401734,50.300953],[-125.401696,50.301044],[-125.401645,50.301109],[-125.401433,50.301466],[-125.401338,50.301843],[-125.401365,50.302225],[-125.401511,50.302596],[-125.401771,50.30294],[-125.402134,50.303244],[-125.404622,50.304935],[-125.404808,50.305091],[-125.404872,50.305179],[-125.404906,50.305274],[-125.404911,50.305453],[-125.404881,50.305662],[-125.404947,50.306041],[-125.40513,50.306403],[-125.405424,50.306734],[-125.405815,50.307021],[-125.407436,50.307991],[-125.40763,50.308133],[-125.407702,50.308213],[-125.407747,50.308301],[-125.407763,50.308393],[-125.407751,50.308486],[-125.40771,50.308575],[-125.407572,50.308741],[-125.402678,50.313423],[-125.402422,50.313724],[-125.402255,50.31405],[-125.402183,50.314389],[-125.402115,50.315402],[-125.402142,50.315748],[-125.402268,50.316085],[-125.402488,50.316402],[-125.402795,50.316688],[-125.403179,50.316933],[-125.404961,50.317878],[-125.405162,50.318008],[-125.40524,50.318083],[-125.405294,50.318166],[-125.405321,50.318255],[-125.405321,50.318345],[-125.405294,50.318433],[-125.405186,50.318602],[-125.404163,50.319837],[-125.403939,50.32019],[-125.40383,50.320565],[-125.403842,50.320946],[-125.403974,50.321318],[-125.405585,50.324384],[-125.405649,50.324559],[-125.405659,50.324738],[-125.405451,50.326991],[-125.405474,50.327361],[-125.40561,50.327722],[-125.405854,50.328058],[-125.406196,50.328358],[-125.406444,50.328535],[-125.406514,50.328609],[-125.406561,50.32869],[-125.406584,50.328776],[-125.406578,50.328951],[-125.406331,50.330342],[-125.406327,50.330741],[-125.406454,50.331132],[-125.406708,50.331497],[-125.40762,50.332506],[-125.407748,50.33269],[-125.407778,50.332787]],[[-125.38465,50.276852],[-125.384636,50.276992],[-125.384578,50.277127],[-125.384478,50.277253],[-125.384198,50.277475],[-125.379377,50.280579],[-125.379027,50.280762],[-125.37883,50.280827],[-125.378395,50.280903],[-125.367105,50.282105],[-125.366328,50.282235],[-125.365602,50.282454],[-125.364951,50.282754],[-125.364396,50.283125],[-125.363957,50.283554],[-125.363648,50.284027],[-125.363479,50.284529],[-125.363424,50.284822],[-125.363352,50.284956],[-125.363239,50.285078],[-125.363089,50.285182],[-125.362908,50.285265],[-125.362495,50.28538],[-125.358716,50.286149],[-125.358342,50.286202],[-125.358152,50.286207],[-125.357964,50.286191],[-125.357599,50.286117],[-125.352702,50.284805],[-125.351694,50.284622],[-125.350647,50.284598],[-125.346987,50.284792],[-125.345977,50.284924],[-125.326106,50.289118],[-125.325732,50.289181],[-125.318991,50.290059],[-125.318129,50.290232],[-125.317341,50.290514],[-125.31666,50.290894],[-125.316116,50.291355],[-125.315732,50.291877],[-125.315524,50.292439],[-125.315501,50.293016],[-125.315664,50.293584],[-125.316006,50.294118],[-125.316328,50.294503],[-125.316498,50.294768],[-125.316537,50.294907],[-125.316532,50.295048],[-125.316481,50.295186],[-125.316387,50.295313],[-125.316254,50.295426],[-125.315915,50.295615],[-125.309819,50.29836],[-125.309578,50.298449],[-125.30887,50.298776],[-125.308277,50.299187],[-125.307824,50.299664],[-125.307528,50.30019],[-125.307461,50.30036],[-125.307373,50.30048],[-125.30725,50.300587],[-125.307097,50.300677],[-125.306738,50.300818],[-125.299243,50.303147],[-125.298904,50.303231],[-125.298548,50.303278],[-125.286699,50.304179],[-125.2863,50.304186],[-125.286104,50.304166],[-125.285728,50.30408],[-125.28502,50.303871],[-125.284211,50.303691],[-125.283364,50.303615],[-125.282509,50.303646],[-125.28168,50.303782],[-125.280908,50.304019],[-125.280223,50.304347],[-125.277492,50.305946],[-125.277165,50.306104],[-125.276983,50.306161],[-125.276788,50.306196],[-125.276586,50.306206],[-125.276384,50.306193],[-125.276191,50.306155],[-125.276011,50.306094],[-125.275614,50.305892],[-125.274859,50.305582],[-125.274021,50.305377],[-125.273136,50.305285],[-125.27224,50.305311],[-125.271371,50.305453],[-125.270565,50.305704],[-125.269856,50.306056],[-125.269275,50.306492],[-125.268007,50.30767],[-125.267724,50.307883],[-125.267555,50.307968],[-125.267362,50.30803],[-125.26694,50.308103],[-125.254902,50.309366],[-125.254452,50.309383],[-125.254232,50.309362],[-125.25381,50.309262],[-125.24696,50.30709],[-125.246141,50.306893],[-125.245277,50.306804],[-125.244402,50.306826],[-125.243552,50.306959],[-125.24276,50.307198],[-125.242703,50.30722],[-125.242494,50.307266],[-125.242274,50.307284],[-125.241826,50.307261],[-125.238801,50.3069],[-125.238428,50.306833],[-125.238255,50.30678],[-125.237942,50.306634],[-125.236407,50.305776],[-125.23609,50.305555],[-125.235974,50.305428],[-125.23583,50.305142],[-125.235101,50.302875],[-125.234875,50.302395],[-125.234518,50.301949],[-125.234043,50.30155],[-125.233463,50.301212],[-125.232106,50.300553],[-125.231778,50.300357],[-125.231215,50.299941],[-125.230526,50.2996],[-125.229746,50.299353],[-125.229557,50.299308],[-125.22936,50.299226],[-125.229027,50.299007],[-125.225959,50.29648],[-125.225744,50.296265],[-125.22567,50.296148],[-125.225631,50.296024],[-125.22563,50.296001],[-125.225547,50.295499],[-125.225324,50.295016],[-125.224969,50.294566],[-125.224493,50.294164],[-125.223912,50.293823],[-125.223419,50.293582],[-125.223281,50.293482],[-125.223068,50.29325],[-125.221631,50.291263],[-125.221487,50.290995],[-125.221459,50.290856],[-125.221477,50.290716],[-125.221538,50.290582],[-125.221641,50.290459],[-125.221925,50.29024],[-125.224159,50.288843],[-125.224729,50.288405],[-125.225149,50.287903],[-125.2254,50.287356],[-125.225552,50.286836],[-125.225625,50.286279],[-125.225523,50.285725],[-125.225251,50.285194],[-125.224819,50.284708],[-125.223139,50.283194],[-125.222932,50.282962],[-125.222865,50.282838],[-125.222837,50.282707],[-125.222861,50.28244],[-125.22353,50.279673],[-125.223663,50.279365],[-125.223903,50.279085],[-125.225094,50.278008],[-125.225371,50.277803],[-125.225535,50.277721],[-125.225722,50.277661],[-125.225923,50.277625],[-125.226132,50.277614],[-125.226339,50.27763],[-125.226565,50.277677],[-125.227305,50.277882],[-125.228148,50.277998],[-125.22901,50.278005],[-125.229858,50.277905],[-125.230659,50.2777],[-125.231381,50.277399],[-125.231997,50.277013],[-125.232483,50.276557],[-125.232819,50.27605],[-125.232992,50.27551],[-125.2335,50.272402],[-125.233584,50.272139],[-125.233664,50.272016],[-125.23378,50.271905],[-125.233927,50.271811],[-125.234099,50.271737],[-125.234291,50.271685],[-125.234703,50.27163],[-125.238014,50.271401],[-125.238536,50.2714],[-125.239206,50.271448],[-125.240028,50.271408],[-125.240823,50.27127],[-125.241564,50.271039],[-125.242224,50.270723],[-125.245382,50.268891],[-125.24571,50.268734],[-125.245891,50.268678],[-125.246086,50.268644],[-125.246533,50.268621],[-125.246861,50.268625],[-125.247668,50.268536],[-125.248436,50.268352],[-125.249136,50.26808],[-125.249744,50.267729],[-125.25024,50.267311],[-125.250605,50.266842],[-125.250827,50.266338],[-125.250864,50.266207],[-125.250933,50.265634],[-125.250818,50.265064],[-125.250523,50.264521],[-125.25006,50.264029],[-125.24945,50.263607],[-125.248718,50.263274],[-125.247895,50.263043],[-125.247015,50.262925],[-125.243708,50.262704],[-125.242778,50.262705],[-125.241908,50.262766],[-125.240999,50.262893],[-125.240153,50.26314],[-125.239408,50.263496],[-125.238798,50.263945],[-125.238349,50.264465],[-125.238322,50.264506],[-125.238203,50.264619],[-125.238051,50.264714],[-125.237872,50.264789],[-125.237674,50.264839],[-125.237464,50.264863],[-125.237032,50.264857],[-125.228067,50.264163],[-125.227186,50.264152],[-125.226319,50.264255],[-125.225502,50.264466],[-125.224767,50.264777],[-125.223044,50.265681],[-125.22268,50.265836],[-125.222481,50.265887],[-125.222269,50.265912],[-125.222054,50.26591],[-125.221844,50.26588],[-125.221647,50.265824],[-125.221292,50.265662],[-125.220272,50.265087],[-125.219976,50.264883],[-125.219864,50.264766],[-125.219791,50.264637],[-125.21976,50.264501],[-125.219795,50.264083],[-125.219787,50.264083],[-125.219817,50.263659],[-125.219656,50.263063],[-125.219298,50.262502],[-125.219002,50.262228],[-125.218781,50.26198],[-125.218646,50.261722],[-125.217841,50.259467],[-125.217489,50.258839],[-125.216913,50.258281],[-125.214275,50.256292],[-125.214004,50.256034],[-125.213919,50.255891],[-125.21385,50.255584],[-125.213796,50.254429],[-125.2137,50.253924],[-125.213462,50.253438],[-125.21309,50.252987],[-125.212597,50.252587],[-125.211998,50.252251],[-125.211314,50.251991],[-125.205537,50.250221],[-125.204543,50.250006],[-125.203497,50.249948],[-125.196854,50.250094],[-125.196445,50.250078],[-125.196249,50.250046],[-125.196065,50.249992],[-125.195902,50.249916],[-125.195621,50.249725],[-125.188847,50.244158],[-125.188428,50.243707],[-125.183689,50.236724],[-125.183303,50.236273],[-125.182793,50.235875],[-125.182178,50.235544],[-125.181479,50.235289],[-125.180719,50.235122],[-125.179923,50.235046],[-125.179119,50.235065],[-125.178985,50.235076],[-125.178569,50.235059],[-125.170719,50.23425],[-125.170153,50.234158],[-125.163625,50.232688],[-125.163212,50.232563],[-125.162849,50.232384],[-125.155729,50.228041],[-125.155424,50.22781],[-125.155317,50.227678],[-125.155194,50.227386],[-125.154953,50.226391],[-125.154929,50.226122],[-125.154957,50.225991],[-125.154992,50.225927],[-125.155187,50.225407],[-125.155224,50.224873],[-125.155101,50.224344],[-125.154823,50.22384],[-125.154401,50.223379],[-125.153849,50.222978],[-125.148716,50.219898],[-125.148425,50.219683],[-125.148318,50.219561],[-125.148252,50.219427],[-125.148231,50.219288],[-125.148254,50.219148],[-125.148321,50.219015],[-125.148569,50.218735],[-125.148894,50.218278],[-125.149086,50.217792],[-125.149139,50.217291],[-125.149051,50.216792],[-125.148909,50.216351],[-125.14892,50.216054],[-125.148843,50.215467],[-125.148576,50.214904],[-125.14813,50.214389],[-125.147526,50.213945],[-125.146352,50.213247],[-125.146121,50.213086],[-125.145933,50.212905],[-125.141027,50.207276],[-125.140862,50.207035],[-125.14077,50.206779],[-125.139975,50.202866],[-125.139961,50.202594],[-125.140007,50.202418],[-125.140205,50.201936],[-125.140248,50.201354],[-125.140225,50.201099],[-125.14027,50.200859],[-125.141135,50.198191],[-125.141224,50.197694],[-125.141174,50.197194],[-125.140985,50.196708],[-125.140664,50.196251],[-125.137545,50.192705],[-125.13736,50.192429],[-125.137317,50.192284],[-125.137324,50.192136],[-125.137438,50.191845],[-125.138026,50.190829],[-125.138199,50.190597],[-125.138316,50.190495],[-125.13846,50.190408],[-125.138627,50.19034],[-125.13881,50.190292],[-125.139004,50.190267],[-125.139243,50.190265],[-125.140061,50.190207],[-125.140847,50.190052],[-125.141573,50.189806],[-125.142215,50.189477],[-125.142749,50.189076],[-125.143156,50.188619],[-125.143422,50.188121],[-125.143538,50.1876],[-125.143498,50.187074],[-125.14346,50.186901],[-125.143471,50.186768],[-125.143573,50.186508],[-125.145155,50.183666],[-125.145321,50.183436],[-125.145434,50.183333],[-125.145718,50.183156],[-125.14784,50.182057],[-125.14821,50.181902],[-125.148625,50.181797],[-125.149071,50.181717],[-125.149875,50.181446],[-125.150575,50.181075],[-125.150886,50.180872],[-125.151459,50.180408],[-125.151866,50.179878],[-125.15209,50.179304],[-125.152121,50.178713],[-125.151957,50.178131],[-125.151307,50.176707],[-125.151226,50.176421],[-125.151239,50.17613],[-125.15167,50.1741],[-125.151766,50.173839],[-125.151852,50.173718],[-125.152095,50.173499],[-125.154932,50.17141],[-125.155226,50.171231],[-125.15545,50.171138],[-125.156127,50.170908],[-125.156811,50.170545],[-125.157365,50.170101],[-125.157768,50.169594],[-125.158003,50.169046],[-125.15806,50.168479],[-125.158044,50.168216],[-125.15808,50.168078],[-125.158242,50.167813],[-125.161212,50.164112],[-125.161441,50.163884],[-125.161587,50.163788],[-125.161758,50.163711],[-125.16195,50.163658],[-125.162154,50.163629],[-125.162363,50.163627],[-125.162569,50.16365],[-125.162764,50.163699],[-125.16294,50.16377],[-125.163247,50.163958],[-125.164451,50.164856],[-125.164705,50.165089],[-125.16479,50.165218],[-125.164833,50.165355],[-125.164832,50.165495],[-125.164738,50.165773],[-125.164578,50.166088],[-125.164393,50.166632],[-125.164379,50.167189],[-125.164539,50.167736],[-125.164864,50.168253],[-125.165343,50.168718],[-125.165956,50.169113],[-125.16668,50.169422],[-125.167484,50.169633],[-125.168339,50.169738],[-125.169208,50.169732],[-125.170059,50.169616],[-125.170856,50.169395],[-125.17134,50.169222],[-125.171499,50.169188],[-125.172373,50.168933],[-125.173138,50.168562],[-125.173307,50.168435],[-125.173311,50.168437],[-125.173802,50.168115],[-125.174313,50.167711],[-125.174698,50.167252],[-125.174944,50.166757],[-125.175042,50.16624],[-125.174989,50.165721],[-125.174787,50.165217],[-125.174442,50.164746],[-125.173967,50.164323],[-125.173444,50.163939],[-125.173205,50.163726],[-125.173093,50.163572],[-125.173075,50.163496],[-125.173071,50.163483],[-125.173059,50.163354],[-125.173116,50.163082],[-125.173189,50.162881],[-125.173227,50.162374],[-125.173122,50.161871],[-125.172876,50.161388],[-125.172421,50.16071],[-125.172294,50.160455],[-125.17227,50.160323],[-125.172286,50.160191],[-125.172341,50.160064],[-125.172434,50.159945],[-125.17269,50.159733],[-125.17462,50.158417],[-125.17496,50.158229],[-125.175154,50.15816],[-125.175584,50.158076],[-125.179314,50.157609],[-125.180157,50.157446],[-125.180931,50.157177],[-125.181605,50.156815],[-125.182152,50.156373],[-125.18255,50.15587],[-125.182782,50.155326],[-125.182839,50.154763],[-125.182718,50.154204],[-125.182425,50.153673],[-125.181977,50.153196],[-125.181882,50.153066],[-125.181779,50.152791],[-125.181497,50.151436],[-125.181481,50.151169],[-125.181513,50.151039],[-125.181584,50.150915],[-125.181799,50.150686],[-125.182417,50.150151],[-125.182822,50.149727],[-125.183102,50.149265],[-125.183251,50.148778],[-125.183264,50.148281],[-125.183139,50.147792],[-125.183015,50.147484],[-125.182939,50.147171],[-125.182896,50.14672],[-125.182677,50.146188],[-125.182466,50.145825],[-125.182432,50.145693],[-125.18244,50.145559],[-125.182488,50.145428],[-125.182575,50.145306],[-125.182697,50.145197],[-125.183087,50.144964],[-125.183669,50.144538],[-125.184104,50.144045],[-125.184376,50.143507],[-125.184473,50.142945],[-125.184487,50.141912],[-125.184533,50.14164],[-125.184596,50.141511],[-125.184697,50.141393],[-125.184971,50.141184],[-125.186923,50.139961],[-125.187235,50.139799],[-125.187409,50.139738],[-125.187895,50.139638],[-125.188084,50.139611],[-125.18883,50.139406],[-125.189503,50.139115],[-125.190081,50.13875],[-125.190543,50.138323],[-125.190874,50.137848],[-125.191062,50.137341],[-125.1911,50.136822],[-125.190988,50.136307],[-125.190909,50.136094],[-125.1909,50.135965],[-125.19093,50.135837],[-125.190996,50.135714],[-125.191097,50.135602],[-125.191229,50.135504],[-125.191388,50.135424],[-125.191525,50.135378],[-125.19223,50.135084],[-125.192834,50.134709],[-125.193314,50.134267],[-125.193653,50.133773],[-125.193838,50.133415],[-125.193933,50.133304],[-125.194059,50.133206],[-125.194212,50.133125],[-125.194384,50.133062],[-125.194572,50.133022],[-125.194769,50.133004],[-125.19517,50.133015],[-125.196335,50.133119],[-125.196752,50.133183],[-125.196944,50.13324],[-125.197115,50.133321],[-125.197258,50.133421],[-125.197341,50.133511],[-125.197878,50.13397],[-125.19855,50.134349],[-125.199328,50.134633],[-125.20018,50.134808],[-125.20107,50.134869],[-125.201961,50.134811],[-125.202288,50.134768],[-125.202497,50.134767],[-125.202703,50.134792],[-125.202787,50.134814],[-125.203525,50.134959],[-125.204292,50.135018],[-125.204395,50.13502],[-125.204596,50.135049],[-125.204784,50.135102],[-125.204953,50.135177],[-125.205097,50.135272],[-125.205324,50.135496],[-125.20541,50.135602],[-125.20586,50.136046],[-125.206432,50.136428],[-125.207106,50.136734],[-125.207859,50.136952],[-125.208662,50.137077],[-125.209487,50.137101],[-125.210305,50.137026],[-125.211086,50.136853],[-125.211127,50.136841],[-125.211882,50.136559],[-125.212535,50.136185],[-125.213058,50.135736],[-125.21343,50.135228],[-125.213638,50.134684],[-125.213671,50.134123],[-125.213656,50.133968],[-125.213787,50.131271],[-125.213742,50.130774],[-125.213559,50.130289],[-125.213246,50.129833],[-125.212811,50.12942],[-125.21007,50.12726],[-125.209849,50.12705],[-125.209771,50.126934],[-125.209728,50.126812],[-125.209719,50.126687],[-125.209774,50.126435],[-125.210189,50.125306],[-125.21033,50.125044],[-125.210438,50.124926],[-125.210581,50.124824],[-125.210752,50.124742],[-125.210946,50.124684],[-125.211367,50.124618],[-125.221617,50.123706],[-125.222024,50.123694],[-125.222223,50.123713],[-125.222556,50.123786],[-125.223375,50.123912],[-125.224216,50.123935],[-125.225049,50.123854],[-125.225841,50.123671],[-125.226565,50.123395],[-125.227191,50.123034],[-125.227698,50.122603],[-125.228066,50.122117],[-125.228282,50.121595],[-125.228337,50.121056],[-125.228229,50.120521],[-125.227963,50.120008],[-125.227862,50.119862],[-125.227412,50.11936],[-125.226811,50.118928],[-125.226083,50.118585],[-125.225262,50.118346],[-125.224381,50.11822],[-125.2241,50.118199],[-125.223896,50.118156],[-125.223709,50.118087],[-125.223548,50.117996],[-125.223453,50.117916],[-125.222913,50.117536],[-125.222275,50.117227],[-125.222101,50.117171],[-125.221503,50.116928],[-125.220192,50.116272],[-125.219863,50.116068],[-125.219737,50.115948],[-125.219654,50.115814],[-125.219578,50.115524],[-125.219486,50.114555],[-125.219342,50.11399],[-125.219022,50.113457],[-125.218539,50.112976],[-125.217913,50.112569],[-125.217342,50.112324],[-125.217096,50.112195],[-125.216962,50.112091],[-125.216862,50.111971],[-125.216801,50.111841],[-125.216782,50.111706],[-125.216804,50.111571],[-125.216867,50.111442],[-125.216968,50.111323],[-125.217233,50.111121],[-125.217755,50.110623],[-125.218099,50.110065],[-125.21825,50.109472],[-125.218368,50.108074],[-125.218317,50.107475],[-125.218069,50.106897],[-125.216979,50.105125],[-125.21659,50.104639],[-125.216061,50.10421],[-125.215412,50.103856],[-125.214668,50.103589],[-125.213857,50.103421],[-125.213011,50.103356],[-125.212161,50.103399],[-125.211341,50.103547],[-125.210581,50.103794],[-125.210366,50.103882],[-125.209905,50.103987],[-125.207079,50.104406],[-125.206608,50.104442],[-125.206376,50.104427],[-125.206155,50.104379],[-125.205748,50.104222],[-125.205493,50.104098],[-125.204795,50.103818],[-125.204028,50.103628],[-125.203218,50.103534],[-125.202395,50.103539],[-125.201866,50.103607],[-125.202073,50.103141],[-125.202141,50.102583],[-125.202034,50.102027],[-125.199636,50.095259],[-125.199352,50.094719],[-125.198903,50.094228],[-125.198308,50.093805],[-125.197592,50.093468],[-125.196784,50.093231],[-125.195918,50.093104],[-125.195732,50.093089],[-125.19535,50.093036],[-125.195171,50.092989],[-125.195009,50.092921],[-125.194868,50.092836],[-125.194636,50.092634],[-125.193786,50.091735],[-125.193246,50.091277],[-125.192571,50.090899],[-125.191791,50.090618],[-125.190937,50.090445],[-125.190046,50.090388],[-125.189156,50.090449],[-125.188304,50.090625],[-125.188133,50.090673],[-125.187373,50.090949],[-125.186715,50.091316],[-125.186183,50.091759],[-125.1858,50.092262],[-125.185552,50.092693],[-125.185356,50.093148],[-125.185281,50.093618],[-125.185332,50.094089],[-125.185946,50.096652],[-125.186169,50.097201],[-125.186559,50.09771],[-125.192623,50.103927],[-125.193155,50.104368],[-125.193814,50.104733],[-125.194573,50.105006],[-125.195401,50.105178],[-125.196865,50.10538],[-125.197733,50.105442],[-125.198603,50.105393],[-125.198758,50.105363],[-125.198727,50.105407],[-125.198533,50.105919],[-125.198527,50.106001],[-125.198408,50.106485],[-125.197849,50.107844],[-125.197699,50.108102],[-125.197587,50.108217],[-125.197442,50.108316],[-125.197269,50.108395],[-125.197076,50.10845],[-125.196869,50.10848],[-125.196657,50.108483],[-125.196448,50.108459],[-125.196251,50.108409],[-125.19589,50.108259],[-125.19105,50.105779],[-125.190423,50.105353],[-125.184503,50.099983],[-125.184255,50.099687],[-125.184125,50.099361],[-125.183637,50.09694],[-125.183428,50.096376],[-125.183043,50.095852],[-125.178255,50.090776],[-125.178064,50.090517],[-125.178013,50.090379],[-125.178007,50.090238],[-125.178087,50.089956],[-125.178648,50.088716],[-125.178797,50.088227],[-125.178808,50.087729],[-125.178682,50.087238],[-125.178422,50.086768],[-125.176385,50.083926],[-125.176127,50.083381],[-125.173166,50.071416],[-125.173127,50.071156],[-125.172449,50.057885],[-125.172344,50.05736],[-125.163241,50.03149],[-125.162929,50.03091],[-125.155654,50.021036],[-125.155264,50.020608],[-125.154762,50.020232],[-125.147938,50.015948],[-125.147613,50.015688],[-125.147394,50.015384],[-125.145769,50.012162],[-125.145673,50.011864],[-125.145677,50.011714],[-125.145788,50.011418],[-125.146467,50.010208],[-125.146641,50.00997],[-125.146883,50.009757],[-125.160767,49.99968],[-125.161048,49.99951],[-125.161371,49.999374],[-125.167354,49.99733],[-125.168065,49.997152],[-125.185785,49.994197],[-125.186193,49.994155],[-125.186397,49.994159],[-125.186596,49.994189],[-125.186973,49.994296],[-125.195824,49.997486],[-125.196157,49.997634],[-125.196297,49.997725],[-125.196523,49.997941],[-125.198734,50.000556],[-125.198898,50.000805],[-125.198941,50.000936],[-125.198943,50.001069],[-125.198866,50.001335],[-125.196704,50.006147],[-125.196561,50.006608],[-125.19654,50.007079],[-125.196642,50.007544],[-125.197454,50.009831],[-125.197502,50.01004],[-125.197501,50.010251],[-125.197028,50.014076],[-125.197043,50.014614],[-125.197217,50.015139],[-125.199121,50.019014],[-125.199215,50.01933],[-125.199194,50.019652],[-125.198361,50.022982],[-125.198317,50.023618],[-125.198497,50.024243],[-125.198892,50.024827],[-125.202379,50.028695],[-125.202945,50.029189],[-125.203665,50.029591],[-125.204505,50.029883],[-125.215354,50.032718],[-125.215812,50.032882],[-125.216194,50.033111],[-125.220669,50.036537],[-125.221024,50.03687],[-125.222625,50.038729],[-125.222785,50.038963],[-125.22283,50.039086],[-125.222848,50.039341],[-125.222707,50.041262],[-125.222644,50.041538],[-125.222571,50.041667],[-125.222459,50.041785],[-125.222162,50.041989],[-125.220896,50.042701],[-125.220569,50.04285],[-125.21991,50.043219],[-125.219379,50.043664],[-125.218998,50.044169],[-125.218781,50.044713],[-125.218738,50.045273],[-125.21887,50.045828],[-125.219171,50.046355],[-125.219631,50.046832],[-125.221333,50.048258],[-125.221585,50.048529],[-125.221659,50.048676],[-125.221678,50.04882],[-125.221829,50.049348],[-125.222134,50.049848],[-125.222582,50.050301],[-125.223157,50.050692],[-125.223837,50.051004],[-125.224598,50.051227],[-125.225411,50.051352],[-125.231792,50.051928],[-125.232219,50.051995],[-125.232414,50.052055],[-125.232587,50.052139],[-125.232729,50.052244],[-125.232946,50.052489],[-125.236472,50.05764],[-125.236612,50.057926],[-125.236633,50.058073],[-125.236604,50.058219],[-125.236446,50.058502],[-125.235995,50.059098],[-125.235701,50.059606],[-125.235565,50.060141],[-125.235593,50.060682],[-125.235783,50.061211],[-125.236128,50.061705],[-125.237467,50.063212],[-125.237631,50.063444],[-125.237678,50.063566],[-125.23769,50.063692],[-125.237641,50.063945],[-125.237259,50.065068],[-125.237131,50.065322],[-125.237032,50.065437],[-125.2369,50.065538],[-125.236741,50.065622],[-125.23656,50.065684],[-125.236364,50.065722],[-125.23616,50.065736],[-125.235955,50.065725],[-125.235555,50.065651],[-125.233749,50.065194],[-125.232913,50.065042],[-125.232047,50.064999],[-125.231184,50.065068],[-125.23036,50.065246],[-125.229608,50.065524],[-125.228957,50.065894],[-125.228707,50.066105],[-125.228407,50.066313],[-125.228234,50.066393],[-125.227719,50.066543],[-125.226912,50.066848],[-125.226225,50.067256],[-125.225691,50.06775],[-125.225333,50.068305],[-125.225205,50.068586],[-125.225048,50.068836],[-125.224935,50.068948],[-125.224791,50.069043],[-125.22462,50.069119],[-125.22443,50.069172],[-125.224228,50.069201],[-125.224021,50.069204],[-125.223816,50.069181],[-125.223623,50.069134],[-125.223447,50.069063],[-125.223141,50.068878],[-125.221364,50.067575],[-125.220714,50.067187],[-125.219954,50.066891],[-125.219116,50.0667],[-125.218236,50.066623],[-125.217349,50.066661],[-125.216494,50.066815],[-125.215704,50.067076],[-125.215013,50.067435],[-125.214451,50.067877],[-125.21404,50.068383],[-125.213797,50.068931],[-125.213732,50.0695],[-125.214074,50.076882],[-125.214176,50.077405],[-125.214429,50.077906],[-125.214823,50.078368],[-125.215346,50.078774],[-125.215978,50.079111],[-125.216697,50.079365],[-125.217477,50.079528],[-125.218292,50.079594],[-125.219111,50.079561],[-125.219171,50.079555],[-125.21937,50.079558],[-125.219564,50.079585],[-125.219934,50.079686],[-125.226448,50.081933],[-125.227288,50.082154],[-125.228181,50.082258],[-125.229088,50.082242],[-125.229875,50.08212],[-125.230138,50.082096],[-125.230352,50.082104],[-125.230772,50.082176],[-125.238766,50.084123],[-125.239182,50.084258],[-125.239359,50.084352],[-125.239648,50.084586],[-125.247502,50.092609],[-125.248012,50.093033],[-125.248639,50.093387],[-125.249359,50.093658],[-125.250147,50.093836],[-125.250973,50.093914],[-125.251807,50.093889],[-125.252618,50.093763],[-125.253378,50.093541],[-125.254057,50.093229],[-125.254631,50.09284],[-125.254644,50.092828],[-125.254801,50.092741],[-125.254981,50.092675],[-125.25538,50.092588],[-125.261375,50.091693],[-125.261835,50.091657],[-125.262062,50.091671],[-125.262504,50.091761],[-125.267468,50.093166],[-125.26783,50.093297],[-125.267987,50.093382],[-125.268115,50.093484],[-125.268308,50.09372],[-125.272716,50.100646],[-125.27313,50.101145],[-125.273692,50.10158],[-125.27438,50.101934],[-125.275164,50.102192],[-125.276013,50.102344],[-125.276892,50.102383],[-125.277743,50.102366],[-125.278143,50.102381],[-125.278335,50.102412],[-125.278515,50.102465],[-125.278842,50.102613],[-125.287283,50.107247],[-125.287613,50.107474],[-125.287856,50.107742],[-125.290281,50.111277],[-125.290699,50.111753],[-125.291254,50.112169],[-125.291924,50.112507],[-125.292684,50.112755],[-125.298091,50.11411],[-125.298463,50.114231],[-125.298626,50.114312],[-125.2989,50.114514],[-125.302016,50.117319],[-125.302408,50.117788],[-125.307225,50.125901],[-125.307566,50.126351],[-125.308028,50.126755],[-125.308595,50.127099],[-125.312841,50.129253],[-125.31319,50.129475],[-125.313451,50.129742],[-125.314113,50.130629],[-125.314578,50.131117],[-125.315188,50.131534],[-125.315917,50.131863],[-125.316736,50.13209],[-125.321632,50.133079],[-125.322501,50.133194],[-125.323389,50.133194],[-125.324258,50.133079],[-125.325073,50.132853],[-125.329832,50.131147],[-125.330219,50.131038],[-125.330422,50.131009],[-125.33063,50.131006],[-125.330835,50.131029],[-125.33103,50.131077],[-125.331206,50.131148],[-125.331357,50.13124],[-125.331478,50.131349],[-125.331651,50.131596],[-125.33288,50.133931],[-125.333233,50.134432],[-125.333733,50.13488],[-125.33436,50.135256],[-125.335089,50.135546],[-125.335893,50.135739],[-125.336466,50.135799],[-125.336566,50.135815],[-125.337529,50.135902],[-125.338497,50.13585],[-125.339357,50.135675],[-125.339816,50.135609],[-125.346906,50.135063],[-125.347352,50.135058],[-125.347568,50.135085],[-125.34777,50.135139],[-125.347951,50.135219],[-125.348103,50.135321],[-125.348219,50.13544],[-125.348372,50.135708],[-125.349017,50.137343],[-125.349306,50.137858],[-125.349746,50.138326],[-125.350319,50.138731],[-125.35058,50.138855],[-125.35094,50.139058],[-125.351061,50.139157],[-125.351245,50.139383],[-125.352373,50.141141],[-125.352499,50.141415],[-125.352536,50.141699],[-125.352445,50.14443],[-125.352396,50.144696],[-125.352333,50.144822],[-125.352233,50.144937],[-125.352101,50.145039],[-125.352074,50.145053],[-125.351459,50.145444],[-125.350976,50.145905],[-125.350645,50.146418],[-125.350478,50.146962],[-125.350483,50.147518],[-125.351616,50.1544],[-125.351624,50.154633],[-125.351571,50.154863],[-125.350324,50.158277],[-125.350176,50.15855],[-125.350062,50.158672],[-125.34991,50.158776],[-125.349728,50.158858],[-125.349524,50.158914],[-125.349305,50.158941],[-125.348854,50.158937],[-125.341753,50.158393],[-125.341282,50.158322],[-125.340934,50.158213],[-125.340522,50.158039],[-125.339745,50.157834],[-125.338921,50.157729],[-125.338081,50.157727],[-125.337256,50.157828],[-125.336476,50.158028],[-125.335771,50.158321],[-125.335166,50.158694],[-125.334684,50.159135],[-125.334343,50.159627],[-125.333665,50.16093],[-125.33346,50.161548],[-125.333478,50.162179],[-125.333716,50.162792],[-125.335001,50.164999],[-125.335374,50.165488],[-125.335888,50.165922],[-125.336524,50.166283],[-125.337257,50.166559],[-125.33806,50.166738],[-125.340279,50.167084],[-125.340735,50.167191],[-125.341143,50.16736],[-125.346925,50.170407],[-125.347359,50.170683],[-125.354234,50.175964],[-125.354497,50.176218],[-125.354667,50.176502],[-125.355631,50.178868],[-125.355698,50.179142],[-125.355688,50.179279],[-125.355636,50.179412],[-125.355544,50.179536],[-125.355283,50.179757],[-125.352893,50.181413],[-125.352538,50.181611],[-125.352334,50.181681],[-125.352112,50.181722],[-125.351642,50.181741],[-125.347054,50.181605],[-125.346595,50.18156],[-125.346381,50.181507],[-125.34619,50.181426],[-125.345866,50.181212],[-125.343777,50.179505],[-125.343557,50.179285],[-125.343482,50.179165],[-125.343443,50.179039],[-125.343441,50.178844],[-125.343347,50.178284],[-125.34308,50.177747],[-125.34265,50.177255],[-125.342074,50.176829],[-125.341377,50.176485],[-125.340758,50.176239],[-125.340452,50.176092],[-125.340306,50.175992],[-125.339629,50.175614],[-125.338845,50.175333],[-125.337989,50.175161],[-125.337096,50.175105],[-125.336203,50.175166],[-125.335349,50.175344],[-125.33457,50.175629],[-125.333898,50.176011],[-125.333363,50.176472],[-125.332986,50.176994],[-125.332828,50.177288],[-125.332714,50.17741],[-125.332563,50.177515],[-125.332381,50.177597],[-125.331898,50.177729],[-125.331617,50.177785],[-125.330829,50.178065],[-125.330147,50.178444],[-125.329602,50.178903],[-125.329215,50.179425],[-125.329004,50.179986],[-125.328977,50.180564],[-125.329137,50.181132],[-125.329475,50.181667],[-125.331245,50.183802],[-125.331796,50.184318],[-125.332512,50.184743],[-125.333359,50.185055],[-125.333673,50.185142],[-125.333848,50.185221],[-125.333995,50.18532],[-125.334109,50.185436],[-125.334184,50.185565],[-125.334253,50.185839],[-125.334255,50.185869],[-125.334378,50.186382],[-125.334646,50.186872],[-125.335051,50.187321],[-125.335578,50.187715],[-125.343763,50.192785],[-125.344206,50.193124],[-125.349985,50.198645],[-125.350332,50.199078],[-125.355032,50.207129],[-125.355462,50.207675],[-125.356066,50.208148],[-125.356817,50.208525],[-125.357897,50.208955],[-125.35823,50.209118],[-125.358368,50.209217],[-125.358472,50.209332],[-125.358541,50.209457],[-125.358571,50.209588],[-125.35856,50.20972],[-125.35851,50.209849],[-125.358333,50.210092],[-125.357486,50.211009],[-125.357108,50.211536],[-125.356908,50.212101],[-125.356895,50.212681],[-125.357069,50.213249],[-125.35794,50.215072],[-125.358329,50.215647],[-125.358909,50.216152],[-125.364157,50.219785],[-125.364413,50.220002],[-125.364505,50.220123],[-125.364613,50.220386],[-125.365115,50.222411],[-125.365331,50.222941],[-125.365705,50.223434],[-125.366221,50.22387],[-125.366861,50.224234],[-125.367304,50.22444],[-125.367451,50.224544],[-125.367561,50.224664],[-125.367632,50.224795],[-125.367688,50.225076],[-125.367842,50.229223],[-125.367911,50.229657],[-125.368086,50.230079],[-125.369491,50.23265],[-125.369591,50.232914],[-125.369609,50.233185],[-125.369184,50.238148],[-125.369292,50.238938],[-125.371202,50.244157],[-125.371258,50.244447],[-125.371239,50.24459],[-125.371173,50.244728],[-125.371064,50.244853],[-125.370764,50.245073],[-125.36939,50.245887],[-125.368799,50.246317],[-125.368357,50.246815],[-125.368083,50.24736],[-125.367989,50.24793],[-125.367988,50.248127],[-125.367949,50.248254],[-125.367874,50.248375],[-125.367764,50.248484],[-125.367624,50.248578],[-125.367458,50.248654],[-125.367084,50.248764],[-125.364626,50.249312],[-125.364185,50.249378],[-125.363962,50.249381],[-125.363743,50.249355],[-125.363537,50.2493],[-125.363164,50.249135],[-125.357309,50.245919],[-125.357018,50.245724],[-125.356801,50.245508],[-125.356285,50.245088],[-125.355653,50.244739],[-125.354929,50.244472],[-125.354139,50.244298],[-125.353312,50.244224],[-125.352612,50.244204],[-125.351726,50.244237],[-125.350869,50.244383],[-125.350076,50.244637],[-125.34938,50.244988],[-125.348862,50.245309],[-125.348534,50.245475],[-125.348351,50.245536],[-125.34795,50.245612],[-125.334898,50.247219],[-125.334453,50.247244],[-125.334235,50.247227],[-125.334027,50.247183],[-125.333837,50.247112],[-125.333674,50.247017],[-125.333545,50.246904],[-125.333269,50.246512],[-125.333258,50.246516],[-125.333098,50.246281],[-125.332659,50.245862],[-125.332109,50.245501],[-125.331466,50.245209],[-125.327564,50.243754],[-125.326763,50.243521],[-125.325906,50.243395],[-125.322341,50.243109],[-125.321523,50.243093],[-125.320714,50.243174],[-125.319943,50.243351],[-125.319238,50.243616],[-125.318622,50.243961],[-125.318117,50.244373],[-125.317741,50.244838],[-125.317508,50.24534],[-125.317478,50.245437],[-125.317401,50.245558],[-125.317289,50.245668],[-125.317147,50.245762],[-125.316807,50.245914],[-125.315838,50.246265],[-125.315116,50.246593],[-125.314511,50.247007],[-125.314049,50.247491],[-125.314024,50.247535],[-125.313774,50.24787],[-125.313479,50.248393],[-125.313352,50.248943],[-125.313397,50.249498],[-125.313614,50.250036],[-125.313993,50.250537],[-125.315727,50.252345],[-125.316004,50.252711],[-125.316151,50.252972],[-125.316586,50.253437],[-125.317153,50.253839],[-125.317832,50.254164],[-125.318316,50.254352],[-125.321352,50.255807],[-125.321669,50.255993],[-125.321794,50.256103],[-125.321883,50.256226],[-125.321927,50.256346],[-125.322225,50.256889],[-125.322689,50.257381],[-125.323302,50.257803],[-125.324037,50.258135],[-125.324862,50.258364],[-125.325743,50.25848],[-125.326643,50.258479],[-125.327376,50.258429],[-125.334482,50.258353],[-125.33496,50.25837],[-125.345075,50.259211],[-125.345458,50.259265],[-125.345637,50.259313],[-125.345799,50.259382],[-125.345939,50.259467],[-125.34617,50.25967],[-125.349251,50.262967],[-125.349873,50.263484],[-125.350666,50.263895],[-125.35579,50.265969],[-125.356114,50.266129],[-125.356248,50.266226],[-125.356352,50.266337],[-125.356471,50.266548],[-125.356614,50.266901],[-125.356987,50.267392],[-125.357502,50.267828],[-125.35814,50.268192],[-125.358876,50.26847],[-125.36264,50.269586],[-125.363017,50.269729],[-125.363177,50.269822],[-125.363502,50.270107],[-125.364151,50.27056],[-125.36494,50.270912],[-125.365831,50.271145],[-125.366779,50.271248],[-125.374458,50.271535],[-125.374862,50.271574],[-125.375052,50.271617],[-125.375404,50.271748],[-125.377683,50.272792],[-125.378002,50.272971],[-125.378188,50.273125],[-125.378558,50.2735],[-125.379164,50.273906],[-125.379886,50.274226],[-125.380693,50.274448],[-125.381308,50.27453],[-125.381307,50.274531],[-125.381953,50.274617],[-125.382151,50.274672],[-125.382328,50.274751],[-125.38263,50.274954],[-125.384307,50.276338],[-125.384543,50.276581],[-125.384618,50.276713],[-125.38465,50.276852]],[[-125.2117531,50.2939273],[-125.2117403,50.2940225],[-125.2112867,50.2955968],[-125.2112636,50.295836],[-125.2113853,50.2971572],[-125.2113797,50.2972528],[-125.2113627,50.2972988],[-125.211301,50.297386],[-125.2098645,50.2989843],[-125.2097822,50.299059],[-125.2097317,50.2990905],[-125.2096128,50.2991412],[-125.2053855,50.3006052],[-125.2052411,50.3006438],[-125.2050875,50.300663],[-125.2000062,50.3009644],[-125.1996719,50.3010081],[-125.1993604,50.3010972],[-125.1990867,50.3012274],[-125.1988637,50.3013924],[-125.1984406,50.3017853],[-125.1983539,50.3018524],[-125.1983025,50.3018802],[-125.198185,50.3019242],[-125.1955274,50.3027272],[-125.1953401,50.3027717],[-125.1844492,50.3047026],[-125.1841985,50.3047622],[-125.1839675,50.3048483],[-125.1837628,50.3049582],[-125.1826537,50.305666],[-125.1825511,50.3057211],[-125.1824351,50.305764],[-125.1801976,50.3064361],[-125.1798813,50.3065626],[-125.179621,50.3067334],[-125.1781917,50.3079285],[-125.1780763,50.308006],[-125.1779374,50.3080658],[-125.1763687,50.3085945],[-125.1761295,50.308694],[-125.1759226,50.3088196],[-125.1757549,50.3089672],[-125.1756321,50.3091318],[-125.1755582,50.3093079],[-125.1755358,50.3094896],[-125.1755497,50.3101843],[-125.1755401,50.3102686],[-125.1755243,50.3103092],[-125.1754712,50.3103866],[-125.1745013,50.3115243],[-125.1744116,50.3116079],[-125.1743551,50.3116425],[-125.1742889,50.311669],[-125.1741401,50.3117043],[-125.1733923,50.3118276],[-125.173221,50.311843],[-125.1731364,50.3118386],[-125.1729715,50.3118052],[-125.169207,50.3107366],[-125.1690825,50.310692],[-125.1690283,50.3106632],[-125.1689369,50.3105929],[-125.1688296,50.310495],[-125.1685986,50.3103557],[-125.1683282,50.3102492],[-125.1680296,50.3101798],[-125.1677152,50.3101504],[-125.167398,50.3101623],[-125.166789,50.3102251],[-125.1664794,50.3102784],[-125.1661934,50.3103708],[-125.165943,50.3104986],[-125.1657387,50.3106564],[-125.1655891,50.3108375],[-125.1655005,50.3110342],[-125.1653871,50.3114389],[-125.1653493,50.3115265],[-125.1653186,50.3115668],[-125.1652769,50.311603],[-125.1651254,50.3116935],[-125.1649255,50.3118385],[-125.1647732,50.3120055],[-125.1646741,50.312188],[-125.164632,50.3123793],[-125.1646483,50.3125722],[-125.1647226,50.3127595],[-125.164852,50.3129341],[-125.1650317,50.3130895],[-125.1650518,50.3131012],[-125.1651965,50.3132026],[-125.1652342,50.3132417],[-125.1652598,50.3132846],[-125.1652724,50.3133298],[-125.1652716,50.3133757],[-125.1652574,50.3134207],[-125.1652303,50.3134632],[-125.1651912,50.3135018],[-125.1650908,50.313569],[-125.1630915,50.314678],[-125.1628587,50.314839],[-125.1626865,50.3150287],[-125.1625834,50.3152377],[-125.1623375,50.3160322],[-125.1622957,50.3161217],[-125.1622625,50.3161627],[-125.162172,50.3162361],[-125.1618827,50.3164301],[-125.1617073,50.3165714],[-125.1615745,50.3167305],[-125.1614888,50.3169022],[-125.1614529,50.317081],[-125.161363,50.3186233],[-125.1613446,50.3187139],[-125.1613228,50.3187568],[-125.1612544,50.3188371],[-125.1585679,50.3213971],[-125.1584941,50.3214569],[-125.158407,50.3215088],[-125.1549827,50.3232547],[-125.1547254,50.3233542],[-125.1465408,50.3256604],[-125.1463456,50.3257027],[-125.1431543,50.3261996],[-125.1429892,50.3262136],[-125.1428233,50.3262047],[-125.1393093,50.3257711],[-125.1389847,50.3257531],[-125.1386614,50.3257785],[-125.1383533,50.3258461],[-125.1380739,50.325953],[-125.1378353,50.3260946],[-125.136204,50.3272877],[-125.1360951,50.3273533],[-125.1360326,50.3273785],[-125.135893,50.3274132],[-125.1315723,50.3281882],[-125.1314372,50.3282044],[-125.1312999,50.3282051],[-125.127931,50.3280328],[-125.1277705,50.3280136],[-125.1276199,50.3279734],[-125.1247657,50.3269744],[-125.1246295,50.3269138],[-125.1245166,50.3268361],[-125.1223237,50.3249576],[-125.1220908,50.324798],[-125.1218091,50.3246745],[-125.1214921,50.3245931],[-125.121155,50.3245575],[-125.1198176,50.3245114],[-125.1196824,50.3244991],[-125.1196182,50.3244856],[-125.1194979,50.3244443],[-125.1137671,50.3220385],[-125.1136362,50.3219694],[-125.113585,50.3219272],[-125.1135126,50.3218291],[-125.1132596,50.3213584],[-125.1131042,50.3211509],[-125.1128786,50.3209717],[-125.1110107,50.3197959],[-125.1109287,50.3197352],[-125.110863,50.3196668],[-125.1098531,50.318395],[-125.1097588,50.3182311],[-125.1079023,50.3132773],[-125.1078811,50.3131578],[-125.1079057,50.3130387],[-125.1082229,50.3122544],[-125.1082743,50.3121644],[-125.1083309,50.3121045],[-125.1084744,50.3119807],[-125.1086059,50.3118014],[-125.1086794,50.3116091],[-125.108692,50.3114113],[-125.1086432,50.3112158],[-125.1076489,50.3088037],[-125.1076265,50.3087224],[-125.107626,50.3086815],[-125.1076464,50.3086],[-125.1087959,50.3056231],[-125.1088398,50.3054288],[-125.1088233,50.3052327],[-125.1087469,50.3050425],[-125.1086137,50.3048656],[-125.1084289,50.3047087],[-125.1081995,50.304578],[-125.1079345,50.3044785],[-125.1078869,50.3044644],[-125.1075338,50.3043913],[-125.1071636,50.3043734],[-125.1071294,50.3043743],[-125.1070559,50.3043672],[-125.106914,50.3043346],[-125.1045502,50.3036188],[-125.1044058,50.303562],[-125.104346,50.3035248],[-125.104253,50.3034342],[-125.1030754,50.301954],[-125.1029403,50.301814],[-125.1027709,50.3016901],[-125.102572,50.3015857],[-125.1010405,50.3009084],[-125.1009419,50.3008567],[-125.1009003,50.3008263],[-125.1008331,50.300757],[-125.0999838,50.2996954],[-125.0998343,50.2995438],[-125.0996446,50.2994117],[-125.0963606,50.2975014],[-125.0962482,50.2974199],[-125.0961664,50.2973247],[-125.0946936,50.2950516],[-125.0945508,50.2948806],[-125.0943591,50.2947304],[-125.0941254,50.2946067],[-125.0926143,50.2939539],[-125.0924981,50.2938923],[-125.0924027,50.2938175],[-125.0914578,50.292909],[-125.0913732,50.292801],[-125.0913322,50.2926831],[-125.091088,50.2910673],[-125.0910867,50.2909808],[-125.0911091,50.2908955],[-125.0916423,50.2895764],[-125.0916964,50.2894827],[-125.0917371,50.2894409],[-125.0918444,50.2893683],[-125.0919632,50.2893028],[-125.0921725,50.2891623],[-125.0923353,50.2889986],[-125.0924455,50.2888179],[-125.0924989,50.288627],[-125.0924934,50.2884331],[-125.0923835,50.2878267],[-125.0923254,50.2876492],[-125.092218,50.2874814],[-125.090463,50.2853234],[-125.0903708,50.2851716],[-125.0900366,50.2843711],[-125.0900107,50.2842562],[-125.0900274,50.2841406],[-125.0900933,50.2839429],[-125.0901273,50.2837522],[-125.0901035,50.2835608],[-125.0900228,50.2833759],[-125.0898882,50.2832043],[-125.0897597,50.2830736],[-125.0896926,50.282988],[-125.0896728,50.2829424],[-125.0896671,50.2828953],[-125.0896756,50.2828484],[-125.0896981,50.2828034],[-125.0897703,50.2827195],[-125.0903164,50.2822086],[-125.0904738,50.2820211],[-125.0905655,50.2818165],[-125.0905871,50.2816041],[-125.0905377,50.2813937],[-125.0904197,50.2811947],[-125.0902424,50.2809713],[-125.0901923,50.2808917],[-125.0901785,50.2808502],[-125.0901735,50.2807644],[-125.0902384,50.2799346],[-125.0902202,50.2797252],[-125.0901339,50.2795229],[-125.0899834,50.2793366],[-125.0893229,50.278695],[-125.0892565,50.2786156],[-125.0892136,50.2785298],[-125.0885049,50.2764899],[-125.0884777,50.2763506],[-125.0882122,50.2707444],[-125.0882214,50.2706516],[-125.0882393,50.2706071],[-125.0882699,50.2705655],[-125.0883553,50.2704901],[-125.0907886,50.2687204],[-125.0908942,50.2686568],[-125.0909546,50.2686321],[-125.0910211,50.2686151],[-125.0910914,50.2686062],[-125.0912365,50.2686055],[-125.0918797,50.2686411],[-125.0921811,50.2686391],[-125.0924762,50.2686001],[-125.0927541,50.2685256],[-125.0930044,50.2684183],[-125.0932178,50.2682823],[-125.0933864,50.2681226],[-125.0949014,50.2663364],[-125.0950105,50.2661752],[-125.0950738,50.2660043],[-125.0956128,50.2636331],[-125.0956684,50.2634897],[-125.0983237,50.2587256],[-125.0984101,50.2584632],[-125.0985739,50.2570235],[-125.09863,50.256843],[-125.1003233,50.2535733],[-125.1003822,50.2534808],[-125.1022442,50.2510369],[-125.1023281,50.2509506],[-125.1023821,50.2509143],[-125.1025128,50.2508566],[-125.1025629,50.2508391],[-125.1028011,50.2507363],[-125.1030057,50.2506073],[-125.1031699,50.2504566],[-125.1032881,50.2502891],[-125.1033563,50.2501106],[-125.1035216,50.2493975],[-125.1035646,50.2492928],[-125.1036422,50.2491965],[-125.1055076,50.2473978],[-125.1056162,50.2473146],[-125.1056823,50.247282],[-125.105836,50.2472362],[-125.1077763,50.2468157],[-125.1080508,50.2467366],[-125.1082964,50.2466252],[-125.108504,50.2464858],[-125.1086659,50.2463234],[-125.1087759,50.2461442],[-125.1088301,50.2459548],[-125.1088431,50.2458564],[-125.1088628,50.2458117],[-125.1088952,50.2457702],[-125.1089393,50.2457334],[-125.1089934,50.2457026],[-125.1090557,50.2456788],[-125.1091937,50.2456467],[-125.1109414,50.2453566],[-125.1112092,50.245295],[-125.1114551,50.2452034],[-125.1116708,50.2450846],[-125.113629,50.2437901],[-125.1137388,50.2437299],[-125.1138007,50.2437071],[-125.1138682,50.2436921],[-125.1140112,50.2436784],[-125.1192356,50.2434936],[-125.1195276,50.2434654],[-125.1198061,50.2434024],[-125.1200611,50.243307],[-125.1202834,50.2431826],[-125.120465,50.2430337],[-125.1205994,50.2428655],[-125.1206819,50.2426841],[-125.1207163,50.2425685],[-125.1207494,50.2425195],[-125.1208979,50.2423887],[-125.1210549,50.2422166],[-125.1211552,50.2420281],[-125.121195,50.2418305],[-125.1211727,50.2416318],[-125.1211588,50.2415808],[-125.1211476,50.2414842],[-125.1211567,50.2414367],[-125.12118,50.2413913],[-125.1212493,50.2413127],[-125.1213806,50.2411178],[-125.1214444,50.2409095],[-125.1214379,50.2406974],[-125.1213615,50.2404909],[-125.1212329,50.2403187],[-125.1212004,50.2402633],[-125.1211882,50.2402167],[-125.1211904,50.2401694],[-125.1212067,50.2401232],[-125.1212673,50.2400355],[-125.1220051,50.2391975],[-125.1220858,50.2391227],[-125.1221356,50.2390911],[-125.1221936,50.2390657],[-125.1222578,50.2390476],[-125.1223261,50.2390372],[-125.122468,50.2390327],[-125.1248998,50.2390987],[-125.1250505,50.2391124],[-125.1251214,50.2391283],[-125.125186,50.2391527],[-125.1252419,50.2391848],[-125.1253333,50.2392626],[-125.125367,50.2392982],[-125.1255441,50.2394503],[-125.1257629,50.2395781],[-125.1260156,50.2396772],[-125.126293,50.2397439],[-125.1265852,50.2397759],[-125.1268815,50.2397719],[-125.1269718,50.2397651],[-125.1271183,50.239772],[-125.1314612,50.2402441],[-125.1317727,50.2402577],[-125.1320822,50.2402313],[-125.1323772,50.2401661],[-125.1326461,50.2400646],[-125.1328779,50.2399308],[-125.1330225,50.2398289],[-125.1330813,50.2398008],[-125.1331474,50.2397804],[-125.1332184,50.2397684],[-125.1332916,50.2397653],[-125.1333644,50.2397712],[-125.1334342,50.2397859],[-125.1334982,50.2398089],[-125.1336211,50.2398754],[-125.133883,50.2399902],[-125.1341758,50.2400687],[-125.1344874,50.2401076],[-125.1348048,50.2401054],[-125.135115,50.2400621],[-125.1354051,50.2399796],[-125.135663,50.2398612],[-125.1358781,50.2397118],[-125.1360414,50.2395377],[-125.1361463,50.2393461],[-125.1361883,50.2391448],[-125.1361657,50.2389423],[-125.1361485,50.2388791],[-125.136137,50.2387864],[-125.1361447,50.2387408],[-125.1361657,50.2386969],[-125.1361991,50.2386562],[-125.1362437,50.2386203],[-125.1362981,50.2385903],[-125.136424,50.2385438],[-125.1379572,50.2380939],[-125.138102,50.238062],[-125.1381768,50.2380556],[-125.1383916,50.2380645],[-125.1387155,50.2380563],[-125.1390297,50.2380054],[-125.1393207,50.2379141],[-125.1395759,50.2377864],[-125.1397209,50.2376759],[-125.1398129,50.2376186],[-125.1398784,50.2375918],[-125.140026,50.2375559],[-125.1403701,50.2374969],[-125.1406693,50.2374239],[-125.1409388,50.2373133],[-125.1411673,50.2371698],[-125.1413453,50.2369995],[-125.1414651,50.2368096],[-125.1415217,50.236608],[-125.1415128,50.2364033],[-125.1414388,50.236204],[-125.1412132,50.2357913],[-125.141181,50.2357118],[-125.1411754,50.2356712],[-125.1411854,50.2355893],[-125.1413534,50.2349264],[-125.14139,50.2348364],[-125.1414207,50.2347949],[-125.141463,50.2347578],[-125.141569,50.2346942],[-125.1438104,50.233583],[-125.1439394,50.2335311],[-125.1440097,50.233514],[-125.1440838,50.233506],[-125.144159,50.2335074],[-125.1442322,50.2335183],[-125.1443388,50.233549],[-125.1446519,50.2336149],[-125.1449796,50.2336373],[-125.1453074,50.2336151],[-125.1456205,50.2335494],[-125.145905,50.233443],[-125.1461483,50.2333007],[-125.1478015,50.2321056],[-125.1479264,50.232033],[-125.1479985,50.2320067],[-125.1480777,50.231991],[-125.1482459,50.2319822],[-125.1492064,50.231999],[-125.1494976,50.2319866],[-125.1497801,50.2319397],[-125.150044,50.23186],[-125.1502801,50.2317502],[-125.1504801,50.2316142],[-125.1506369,50.2314567],[-125.1507452,50.2312833],[-125.150801,50.2311001],[-125.1508349,50.2308809],[-125.1508618,50.2307918],[-125.1508874,50.23075],[-125.1509245,50.2307119],[-125.1509718,50.2306788],[-125.1510277,50.2306517],[-125.1511547,50.230611],[-125.1520535,50.2303863],[-125.1522064,50.2303593],[-125.1522845,50.230356],[-125.1523619,50.230363],[-125.1524355,50.23038],[-125.1525707,50.2304332],[-125.1534452,50.2308617],[-125.153638,50.2309774],[-125.153868,50.2310915],[-125.1541271,50.2311764],[-125.1544064,50.231229],[-125.1545577,50.2312386],[-125.1546964,50.2312574],[-125.1547672,50.2312771],[-125.1548954,50.2313349],[-125.1562199,50.2320707],[-125.156321,50.2321386],[-125.1563601,50.2321775],[-125.1563871,50.2322205],[-125.156401,50.2322659],[-125.1564013,50.2323122],[-125.156388,50.2323577],[-125.1563615,50.2324007],[-125.1562832,50.23248],[-125.1555338,50.2330997],[-125.1553605,50.2332796],[-125.1552503,50.2334788],[-125.1552082,50.2336884],[-125.155236,50.233899],[-125.1553326,50.2341011],[-125.155355,50.2341348],[-125.1553702,50.2341783],[-125.1553729,50.2342228],[-125.1553528,50.2343121],[-125.1551407,50.2348805],[-125.1550933,50.2349629],[-125.1550153,50.235157],[-125.1549994,50.2353572],[-125.1550465,50.2355554],[-125.1551545,50.2357435],[-125.1553191,50.2359141],[-125.1555338,50.2360601],[-125.1556962,50.2361335],[-125.1556938,50.2361357],[-125.1564983,50.2364964],[-125.1566181,50.2365628],[-125.1566655,50.2366025],[-125.1566993,50.2366475],[-125.156718,50.236696],[-125.1567209,50.2367459],[-125.1566945,50.2368459],[-125.156604,50.2370549],[-125.1565513,50.2372504],[-125.1565602,50.2374486],[-125.1566301,50.2376419],[-125.1567585,50.2378224],[-125.1568514,50.2379046],[-125.1569494,50.2380124],[-125.1571257,50.2381691],[-125.1573459,50.2383013],[-125.1576017,50.2384038],[-125.1578837,50.2384728],[-125.1581811,50.2385058],[-125.158483,50.2385016],[-125.1585623,50.2384955],[-125.1586376,50.2384993],[-125.1587102,50.2385125],[-125.1587774,50.2385346],[-125.1588972,50.2385956],[-125.1595289,50.2389882],[-125.1596238,50.2390596],[-125.1596595,50.2390998],[-125.1596827,50.2391436],[-125.1596926,50.2391894],[-125.1596889,50.2392356],[-125.1596717,50.2392805],[-125.1596416,50.2393226],[-125.1595997,50.2393602],[-125.1595899,50.2393662],[-125.1593703,50.2395337],[-125.159213,50.2397277],[-125.1591255,50.2399389],[-125.1591121,50.2401573],[-125.1591438,50.2404454],[-125.1591403,50.240539],[-125.159125,50.2405842],[-125.1590967,50.2406268],[-125.1590564,50.2406651],[-125.1589534,50.2407317],[-125.1587202,50.2408562],[-125.1585028,50.2409981],[-125.1583337,50.2411648],[-125.1582195,50.2413495],[-125.1581649,50.2415451],[-125.1581719,50.2417437],[-125.1582403,50.2419375],[-125.1583674,50.2421188],[-125.1585482,50.2422804],[-125.1587754,50.2424158],[-125.1590401,50.2425198],[-125.1593318,50.2425882],[-125.1602881,50.2427455],[-125.1604395,50.2427815],[-125.1605067,50.2428087],[-125.1605069,50.2428088],[-125.1607686,50.2429406],[-125.1610681,50.2430338],[-125.1613917,50.2430842],[-125.1617247,50.2430896],[-125.1620519,50.2430496],[-125.1622545,50.2430101],[-125.1623284,50.2430053],[-125.1624024,50.2430097],[-125.1625468,50.243037],[-125.1640687,50.2434313],[-125.1641974,50.243474],[-125.1642538,50.2435023],[-125.1643492,50.2435721],[-125.1663112,50.245314],[-125.1663882,50.245399],[-125.1664125,50.2454449],[-125.1664222,50.2454929],[-125.1664059,50.2456403],[-125.166406,50.2456403],[-125.1663898,50.2457845],[-125.1664277,50.2459782],[-125.1665238,50.2461634],[-125.1666744,50.2463331],[-125.1668738,50.2464808],[-125.1671144,50.2466009],[-125.1673869,50.2466887],[-125.1676809,50.2467409],[-125.1679853,50.2467556],[-125.1682882,50.246732],[-125.1685782,50.2466712],[-125.1686113,50.2466619],[-125.1687586,50.2466312],[-125.1688344,50.2466256],[-125.1689105,50.2466298],[-125.1689838,50.2466436],[-125.1691208,50.2466898],[-125.1730297,50.2483484],[-125.1731341,50.2484015],[-125.173178,50.2484331],[-125.1732483,50.2485057],[-125.1737456,50.2491338],[-125.1738867,50.2492795],[-125.1740648,50.2494075],[-125.1742744,50.2495143],[-125.1752488,50.249928],[-125.175355,50.2499822],[-125.1753993,50.2500145],[-125.1754343,50.2500512],[-125.1754836,50.2501321],[-125.176174,50.2516439],[-125.1762873,50.2518246],[-125.1764534,50.2519876],[-125.1766659,50.252127],[-125.1769166,50.2522374],[-125.177196,50.2523145],[-125.177846,50.2524475],[-125.1779854,50.252486],[-125.178047,50.2525132],[-125.1781528,50.2525828],[-125.1797806,50.2538889],[-125.1798584,50.2539645],[-125.1799134,50.2540479],[-125.1804974,50.2552232],[-125.1806301,50.2554166],[-125.1808235,50.2555877],[-125.1810688,50.255729],[-125.1813025,50.2558373],[-125.1814234,50.2559067],[-125.1814704,50.2559481],[-125.1815029,50.2559948],[-125.1815194,50.2560449],[-125.1815191,50.2561488],[-125.1812087,50.2579981],[-125.1812079,50.2582063],[-125.1812747,50.25841],[-125.1814062,50.2586004],[-125.1815966,50.2587693],[-125.1818377,50.2589092],[-125.1821189,50.2590141],[-125.1841391,50.2595963],[-125.184393,50.2596962],[-125.1872755,50.2611851],[-125.1873839,50.2612535],[-125.1874261,50.2612932],[-125.1874854,50.2613828],[-125.1879729,50.2623855],[-125.1880012,50.2624677],[-125.1880074,50.2625517],[-125.1879,50.2643633],[-125.1879191,50.2645608],[-125.1879988,50.2647521],[-125.1881359,50.2649296],[-125.1883252,50.2650862],[-125.1885592,50.2652159],[-125.1888285,50.2653135],[-125.1908193,50.2658761],[-125.191094,50.2659349],[-125.1913811,50.2659603],[-125.1916705,50.2659513],[-125.1917439,50.2659401],[-125.191919,50.2659256],[-125.1919949,50.2659291],[-125.1920682,50.2659421],[-125.192136,50.2659641],[-125.1921957,50.2659942],[-125.1922449,50.2660313],[-125.1922816,50.2660739],[-125.1923279,50.2661679],[-125.1928366,50.2677319],[-125.1928528,50.2678272],[-125.1928401,50.2679227],[-125.1921658,50.2702638],[-125.1921401,50.270455],[-125.1921721,50.2706459],[-125.1922608,50.2708293],[-125.1924028,50.2709985],[-125.1925929,50.2711471],[-125.192824,50.2712698],[-125.1930875,50.2713618],[-125.1933132,50.2714076],[-125.1934089,50.2714331],[-125.1934676,50.2714574],[-125.1935184,50.2714882],[-125.1935596,50.2715244],[-125.1936206,50.2716059],[-125.1936698,50.271691],[-125.1938153,50.2718471],[-125.1940025,50.2719837],[-125.1942255,50.2720964],[-125.1944767,50.2721814],[-125.1947479,50.2722358],[-125.1949782,50.2722677],[-125.1950489,50.2722876],[-125.1951767,50.2723457],[-125.1955578,50.2725592],[-125.1956645,50.2726323],[-125.1957046,50.2726743],[-125.1957308,50.2727207],[-125.1957419,50.2727694],[-125.1957374,50.2728186],[-125.1957177,50.2728662],[-125.195648,50.2729557],[-125.1954466,50.2731598],[-125.1953182,50.2733205],[-125.1952372,50.2734934],[-125.1952062,50.2736728],[-125.1952263,50.2738528],[-125.1952969,50.2740276],[-125.1955213,50.2744291],[-125.1955585,50.2745251],[-125.1955618,50.2745738],[-125.1955499,50.274622],[-125.1955233,50.2746677],[-125.1954416,50.2747517],[-125.1946966,50.2753702],[-125.194518,50.2755582],[-125.1944082,50.2757667],[-125.1942355,50.2762738],[-125.1942003,50.2764624],[-125.1942216,50.2766518],[-125.1942987,50.2768353],[-125.1944288,50.277006],[-125.1946071,50.2771579],[-125.1946468,50.2771857],[-125.1947378,50.2772637],[-125.19477,50.2773071],[-125.1947885,50.2773536],[-125.1947923,50.2774015],[-125.1947814,50.277449],[-125.194766,50.2774767],[-125.1946903,50.277675],[-125.1946793,50.277879],[-125.1947335,50.2780801],[-125.1948506,50.27827],[-125.1950257,50.2784407],[-125.1952516,50.2785851],[-125.1955186,50.278697],[-125.1958158,50.2787719],[-125.1959763,50.2788006],[-125.1960381,50.2788198],[-125.1960937,50.2788458],[-125.196141,50.2788777],[-125.1962173,50.278952],[-125.19681,50.2796615],[-125.1968659,50.2797466],[-125.1968809,50.2797912],[-125.1968826,50.2798368],[-125.1968711,50.2798818],[-125.1968467,50.2799247],[-125.1967731,50.2800041],[-125.196228,50.2804842],[-125.1960801,50.2806438],[-125.195981,50.2808183],[-125.1959341,50.2810014],[-125.1959411,50.2811869],[-125.1960018,50.2813684],[-125.196114,50.2815395],[-125.1962738,50.2816944],[-125.1964758,50.2818277],[-125.1983001,50.2828266],[-125.1983816,50.2828784],[-125.1984503,50.2829373],[-125.200491,50.284987],[-125.2006503,50.2851207],[-125.2008425,50.2852354],[-125.2037495,50.2866979],[-125.2038456,50.2867553],[-125.203885,50.2867884],[-125.2039458,50.286863],[-125.2042086,50.2872655],[-125.2042552,50.2873651],[-125.2042616,50.2874161],[-125.204234,50.2875509],[-125.2042244,50.2877478],[-125.2042755,50.2879421],[-125.2043854,50.2881262],[-125.2045498,50.2882929],[-125.2047623,50.2884357],[-125.2063401,50.2893053],[-125.2064557,50.2893847],[-125.2064978,50.2894308],[-125.2065496,50.289534],[-125.206836,50.2904339],[-125.2069248,50.2906188],[-125.2070678,50.2907893],[-125.2072596,50.290939],[-125.2115934,50.2937199],[-125.2116883,50.2937938],[-125.2117233,50.2938353],[-125.2117452,50.2938804],[-125.2117531,50.2939273]],[[-125.155122,50.142037],[-125.155109,50.142102],[-125.155077,50.142164],[-125.155026,50.142221],[-125.154851,50.142349],[-125.154601,50.142575],[-125.154429,50.142829],[-125.154342,50.1431],[-125.154344,50.143336],[-125.154332,50.143423],[-125.154302,50.143487],[-125.154252,50.143545],[-125.154185,50.143596],[-125.154104,50.143637],[-125.154012,50.143666],[-125.153912,50.143684],[-125.153702,50.143692],[-125.151853,50.143642],[-125.151434,50.143658],[-125.151027,50.143727],[-125.150651,50.143848],[-125.15032,50.144014],[-125.150047,50.144219],[-125.149844,50.144455],[-125.149787,50.144574],[-125.149666,50.144762],[-125.148992,50.145583],[-125.148837,50.145828],[-125.14876,50.146088],[-125.148764,50.146352],[-125.148849,50.14661],[-125.149011,50.146853],[-125.149245,50.147071],[-125.149541,50.147255],[-125.149887,50.147398],[-125.150056,50.147453],[-125.150134,50.147492],[-125.150198,50.14754],[-125.150247,50.147594],[-125.150311,50.147715],[-125.150557,50.148376],[-125.150583,50.14849],[-125.150581,50.148547],[-125.150546,50.148659],[-125.149897,50.150085],[-125.149798,50.150233],[-125.149645,50.150362],[-125.145824,50.15288],[-125.145573,50.15308],[-125.145387,50.153307],[-125.145272,50.153552],[-125.145232,50.153807],[-125.145268,50.154062],[-125.14538,50.154308],[-125.145563,50.154536],[-125.145767,50.154703],[-125.14584,50.154778],[-125.145876,50.154843],[-125.145905,50.154981],[-125.14593,50.15557],[-125.145917,50.155691],[-125.145894,50.15575],[-125.145855,50.155804],[-125.145745,50.155904],[-125.143557,50.157547],[-125.143319,50.157767],[-125.143154,50.158014],[-125.143069,50.158277],[-125.143067,50.158545],[-125.143149,50.159087],[-125.143147,50.159228],[-125.143123,50.159296],[-125.143077,50.159359],[-125.142944,50.159471],[-125.142404,50.159839],[-125.142132,50.16007],[-125.141943,50.160333],[-125.141847,50.160616],[-125.14171,50.161449],[-125.141669,50.161578],[-125.141629,50.161638],[-125.141572,50.161691],[-125.1415,50.161736],[-125.141283,50.161826],[-125.140969,50.161986],[-125.140708,50.162182],[-125.14051,50.162405],[-125.140383,50.162649],[-125.140331,50.162904],[-125.140356,50.163161],[-125.140457,50.163409],[-125.140555,50.16354],[-125.140617,50.163653],[-125.140631,50.16372],[-125.140616,50.163855],[-125.140323,50.164931],[-125.140266,50.16506],[-125.140218,50.165119],[-125.140153,50.165171],[-125.140072,50.165213],[-125.13998,50.165244],[-125.139838,50.16527],[-125.139457,50.165367],[-125.139113,50.165509],[-125.138819,50.165692],[-125.138587,50.165908],[-125.138424,50.166149],[-125.138097,50.166803],[-125.137935,50.167028],[-125.132777,50.172322],[-125.132591,50.172565],[-125.132484,50.172827],[-125.132463,50.173097],[-125.132487,50.173409],[-125.132478,50.173537],[-125.132454,50.173598],[-125.132413,50.173656],[-125.132296,50.173759],[-125.127874,50.176982],[-125.127693,50.177086],[-125.127479,50.17716],[-125.125133,50.177758],[-125.124949,50.177793],[-125.124855,50.177799],[-125.124761,50.177794],[-125.1245,50.177748],[-125.124404,50.177726],[-125.123986,50.177687],[-125.123565,50.177702],[-125.123157,50.177771],[-125.122779,50.177891],[-125.122446,50.178057],[-125.122172,50.178263],[-125.121969,50.1785],[-125.121844,50.178758],[-125.121802,50.179027],[-125.121845,50.179296],[-125.121909,50.179493],[-125.12195,50.179715],[-125.122087,50.179977],[-125.122307,50.180216],[-125.122598,50.180421],[-125.122948,50.180583],[-125.123344,50.180695],[-125.123766,50.180753],[-125.124199,50.180754],[-125.124213,50.180753],[-125.124321,50.180761],[-125.124531,50.180806],[-125.127649,50.181729],[-125.12782,50.181793],[-125.127893,50.181835],[-125.127953,50.181884],[-125.128002,50.181945],[-125.128195,50.182143],[-125.128438,50.182317],[-125.128515,50.182363],[-125.128573,50.182415],[-125.128615,50.182473],[-125.128638,50.182535],[-125.128642,50.182599],[-125.128611,50.182727],[-125.127841,50.184642],[-125.127774,50.18476],[-125.127724,50.184814],[-125.12766,50.18486],[-125.127583,50.184898],[-125.127496,50.184926],[-125.127212,50.184978],[-125.127213,50.18498],[-125.12693,50.185033],[-125.126555,50.185161],[-125.126227,50.185335],[-125.125961,50.185547],[-125.125768,50.18579],[-125.125655,50.186052],[-125.125628,50.186324],[-125.125658,50.18682],[-125.125639,50.186973],[-125.125566,50.187119],[-125.124307,50.188899],[-125.124179,50.189138],[-125.124124,50.189388],[-125.124142,50.189641],[-125.124235,50.189886],[-125.124366,50.19013],[-125.124779,50.191315],[-125.124803,50.19144],[-125.124797,50.191502],[-125.124748,50.191623],[-125.123891,50.193139],[-125.1238,50.193354],[-125.123767,50.193576],[-125.123721,50.19566],[-125.123754,50.195917],[-125.123863,50.196165],[-125.124045,50.196395],[-125.124292,50.196598],[-125.124411,50.196664],[-125.124564,50.196767],[-125.124617,50.19682],[-125.124653,50.196878],[-125.124671,50.19694],[-125.124671,50.196945],[-125.12471,50.197208],[-125.12483,50.197461],[-125.125024,50.197694],[-125.125286,50.197898],[-125.125606,50.198065],[-125.125971,50.198189],[-125.126366,50.198264],[-125.126778,50.198289],[-125.127188,50.198261],[-125.127582,50.198181],[-125.127944,50.198054],[-125.12826,50.197884],[-125.128517,50.197678],[-125.128642,50.197554],[-125.128717,50.197506],[-125.128805,50.197469],[-125.129005,50.197419],[-125.129928,50.197256],[-125.130136,50.197233],[-125.13024,50.197235],[-125.13034,50.197251],[-125.130434,50.197279],[-125.130517,50.197319],[-125.130586,50.197369],[-125.130638,50.197427],[-125.13067,50.19749],[-125.130694,50.197624],[-125.130711,50.19846],[-125.130694,50.19859],[-125.130666,50.198652],[-125.130619,50.198709],[-125.130491,50.198811],[-125.129258,50.199618],[-125.128996,50.199827],[-125.128805,50.200065],[-125.128692,50.200322],[-125.128661,50.200589],[-125.128696,50.201453],[-125.128748,50.201715],[-125.128879,50.201966],[-125.129085,50.202196],[-125.129357,50.202395],[-125.129685,50.202556],[-125.130056,50.202672],[-125.130455,50.20274],[-125.131417,50.202839],[-125.131622,50.202874],[-125.131715,50.202904],[-125.131797,50.202945],[-125.131864,50.202997],[-125.131914,50.203056],[-125.131943,50.20312],[-125.131952,50.203186],[-125.131926,50.203321],[-125.130721,50.206712],[-125.130671,50.206953],[-125.13069,50.207196],[-125.130777,50.207434],[-125.130931,50.207657],[-125.131041,50.207784],[-125.131118,50.207896],[-125.131139,50.207955],[-125.131143,50.208016],[-125.13113,50.208076],[-125.131069,50.208192],[-125.130916,50.208413],[-125.130785,50.208669],[-125.130737,50.208936],[-125.130774,50.209205],[-125.130894,50.209463],[-125.131092,50.209701],[-125.131361,50.209909],[-125.131443,50.209951],[-125.131632,50.210068],[-125.131689,50.210121],[-125.131729,50.210181],[-125.13175,50.210243],[-125.131751,50.210308],[-125.131733,50.210371],[-125.131696,50.210431],[-125.131641,50.210485],[-125.131499,50.210578],[-125.127225,50.212888],[-125.126938,50.213076],[-125.126715,50.213297],[-125.126563,50.213541],[-125.12487,50.217317],[-125.124812,50.217488],[-125.124665,50.218113],[-125.124644,50.218367],[-125.124697,50.218618],[-125.124824,50.218858],[-125.12502,50.219079],[-125.125277,50.219272],[-125.125586,50.219431],[-125.125937,50.21955],[-125.126316,50.219624],[-125.12641,50.219636],[-125.1265,50.21966],[-125.126582,50.219694],[-125.126652,50.219738],[-125.126707,50.219789],[-125.126747,50.219846],[-125.126792,50.219969],[-125.127125,50.221581],[-125.127132,50.221711],[-125.127116,50.221774],[-125.12708,50.221835],[-125.126973,50.221945],[-125.124758,50.223801],[-125.124619,50.223896],[-125.124537,50.223934],[-125.124446,50.223961],[-125.124348,50.223975],[-125.124144,50.22398],[-125.117482,50.22371],[-125.117093,50.223717],[-125.116712,50.223771],[-125.116353,50.223869],[-125.116029,50.224008],[-125.115751,50.224182],[-125.115528,50.224387],[-125.115369,50.224615],[-125.115278,50.224858],[-125.11526,50.225107],[-125.115268,50.225216],[-125.115256,50.225352],[-125.115229,50.225416],[-125.115182,50.225476],[-125.115118,50.225528],[-125.114955,50.225615],[-125.112747,50.226574],[-125.11241,50.226757],[-125.11214,50.22698],[-125.11195,50.227235],[-125.111847,50.227509],[-125.111733,50.228073],[-125.111723,50.22836],[-125.111809,50.228642],[-125.111987,50.228905],[-125.112248,50.229138],[-125.112755,50.2295],[-125.11287,50.2296],[-125.112912,50.229655],[-125.112937,50.229714],[-125.112944,50.229775],[-125.112934,50.229836],[-125.112863,50.229984],[-125.112805,50.230078],[-125.112731,50.230346],[-125.112744,50.230619],[-125.112781,50.230719],[-125.112812,50.230869],[-125.112805,50.230935],[-125.112774,50.231006],[-125.112633,50.231235],[-125.11256,50.231492],[-125.112567,50.231754],[-125.112652,50.232009],[-125.112814,50.232249],[-125.112901,50.23235],[-125.112932,50.232411],[-125.112943,50.232474],[-125.112935,50.232537],[-125.112909,50.232599],[-125.112864,50.232656],[-125.112802,50.232706],[-125.11265,50.23279],[-125.112216,50.232988],[-125.111882,50.233177],[-125.111618,50.233408],[-125.111436,50.233669],[-125.111346,50.233948],[-125.111345,50.233952],[-125.111319,50.234009],[-125.111277,50.234063],[-125.111221,50.234111],[-125.111081,50.234193],[-125.111078,50.234195],[-125.110799,50.234358],[-125.110571,50.234551],[-125.1104,50.234767],[-125.110294,50.235],[-125.110276,50.235109],[-125.110229,50.235232],[-125.110125,50.235365],[-125.10981,50.235676],[-125.109616,50.235918],[-125.109503,50.236181],[-125.109475,50.236453],[-125.109534,50.236723],[-125.109588,50.236863],[-125.109592,50.236926],[-125.109546,50.237123],[-125.109523,50.23737],[-125.109571,50.237615],[-125.10969,50.23785],[-125.109874,50.238068],[-125.110117,50.23826],[-125.11023,50.238334],[-125.110283,50.238386],[-125.110321,50.238443],[-125.110341,50.238504],[-125.110344,50.238629],[-125.110158,50.240143],[-125.110165,50.240399],[-125.110248,50.24065],[-125.110405,50.240886],[-125.110503,50.241002],[-125.110532,50.241062],[-125.110544,50.241124],[-125.110528,50.241251],[-125.110485,50.241409],[-125.110454,50.241675],[-125.110507,50.24194],[-125.11064,50.242192],[-125.110995,50.242693],[-125.11106,50.242814],[-125.111073,50.242877],[-125.111068,50.242939],[-125.111044,50.243001],[-125.111002,50.243058],[-125.110943,50.243109],[-125.110797,50.243195],[-125.105365,50.245839],[-125.105065,50.246017],[-125.104826,50.246228],[-125.104655,50.246465],[-125.104559,50.246719],[-125.10441,50.247401],[-125.104372,50.247509],[-125.10434,50.24756],[-125.104249,50.247653],[-125.101305,50.250203],[-125.101161,50.250304],[-125.101075,50.250344],[-125.100978,50.250371],[-125.100875,50.250386],[-125.100769,50.250386],[-125.100665,50.250372],[-125.100585,50.25035],[-125.100192,50.250269],[-125.099782,50.250239],[-125.09937,50.25026],[-125.098973,50.250333],[-125.098607,50.250455],[-125.097139,50.251066],[-125.096964,50.251124],[-125.09687,50.251142],[-125.096773,50.251149],[-125.096675,50.251143],[-125.09656,50.251122],[-125.096235,50.251039],[-125.095849,50.250992],[-125.095455,50.250992],[-125.095068,50.251039],[-125.094701,50.251131],[-125.094369,50.251266],[-125.094081,50.251439],[-125.093849,50.251642],[-125.093681,50.25187],[-125.09293,50.253201],[-125.092839,50.253417],[-125.092805,50.253639],[-125.09283,50.253862],[-125.093094,50.254944],[-125.093106,50.255054],[-125.093098,50.255108],[-125.093054,50.255214],[-125.092256,50.256653],[-125.092174,50.256765],[-125.092119,50.256815],[-125.09205,50.256858],[-125.091969,50.256891],[-125.091881,50.256914],[-125.091691,50.25694],[-125.090667,50.257012],[-125.090273,50.257066],[-125.089901,50.257166],[-125.089567,50.25731],[-125.089282,50.257492],[-125.089057,50.257706],[-125.088901,50.257944],[-125.088818,50.258196],[-125.088813,50.258454],[-125.089102,50.260677],[-125.089095,50.260826],[-125.089066,50.260897],[-125.088957,50.26103],[-125.085745,50.264069],[-125.08563,50.264159],[-125.085492,50.264236],[-125.084112,50.264873],[-125.083826,50.265032],[-125.083589,50.265222],[-125.08341,50.265436],[-125.083294,50.265668],[-125.083246,50.265908],[-125.083218,50.266396],[-125.083182,50.266546],[-125.083139,50.266615],[-125.083004,50.266739],[-125.08204,50.267437],[-125.081813,50.267636],[-125.081647,50.267858],[-125.081547,50.268095],[-125.081517,50.26834],[-125.081533,50.269112],[-125.081577,50.269366],[-125.081695,50.26961],[-125.081883,50.269835],[-125.082182,50.270122],[-125.082274,50.270232],[-125.082303,50.270291],[-125.082314,50.270352],[-125.082307,50.270414],[-125.082257,50.270535],[-125.081839,50.271261],[-125.081744,50.271384],[-125.08168,50.271437],[-125.0816,50.27148],[-125.081507,50.271512],[-125.081406,50.271532],[-125.08133,50.271536],[-125.08094,50.271581],[-125.080571,50.271673],[-125.080235,50.271808],[-125.079944,50.271981],[-125.07971,50.272185],[-125.079541,50.272414],[-125.078809,50.273706],[-125.078744,50.273798],[-125.078658,50.273883],[-125.075846,50.276243],[-125.075715,50.276334],[-125.075638,50.276371],[-125.075552,50.276398],[-125.07546,50.276414],[-125.075365,50.276419],[-125.07527,50.276413],[-125.075178,50.276395],[-125.075006,50.276339],[-125.071358,50.274851],[-125.071227,50.274787],[-125.071113,50.274711],[-125.06416,50.269288],[-125.063948,50.269072],[-125.061501,50.265663],[-125.061282,50.265426],[-125.060992,50.265223],[-125.060644,50.265062],[-125.060252,50.26495],[-125.059864,50.264868],[-125.059678,50.264816],[-125.059595,50.264779],[-125.059526,50.264732],[-125.059472,50.264678],[-125.059398,50.264557],[-125.059143,50.263973],[-125.059,50.263736],[-125.058789,50.26352],[-125.058519,50.263334],[-125.05383,50.260664],[-125.05369,50.260567],[-125.053637,50.260511],[-125.053602,50.260449],[-125.053572,50.260318],[-125.053312,50.256544],[-125.053324,50.256407],[-125.053352,50.256342],[-125.0534,50.256282],[-125.053423,50.256263],[-125.053635,50.25606],[-125.053784,50.255834],[-125.053868,50.255596],[-125.053882,50.255351],[-125.053826,50.255109],[-125.053702,50.254878],[-125.053514,50.254665],[-125.0533,50.254466],[-125.053198,50.254348],[-125.053145,50.254238],[-125.052978,50.253986],[-125.052735,50.253762],[-125.052426,50.253573],[-125.052207,50.253486],[-125.052055,50.253414],[-125.051991,50.253369],[-125.05194,50.253317],[-125.05187,50.253201],[-125.051604,50.252604],[-125.051568,50.252477],[-125.05157,50.252414],[-125.051614,50.252279],[-125.051664,50.252179],[-125.05171,50.251925],[-125.05168,50.251671],[-125.051575,50.251425],[-125.051399,50.251196],[-125.051159,50.250993],[-125.049903,50.250118],[-125.049677,50.249915],[-125.047362,50.247159],[-125.047291,50.247054],[-125.04727,50.246999],[-125.047259,50.246885],[-125.047264,50.246745],[-125.047236,50.246497],[-125.047138,50.246257],[-125.046971,50.246032],[-125.046743,50.245831],[-125.043792,50.243686],[-125.043663,50.243568],[-125.043576,50.243434],[-125.042428,50.240937],[-125.042382,50.240807],[-125.04188,50.238731],[-125.041869,50.238591],[-125.041887,50.238523],[-125.041967,50.238393],[-125.042379,50.237886],[-125.042525,50.237655],[-125.042602,50.237411],[-125.043156,50.234098],[-125.043148,50.233773],[-125.042504,50.230773],[-125.042495,50.230658],[-125.042506,50.230602],[-125.042557,50.230493],[-125.043166,50.229517],[-125.043281,50.229259],[-125.043314,50.228992],[-125.043263,50.228727],[-125.043131,50.228473],[-125.042922,50.22824],[-125.042645,50.22804],[-125.042311,50.227878],[-125.042031,50.227792],[-125.041896,50.227738],[-125.041819,50.227691],[-125.041759,50.227635],[-125.041719,50.227571],[-125.04168,50.227435],[-125.041569,50.226472],[-125.041512,50.226246],[-125.041397,50.22603],[-125.041225,50.22583],[-125.038167,50.222886],[-125.038064,50.222758],[-125.038006,50.222619],[-125.037169,50.219119],[-125.037159,50.218982],[-125.037193,50.218846],[-125.037329,50.218521],[-125.037396,50.218267],[-125.037384,50.218008],[-125.037296,50.217756],[-125.037133,50.21752],[-125.036903,50.217308],[-125.036067,50.216679],[-125.035968,50.21659],[-125.03593,50.216541],[-125.035881,50.216436],[-125.035426,50.21508],[-125.035258,50.21477],[-125.034978,50.214496],[-125.034349,50.21402],[-125.034245,50.213927],[-125.034207,50.213875],[-125.034159,50.213765],[-125.032566,50.208329],[-125.032548,50.208194],[-125.03256,50.208128],[-125.032627,50.208],[-125.036213,50.20292],[-125.036343,50.202676],[-125.036397,50.20242],[-125.036504,50.200629],[-125.036523,50.200527],[-125.036566,50.200427],[-125.038504,50.196999],[-125.038597,50.196777],[-125.038629,50.196549],[-125.038637,50.19538],[-125.038661,50.195239],[-125.038733,50.195104],[-125.039442,50.194122],[-125.03961,50.193767],[-125.0404,50.190523],[-125.04044,50.190417],[-125.040507,50.190316],[-125.042141,50.188321],[-125.042249,50.188215],[-125.042428,50.188097],[-125.042709,50.187865],[-125.042904,50.187599],[-125.043004,50.187313],[-125.043004,50.18719],[-125.043026,50.18703],[-125.043054,50.186969],[-125.043099,50.186912],[-125.043161,50.186862],[-125.043315,50.186778],[-125.044152,50.186406],[-125.044455,50.186241],[-125.044704,50.186043],[-125.04489,50.185818],[-125.046108,50.183932],[-125.046203,50.183818],[-125.046266,50.183769],[-125.046343,50.183728],[-125.046431,50.183698],[-125.046526,50.183679],[-125.046625,50.183672],[-125.046724,50.183677],[-125.046869,50.183704],[-125.047317,50.183755],[-125.047772,50.183742],[-125.048211,50.183666],[-125.048615,50.183531],[-125.048826,50.183441],[-125.048915,50.183417],[-125.049009,50.183404],[-125.049105,50.183402],[-125.0492,50.183412],[-125.049291,50.183433],[-125.049458,50.183497],[-125.050614,50.18404],[-125.05077,50.18413],[-125.050831,50.184183],[-125.050874,50.184244],[-125.050922,50.184374],[-125.051145,50.185483],[-125.051152,50.185611],[-125.051136,50.185673],[-125.051102,50.185732],[-125.051051,50.185786],[-125.050917,50.185881],[-125.048346,50.187377],[-125.048089,50.187557],[-125.047886,50.187764],[-125.047746,50.187991],[-125.047673,50.18823],[-125.047668,50.188474],[-125.047733,50.188714],[-125.047864,50.188943],[-125.047882,50.188967],[-125.047907,50.189027],[-125.047918,50.189131],[-125.047981,50.189378],[-125.048115,50.189614],[-125.048315,50.189829],[-125.048574,50.190017],[-125.0486,50.19003],[-125.0489,50.190208],[-125.049236,50.190372],[-125.049617,50.190488],[-125.050027,50.190554],[-125.050448,50.190565],[-125.050865,50.190522],[-125.05126,50.190426],[-125.051616,50.190281],[-125.052853,50.189659],[-125.053032,50.189587],[-125.053129,50.189563],[-125.053232,50.189553],[-125.053503,50.189561],[-125.053888,50.18955],[-125.054263,50.189494],[-125.054616,50.189395],[-125.054744,50.189338],[-125.054913,50.189281],[-125.055227,50.189151],[-125.0555,50.188987],[-125.055723,50.188794],[-125.055888,50.188579],[-125.056084,50.188253],[-125.05618,50.188133],[-125.056245,50.188081],[-125.056325,50.188038],[-125.056417,50.188007],[-125.056516,50.187988],[-125.05662,50.187982],[-125.05683,50.187999],[-125.057575,50.188107],[-125.057788,50.188155],[-125.057883,50.188192],[-125.057963,50.188242],[-125.058087,50.188363],[-125.058985,50.189485],[-125.059064,50.189615],[-125.059075,50.189663],[-125.059184,50.189926],[-125.059374,50.190169],[-125.059636,50.190383],[-125.059961,50.190559],[-125.060334,50.190689],[-125.060602,50.190761],[-125.060685,50.190796],[-125.060827,50.190886],[-125.062313,50.192033],[-125.062432,50.192147],[-125.062472,50.192209],[-125.062489,50.192273],[-125.062478,50.192489],[-125.062503,50.192743],[-125.062603,50.19299],[-125.062774,50.19322],[-125.063009,50.193425],[-125.063301,50.193598],[-125.063639,50.193732],[-125.06401,50.193823],[-125.064402,50.193867],[-125.064799,50.193863],[-125.065189,50.193811],[-125.065555,50.193713],[-125.065886,50.193572],[-125.06617,50.193393],[-125.066395,50.193184],[-125.067261,50.192187],[-125.067383,50.192076],[-125.067459,50.19203],[-125.067549,50.191995],[-125.067648,50.191972],[-125.067752,50.191963],[-125.067856,50.191967],[-125.068061,50.192004],[-125.069096,50.192265],[-125.069277,50.192324],[-125.069356,50.192364],[-125.069421,50.192412],[-125.06947,50.192468],[-125.069501,50.192529],[-125.069513,50.192593],[-125.069503,50.192672],[-125.06944,50.192902],[-125.06945,50.193166],[-125.069541,50.193424],[-125.069709,50.193665],[-125.069948,50.19388],[-125.070248,50.194061],[-125.070597,50.194201],[-125.074958,50.195583],[-125.075117,50.195646],[-125.075186,50.195685],[-125.075243,50.195732],[-125.075329,50.195838],[-125.075723,50.19645],[-125.075783,50.196579],[-125.075792,50.196644],[-125.07578,50.19671],[-125.075715,50.196838],[-125.075457,50.197209],[-125.075326,50.197463],[-125.075277,50.197729],[-125.075312,50.197995],[-125.075428,50.198252],[-125.075807,50.198855],[-125.075864,50.198978],[-125.075873,50.199041],[-125.075863,50.199104],[-125.075806,50.199226],[-125.075666,50.199445],[-125.075544,50.199715],[-125.075512,50.199995],[-125.075572,50.200273],[-125.075722,50.200538],[-125.075955,50.200776],[-125.07626,50.200978],[-125.076669,50.201197],[-125.076824,50.2013],[-125.076881,50.20136],[-125.076917,50.201426],[-125.076931,50.201496],[-125.076909,50.201638],[-125.076161,50.203958],[-125.076106,50.204074],[-125.076019,50.204182],[-125.075421,50.20478],[-125.075235,50.205013],[-125.075124,50.205264],[-125.075091,50.205524],[-125.075137,50.205783],[-125.075762,50.207643],[-125.075785,50.207758],[-125.07578,50.207815],[-125.07576,50.207871],[-125.07569,50.207977],[-125.073869,50.210194],[-125.073676,50.210534],[-125.073172,50.212022],[-125.073125,50.212292],[-125.073164,50.212563],[-125.073288,50.212823],[-125.073491,50.213062],[-125.073766,50.21327],[-125.074101,50.213437],[-125.074481,50.213558],[-125.074892,50.213627],[-125.075317,50.213642],[-125.075737,50.213602],[-125.075893,50.213576],[-125.075997,50.213573],[-125.076099,50.213583],[-125.076196,50.213606],[-125.076284,50.213641],[-125.076414,50.21372],[-125.076751,50.213887],[-125.077134,50.214006],[-125.077546,50.214074],[-125.077971,50.214086],[-125.078392,50.214044],[-125.07879,50.213947],[-125.079149,50.213802],[-125.079455,50.213612],[-125.079695,50.213387],[-125.079858,50.213136],[-125.079939,50.212868],[-125.079933,50.212596],[-125.079841,50.21233],[-125.07982,50.21229],[-125.079809,50.212221],[-125.07982,50.212153],[-125.079853,50.212087],[-125.079962,50.211966],[-125.080895,50.211143],[-125.081121,50.21089],[-125.081256,50.210612],[-125.081294,50.210321],[-125.0812,50.208071],[-125.081213,50.207948],[-125.081236,50.207889],[-125.081276,50.207834],[-125.081332,50.207785],[-125.0814,50.207743],[-125.08148,50.207709],[-125.081567,50.207686],[-125.081755,50.20766],[-125.083289,50.207545],[-125.083489,50.207543],[-125.083571,50.207552],[-125.083973,50.207571],[-125.084374,50.207541],[-125.084758,50.207462],[-125.085111,50.207337],[-125.08542,50.207172],[-125.085674,50.206971],[-125.085863,50.206743],[-125.08598,50.206496],[-125.08602,50.206239],[-125.086023,50.205869],[-125.085982,50.205597],[-125.085854,50.205336],[-125.085647,50.205096],[-125.085578,50.205033],[-125.085481,50.204924],[-125.08545,50.204865],[-125.085437,50.204804],[-125.085442,50.204742],[-125.085483,50.204634],[-125.085564,50.204487],[-125.085621,50.204237],[-125.085604,50.203984],[-125.085513,50.203737],[-125.085351,50.203507],[-125.085125,50.203299],[-125.082535,50.201354],[-125.082424,50.201254],[-125.082385,50.201199],[-125.082362,50.20114],[-125.082356,50.20108],[-125.08238,50.200958],[-125.082898,50.19944],[-125.082958,50.199321],[-125.083003,50.199267],[-125.083064,50.199219],[-125.083138,50.19918],[-125.083221,50.19915],[-125.083406,50.19911],[-125.084346,50.198968],[-125.084537,50.198951],[-125.084632,50.198954],[-125.084725,50.198969],[-125.084812,50.198993],[-125.08497,50.199064],[-125.086706,50.199995],[-125.086866,50.200103],[-125.086985,50.20023],[-125.087601,50.201101],[-125.087839,50.201358],[-125.088161,50.201574],[-125.088549,50.201739],[-125.089679,50.202111],[-125.090053,50.202206],[-125.090448,50.202254],[-125.090851,50.202252],[-125.091246,50.202201],[-125.091618,50.202102],[-125.091953,50.20196],[-125.09224,50.201779],[-125.092467,50.201566],[-125.092627,50.20133],[-125.092712,50.201078],[-125.092721,50.20082],[-125.092652,50.200566],[-125.092508,50.200325],[-125.092295,50.200107],[-125.088248,50.196726],[-125.08814,50.196615],[-125.088105,50.196554],[-125.088072,50.196424],[-125.087804,50.193624],[-125.087811,50.193497],[-125.087833,50.193436],[-125.087873,50.193379],[-125.087929,50.193327],[-125.088,50.193283],[-125.088082,50.193249],[-125.088266,50.193201],[-125.089533,50.192958],[-125.08973,50.192933],[-125.089963,50.192933],[-125.090092,50.192941],[-125.090489,50.192918],[-125.090871,50.192847],[-125.091226,50.19273],[-125.09154,50.192573],[-125.091801,50.19238],[-125.092001,50.192159],[-125.092131,50.191918],[-125.092187,50.191665],[-125.092168,50.19141],[-125.092073,50.191162],[-125.091907,50.190931],[-125.088701,50.187397],[-125.088615,50.187274],[-125.088568,50.187143],[-125.088287,50.185655],[-125.088197,50.185396],[-125.088029,50.185154],[-125.08779,50.184938],[-125.08749,50.184756],[-125.087139,50.184616],[-125.086752,50.184522],[-125.086344,50.184479],[-125.08593,50.184489],[-125.085703,50.184509],[-125.085609,50.184506],[-125.085425,50.184478],[-125.083225,50.184011],[-125.083017,50.18395],[-125.082928,50.183906],[-125.082781,50.183794],[-125.081085,50.182163],[-125.080985,50.182042],[-125.080956,50.181978],[-125.080941,50.181842],[-125.080997,50.180583],[-125.080975,50.180348],[-125.08089,50.180119],[-125.080742,50.179903],[-125.079513,50.178461],[-125.079431,50.178335],[-125.079411,50.17827],[-125.079412,50.178203],[-125.079457,50.17807],[-125.082752,50.171688],[-125.082835,50.171568],[-125.082893,50.171515],[-125.082966,50.171471],[-125.083051,50.171436],[-125.083146,50.171413],[-125.083245,50.171403],[-125.083346,50.171405],[-125.083444,50.171419],[-125.083536,50.171446],[-125.083702,50.171522],[-125.084902,50.172197],[-125.085238,50.172352],[-125.085614,50.172461],[-125.086017,50.17252],[-125.08643,50.172527],[-125.086838,50.172482],[-125.086929,50.172466],[-125.087023,50.172461],[-125.087117,50.172467],[-125.087208,50.172484],[-125.087292,50.172511],[-125.087444,50.172585],[-125.088039,50.172934],[-125.088371,50.173093],[-125.088744,50.173206],[-125.089146,50.173271],[-125.089559,50.173283],[-125.089968,50.173243],[-125.090357,50.173153],[-125.09071,50.173015],[-125.091014,50.172835],[-125.091256,50.17262],[-125.091428,50.172379],[-125.091461,50.17229],[-125.091578,50.17208],[-125.092588,50.170739],[-125.092685,50.170636],[-125.092746,50.170591],[-125.092819,50.170554],[-125.092985,50.170498],[-125.094951,50.16997],[-125.095338,50.169833],[-125.095672,50.169647],[-125.095937,50.16942],[-125.096122,50.169163],[-125.096174,50.169064],[-125.096226,50.169007],[-125.096295,50.168958],[-125.096378,50.168918],[-125.0965,50.168882],[-125.096876,50.168796],[-125.097262,50.168641],[-125.097586,50.168436],[-125.097833,50.16819],[-125.0985,50.167335],[-125.098599,50.167232],[-125.098709,50.167154],[-125.09895,50.166945],[-125.099124,50.16671],[-125.099224,50.166458],[-125.099245,50.166198],[-125.099188,50.165941],[-125.099054,50.165695],[-125.098848,50.165471],[-125.097911,50.164644],[-125.097818,50.164544],[-125.097786,50.164491],[-125.097751,50.164377],[-125.097421,50.162379],[-125.097419,50.162252],[-125.097437,50.16219],[-125.097472,50.162132],[-125.097578,50.162025],[-125.098848,50.160971],[-125.099052,50.160766],[-125.099194,50.160542],[-125.099271,50.160304],[-125.099279,50.160062],[-125.099219,50.159822],[-125.099208,50.159794],[-125.099178,50.15967],[-125.099181,50.159608],[-125.099202,50.159548],[-125.099241,50.159491],[-125.099295,50.15944],[-125.099364,50.159396],[-125.099444,50.159362],[-125.099571,50.159327],[-125.099891,50.159259],[-125.100252,50.159128],[-125.100565,50.158953],[-125.100819,50.158742],[-125.101002,50.158503],[-125.101108,50.158246],[-125.101132,50.15798],[-125.101073,50.157717],[-125.101013,50.157558],[-125.101003,50.157431],[-125.101042,50.156881],[-125.101021,50.156625],[-125.100925,50.156376],[-125.100756,50.156143],[-125.100521,50.155935],[-125.100228,50.15576],[-125.099888,50.155623],[-125.097684,50.154918],[-125.097519,50.154851],[-125.097448,50.154809],[-125.097391,50.15476],[-125.097306,50.154647],[-125.097007,50.15413],[-125.096954,50.153999],[-125.096949,50.153933],[-125.096965,50.153867],[-125.097002,50.153804],[-125.097058,50.153748],[-125.097205,50.15365],[-125.098571,50.152911],[-125.098819,50.152753],[-125.099021,50.152571],[-125.099173,50.152369],[-125.101718,50.148137],[-125.101803,50.148028],[-125.101859,50.14798],[-125.101928,50.147939],[-125.102089,50.147874],[-125.105638,50.146719],[-125.105815,50.146674],[-125.105907,50.146663],[-125.106,50.146662],[-125.106093,50.146672],[-125.106181,50.146693],[-125.106261,50.146723],[-125.106387,50.146794],[-125.106733,50.146951],[-125.10712,50.14706],[-125.107534,50.147117],[-125.107957,50.147119],[-125.108372,50.147066],[-125.108762,50.146961],[-125.109111,50.146808],[-125.109404,50.146613],[-125.109631,50.146384],[-125.10978,50.14613],[-125.109787,50.146101],[-125.109893,50.145854],[-125.110762,50.144419],[-125.110878,50.144143],[-125.1109,50.143858],[-125.110827,50.143576],[-125.110815,50.143548],[-125.110807,50.143486],[-125.110817,50.143425],[-125.110845,50.143366],[-125.11089,50.143311],[-125.11095,50.143263],[-125.111022,50.143222],[-125.111106,50.143191],[-125.11129,50.14315],[-125.111299,50.143149],[-125.111718,50.143051],[-125.112095,50.142898],[-125.112413,50.142698],[-125.112657,50.142459],[-125.114707,50.139887],[-125.11482,50.139776],[-125.114891,50.139729],[-125.114976,50.139692],[-125.11507,50.139667],[-125.11517,50.139654],[-125.115443,50.139654],[-125.115862,50.139627],[-125.116265,50.139547],[-125.116634,50.139417],[-125.116955,50.139242],[-125.117215,50.139029],[-125.117402,50.138788],[-125.11751,50.138526],[-125.117534,50.138257],[-125.117517,50.138003],[-125.117702,50.136258],[-125.117739,50.13612],[-125.117779,50.136056],[-125.11784,50.135999],[-125.117997,50.135902],[-125.119991,50.13491],[-125.120136,50.134849],[-125.120215,50.134827],[-125.120384,50.134801],[-125.120898,50.134748],[-125.121292,50.134682],[-125.121659,50.134568],[-125.121984,50.134411],[-125.122255,50.134217],[-125.122462,50.133992],[-125.122598,50.133746],[-125.122656,50.133487],[-125.122635,50.133227],[-125.122535,50.132974],[-125.122508,50.132925],[-125.122276,50.13233],[-125.122248,50.132211],[-125.12225,50.132151],[-125.122269,50.132093],[-125.122304,50.132038],[-125.122405,50.131937],[-125.127833,50.12745],[-125.127952,50.127367],[-125.128021,50.127333],[-125.128176,50.12728],[-125.129463,50.126927],[-125.129652,50.126889],[-125.129749,50.126882],[-125.129846,50.126886],[-125.130037,50.126919],[-125.13072,50.127084],[-125.130898,50.12714],[-125.130976,50.127178],[-125.131042,50.127225],[-125.131092,50.127278],[-125.131143,50.127366],[-125.131298,50.127579],[-125.131509,50.127771],[-125.131768,50.127936],[-125.131815,50.127961],[-125.13188,50.128013],[-125.131927,50.128073],[-125.131954,50.128138],[-125.131967,50.128273],[-125.131944,50.128598],[-125.131961,50.128834],[-125.132041,50.129065],[-125.132184,50.129282],[-125.132385,50.129481],[-125.132398,50.129492],[-125.132507,50.129603],[-125.132563,50.129696],[-125.132752,50.129936],[-125.133013,50.130148],[-125.133334,50.130322],[-125.133703,50.130451],[-125.134105,50.13053],[-125.134523,50.130555],[-125.134941,50.130527],[-125.135342,50.130445],[-125.135709,50.130314],[-125.135776,50.130284],[-125.135861,50.130259],[-125.135952,50.130245],[-125.136046,50.130241],[-125.136139,50.130249],[-125.136229,50.130267],[-125.136397,50.130324],[-125.1368,50.130494],[-125.136959,50.130576],[-125.137024,50.130626],[-125.137146,50.130771],[-125.137378,50.13099],[-125.137672,50.131176],[-125.138018,50.131321],[-125.138402,50.13142],[-125.138809,50.131468],[-125.139222,50.131463],[-125.139627,50.131407],[-125.140005,50.131301],[-125.140344,50.131149],[-125.140629,50.130957],[-125.140713,50.130888],[-125.140859,50.13079],[-125.140944,50.130753],[-125.14104,50.130727],[-125.141142,50.130714],[-125.14118,50.130714],[-125.14158,50.130691],[-125.141965,50.130619],[-125.142322,50.130502],[-125.142638,50.130343],[-125.1429,50.130148],[-125.143083,50.129982],[-125.143219,50.129881],[-125.1433,50.129841],[-125.143392,50.129813],[-125.143491,50.129796],[-125.143593,50.129792],[-125.143694,50.129802],[-125.14379,50.129824],[-125.143877,50.129858],[-125.143952,50.129902],[-125.144074,50.13001],[-125.145632,50.131727],[-125.145714,50.131841],[-125.145737,50.131901],[-125.145748,50.132026],[-125.145722,50.13246],[-125.145743,50.132708],[-125.145835,50.132949],[-125.145995,50.133175],[-125.146218,50.133378],[-125.146495,50.133552],[-125.146712,50.133645],[-125.146836,50.133711],[-125.146967,50.133816],[-125.147664,50.134514],[-125.147757,50.13463],[-125.147784,50.134692],[-125.147792,50.134756],[-125.147768,50.134886],[-125.147512,50.135635],[-125.147464,50.135898],[-125.147498,50.136163],[-125.147613,50.136419],[-125.147804,50.136654],[-125.148065,50.136861],[-125.148341,50.137008],[-125.148435,50.137071],[-125.148492,50.137131],[-125.148564,50.137266],[-125.148917,50.138262],[-125.148952,50.138441],[-125.14904,50.138693],[-125.149203,50.13893],[-125.149434,50.139142],[-125.149724,50.139322],[-125.150062,50.139462],[-125.150436,50.139558],[-125.150832,50.139607],[-125.151236,50.139606],[-125.151631,50.139555],[-125.151663,50.139549],[-125.151768,50.139543],[-125.151873,50.139551],[-125.151974,50.139573],[-125.152065,50.139607],[-125.152148,50.139656],[-125.15238,50.139829],[-125.152669,50.13998],[-125.152996,50.140095],[-125.153349,50.140171],[-125.153524,50.140188],[-125.153523,50.140193],[-125.153815,50.140221],[-125.153906,50.140242],[-125.15399,50.140274],[-125.154063,50.140315],[-125.154123,50.140364],[-125.154212,50.140476],[-125.155057,50.141845],[-125.155114,50.141972],[-125.155122,50.142037]],[[-125.0723906,50.1140149],[-125.0723886,50.1141179],[-125.0723538,50.1142185],[-125.0722198,50.1144091],[-125.0697924,50.1170896],[-125.0696077,50.1172537],[-125.0694935,50.1173215],[-125.0693607,50.1173735],[-125.0692144,50.1174076],[-125.0690115,50.1174274],[-125.068513,50.1174424],[-125.0679266,50.1175325],[-125.0673769,50.1176915],[-125.0668834,50.1179138],[-125.0664636,50.1181914],[-125.0661324,50.1185145],[-125.0644429,50.1205593],[-125.0642664,50.1207294],[-125.064155,50.1208004],[-125.0640238,50.1208558],[-125.0638781,50.1208933],[-125.0635647,50.1209302],[-125.0620243,50.1210105],[-125.0613788,50.1210874],[-125.0607713,50.1212471],[-125.0602274,50.1214828],[-125.0597698,50.1217847],[-125.0594178,50.12214],[-125.0591862,50.1225339],[-125.0590847,50.1229498],[-125.0591175,50.1233702],[-125.0591316,50.1234048],[-125.0591283,50.1234052],[-125.0592042,50.1236939],[-125.0592007,50.12379],[-125.0591687,50.1238839],[-125.0591096,50.1239722],[-125.0590253,50.1240517],[-125.0588411,50.1241693],[-125.0584296,50.1244916],[-125.0581279,50.1248605],[-125.0579485,50.1252608],[-125.0578987,50.1256761],[-125.0579807,50.1260893],[-125.0580118,50.1261476],[-125.0580101,50.1261479],[-125.0581179,50.1264224],[-125.0581361,50.1266103],[-125.0580557,50.1283174],[-125.0580106,50.1285296],[-125.0579549,50.1286288],[-125.0578681,50.1287183],[-125.0576364,50.1288726],[-125.0564981,50.1294862],[-125.0560539,50.1297787],[-125.0557087,50.1301216],[-125.055476,50.1305016],[-125.0553652,50.1309036],[-125.0553649,50.1309057],[-125.0553255,50.1309984],[-125.0552593,50.1310847],[-125.0551688,50.1311613],[-125.0550573,50.1312255],[-125.0549287,50.1312749],[-125.0547879,50.1313079],[-125.0546399,50.1313231],[-125.0543364,50.1313169],[-125.0498562,50.1309489],[-125.0490922,50.130945],[-125.0483485,50.1310571],[-125.0462118,50.1315579],[-125.0457678,50.1316315],[-125.0454852,50.1316591],[-125.0449231,50.1317855],[-125.0444072,50.1319765],[-125.0439554,50.1322253],[-125.0435832,50.1325235],[-125.0433036,50.1328606],[-125.043153,50.13317],[-125.0430719,50.1332883],[-125.0428832,50.1334581],[-125.0375393,50.1373534],[-125.0372786,50.1375054],[-125.036972,50.1376169],[-125.033738,50.1385058],[-125.0332482,50.138674],[-125.0328111,50.1388939],[-125.0324399,50.1391589],[-125.0321456,50.1394609],[-125.0317999,50.1398956],[-125.031593,50.1402227],[-125.0314764,50.1405677],[-125.0306051,50.1449333],[-125.0305336,50.1451316],[-125.0304688,50.145223],[-125.0303769,50.1453043],[-125.0302617,50.1453723],[-125.0299901,50.1454777],[-125.0273124,50.1462954],[-125.0269859,50.1463684],[-125.0266425,50.1463945],[-125.0217164,50.1464227],[-125.0214405,50.1464089],[-125.0213079,50.146387],[-125.0210557,50.1463138],[-125.0163755,50.1446266],[-125.01617,50.1445384],[-125.0159882,50.144431],[-125.0131652,50.142482],[-125.0127438,50.1422383],[-125.012262,50.1420462],[-125.0117348,50.1419115],[-125.0081961,50.1412329],[-125.007597,50.141157],[-125.0069862,50.1411552],[-125.006386,50.1412278],[-125.0058181,50.141372],[-125.0053033,50.1415826],[-125.0048602,50.141852],[-125.0045048,50.1421704],[-125.0042501,50.1425262],[-125.0041054,50.1429065],[-125.0040759,50.1432974],[-125.0041627,50.1436849],[-125.0043334,50.1440008],[-125.0043787,50.1441253],[-125.0043853,50.1442726],[-125.0043522,50.1445265],[-125.0044043,50.1448857],[-125.0045537,50.1452336],[-125.0047957,50.1455593],[-125.0048881,50.1456598],[-125.0050225,50.145847],[-125.0050954,50.1460476],[-125.0051452,50.1462958],[-125.0052731,50.1466629],[-125.0055032,50.1470088],[-125.0058279,50.1473221],[-125.0062363,50.1475922],[-125.0067147,50.14781],[-125.0071684,50.1479789],[-125.0097222,50.1491743],[-125.0099605,50.1493114],[-125.0100545,50.1493927],[-125.0101212,50.1494844],[-125.0101958,50.149684],[-125.0105684,50.151454],[-125.010717,50.151853],[-125.0109863,50.1522252],[-125.0113658,50.1525557],[-125.0151614,50.1552496],[-125.0153285,50.1553912],[-125.015391,50.1554693],[-125.0154728,50.1556389],[-125.0162805,50.158034],[-125.0163162,50.1582307],[-125.0163042,50.1583281],[-125.0162631,50.1584222],[-125.0161943,50.1585095],[-125.0161006,50.1585866],[-125.0159854,50.1586507],[-125.0158531,50.1586993],[-125.0157086,50.1587306],[-125.0155132,50.1587472],[-125.0149397,50.1587621],[-125.0143016,50.1588647],[-125.0137097,50.1590486],[-125.0131888,50.1593061],[-125.012761,50.1596262],[-125.0124441,50.1599955],[-125.0118263,50.160932],[-125.0116865,50.1610988],[-125.0115949,50.1611717],[-125.0114839,50.1612324],[-125.0113573,50.161279],[-125.0112195,50.1613098],[-125.0110751,50.1613238],[-125.0107798,50.1613171],[-125.0086522,50.1611412],[-125.0083694,50.1611009],[-125.0082375,50.161065],[-125.0080998,50.1610068],[-125.0076431,50.160776],[-125.0070891,50.1605942],[-125.0064908,50.1604844],[-125.0058707,50.1604507],[-125.005252,50.1604944],[-125.0046582,50.1606139],[-125.0041117,50.1608046],[-125.0036329,50.1610593],[-125.0032399,50.1613685],[-125.0029476,50.1617205],[-125.002767,50.1621021],[-125.0027048,50.1624988],[-125.002702,50.1631434],[-125.0026722,50.163337],[-125.0026294,50.1634291],[-125.0025602,50.1635144],[-125.0024669,50.1635896],[-125.0023531,50.1636522],[-125.0020891,50.1637485],[-124.9972066,50.1651551],[-124.9967015,50.1653374],[-124.996256,50.165575],[-124.9958844,50.1658601],[-124.9895767,50.1717013],[-124.9893803,50.1718504],[-124.9892632,50.1719108],[-124.9891304,50.1719559],[-124.9889866,50.171984],[-124.9886585,50.172006],[-124.9883882,50.1720078],[-124.9877789,50.1720889],[-124.9872056,50.1722437],[-124.9866897,50.1724666],[-124.9862507,50.172749],[-124.9859052,50.1730805],[-124.9858295,50.173171],[-124.9855741,50.1735741],[-124.985457,50.1740026],[-124.9854834,50.1744373],[-124.9856521,50.1748586],[-124.9859556,50.1752478],[-124.9863803,50.1755873],[-124.9866491,50.1757608],[-124.9867328,50.1758408],[-124.9867912,50.1759296],[-124.9868222,50.1760239],[-124.9868245,50.1761202],[-124.9867713,50.1763123],[-124.9862298,50.1775595],[-124.9861256,50.1779252],[-124.9861259,50.178297],[-124.9862309,50.1786626],[-124.9864371,50.1790101],[-124.9865366,50.1791407],[-124.9866396,50.1793147],[-124.9866654,50.1794052],[-124.986665,50.1794972],[-124.9866386,50.1795876],[-124.9865343,50.1797613],[-124.9854532,50.181164],[-124.985303,50.1813213],[-124.9852082,50.1813893],[-124.9851006,50.1814428],[-124.9847076,50.1815725],[-124.984165,50.1817988],[-124.9837043,50.1820902],[-124.9833445,50.1824349],[-124.9833321,50.1824499],[-124.9832296,50.1825289],[-124.9831041,50.182593],[-124.9829609,50.1826394],[-124.982806,50.1826662],[-124.9825025,50.1826776],[-124.9822163,50.182668],[-124.9816225,50.1827195],[-124.981054,50.1828409],[-124.9805307,50.1830278],[-124.9800708,50.1832738],[-124.9796904,50.1835703],[-124.9794028,50.1839069],[-124.9792179,50.1842718],[-124.9791422,50.1846525],[-124.9791785,50.1850355],[-124.9792322,50.1852571],[-124.9792107,50.185477],[-124.9779778,50.1900533],[-124.9779315,50.1904334],[-124.9779957,50.1908125],[-124.9781683,50.1911775],[-124.9784432,50.1915157],[-124.9784899,50.191562],[-124.9785476,50.1916576],[-124.9785737,50.1917588],[-124.9785673,50.1918612],[-124.9785286,50.1919607],[-124.9783862,50.1921502],[-124.9781699,50.1923813],[-124.9779467,50.192822],[-124.9778833,50.1932836],[-124.9778879,50.1933976],[-124.977866,50.1935942],[-124.9778262,50.1936881],[-124.977759,50.1937754],[-124.9776177,50.193894],[-124.977284,50.1942409],[-124.9770638,50.1946231],[-124.9769658,50.1950256],[-124.9769938,50.1954326],[-124.9771466,50.195828],[-124.9774184,50.1961964],[-124.9777984,50.1965231],[-124.9782717,50.1967955],[-124.9788197,50.1970026],[-124.9794207,50.1971365],[-124.9800512,50.1971918],[-124.9800798,50.1971925],[-124.9802372,50.1972176],[-124.9803831,50.1972628],[-124.9805115,50.1973263],[-124.9806167,50.1974052],[-124.9806943,50.1974964],[-124.9807891,50.1976982],[-124.9824634,50.2033138],[-124.9826327,50.2036862],[-124.9829084,50.2040316],[-124.9832806,50.2043377],[-124.983736,50.2045935],[-124.9842585,50.20479],[-124.9851828,50.2050661],[-124.9857199,50.2051906],[-124.9862831,50.2052521],[-124.9868543,50.2052488],[-124.9874156,50.2051807],[-124.9879492,50.20505],[-124.9891772,50.2046657],[-124.9894887,50.2045929],[-124.9896503,50.2045781],[-124.9898132,50.204585],[-124.9899704,50.2046134],[-124.990115,50.2046619],[-124.9902407,50.2047286],[-124.9904468,50.2048948],[-124.9950096,50.2094865],[-124.995141,50.2096494],[-124.9951825,50.2097361],[-124.9951991,50.2098261],[-124.9951902,50.2099166],[-124.9951216,50.2100946],[-124.9947388,50.2108055],[-124.9946058,50.2111432],[-124.9945638,50.2114904],[-124.9946141,50.2118371],[-124.9950521,50.2134005],[-124.9952678,50.2138569],[-124.9956422,50.2142692],[-124.9978319,50.2161404],[-124.9982482,50.2164326],[-124.9987443,50.2166684],[-124.9993018,50.2168389],[-124.9999001,50.2169379],[-125.0005169,50.2169618],[-125.0011295,50.2169096],[-125.0016193,50.2168365],[-125.0019795,50.21681],[-125.0021564,50.2168229],[-125.002498,50.2169006],[-125.0045786,50.2175536],[-125.00485,50.2176615],[-125.0049645,50.2177307],[-125.0050551,50.2178131],[-125.0051183,50.2179054],[-125.0051514,50.218004],[-125.005155,50.2182084],[-125.0044613,50.2231791],[-125.0044784,50.2236411],[-125.0046564,50.224089],[-125.0055711,50.2256349],[-125.0058562,50.2260015],[-125.0062493,50.2263246],[-125.0067347,50.2265914],[-125.0072932,50.2267913],[-125.0078957,50.2269589],[-125.0081685,50.2270562],[-125.0082859,50.22712],[-125.0083817,50.2271972],[-125.0084521,50.2272849],[-125.0084944,50.2273796],[-125.0085201,50.2275788],[-125.0084151,50.2318763],[-125.0083791,50.2320767],[-125.0082822,50.2322686],[-125.0044662,50.2378622],[-125.0042929,50.2380554],[-125.0041774,50.2381363],[-125.0040372,50.2381992],[-125.0037155,50.2382845],[-124.9978172,50.2393827],[-124.9974866,50.2394207],[-124.9973214,50.2394172],[-124.997161,50.2393916],[-124.9968594,50.2392972],[-124.9870182,50.2353432],[-124.986616,50.2351403],[-124.9779933,50.2297438],[-124.9775974,50.2294187],[-124.9765713,50.2282908],[-124.9764467,50.2281189],[-124.9764108,50.2280282],[-124.9764016,50.2279348],[-124.9764403,50.2277345],[-124.976493,50.2275819],[-124.9765132,50.227207],[-124.9764265,50.226836],[-124.9762358,50.2264812],[-124.9759474,50.2261546],[-124.9755709,50.2258669],[-124.9746454,50.2252786],[-124.974463,50.2251399],[-124.9743217,50.2249828],[-124.9724381,50.2223775],[-124.9723349,50.2221878],[-124.9723137,50.2220896],[-124.9723405,50.2218021],[-124.9723154,50.2213952],[-124.9721652,50.2209995],[-124.971896,50.2206305],[-124.9715184,50.2203028],[-124.9710471,50.2200291],[-124.9670798,50.2181483],[-124.9668631,50.2180246],[-124.9667751,50.217952],[-124.9667091,50.2178704],[-124.9666673,50.2177826],[-124.9666344,50.217598],[-124.9665856,50.2162046],[-124.9665074,50.215798],[-124.9663048,50.2154094],[-124.9659856,50.2150543],[-124.9614791,50.2110296],[-124.96131,50.2108376],[-124.9612604,50.210734],[-124.9612328,50.2105143],[-124.9613386,50.2081034],[-124.9612783,50.2076452],[-124.9610602,50.2072071],[-124.9606952,50.206811],[-124.9560538,50.2028616],[-124.9556722,50.2025907],[-124.9492479,50.1987739],[-124.9490437,50.1986266],[-124.9489666,50.1985429],[-124.9488641,50.1983573],[-124.9480319,50.1962091],[-124.9478148,50.1958208],[-124.947481,50.1954681],[-124.9470438,50.1951652],[-124.9417606,50.1921724],[-124.9414792,50.1919834],[-124.9344716,50.186395],[-124.9339747,50.1860773],[-124.9333819,50.1858364],[-124.9327213,50.1856839],[-124.9305624,50.1853509],[-124.930291,50.185292],[-124.9301671,50.185248],[-124.9300574,50.1851906],[-124.9299656,50.1851215],[-124.929822,50.1849627],[-124.9254876,50.1789918],[-124.9253981,50.1788368],[-124.9253487,50.1786746],[-124.9242263,50.1722602],[-124.9241115,50.1718999],[-124.9238984,50.1715586],[-124.9235937,50.171247],[-124.9189764,50.1673505],[-124.9188133,50.1671807],[-124.9187598,50.1670884],[-124.9187101,50.1668916],[-124.9186165,50.1659279],[-124.9185114,50.165519],[-124.9182803,50.165132],[-124.9179327,50.1647826],[-124.9174827,50.164485],[-124.9153138,50.1633138],[-124.914915,50.1630384],[-124.9081996,50.1570789],[-124.9080326,50.1568916],[-124.9079307,50.156686],[-124.9069846,50.1537163],[-124.9069526,50.1535278],[-124.9069639,50.1534344],[-124.9070092,50.1533267],[-124.9072051,50.1529852],[-124.9073028,50.152592],[-124.9072804,50.1521942],[-124.9071387,50.1518066],[-124.9068829,50.1514438],[-124.9065227,50.1511195],[-124.9060716,50.1508457],[-124.9052318,50.150427],[-124.905006,50.1502898],[-124.9049172,50.1502095],[-124.9048546,50.1501196],[-124.9048204,50.1500237],[-124.9048159,50.1499253],[-124.9048414,50.1498283],[-124.9048958,50.1497363],[-124.9049958,50.1496337],[-124.9052726,50.1492765],[-124.9054364,50.1488918],[-124.9054811,50.148494],[-124.9054717,50.1482553],[-124.9053921,50.1478494],[-124.9051884,50.1474616],[-124.9048689,50.1471074],[-124.9044461,50.1468007],[-124.8949083,50.1411356],[-124.8946745,50.1409614],[-124.8945926,50.1408615],[-124.894501,50.1406394],[-124.8940997,50.1388826],[-124.8940847,50.1386859],[-124.8941066,50.1385897],[-124.8941568,50.138498],[-124.8942336,50.1384142],[-124.8943341,50.1383413],[-124.8945781,50.1382216],[-124.8968518,50.1373144],[-124.8973254,50.1370837],[-124.8977243,50.1368009],[-124.8980348,50.1364757],[-124.8982462,50.1361194],[-124.8983512,50.1357441],[-124.8985384,50.1343278],[-124.8985956,50.1341299],[-124.8986532,50.1340377],[-124.8987379,50.1339546],[-124.8988463,50.1338837],[-124.8989744,50.1338279],[-124.8991171,50.1337892],[-124.8992688,50.1337693],[-124.8995828,50.1337683],[-124.900061,50.1337972],[-124.9006871,50.1337956],[-124.9013007,50.133716],[-124.9018784,50.1335615],[-124.9023983,50.1333379],[-124.9028404,50.1330538],[-124.9031879,50.13272],[-124.9034275,50.1323492],[-124.90355,50.1319557],[-124.9035505,50.1317474],[-124.9035842,50.131553],[-124.903635,50.1314543],[-124.9037164,50.1313643],[-124.9038249,50.131287],[-124.9042025,50.1311104],[-124.9046528,50.1308549],[-124.9050207,50.13055],[-124.9052932,50.1302063],[-124.9054608,50.1298361],[-124.9055176,50.1294524],[-124.9054614,50.1290686],[-124.9052944,50.1286982],[-124.9050278,50.1282645],[-124.904947,50.1280879],[-124.9049322,50.1279973],[-124.9049429,50.1279066],[-124.9049789,50.1278185],[-124.9050389,50.127736],[-124.9052051,50.1275859],[-124.9062505,50.1268019],[-124.9064718,50.1266651],[-124.9065992,50.1266124],[-124.90674,50.1265763],[-124.9068891,50.1265582],[-124.9070408,50.1265588],[-124.907342,50.1265979],[-124.909806,50.12708],[-124.9100892,50.1271551],[-124.9102153,50.1272087],[-124.910323,50.1272768],[-124.9104084,50.1273568],[-124.9105298,50.1275372],[-124.9116557,50.1297833],[-124.9118902,50.1301349],[-124.9122223,50.1304525],[-124.9126406,50.1307251],[-124.9131304,50.1309433],[-124.9136748,50.1310996],[-124.9142549,50.1311884],[-124.9148507,50.1312068],[-124.9154415,50.1311541],[-124.9156041,50.131119],[-124.9159511,50.1310704],[-124.91611,50.1310691],[-124.9165762,50.1311268],[-124.9172321,50.1311639],[-124.9178861,50.1311141],[-124.9185103,50.1309798],[-124.9190785,50.1307664],[-124.9195667,50.1304831],[-124.9199542,50.1301418],[-124.9202247,50.129757],[-124.9203667,50.1293448],[-124.9203743,50.1289227],[-124.9202472,50.1285085],[-124.9192943,50.1265145],[-124.9192371,50.1263436],[-124.919226,50.126169],[-124.9194655,50.1227699],[-124.9194255,50.1223407],[-124.919247,50.1219263],[-124.9189379,50.1215448],[-124.9185116,50.1212129],[-124.917987,50.1209451],[-124.9125374,50.1187178],[-124.9119975,50.1185408],[-124.9114153,50.1184322],[-124.9064294,50.1178227],[-124.9061397,50.1177686],[-124.906007,50.1177251],[-124.9058896,50.1176663],[-124.9057916,50.1175944],[-124.9057164,50.1175119],[-124.9056669,50.1174218],[-124.9056221,50.1172304],[-124.9051649,50.1118193],[-124.9051133,50.1115471],[-124.902979,50.104342],[-124.9029512,50.1041686],[-124.9029698,50.1039947],[-124.9041974,50.0989133],[-124.904234,50.0985446],[-124.9041672,50.0981778],[-124.903766,50.096949],[-124.9035865,50.096578],[-124.9033013,50.0962354],[-124.9029206,50.0959334],[-124.9005432,50.0943747],[-124.9003399,50.0942107],[-124.9002677,50.0941185],[-124.9001836,50.093916],[-124.8999782,50.0930852],[-124.8997881,50.092643],[-124.8994496,50.0922389],[-124.8989799,50.0918931],[-124.8989316,50.0918647],[-124.8987289,50.0917203],[-124.8986516,50.0916382],[-124.8986,50.0915482],[-124.8985512,50.0913564],[-124.898316,50.0890901],[-124.8982226,50.0887158],[-124.8980236,50.088359],[-124.8977258,50.0880317],[-124.8973393,50.0877451],[-124.8968774,50.0875089],[-124.8963557,50.0873312],[-124.8933684,50.0865305],[-124.8931083,50.0864419],[-124.8929946,50.0863836],[-124.8928996,50.0863129],[-124.8927515,50.0861496],[-124.8876806,50.0791297],[-124.8874848,50.0787095],[-124.8869659,50.076466],[-124.8868362,50.0761177],[-124.8866142,50.0757892],[-124.8863067,50.0754904],[-124.8844593,50.0739968],[-124.8842929,50.0738319],[-124.8842366,50.073742],[-124.8842082,50.0736468],[-124.8842092,50.0734504],[-124.8844201,50.0720974],[-124.8844711,50.0719237],[-124.8846107,50.0716853],[-124.8847809,50.0712633],[-124.8848084,50.0708277],[-124.8846921,50.0703982],[-124.8844372,50.0699941],[-124.8841102,50.0696855],[-124.8840095,50.0695686],[-124.8839626,50.0694735],[-124.8839459,50.0693742],[-124.8839795,50.0691377],[-124.8839739,50.0687293],[-124.8838426,50.0683296],[-124.8835907,50.0679546],[-124.8832281,50.0676189],[-124.8829017,50.0674176],[-124.8829036,50.0674163],[-124.8825642,50.0672075],[-124.8824759,50.0671264],[-124.8823505,50.0669426],[-124.8813156,50.0649],[-124.8812438,50.0646735],[-124.8812485,50.0645601],[-124.881339,50.0643364],[-124.8820543,50.0631442],[-124.8822441,50.0626574],[-124.8822443,50.0621557],[-124.8819978,50.0608662],[-124.881994,50.0606397],[-124.8820682,50.0604183],[-124.8830343,50.0585674],[-124.8831538,50.058394],[-124.8832364,50.0583168],[-124.8834458,50.0581831],[-124.8853998,50.0571481],[-124.8856584,50.0570365],[-124.8858003,50.0569985],[-124.8859509,50.056979],[-124.8861046,50.0569787],[-124.8862555,50.0569977],[-124.8863977,50.0570352],[-124.8865257,50.0570898],[-124.8866347,50.0571593],[-124.8868087,50.0573253],[-124.8870033,50.0575573],[-124.8873294,50.0578725],[-124.88774,50.0581439],[-124.8882212,50.0583624],[-124.8887567,50.0585205],[-124.8893282,50.0586128],[-124.8899164,50.0586363],[-124.8905014,50.0585901],[-124.8910632,50.0584758],[-124.8914573,50.0583691],[-124.8916076,50.0583492],[-124.891761,50.0583485],[-124.8919118,50.0583669],[-124.892054,50.0584039],[-124.8923141,50.0585134],[-124.8954957,50.0601601],[-124.8958353,50.0603722],[-124.896328,50.0606244],[-124.8968882,50.0608097],[-124.8974942,50.0609209],[-124.8981223,50.0609537],[-124.8987482,50.0609068],[-124.8993478,50.0607821],[-124.8998975,50.0605843],[-124.9003763,50.0603212],[-124.9007654,50.060003],[-124.9010498,50.0596419],[-124.9011598,50.0593876],[-124.9011672,50.0593889],[-124.9012841,50.0591129],[-124.901348,50.0590284],[-124.9014352,50.0589529],[-124.9015427,50.0588892],[-124.9016668,50.0588393],[-124.9019426,50.05877],[-124.905114,50.0581851],[-124.9054288,50.0581485],[-124.9055865,50.0581508],[-124.9057403,50.0581733],[-124.9058839,50.0582152],[-124.9060115,50.0582746],[-124.9061181,50.0583493],[-124.9062826,50.0585255],[-124.9086581,50.0617717],[-124.9088111,50.0620471],[-124.9090976,50.0624313],[-124.9095013,50.0627694],[-124.910005,50.0630467],[-124.910587,50.0632513],[-124.9112222,50.0633745],[-124.9118833,50.0634109],[-124.9125419,50.063359],[-124.9126093,50.063349],[-124.91288,50.0633393],[-124.9185457,50.0634469],[-124.9191478,50.0634218],[-124.9197319,50.0633245],[-124.9202772,50.0631586],[-124.9207642,50.0629299],[-124.9211757,50.0626466],[-124.921497,50.0623187],[-124.9217167,50.0619579],[-124.9218269,50.0615771],[-124.9218238,50.0611897],[-124.9217075,50.0608096],[-124.9216887,50.0607689],[-124.9216581,50.0605839],[-124.9216025,50.0581859],[-124.921627,50.0579916],[-124.9216673,50.0578989],[-124.9217343,50.0578128],[-124.9218255,50.0577364],[-124.9219377,50.0576726],[-124.9220667,50.0576236],[-124.9222079,50.0575913],[-124.922356,50.0575767],[-124.9226594,50.0575844],[-124.9251473,50.0578017],[-124.9257682,50.0578168],[-124.926382,50.0577545],[-124.9269654,50.0576173],[-124.9274965,50.0574102],[-124.9279553,50.0571412],[-124.9283243,50.0568202],[-124.9285898,50.0564595],[-124.9287417,50.0560727],[-124.9287492,50.0559806],[-124.9288036,50.0557264],[-124.928848,50.0556395],[-124.9289161,50.0555593],[-124.9290767,50.0554318],[-124.9294178,50.0550996],[-124.9296529,50.0547314],[-124.9297729,50.0543411],[-124.9297735,50.0539432],[-124.9297395,50.0538318],[-124.9297066,50.0535939],[-124.9297244,50.0534933],[-124.9298233,50.0532981],[-124.9311777,50.0513256],[-124.931351,50.0511333],[-124.9314661,50.0510528],[-124.9317497,50.0509256],[-124.9359608,50.0494471],[-124.9362425,50.0493697],[-124.9363904,50.0493494],[-124.9366967,50.0493459],[-124.9421408,50.0496209],[-124.9426883,50.0496803],[-124.9433643,50.049707],[-124.9440339,50.0496416],[-124.944667,50.0494872],[-124.9452353,50.0492507],[-124.9456436,50.0489875],[-124.9458068,50.0489013],[-124.9459484,50.0488535],[-124.9461021,50.0488252],[-124.9462616,50.0488175],[-124.9465834,50.0488445],[-124.9485512,50.0491432],[-124.9491331,50.0491959],[-124.9497203,50.0491794],[-124.9502928,50.0490941],[-124.9508314,50.048943],[-124.9513179,50.0487312],[-124.9513371,50.0487211],[-124.9514783,50.0486734],[-124.9516161,50.048648],[-124.9521716,50.0485083],[-124.952677,50.0483049],[-124.9531149,50.0480446],[-124.9534698,50.0477367],[-124.9537295,50.0473919],[-124.9555459,50.044265],[-124.9556829,50.0440854],[-124.955776,50.0440069],[-124.9558912,50.0439416],[-124.9561604,50.0438411],[-124.9641391,50.0414985],[-124.9646834,50.0412949],[-124.965155,50.0410267],[-124.9655355,50.0407043],[-124.9702898,50.0357245],[-124.9705988,50.0354666],[-124.9771539,50.0310543],[-124.9775394,50.0307378],[-124.9778217,50.0303791],[-124.9800273,50.0267258],[-124.9801906,50.0263559],[-124.9802436,50.0259729],[-124.9801847,50.0255902],[-124.9787883,50.0209863],[-124.9787594,50.0207691],[-124.978803,50.020553],[-124.9792465,50.0193675],[-124.9793992,50.0190843],[-124.9837018,50.0130724],[-124.9838497,50.012908],[-124.9839449,50.0128368],[-124.9841758,50.0127183],[-124.987442,50.0113396],[-124.9877353,50.0112422],[-124.9878921,50.0112145],[-124.9880544,50.0112082],[-124.9882152,50.0112236],[-124.9883675,50.0112601],[-124.9885049,50.011316],[-124.9887411,50.0114642],[-124.9951667,50.0164338],[-124.9953227,50.0165781],[-124.9953798,50.016657],[-124.9954509,50.0168267],[-124.9961754,50.0194302],[-124.9963436,50.0198143],[-124.9966242,50.0201704],[-124.9970067,50.0204848],[-124.9980734,50.0212047],[-124.9982607,50.0213582],[-124.9983291,50.0214439],[-124.9983709,50.0215364],[-124.9983889,50.0216632],[-124.9985019,50.0220477],[-124.9987263,50.0224115],[-124.9990541,50.0227414],[-124.9994732,50.0230253],[-124.9999686,50.023253],[-125.0001629,50.0233102],[-125.0004617,50.0234231],[-125.0005766,50.023489],[-125.0006692,50.023568],[-125.000736,50.0236571],[-125.0007745,50.0237529],[-125.000783,50.0238516],[-125.0007613,50.0239495],[-125.0007102,50.0240429],[-125.0006318,50.024128],[-125.0005289,50.0242016],[-125.000279,50.0243217],[-124.9999832,50.0244366],[-124.9994572,50.0246921],[-124.9990239,50.0250116],[-124.9987018,50.0253813],[-124.9985047,50.0257856],[-124.9981234,50.0269925],[-124.9980595,50.0273912],[-124.9981174,50.0277904],[-124.9982949,50.0281747],[-124.999783,50.0305258],[-124.9998698,50.0307121],[-124.9998848,50.0308077],[-124.9998712,50.0309033],[-124.9998297,50.0309955],[-124.9997617,50.031081],[-124.9995753,50.0312343],[-124.9951217,50.0342538],[-124.9947692,50.0345399],[-124.994501,50.0348615],[-124.9943257,50.0352085],[-124.9935263,50.0374531],[-124.9934481,50.0378335],[-124.9934813,50.0382166],[-124.993625,50.0385891],[-124.9938402,50.0389844],[-124.9941797,50.0394279],[-124.9946743,50.0398064],[-124.9964615,50.0408801],[-124.9966824,50.0410444],[-124.996762,50.0411382],[-124.9968572,50.0413466],[-124.9989895,50.0489211],[-124.9990147,50.049117],[-124.998981,50.0493124],[-124.9985525,50.050624],[-124.9984679,50.0508013],[-124.9984021,50.0508826],[-124.9982248,50.0510289],[-124.9959547,50.0525877],[-124.9955231,50.0529612],[-124.9952333,50.0533875],[-124.9919676,50.0602118],[-124.9918464,50.0604134],[-124.9832531,50.0721711],[-124.9830474,50.0725408],[-124.982955,50.0729288],[-124.9829794,50.0733211],[-124.9831195,50.0737032],[-124.9833705,50.0740612],[-124.9837229,50.0743821],[-124.984164,50.074654],[-124.9846777,50.0748672],[-124.9852452,50.0750137],[-124.9858458,50.0750882],[-124.9864575,50.075088],[-124.9870579,50.0750132],[-124.9874653,50.0749358],[-124.987624,50.0749273],[-124.9877821,50.0749395],[-124.9880885,50.0750054],[-124.9892809,50.0753518],[-124.9895437,50.0754484],[-124.9896569,50.0755111],[-124.9897497,50.0755863],[-124.9898185,50.0756715],[-124.989861,50.0757635],[-124.9898755,50.075859],[-124.9898616,50.0759545],[-124.9897768,50.076141],[-124.9896568,50.0763343],[-124.9894796,50.0767326],[-124.9894306,50.0771456],[-124.9895116,50.0775566],[-124.9897195,50.0779487],[-124.9900458,50.0783062],[-124.9904772,50.0786143],[-124.9909961,50.0788606],[-124.9915816,50.0790351],[-124.9922096,50.0791306],[-124.9928548,50.0791434],[-124.9934909,50.0790728],[-124.9940919,50.0789217],[-124.9946335,50.0786963],[-124.9954414,50.0782802],[-124.9956916,50.0781745],[-124.9958283,50.0781381],[-124.9961215,50.0780989],[-124.9977822,50.0779803],[-124.9980803,50.0779771],[-124.9982254,50.0779931],[-124.9983633,50.0780262],[-124.9986611,50.0781423],[-124.9991963,50.0783094],[-124.9997705,50.07841],[-125.0003638,50.0784406],[-125.0009556,50.0784002],[-125.0015255,50.0782901],[-125.0020539,50.0781143],[-125.0026138,50.0778832],[-125.0028937,50.0777913],[-125.003043,50.0777644],[-125.0031976,50.0777567],[-125.0033515,50.0777688],[-125.0034987,50.0778],[-125.0036335,50.0778493],[-125.0037505,50.0779145],[-125.0038453,50.0779933],[-125.003914,50.0780825],[-125.0039953,50.0782774],[-125.0041302,50.0788057],[-125.0042999,50.0792084],[-125.0045929,50.0795809],[-125.0049972,50.0799076],[-125.005496,50.0801751],[-125.0069744,50.0808166],[-125.0072202,50.0809481],[-125.0073186,50.0810272],[-125.0074285,50.0811653],[-125.0077963,50.0815273],[-125.008274,50.0818319],[-125.0088404,50.0820657],[-125.0094705,50.0822182],[-125.0101365,50.0822827],[-125.0108087,50.0822564],[-125.0127232,50.0820502],[-125.0130328,50.0820366],[-125.0131848,50.082049],[-125.01333,50.0820801],[-125.0134631,50.0821287],[-125.0135789,50.082193],[-125.0136731,50.0822705],[-125.013742,50.0823583],[-125.0138541,50.0826166],[-125.0138712,50.0826794],[-125.0140971,50.0830536],[-125.0144322,50.0833925],[-125.0148635,50.0836832],[-125.0153747,50.0839144],[-125.0159463,50.0840775],[-125.0165563,50.0841661],[-125.0171816,50.0841769],[-125.0222545,50.0839455],[-125.0225893,50.0839529],[-125.0227493,50.0839787],[-125.0228973,50.0840254],[-125.0230267,50.0840909],[-125.0231319,50.0841724],[-125.0232867,50.0843631],[-125.0237106,50.0850547],[-125.0240224,50.0854387],[-125.0244527,50.0857723],[-125.0249825,50.0860405],[-125.0255881,50.0862315],[-125.0262427,50.0863368],[-125.0267016,50.086347],[-125.0269694,50.0863679],[-125.0272601,50.0864284],[-125.0297888,50.087133],[-125.030337,50.0872494],[-125.0309089,50.0873006],[-125.0314858,50.0872851],[-125.032049,50.0872034],[-125.0322905,50.0871373],[-125.0322954,50.0871449],[-125.0327313,50.0870284],[-125.0328831,50.087009],[-125.0330379,50.0870091],[-125.0331897,50.0870286],[-125.0333325,50.0870669],[-125.0334609,50.0871225],[-125.0335697,50.0871931],[-125.0336548,50.0872761],[-125.0337129,50.0873682],[-125.0337416,50.0874658],[-125.0337413,50.0874802],[-125.0338007,50.0878968],[-125.0339903,50.088297],[-125.0343023,50.0886643],[-125.0345336,50.0888394],[-125.0347156,50.089],[-125.0347763,50.0890801],[-125.0348527,50.0892535],[-125.0355264,50.0915344],[-125.0355265,50.0915344],[-125.0355992,50.0917898],[-125.0357998,50.0921324],[-125.0360919,50.0924468],[-125.0364664,50.0927229],[-125.0365634,50.0927728],[-125.0368206,50.0929346],[-125.0369049,50.0930124],[-125.0369651,50.093099],[-125.0370607,50.0933602],[-125.0370806,50.0934488],[-125.0372978,50.0938372],[-125.0376316,50.09419],[-125.0380687,50.0944928],[-125.0385913,50.0947335],[-125.0391783,50.0949023],[-125.0398061,50.0949924],[-125.0404493,50.0950001],[-125.0410819,50.0949252],[-125.0416784,50.0947707],[-125.042055,50.0946436],[-125.0423505,50.094567],[-125.042505,50.0945486],[-125.0426622,50.0945504],[-125.0428156,50.0945722],[-125.0429591,50.0946132],[-125.0430871,50.0946717],[-125.0431943,50.0947455],[-125.0432764,50.0948314],[-125.0433854,50.0950236],[-125.0435015,50.0953168],[-125.0437391,50.0957274],[-125.0441071,50.0960964],[-125.0445887,50.0964069],[-125.045162,50.0966449],[-125.0452484,50.0966728],[-125.0453649,50.0967302],[-125.0454627,50.0968004],[-125.0455677,50.0969121],[-125.0459726,50.0972556],[-125.0464804,50.0975374],[-125.0470687,50.0977451],[-125.0477115,50.0978695],[-125.0483806,50.0979052],[-125.0487375,50.097876],[-125.0490609,50.0978653],[-125.0493463,50.0978892],[-125.0509996,50.0981266],[-125.0512991,50.0981902],[-125.0514342,50.0982396],[-125.0515515,50.0983051],[-125.0516464,50.0983843],[-125.051715,50.0984738],[-125.0517956,50.0986695],[-125.0522328,50.1004181],[-125.0522501,50.1006395],[-125.0521923,50.1008582],[-125.0520314,50.1012213],[-125.0519188,50.1016249],[-125.0519335,50.1020347],[-125.0520748,50.1024346],[-125.0523371,50.1028084],[-125.0527099,50.1031414],[-125.0531784,50.1034203],[-125.0534736,50.1035359],[-125.0534678,50.103542],[-125.0539005,50.103714],[-125.0540203,50.1037882],[-125.0541128,50.103877],[-125.054174,50.1039763],[-125.054229,50.1041903],[-125.0543495,50.1055541],[-125.0544538,50.1059702],[-125.0546884,50.1063639],[-125.0550433,50.1067186],[-125.0555036,50.1070194],[-125.05605,50.1072536],[-125.0566594,50.1074113],[-125.0573062,50.107486],[-125.0579631,50.1074743],[-125.0586025,50.107377],[-125.0615954,50.1067067],[-125.0618824,50.1066611],[-125.0620281,50.1066557],[-125.062173,50.1066678],[-125.0623118,50.1066967],[-125.0625712,50.1067877],[-125.0640916,50.1074454],[-125.0643413,50.1075791],[-125.0644408,50.1076597],[-125.0645127,50.1077516],[-125.064554,50.1078509],[-125.0645629,50.1079535],[-125.0645391,50.1080551],[-125.0645281,50.1080742],[-125.0643692,50.1084639],[-125.0643319,50.1088661],[-125.0644178,50.1092651],[-125.0646234,50.1096457],[-125.0649409,50.1099933],[-125.0653581,50.1102945],[-125.065859,50.1105376],[-125.0658654,50.1105401],[-125.0659814,50.1106099],[-125.0660732,50.1106932],[-125.0662302,50.1109241],[-125.0665481,50.1112862],[-125.066973,50.1115999],[-125.0674877,50.1118523],[-125.0680711,50.1120331],[-125.0686993,50.1121349],[-125.0693466,50.1121535],[-125.0701946,50.1121228],[-125.070493,50.1121299],[-125.0706367,50.112151],[-125.0707718,50.112189],[-125.0708935,50.1122425],[-125.0709974,50.1123096],[-125.0711647,50.1124682],[-125.0722335,50.113721],[-125.0723599,50.1139137],[-125.0723906,50.1140149]],[[-125.016278,49.950417],[-125.016221,49.95106],[-125.016209,49.951106],[-125.016182,49.951149],[-125.015445,49.952031],[-125.0154,49.952075],[-125.014598,49.952722],[-125.014539,49.952762],[-125.011902,49.954214],[-125.011857,49.954235],[-125.011826,49.954245],[-125.011773,49.954255],[-125.011006,49.954358],[-125.010881,49.954363],[-125.009121,49.954281],[-125.009027,49.954282],[-125.008935,49.954295],[-125.007552,49.954583],[-125.007448,49.954596],[-125.005737,49.954683],[-125.005635,49.954695],[-125.005539,49.954721],[-125.005454,49.954759],[-125.003499,49.955858],[-125.00342,49.955915],[-125.003364,49.955983],[-125.003014,49.956574],[-125.002986,49.956611],[-125.002946,49.956644],[-125.001838,49.957402],[-125.001792,49.957428],[-125.001759,49.95744],[-125.001723,49.957449],[-125.001686,49.957453],[-125.001624,49.957452],[-125.000256,49.957355],[-125.000206,49.957349],[-125.000157,49.957338],[-124.998484,49.956859],[-124.998415,49.956834],[-124.997607,49.956482],[-124.997525,49.956436],[-124.996656,49.955818],[-124.996618,49.955788],[-124.995992,49.9552],[-124.995946,49.955145],[-124.994907,49.953492],[-124.994863,49.953438],[-124.994805,49.953391],[-124.992916,49.952135],[-124.992876,49.952103],[-124.992847,49.952067],[-124.992436,49.951417],[-124.992416,49.951372],[-124.992412,49.951324],[-124.992499,49.950388],[-124.992514,49.95033],[-124.993479,49.947985],[-124.993524,49.947915],[-124.993985,49.947398],[-124.994043,49.947346],[-124.995081,49.946616],[-124.995183,49.946562],[-124.997772,49.945566],[-124.997892,49.945534],[-124.999458,49.945274],[-124.999571,49.945265],[-125.001218,49.945265],[-125.001263,49.945267],[-125.00178,49.9453],[-125.001882,49.9453],[-125.001982,49.945286],[-125.002075,49.945259],[-125.002158,49.94522],[-125.002226,49.945171],[-125.002438,49.944982],[-125.002475,49.944954],[-125.002503,49.94494],[-125.002534,49.944928],[-125.002588,49.944916],[-125.002967,49.944853],[-125.003023,49.944847],[-125.003058,49.944847],[-125.003113,49.944853],[-125.005545,49.945264],[-125.005641,49.945274],[-125.005738,49.945272],[-125.005833,49.945257],[-125.007629,49.944848],[-125.007688,49.944838],[-125.007727,49.944837],[-125.007788,49.944841],[-125.010903,49.945285],[-125.010983,49.945302],[-125.013009,49.945859],[-125.013092,49.945889],[-125.013812,49.946217],[-125.013906,49.946274],[-125.014394,49.94667],[-125.014455,49.946735],[-125.015742,49.948641],[-125.015771,49.948701],[-125.01627,49.950345],[-125.016278,49.950417]],[[-124.848032,49.556523],[-124.848013,49.556593],[-124.847926,49.556729],[-124.847653,49.557052],[-124.847531,49.557167],[-124.847454,49.557214],[-124.847364,49.557251],[-124.847264,49.557274],[-124.847159,49.557283],[-124.847113,49.557281],[-124.846721,49.557288],[-124.846339,49.557342],[-124.845978,49.557441],[-124.845652,49.557581],[-124.845371,49.557758],[-124.845146,49.557966],[-124.844985,49.558197],[-124.844914,49.558385],[-124.844864,49.558475],[-124.844809,49.558533],[-124.844738,49.558582],[-124.844654,49.558621],[-124.844583,49.558641],[-124.844197,49.558784],[-124.843867,49.558976],[-124.843606,49.55921],[-124.843426,49.559473],[-124.843336,49.559755],[-124.842839,49.563009],[-124.842842,49.563297],[-124.842938,49.563578],[-124.844176,49.565969],[-124.844222,49.566096],[-124.844225,49.56616],[-124.844209,49.566224],[-124.844175,49.566285],[-124.844072,49.566396],[-124.843265,49.5671],[-124.84304,49.567347],[-124.842899,49.567619],[-124.84285,49.567904],[-124.842893,49.56819],[-124.843481,49.570034],[-124.843513,49.570267],[-124.843408,49.572901],[-124.843383,49.573034],[-124.84335,49.573097],[-124.843299,49.573154],[-124.843163,49.573255],[-124.842463,49.573679],[-124.842186,49.573884],[-124.841978,49.57412],[-124.841846,49.574379],[-124.840597,49.578005],[-124.840547,49.578293],[-124.840591,49.578581],[-124.841803,49.582341],[-124.841949,49.58263],[-124.842191,49.582891],[-124.843672,49.584147],[-124.843784,49.584266],[-124.84382,49.58433],[-124.84385,49.584467],[-124.843882,49.58503],[-124.843869,49.585163],[-124.843844,49.585227],[-124.843799,49.585285],[-124.843738,49.585338],[-124.843662,49.585381],[-124.843575,49.585414],[-124.843479,49.585435],[-124.843381,49.585444],[-124.843063,49.585431],[-124.842683,49.585437],[-124.842312,49.585487],[-124.84196,49.58558],[-124.84164,49.585713],[-124.841362,49.58588],[-124.839913,49.586926],[-124.839756,49.587019],[-124.839513,49.587112],[-124.83943,49.587137],[-124.83908,49.587308],[-124.838792,49.587522],[-124.838579,49.58777],[-124.83845,49.588041],[-124.83841,49.588323],[-124.83846,49.588605],[-124.8386,49.588874],[-124.839022,49.589472],[-124.839092,49.589609],[-124.839104,49.589679],[-124.839093,49.58975],[-124.839023,49.589887],[-124.838463,49.590688],[-124.838358,49.590806],[-124.838289,49.590856],[-124.838206,49.590896],[-124.838017,49.590954],[-124.837874,49.590987],[-124.837485,49.591107],[-124.837143,49.591276],[-124.836861,49.591486],[-124.83665,49.591729],[-124.83652,49.591995],[-124.836476,49.592272],[-124.836476,49.592684],[-124.836507,49.592917],[-124.836599,49.593144],[-124.837767,49.595256],[-124.83782,49.595397],[-124.837822,49.595468],[-124.837801,49.595538],[-124.837758,49.595604],[-124.837628,49.595722],[-124.833439,49.598766],[-124.83324,49.598936],[-124.833084,49.599124],[-124.831392,49.601613],[-124.831251,49.601904],[-124.831214,49.602208],[-124.831282,49.602509],[-124.831422,49.602855],[-124.831598,49.603148],[-124.831874,49.603408],[-124.835206,49.605875],[-124.835577,49.606091],[-124.836016,49.606245],[-124.84482,49.608499],[-124.844997,49.608558],[-124.845075,49.608597],[-124.84514,49.608645],[-124.845189,49.6087],[-124.845222,49.60876],[-124.845236,49.608823],[-124.845232,49.608887],[-124.845209,49.608948],[-124.845168,49.609006],[-124.845111,49.609058],[-124.845041,49.609103],[-124.844958,49.609137],[-124.844867,49.609161],[-124.844671,49.609186],[-124.842833,49.609302],[-124.842611,49.609301],[-124.842504,49.609285],[-124.842303,49.609225],[-124.83895,49.60792],[-124.83859,49.607808],[-124.838203,49.607742],[-124.837805,49.607725],[-124.83282,49.607819],[-124.832613,49.607809],[-124.832514,49.607792],[-124.832423,49.607762],[-124.832343,49.607721],[-124.832208,49.607619],[-124.831609,49.60706],[-124.831312,49.606838],[-124.830948,49.606662],[-124.830535,49.606541],[-124.830091,49.606481],[-124.829559,49.606446],[-124.82936,49.60642],[-124.829268,49.606395],[-124.829184,49.606359],[-124.829113,49.606314],[-124.829057,49.60626],[-124.828977,49.606139],[-124.823949,49.595769],[-124.823779,49.595514],[-124.820281,49.591446],[-124.82006,49.591237],[-124.819784,49.591059],[-124.817036,49.589586],[-124.816731,49.58945],[-124.816393,49.589351],[-124.813079,49.588595],[-124.812883,49.588535],[-124.812798,49.588493],[-124.812656,49.588387],[-124.808181,49.584231],[-124.807879,49.584007],[-124.807508,49.583831],[-124.807088,49.583711],[-124.80289,49.582853],[-124.802721,49.582808],[-124.802566,49.582744],[-124.797171,49.580056],[-124.796806,49.57991],[-124.796403,49.579814],[-124.793046,49.579266],[-124.792863,49.579224],[-124.792781,49.579193],[-124.792634,49.579111],[-124.789536,49.577028],[-124.789194,49.576842],[-124.782048,49.573733],[-124.781796,49.573597],[-124.776659,49.570168],[-124.776458,49.570003],[-124.773277,49.566744],[-124.773192,49.566646],[-124.769384,49.561581],[-124.769274,49.561388],[-124.76844,49.559286],[-124.768339,49.559091],[-124.768193,49.558909],[-124.765445,49.556025],[-124.765277,49.555784],[-124.762341,49.54948],[-124.762167,49.549214],[-124.761912,49.548978],[-124.760503,49.54793],[-124.760279,49.547714],[-124.755401,49.541352],[-124.755267,49.541099],[-124.754667,49.539159],[-124.754637,49.53894],[-124.754811,49.532596],[-124.754783,49.532346],[-124.754685,49.532104],[-124.75452,49.531878],[-124.745902,49.522392],[-124.745826,49.52229],[-124.745802,49.522237],[-124.745782,49.522124],[-124.74571,49.520691],[-124.745664,49.520448],[-124.745552,49.520214],[-124.744878,49.519156],[-124.744668,49.518905],[-124.744383,49.518687],[-124.74132,49.516801],[-124.741191,49.516706],[-124.741143,49.516652],[-124.741077,49.516532],[-124.739685,49.512993],[-124.73955,49.51275],[-124.739347,49.512527],[-124.739083,49.512334],[-124.738768,49.512176],[-124.738412,49.51206],[-124.737425,49.51181],[-124.737261,49.511757],[-124.737187,49.511721],[-124.737061,49.511635],[-124.733079,49.508372],[-124.732787,49.508177],[-124.732441,49.508023],[-124.730755,49.507424],[-124.730574,49.507342],[-124.7305,49.507291],[-124.730445,49.507231],[-124.730409,49.507164],[-124.730383,49.507022],[-124.730336,49.504547],[-124.730357,49.504403],[-124.7304,49.504316],[-124.730545,49.504105],[-124.730637,49.503837],[-124.730645,49.503563],[-124.730568,49.503293],[-124.730554,49.503263],[-124.730411,49.503029],[-124.730204,49.502815],[-124.729939,49.50263],[-124.729627,49.50248],[-124.729277,49.50237],[-124.727677,49.501979],[-124.72752,49.501931],[-124.727449,49.501899],[-124.727325,49.50182],[-124.726127,49.500917],[-124.725801,49.500719],[-124.725417,49.500569],[-124.724993,49.500476],[-124.724549,49.500444],[-124.724469,49.500443],[-124.724375,49.500432],[-124.724286,49.500409],[-124.724122,49.500341],[-124.72104,49.498796],[-124.720571,49.498618],[-124.716009,49.497372],[-124.715816,49.497303],[-124.715651,49.49721],[-124.714191,49.496195],[-124.713837,49.495998],[-124.713425,49.495856],[-124.71141,49.495341],[-124.711235,49.495283],[-124.711158,49.495245],[-124.711027,49.495149],[-124.710852,49.494993],[-124.710584,49.494797],[-124.710263,49.494638],[-124.709901,49.494522],[-124.709512,49.494453],[-124.709109,49.494433],[-124.708708,49.494464],[-124.708324,49.494545],[-124.708238,49.494569],[-124.708142,49.494582],[-124.708044,49.494584],[-124.707947,49.494573],[-124.707855,49.494551],[-124.707771,49.494518],[-124.707698,49.494475],[-124.707639,49.494423],[-124.707591,49.494358],[-124.707346,49.494104],[-124.707022,49.493891],[-124.706634,49.493729],[-124.7062,49.493626],[-124.705468,49.493509],[-124.705251,49.493458],[-124.705156,49.493418],[-124.704995,49.493311],[-124.703207,49.491828],[-124.702927,49.491637],[-124.702595,49.491485],[-124.702225,49.491377],[-124.701829,49.491317],[-124.698556,49.491036],[-124.698371,49.491009],[-124.698197,49.490961],[-124.69318,49.489201],[-124.693013,49.489129],[-124.692943,49.489083],[-124.692887,49.48903],[-124.692771,49.488852],[-124.692602,49.488644],[-124.69238,49.488459],[-124.692113,49.488301],[-124.691807,49.488175],[-124.69162,49.488112],[-124.691545,49.488073],[-124.691482,49.488026],[-124.691433,49.487973],[-124.691401,49.487914],[-124.69137,49.48779],[-124.691166,49.485826],[-124.691084,49.485529],[-124.690903,49.485251],[-124.68669,49.480365],[-124.686318,49.480051],[-124.685106,49.479289],[-124.684979,49.479194],[-124.684931,49.479139],[-124.684899,49.479081],[-124.68487,49.478956],[-124.684512,49.474804],[-124.684519,49.474675],[-124.684541,49.474614],[-124.684581,49.474556],[-124.684637,49.474504],[-124.684707,49.474459],[-124.684788,49.474424],[-124.684878,49.4744],[-124.685072,49.474374],[-124.686694,49.474258],[-124.686891,49.474256],[-124.686987,49.474267],[-124.687172,49.474313],[-124.691121,49.475582],[-124.691495,49.475675],[-124.691888,49.475719],[-124.692287,49.475715],[-124.695504,49.475479],[-124.695718,49.475478],[-124.695821,49.475491],[-124.696018,49.475545],[-124.700117,49.477013],[-124.700436,49.477106],[-124.700774,49.477163],[-124.706242,49.477773],[-124.70643,49.477806],[-124.706605,49.477861],[-124.721772,49.483801],[-124.722213,49.483931],[-124.722687,49.483992],[-124.725008,49.484114],[-124.725463,49.484105],[-124.725905,49.484034],[-124.726312,49.483902],[-124.731424,49.481767],[-124.731596,49.481709],[-124.731688,49.481692],[-124.731783,49.481685],[-124.731977,49.481695],[-124.734688,49.482002],[-124.734988,49.482057],[-124.738271,49.482887],[-124.738659,49.483029],[-124.739601,49.4835],[-124.739746,49.483588],[-124.739803,49.483639],[-124.739845,49.483697],[-124.739894,49.483821],[-124.739897,49.483835],[-124.740011,49.484112],[-124.74021,49.484366],[-124.740486,49.484589],[-124.740828,49.484768],[-124.741503,49.485053],[-124.741893,49.485182],[-124.742315,49.485256],[-124.742752,49.485272],[-124.747015,49.485133],[-124.74723,49.48514],[-124.747333,49.485158],[-124.747428,49.485189],[-124.747596,49.485277],[-124.751826,49.487988],[-124.752098,49.488135],[-124.752403,49.48825],[-124.752734,49.488331],[-124.756583,49.489032],[-124.756791,49.489086],[-124.756882,49.489126],[-124.757036,49.489232],[-124.761297,49.492862],[-124.761402,49.492971],[-124.761437,49.49303],[-124.761454,49.493092],[-124.761451,49.493221],[-124.761102,49.495343],[-124.76111,49.495676],[-124.761241,49.495997],[-124.761908,49.497074],[-124.762178,49.497385],[-124.772118,49.505966],[-124.772394,49.506161],[-124.772724,49.506319],[-124.775338,49.507326],[-124.775488,49.507396],[-124.775616,49.507482],[-124.777784,49.509213],[-124.778074,49.509403],[-124.778417,49.509553],[-124.778797,49.509656],[-124.780939,49.510083],[-124.781139,49.510138],[-124.781317,49.510219],[-124.78542,49.512534],[-124.785464,49.51256],[-124.818372,49.532583],[-124.818588,49.532698],[-124.821449,49.534024],[-124.821778,49.534148],[-124.822137,49.534233],[-124.822513,49.534273],[-124.822894,49.53427],[-124.823088,49.534256],[-124.823192,49.534263],[-124.823291,49.534283],[-124.823383,49.534316],[-124.823463,49.53436],[-124.823527,49.534413],[-124.823573,49.534474],[-124.823605,49.534557],[-124.823658,49.534788],[-124.823799,49.535042],[-124.824014,49.535273],[-124.824294,49.535471],[-124.826479,49.536742],[-124.826783,49.536889],[-124.827123,49.536998],[-124.827487,49.537065],[-124.827865,49.53709],[-124.828242,49.537069],[-124.82827,49.537066],[-124.828369,49.537067],[-124.828465,49.537081],[-124.828649,49.537131],[-124.830401,49.537749],[-124.830569,49.537822],[-124.830639,49.537868],[-124.830694,49.537922],[-124.830772,49.538042],[-124.831908,49.540428],[-124.832031,49.540629],[-124.832203,49.540816],[-124.841231,49.549051],[-124.841399,49.549246],[-124.843736,49.552841],[-124.843972,49.553113],[-124.844297,49.553342],[-124.847009,49.554866],[-124.847129,49.554945],[-124.847178,49.55499],[-124.847252,49.55509],[-124.84797,49.556309],[-124.848028,49.556451],[-124.848032,49.556523]],[[-124.7134535,49.5352543],[-124.7134494,49.5352933],[-124.7134339,49.5353311],[-124.7134075,49.5353662],[-124.7133341,49.5354295],[-124.7104007,49.5375077],[-124.7102502,49.5376381],[-124.7101417,49.537785],[-124.7092326,49.5394101],[-124.7091694,49.5395732],[-124.709158,49.5397411],[-124.7092255,49.5404984],[-124.7092209,49.5405771],[-124.7092073,49.540615],[-124.7091828,49.5406505],[-124.709113,49.540715],[-124.7061002,49.5429989],[-124.7059946,49.5430626],[-124.7058695,49.5431092],[-124.7025355,49.5440416],[-124.7023241,49.5441168],[-124.6977833,49.5461139],[-124.6975594,49.5462392],[-124.6921879,49.5500303],[-124.6920948,49.5500842],[-124.6920418,49.5501045],[-124.6919836,49.5501177],[-124.6919227,49.5501232],[-124.6917981,49.5501185],[-124.6897905,49.5499132],[-124.6895697,49.5499032],[-124.6893496,49.549918],[-124.6891367,49.5499573],[-124.6889374,49.5500198],[-124.6870308,49.5507561],[-124.6869109,49.550792],[-124.6868474,49.5508014],[-124.6867153,49.5508027],[-124.683077,49.5505932],[-124.6828347,49.5505942],[-124.6825969,49.5506248],[-124.6823724,49.550684],[-124.6821691,49.5507697],[-124.6806978,49.5515272],[-124.6805934,49.5515709],[-124.6805364,49.5515855],[-124.6804761,49.5515927],[-124.6803518,49.5515915],[-124.67088,49.5508963],[-124.6706604,49.5508925],[-124.670443,49.5509132],[-124.6676344,49.5513425],[-124.6675111,49.5513533],[-124.6674498,49.5513508],[-124.6673905,49.5513406],[-124.6673353,49.5513231],[-124.6672364,49.5512741],[-124.6667464,49.5509785],[-124.6666669,49.5509206],[-124.6666366,49.5508877],[-124.6665955,49.5508149],[-124.6654947,49.5480951],[-124.6654166,49.5479549],[-124.6653011,49.5478261],[-124.6640807,49.5467089],[-124.6639141,49.5465847],[-124.6637129,49.5464843],[-124.6634852,49.5464116],[-124.6632397,49.5463695],[-124.6629864,49.5463598],[-124.6612246,49.5464056],[-124.6611021,49.5464011],[-124.6609832,49.5463814],[-124.6590057,49.5459178],[-124.6589018,49.5458863],[-124.6588082,49.5458431],[-124.6582653,49.5455415],[-124.6581864,49.5454891],[-124.6581551,49.5454592],[-124.6581324,49.5454261],[-124.6581055,49.5453549],[-124.6579709,49.5447845],[-124.657916,49.54464],[-124.6578221,49.5445042],[-124.6576924,49.5443814],[-124.6566051,49.5435282],[-124.6564818,49.5434441],[-124.6536379,49.5417595],[-124.6534393,49.541663],[-124.6532157,49.5415932],[-124.6529756,49.5415528],[-124.6527279,49.5415432],[-124.6522171,49.5415556],[-124.6520882,49.5415503],[-124.6520268,49.5415393],[-124.6519702,49.5415205],[-124.6519205,49.5414947],[-124.6518381,49.5414301],[-124.6514438,49.5410476],[-124.6513034,49.5409343],[-124.6511346,49.5408386],[-124.6509427,49.5407636],[-124.6501981,49.5405273],[-124.649936,49.5404661],[-124.6496598,49.5404432],[-124.6478473,49.5404219],[-124.6475486,49.5404412],[-124.6472652,49.5405052],[-124.6459801,49.5409106],[-124.6458762,49.5409364],[-124.6458221,49.5409431],[-124.6457109,49.5409442],[-124.6446767,49.5408952],[-124.6444469,49.5408978],[-124.6442215,49.540927],[-124.6440079,49.5409819],[-124.6438128,49.5410608],[-124.6422411,49.5418317],[-124.6421386,49.5418727],[-124.642083,49.5418864],[-124.6420245,49.541893],[-124.641965,49.5418924],[-124.6419068,49.5418845],[-124.641852,49.5418696],[-124.6417517,49.5418264],[-124.6410686,49.5414673],[-124.6409784,49.5414093],[-124.6409436,49.5413755],[-124.6408954,49.5412992],[-124.6401376,49.5396451],[-124.6400302,49.5394792],[-124.6398703,49.5393322],[-124.6396652,49.5392111],[-124.6382893,49.5385603],[-124.6380646,49.5384753],[-124.6378181,49.5384216],[-124.6375599,49.5384013],[-124.6339529,49.5383581],[-124.6338368,49.5383497],[-124.6337815,49.5383388],[-124.6336778,49.5383039],[-124.632945,49.5379985],[-124.6326962,49.5379182],[-124.6324264,49.5378746],[-124.6251241,49.5372305],[-124.6250125,49.5372139],[-124.6249604,49.5371994],[-124.6249133,49.5371791],[-124.6248308,49.5371276],[-124.6216153,49.5347207],[-124.6214715,49.5346288],[-124.6213073,49.5345528],[-124.6177765,49.5331777],[-124.6176815,49.5331324],[-124.6176417,49.5331048],[-124.6176105,49.5330729],[-124.6175889,49.5330378],[-124.6175776,49.5330007],[-124.6175766,49.5329242],[-124.6176075,49.5326858],[-124.6176053,49.5325312],[-124.617559,49.5323796],[-124.6174701,49.5322362],[-124.6173417,49.532106],[-124.6171784,49.5319935],[-124.6169858,49.5319026],[-124.6167705,49.5318365],[-124.6167161,49.5318273],[-124.6165754,49.5317941],[-124.616525,49.5317746],[-124.616481,49.5317493],[-124.6164082,49.5316884],[-124.6149928,49.5302419],[-124.6148306,49.5301086],[-124.61463,49.5299995],[-124.6143993,49.5299193],[-124.6141483,49.5298712],[-124.6140164,49.5298552],[-124.6137677,49.5298412],[-124.6135195,49.5298588],[-124.6132814,49.5299075],[-124.6130623,49.5299852],[-124.6128707,49.5300891],[-124.6127139,49.5302152],[-124.6125979,49.5303586],[-124.612527,49.530514],[-124.6125112,49.5305671],[-124.6124894,49.5306027],[-124.6124578,49.530635],[-124.6124173,49.5306629],[-124.6123695,49.5306854],[-124.6123161,49.5307017],[-124.612259,49.5307112],[-124.6122001,49.5307136],[-124.6121415,49.5307088],[-124.6120854,49.5306969],[-124.6119807,49.5306596],[-124.6111407,49.5302893],[-124.611065,49.5302502],[-124.6109994,49.5302041],[-124.6090783,49.5286305],[-124.6090113,49.528563],[-124.6089888,49.5285262],[-124.6089664,49.5284473],[-124.6087966,49.5271532],[-124.608757,49.5270072],[-124.608678,49.5268682],[-124.6085622,49.5267405],[-124.6084132,49.5266282],[-124.6082357,49.5265349],[-124.6071809,49.5260751],[-124.6069771,49.5260027],[-124.6067564,49.5259555],[-124.6065262,49.5259351],[-124.6062941,49.525942],[-124.6060678,49.525976],[-124.604575,49.5262959],[-124.6043539,49.5263589],[-124.604155,49.5264477],[-124.6039853,49.5265593],[-124.6038511,49.5266896],[-124.6037569,49.5268339],[-124.6037063,49.5269872],[-124.6037011,49.5271439],[-124.6037413,49.5272985],[-124.6038256,49.5274454],[-124.603951,49.5275793],[-124.6040481,49.5276639],[-124.6040998,49.5277326],[-124.6046156,49.5286168],[-124.6046489,49.5286982],[-124.6046524,49.5287397],[-124.6046429,49.5287807],[-124.6046207,49.5288196],[-124.6045867,49.5288548],[-124.6045425,49.5288847],[-124.6044898,49.5289082],[-124.6043702,49.5289408],[-124.6018075,49.5294457],[-124.601676,49.529462],[-124.6016102,49.5294611],[-124.6015461,49.5294512],[-124.6014866,49.5294328],[-124.6014344,49.5294067],[-124.6013478,49.5293404],[-124.6009221,49.5289345],[-124.6007713,49.528816],[-124.6005894,49.5287176],[-124.6003827,49.5286427],[-124.6001582,49.5285938],[-124.6000769,49.5285814],[-124.6000175,49.5285632],[-124.5999653,49.5285373],[-124.5999226,49.5285049],[-124.599859,49.5284287],[-124.5993477,49.5276253],[-124.5993127,49.5275512],[-124.5993062,49.5275132],[-124.5993156,49.5274359],[-124.5993602,49.5272697],[-124.5993782,49.5270931],[-124.599338,49.5269181],[-124.5992415,49.5267526],[-124.5990932,49.5266041],[-124.5976977,49.525489],[-124.5975347,49.5253806],[-124.597344,49.5252933],[-124.597132,49.52523],[-124.5969057,49.5251927],[-124.5947525,49.5249713],[-124.5946311,49.5249506],[-124.5945754,49.524933],[-124.5945262,49.5249086],[-124.5944854,49.5248784],[-124.5944227,49.5248078],[-124.5941585,49.5244272],[-124.5940263,49.5242797],[-124.5938504,49.5241528],[-124.5936382,49.5240519],[-124.5924057,49.5235844],[-124.592284,49.5235244],[-124.592188,49.5234471],[-124.5906278,49.5218236],[-124.5904668,49.5216891],[-124.5902669,49.5215788],[-124.5900364,49.5214973],[-124.5897852,49.5214481],[-124.5885279,49.5212909],[-124.5884147,49.5212695],[-124.5883627,49.5212525],[-124.5883165,49.5212294],[-124.5882777,49.5212012],[-124.5882475,49.5211689],[-124.5882061,49.5210972],[-124.5878999,49.5203661],[-124.587814,49.5202182],[-124.5876863,49.5200835],[-124.5875216,49.5199671],[-124.5873259,49.519873],[-124.5870604,49.5197692],[-124.5869582,49.5197196],[-124.5869164,49.5196891],[-124.5868849,49.5196537],[-124.5868442,49.5195752],[-124.586644,49.5190031],[-124.5865718,49.5188591],[-124.5864604,49.518726],[-124.5863136,49.5186083],[-124.5861363,49.5185099],[-124.5850684,49.518019],[-124.5849882,49.5179753],[-124.5849545,49.5179497],[-124.5849004,49.5178915],[-124.5839807,49.5166873],[-124.5839378,49.5166146],[-124.5839274,49.5165768],[-124.5839281,49.5165383],[-124.5839399,49.5165007],[-124.5839624,49.5164651],[-124.5839948,49.516433],[-124.5840359,49.5164053],[-124.5840843,49.5163832],[-124.5841382,49.5163674],[-124.5841958,49.5163584],[-124.5843155,49.5163547],[-124.5871252,49.5164413],[-124.5872239,49.5164494],[-124.5873194,49.5164674],[-124.5899661,49.5171146],[-124.5901006,49.5171554],[-124.5909275,49.5174596],[-124.59093,49.5174567],[-124.5910561,49.5175029],[-124.591302,49.5175543],[-124.5915589,49.5175725],[-124.5918161,49.5175568],[-124.5983909,49.5167139],[-124.5985061,49.5167061],[-124.5986215,49.516712],[-124.6017231,49.5170575],[-124.60196,49.5170693],[-124.6021962,49.5170525],[-124.6024235,49.5170075],[-124.6026341,49.516936],[-124.6028206,49.5168405],[-124.6033727,49.5164989],[-124.6034742,49.5164478],[-124.603531,49.5164296],[-124.6036552,49.5164086],[-124.6064205,49.5161311],[-124.6065421,49.5161266],[-124.6066017,49.5161319],[-124.606717,49.5161572],[-124.6154127,49.5186968],[-124.6155513,49.5187466],[-124.621204,49.5211944],[-124.6213518,49.5212733],[-124.6282533,49.5257821],[-124.6283453,49.5258517],[-124.63045,49.5277075],[-124.6306231,49.5278317],[-124.6308312,49.5279307],[-124.6310657,49.5280006],[-124.631317,49.5280385],[-124.6315749,49.5280429],[-124.631829,49.5280136],[-124.6345611,49.5275088],[-124.6347623,49.5274594],[-124.6349479,49.5273888],[-124.638315,49.5258471],[-124.6384721,49.5257622],[-124.6386063,49.5256621],[-124.6394792,49.5248948],[-124.6396139,49.5247463],[-124.6396984,49.5245829],[-124.639729,49.5244117],[-124.6397045,49.5242401],[-124.6396259,49.5240754],[-124.6394688,49.5238372],[-124.639351,49.5236975],[-124.6391942,49.523575],[-124.63679,49.5220262],[-124.6367099,49.5219632],[-124.6366806,49.5219277],[-124.6366627,49.5218891],[-124.6366569,49.521849],[-124.6366633,49.521809],[-124.6366818,49.5217705],[-124.6367116,49.5217352],[-124.6367515,49.5217044],[-124.6368,49.5216793],[-124.6368552,49.5216609],[-124.6369763,49.5216386],[-124.6382271,49.5214936],[-124.638361,49.5214874],[-124.6384263,49.5214934],[-124.6384883,49.5215083],[-124.6386016,49.5215549],[-124.6397326,49.5221373],[-124.6399373,49.5222234],[-124.6401633,49.5222827],[-124.6404026,49.5223131],[-124.6406465,49.5223134],[-124.640886,49.5222836],[-124.6411124,49.5222248],[-124.6413175,49.5221392],[-124.6414937,49.5220298],[-124.6426343,49.5211729],[-124.6427885,49.5210286],[-124.6428924,49.5208664],[-124.6429415,49.5206936],[-124.6431736,49.5187165],[-124.6431475,49.5184754],[-124.6430897,49.5183045],[-124.6430051,49.5181395],[-124.6428694,49.5179896],[-124.6426886,49.5178614],[-124.6422597,49.5176149],[-124.6421681,49.5175495],[-124.6421001,49.5174731],[-124.6409422,49.515773],[-124.6407943,49.5156094],[-124.6395552,49.5145412],[-124.6393744,49.5144151],[-124.6368157,49.5129661],[-124.6366351,49.5128807],[-124.6332394,49.5115528],[-124.6330627,49.5114638],[-124.6309476,49.5101144],[-124.630873,49.5100572],[-124.6308445,49.510025],[-124.6308061,49.5099543],[-124.6306753,49.509619],[-124.6306569,49.509542],[-124.630659,49.5095036],[-124.6306722,49.5094661],[-124.630696,49.5094308],[-124.6307296,49.5093992],[-124.6307718,49.5093721],[-124.6308211,49.5093508],[-124.6308756,49.5093358],[-124.6309336,49.5093277],[-124.6310535,49.509326],[-124.6320123,49.5093714],[-124.6322518,49.5093681],[-124.6324861,49.5093358],[-124.6327071,49.5092757],[-124.6334814,49.5090071],[-124.633695,49.5089139],[-124.6338755,49.5087948],[-124.637338,49.5059944],[-124.6374809,49.5058506],[-124.6375753,49.5056908],[-124.6376173,49.5055218],[-124.6376049,49.5053508],[-124.6375387,49.5051851],[-124.6374215,49.5050317],[-124.6372584,49.5048973],[-124.6353811,49.5036414],[-124.635309,49.5035834],[-124.6352818,49.5035511],[-124.635264,49.5035161],[-124.6352562,49.5034797],[-124.6352612,49.5034053],[-124.635377,49.5028443],[-124.6353853,49.5026768],[-124.6353416,49.5025117],[-124.6352477,49.5023556],[-124.6351703,49.5022576],[-124.6350381,49.5021236],[-124.6348691,49.5020085],[-124.6346693,49.5019165],[-124.6344461,49.5018509],[-124.6333647,49.5016113],[-124.6332365,49.501572],[-124.6331817,49.5015441],[-124.6330924,49.5014726],[-124.6329493,49.5013274],[-124.6327854,49.5011936],[-124.6325827,49.5010846],[-124.6323498,49.5010048],[-124.6320968,49.5009577],[-124.6318342,49.5009453],[-124.6302926,49.500976],[-124.6301682,49.5009706],[-124.6301088,49.5009601],[-124.6300538,49.5009423],[-124.6300051,49.5009179],[-124.6299647,49.5008877],[-124.6299342,49.5008531],[-124.6299147,49.5008152],[-124.629907,49.5007755],[-124.6299114,49.5007357],[-124.6299444,49.5006576],[-124.6301614,49.5002904],[-124.6302114,49.5002241],[-124.6302447,49.5001948],[-124.6303272,49.5001441],[-124.6310769,49.4997604],[-124.6311732,49.4997197],[-124.6312256,49.4997055],[-124.6312811,49.4996976],[-124.6313378,49.4996964],[-124.6314515,49.4997073],[-124.6325997,49.4998881],[-124.6328263,49.4999408],[-124.6330568,49.499979],[-124.6332942,49.4999888],[-124.6335304,49.4999699],[-124.633757,49.4999228],[-124.6339663,49.4998493],[-124.6342422,49.4997294],[-124.6343479,49.4996924],[-124.6344044,49.4996808],[-124.6344633,49.4996764],[-124.6345225,49.4996792],[-124.6345797,49.4996892],[-124.6346331,49.499706],[-124.6347293,49.4997527],[-124.6367641,49.5009501],[-124.6369771,49.5010516],[-124.6372177,49.5011223],[-124.6374756,49.5011595],[-124.6377397,49.5011614],[-124.6389455,49.5010887],[-124.6391668,49.5010625],[-124.6393775,49.5010115],[-124.6395711,49.5009372],[-124.6397417,49.5008421],[-124.6423429,49.4991109],[-124.6424681,49.4990408],[-124.6452164,49.4977537],[-124.6453151,49.4977158],[-124.6454226,49.49769],[-124.6529029,49.4963798],[-124.6531578,49.4963155],[-124.6533858,49.4962173],[-124.6535764,49.4960899],[-124.6542243,49.4955519],[-124.6543632,49.4954083],[-124.6544543,49.4952494],[-124.6547142,49.4945998],[-124.6547606,49.4945194],[-124.6547956,49.4944837],[-124.6548412,49.4944536],[-124.6548955,49.4944302],[-124.6550184,49.4943986],[-124.6564481,49.4941393],[-124.6567167,49.4940684],[-124.6569537,49.49396],[-124.657147,49.4938196],[-124.6594515,49.491705],[-124.6595372,49.4916414],[-124.6595883,49.4916163],[-124.6596463,49.4915985],[-124.6597087,49.4915888],[-124.6597728,49.4915876],[-124.6599009,49.4916023],[-124.6614927,49.4918979],[-124.6617506,49.4919276],[-124.6620124,49.4919225],[-124.6622672,49.4918829],[-124.6625041,49.4918103],[-124.6627132,49.4917079],[-124.6628857,49.4915798],[-124.6630144,49.4914317],[-124.6630939,49.4912695],[-124.6631207,49.4911003],[-124.6631207,49.4900312],[-124.6631332,49.4899499],[-124.6631514,49.4899114],[-124.6631809,49.489876],[-124.6632206,49.489845],[-124.663269,49.4898198],[-124.663324,49.4898012],[-124.6633836,49.48979],[-124.6634454,49.4897868],[-124.663507,49.4897914],[-124.6636266,49.4898168],[-124.6644943,49.4900647],[-124.6645116,49.4900709],[-124.6647339,49.490134],[-124.6649706,49.4901687],[-124.6652131,49.4901736],[-124.6653305,49.4901614],[-124.6654519,49.4901567],[-124.6655121,49.490162],[-124.6655697,49.4901748],[-124.6656764,49.4902149],[-124.6685625,49.4915575],[-124.6687494,49.4916296],[-124.6689525,49.4916801],[-124.6703338,49.4919386],[-124.6704571,49.4919711],[-124.6705113,49.491995],[-124.6706034,49.4920574],[-124.6733931,49.4943934],[-124.6734948,49.4944686],[-124.6762841,49.496298],[-124.6764762,49.4964015],[-124.6766957,49.4964787],[-124.6773988,49.4966711],[-124.6775209,49.4967153],[-124.6775721,49.4967451],[-124.6776532,49.496819],[-124.6781378,49.4973828],[-124.678188,49.497458],[-124.678201,49.4974975],[-124.6782017,49.4975379],[-124.6781901,49.4975776],[-124.6781666,49.4976151],[-124.6781322,49.4976487],[-124.6780882,49.4976773],[-124.6780363,49.4976997],[-124.6779787,49.4977149],[-124.6779176,49.4977225],[-124.6778554,49.497722],[-124.6777945,49.4977136],[-124.6777374,49.4976975],[-124.6776864,49.4976743],[-124.6775992,49.4976151],[-124.6775191,49.4975485],[-124.6773513,49.4974336],[-124.6771529,49.4973414],[-124.6769311,49.4972755],[-124.6766941,49.4972381],[-124.6764505,49.4972306],[-124.6762092,49.4972534],[-124.6759789,49.4973056],[-124.675768,49.4973852],[-124.6755844,49.4974894],[-124.6754345,49.4976144],[-124.675324,49.4977556],[-124.6752568,49.4979079],[-124.6752031,49.4980957],[-124.6751817,49.4982436],[-124.6752013,49.4983916],[-124.6752611,49.498535],[-124.6753594,49.4986691],[-124.6756555,49.4989944],[-124.6757798,49.499108],[-124.6759316,49.4992064],[-124.6761066,49.499287],[-124.6926712,49.5056236],[-124.6929251,49.5056978],[-124.6960699,49.5063604],[-124.6961821,49.5063921],[-124.6962318,49.5064143],[-124.696274,49.5064423],[-124.6963412,49.5065086],[-124.6970626,49.5073965],[-124.6972128,49.5075418],[-124.6974065,49.5076634],[-124.7007896,49.5093777],[-124.7009434,49.5094756],[-124.7022817,49.5105449],[-124.7024633,49.5106633],[-124.7026778,49.5107557],[-124.7029165,49.5108183],[-124.7031696,49.5108485],[-124.7034269,49.5108452],[-124.703761,49.5108189],[-124.703882,49.5108169],[-124.7039409,49.5108233],[-124.7039968,49.5108368],[-124.7040478,49.510857],[-124.704092,49.5108831],[-124.7041278,49.5109141],[-124.7041539,49.510949],[-124.7041693,49.5109865],[-124.7041734,49.5110244],[-124.7042174,49.5111897],[-124.7043119,49.5113459],[-124.7044528,49.5114866],[-124.7046344,49.511606],[-124.7048493,49.5116992],[-124.7048671,49.5117039],[-124.7048669,49.5117042],[-124.7050303,49.5117591],[-124.7050776,49.5117835],[-124.7051168,49.5118133],[-124.7051465,49.5118475],[-124.7051656,49.5118847],[-124.7051733,49.5119236],[-124.7051638,49.5120184],[-124.7051719,49.5121797],[-124.7052279,49.5123369],[-124.7053298,49.5124841],[-124.7054736,49.5126157],[-124.705654,49.5127267],[-124.705864,49.512813],[-124.7060958,49.5128712],[-124.7063406,49.5128992],[-124.706589,49.5128959],[-124.7068738,49.512874],[-124.707076,49.5128475],[-124.7072691,49.5128003],[-124.7107282,49.5117395],[-124.7108425,49.5117128],[-124.7109018,49.5117068],[-124.7109617,49.5117082],[-124.7110201,49.5117171],[-124.7110748,49.511733],[-124.7111239,49.5117554],[-124.7111655,49.5117834],[-124.7111982,49.5118161],[-124.7112206,49.5118522],[-124.7112321,49.5118904],[-124.7112321,49.5119293],[-124.7112207,49.5119676],[-124.7111983,49.5120037],[-124.7111658,49.5120364],[-124.7110816,49.5120933],[-124.7075219,49.514077],[-124.7073533,49.5141908],[-124.7072209,49.5143233],[-124.7068251,49.5148166],[-124.7067418,49.5149463],[-124.7066933,49.5150833],[-124.7066812,49.5152236],[-124.7066977,49.515597],[-124.7066908,49.5156705],[-124.7066775,49.5157058],[-124.7066315,49.5157731],[-124.7050977,49.5175655],[-124.7049961,49.5177188],[-124.7049438,49.5178823],[-124.7048296,49.5185934],[-124.7048274,49.5187506],[-124.7048709,49.5189052],[-124.7061867,49.5219261],[-124.7062221,49.5220715],[-124.7062685,49.5228659],[-124.70631,49.5230467],[-124.7064116,49.5232171],[-124.7065682,49.523369],[-124.7075304,49.5241103],[-124.707591,49.5241656],[-124.7076368,49.5242265],[-124.7082528,49.5252533],[-124.7083063,49.5253815],[-124.709368,49.5297316],[-124.7094451,49.5299122],[-124.7095828,49.530077],[-124.7101701,49.5306223],[-124.7102388,49.5307048],[-124.7102575,49.5307491],[-124.7102632,49.5308427],[-124.7101357,49.5319474],[-124.7101602,49.5321821],[-124.7104522,49.5330723],[-124.7105343,49.5332365],[-124.710667,49.533386],[-124.7117466,49.534354],[-124.7118992,49.5344674],[-124.7120809,49.5345612],[-124.7132638,49.5350647],[-124.713359,49.5351143],[-124.7133979,49.5351442],[-124.7134272,49.5351783],[-124.713446,49.5352155],[-124.7134535,49.5352543]],[[-124.3835039,49.5075247],[-124.383498,49.5076639],[-124.3833564,49.5083553],[-124.3833068,49.5084893],[-124.383262,49.5085506],[-124.3831987,49.5086046],[-124.3831197,49.5086491],[-124.3829915,49.5086953],[-124.3826407,49.5088546],[-124.3823479,49.5090575],[-124.3821258,49.5092951],[-124.3819839,49.5095574],[-124.3819282,49.509833],[-124.3818096,49.512716],[-124.3817796,49.5128591],[-124.3817419,49.5129258],[-124.3816829,49.5129856],[-124.3815254,49.5130875],[-124.3799415,49.5139111],[-124.3797746,49.5139818],[-124.3795036,49.5140529],[-124.3794549,49.5140624],[-124.3790856,49.5141917],[-124.378764,49.5143668],[-124.3785036,49.5145804],[-124.378315,49.5148238],[-124.3781883,49.5150393],[-124.3780615,49.5152052],[-124.3779057,49.5154814],[-124.3778464,49.5157731],[-124.3778864,49.5160661],[-124.3780237,49.5163464],[-124.3780712,49.516416],[-124.378093,49.5164777],[-124.3780962,49.516541],[-124.3780806,49.5166035],[-124.3780469,49.516663],[-124.3779963,49.5167171],[-124.3779306,49.516764],[-124.3778524,49.5168018],[-124.3777644,49.5168292],[-124.37767,49.5168452],[-124.3773841,49.5168567],[-124.3769403,49.5169065],[-124.3765237,49.5170176],[-124.376154,49.5171845],[-124.3758488,49.5173995],[-124.3757081,49.5175233],[-124.3755929,49.5176085],[-124.3755257,49.5176438],[-124.3753734,49.5176992],[-124.3721899,49.518636],[-124.3719849,49.5186854],[-124.3631685,49.520358],[-124.3628055,49.5204518],[-124.3624762,49.5205882],[-124.3621923,49.5207624],[-124.361964,49.5209682],[-124.3617994,49.5211982],[-124.3617043,49.5214442],[-124.3616822,49.5216974],[-124.3617339,49.5219488],[-124.3618576,49.5221894],[-124.3620487,49.5224106],[-124.3623005,49.5226045],[-124.362604,49.5227642],[-124.3634498,49.523129],[-124.363625,49.5232244],[-124.3636929,49.5232826],[-124.3637874,49.5234178],[-124.36471,49.525263],[-124.3647533,49.5253921],[-124.364755,49.5254572],[-124.3647368,49.5255213],[-124.3646995,49.5255818],[-124.3646446,49.5256363],[-124.3645742,49.5256828],[-124.3644911,49.5257193],[-124.3643986,49.5257445],[-124.3641991,49.5257705],[-124.3592959,49.5260871],[-124.3590873,49.5260868],[-124.3589866,49.5260731],[-124.3588923,49.5260466],[-124.3587217,49.5259686],[-124.3568405,49.5249089],[-124.3565618,49.5247767],[-124.3562532,49.5246764],[-124.3526374,49.5237374],[-124.3524496,49.5236732],[-124.3522861,49.5235854],[-124.348629,49.5211669],[-124.3482672,49.5209763],[-124.3478489,49.5208431],[-124.3473952,49.5207741],[-124.3451356,49.5206013],[-124.3449292,49.5205713],[-124.3448343,49.5205433],[-124.3447503,49.5205033],[-124.3446807,49.520453],[-124.3446285,49.5203944],[-124.3445959,49.5203302],[-124.3445722,49.5201938],[-124.344564,49.5196154],[-124.3445799,49.5194921],[-124.344605,49.5194332],[-124.3446463,49.5193783],[-124.3447025,49.5193293],[-124.3447717,49.5192879],[-124.3448515,49.5192555],[-124.3449391,49.5192332],[-124.3451263,49.51921],[-124.3465008,49.5191246],[-124.3468934,49.5190749],[-124.3472639,49.5189771],[-124.3475985,49.5188348],[-124.3478846,49.5186534],[-124.3481115,49.5184395],[-124.3482708,49.5182014],[-124.3483564,49.5179477],[-124.3483652,49.5176881],[-124.3482969,49.5174323],[-124.3481539,49.5171898],[-124.3479417,49.5169697],[-124.347254,49.5163898],[-124.3471597,49.5162946],[-124.347126,49.5162431],[-124.3470859,49.516133],[-124.3468293,49.5150112],[-124.3467161,49.5147301],[-124.3465123,49.5144714],[-124.3462276,49.5142472],[-124.3458752,49.5140681],[-124.3456802,49.5139895],[-124.3456046,49.5139425],[-124.3455454,49.5138864],[-124.3454663,49.5137624],[-124.3452839,49.513539],[-124.3450402,49.5133417],[-124.3447438,49.5131776],[-124.3444053,49.5130525],[-124.3440366,49.5129708],[-124.3436509,49.5129355],[-124.3432619,49.5129478],[-124.3428833,49.5130073],[-124.3425286,49.5131118],[-124.3422104,49.5132577],[-124.34194,49.5134397],[-124.3412679,49.5139872],[-124.3411264,49.5140816],[-124.3410438,49.5141184],[-124.3409518,49.5141438],[-124.3408538,49.5141571],[-124.3406508,49.5141581],[-124.3354747,49.5138493],[-124.335101,49.513849],[-124.3347334,49.5138924],[-124.3343838,49.5139781],[-124.3340637,49.5141032],[-124.3339799,49.514143],[-124.3338933,49.5141697],[-124.3338005,49.5141853],[-124.3337048,49.5141894],[-124.3336096,49.5141816],[-124.3334249,49.5141427],[-124.3311923,49.5135153],[-124.3308648,49.5133961],[-124.3307956,49.5133643],[-124.3304131,49.5132555],[-124.3300046,49.5131988],[-124.3295869,49.5131965],[-124.3275921,49.5133172],[-124.3273653,49.5133146],[-124.327257,49.5132974],[-124.3270539,49.5132319],[-124.3253714,49.5125287],[-124.3250563,49.5124207],[-124.3247174,49.5123494],[-124.3243646,49.512317],[-124.3240084,49.5123244],[-124.3220361,49.5124766],[-124.3218659,49.5124806],[-124.3217822,49.5124734],[-124.3216193,49.5124412],[-124.3191312,49.5117982],[-124.3189383,49.5117321],[-124.3187712,49.5116411],[-124.3175329,49.5108052],[-124.3172496,49.5106459],[-124.3169267,49.5105223],[-124.3165747,49.5104387],[-124.3162052,49.5103977],[-124.3158304,49.5104006],[-124.3154626,49.5104475],[-124.3140624,49.5107136],[-124.3138649,49.5107378],[-124.3137657,49.5107372],[-124.3136686,49.510724],[-124.3135773,49.5106989],[-124.3134953,49.5106627],[-124.3133543,49.5105696],[-124.3126045,49.5099668],[-124.3122999,49.5097684],[-124.3119387,49.5096154],[-124.3115364,49.5095145],[-124.3111105,49.5094699],[-124.3106797,49.5094837],[-124.3102627,49.5095552],[-124.3092643,49.5098013],[-124.3090783,49.5098346],[-124.3089833,49.5098396],[-124.3088886,49.509833],[-124.3087041,49.5097965],[-124.3062435,49.5091416],[-124.305851,49.5090656],[-124.3054432,49.5090413],[-124.3050359,49.5090698],[-124.3046453,49.5091498],[-124.3042867,49.5092782],[-124.3039741,49.5094501],[-124.3026497,49.5103386],[-124.3023816,49.5105613],[-124.3021913,49.5108154],[-124.3020871,49.5110898],[-124.3020246,49.5113856],[-124.3019831,49.5115027],[-124.301947,49.5115572],[-124.3018963,49.5116067],[-124.3018329,49.5116495],[-124.3017587,49.5116842],[-124.3015916,49.5117357],[-124.300469,49.5120048],[-124.3004693,49.5120053],[-124.30026,49.512052],[-124.2999306,49.5121728],[-124.2996406,49.5123306],[-124.2993998,49.51252],[-124.2992162,49.5127347],[-124.2992116,49.5127435],[-124.2990997,49.512904],[-124.2990431,49.5129558],[-124.2989722,49.5129995],[-124.2989273,49.513018],[-124.2986146,49.5131766],[-124.2983542,49.513371],[-124.2981559,49.5135941],[-124.2980268,49.5138377],[-124.2980197,49.5138571],[-124.2979795,49.5139145],[-124.2979231,49.5139659],[-124.2978526,49.5140094],[-124.2977707,49.5140433],[-124.2975875,49.5140903],[-124.2918951,49.5151534],[-124.2916876,49.5151775],[-124.2915838,49.5151756],[-124.2914828,49.51516],[-124.2912921,49.5151017],[-124.2905573,49.5148142],[-124.2903839,49.5147289],[-124.2903142,49.5146762],[-124.2902631,49.5146151],[-124.290233,49.5145484],[-124.2902171,49.5144076],[-124.29025,49.5137671],[-124.2902781,49.5136329],[-124.2903478,49.5135044],[-124.2904228,49.5134023],[-124.2905223,49.5131516],[-124.2905459,49.5128932],[-124.2904926,49.5126367],[-124.2903645,49.5123916],[-124.2884261,49.5096015],[-124.2883668,49.5094914],[-124.2883526,49.5094345],[-124.2883537,49.5093768],[-124.2883873,49.5092623],[-124.2885208,49.5089556],[-124.2885921,49.5086976],[-124.2885848,49.5084355],[-124.2884993,49.5081794],[-124.2883387,49.5079389],[-124.2881092,49.5077233],[-124.2878195,49.5075408],[-124.2874807,49.5073983],[-124.2871057,49.5073012],[-124.2861361,49.5071192],[-124.2859635,49.5070755],[-124.2858855,49.5070443],[-124.2858174,49.5070045],[-124.2857614,49.5069574],[-124.2857193,49.5069046],[-124.2856651,49.5067896],[-124.2854697,49.5061845],[-124.2853398,49.505921],[-124.2851294,49.5056804],[-124.2848475,49.505473],[-124.2845061,49.5053074],[-124.2841197,49.5051909],[-124.2839795,49.5051596],[-124.2838949,49.5051278],[-124.2838213,49.505086],[-124.2837614,49.5050359],[-124.2837121,49.5049725],[-124.2834939,49.5047493],[-124.2832126,49.5045582],[-124.2828791,49.5044066],[-124.2825063,49.5043004],[-124.2821087,49.5042438],[-124.2817017,49.5042388],[-124.2813011,49.5042857],[-124.2810405,49.5043338],[-124.2809421,49.5043391],[-124.2808441,49.5043319],[-124.2806657,49.504295],[-124.2802557,49.5042392],[-124.2798368,49.5042382],[-124.2794262,49.5042921],[-124.2790408,49.5043987],[-124.2790029,49.5044123],[-124.2789135,49.5044314],[-124.2788202,49.5044395],[-124.2787261,49.5044362],[-124.2785409,49.5044069],[-124.2779666,49.5042785],[-124.2777855,49.5042247],[-124.2777057,49.5041875],[-124.2776385,49.504141],[-124.2775863,49.5040869],[-124.2775512,49.5040273],[-124.2775345,49.5039644],[-124.2775398,49.5038114],[-124.27751,49.5035515],[-124.2774033,49.5033002],[-124.2772239,49.5030671],[-124.2769785,49.5028609],[-124.2766763,49.5026893],[-124.2763287,49.502559],[-124.275949,49.5024747],[-124.2755513,49.5024396],[-124.2751506,49.5024552],[-124.2747622,49.5025207],[-124.2747084,49.5025335],[-124.2745233,49.5025652],[-124.2744289,49.5025696],[-124.2743349,49.5025625],[-124.2742446,49.5025443],[-124.2741611,49.5025155],[-124.2740115,49.5024377],[-124.2732091,49.5019341],[-124.2728934,49.5017714],[-124.2725351,49.5016516],[-124.2721477,49.5015793],[-124.2717461,49.5015571],[-124.2713455,49.501586],[-124.2709612,49.5016648],[-124.2706077,49.5017906],[-124.2702986,49.5019585],[-124.2700455,49.5021622],[-124.2699582,49.5022485],[-124.2698301,49.5023513],[-124.2697528,49.5023928],[-124.2696644,49.5024237],[-124.2695684,49.5024426],[-124.2694685,49.5024489],[-124.2693687,49.5024423],[-124.2692728,49.5024229],[-124.2690941,49.5023597],[-124.2681878,49.5019583],[-124.2678471,49.5018362],[-124.2674773,49.5017578],[-124.2670913,49.5017257],[-124.266703,49.5017412],[-124.266326,49.5018037],[-124.2659737,49.501911],[-124.2657976,49.5019939],[-124.2656369,49.5020519],[-124.2654276,49.502093],[-124.26319,49.5023681],[-124.2630011,49.5023798],[-124.2629078,49.5023743],[-124.2628176,49.5023578],[-124.2627336,49.5023308],[-124.2626587,49.5022942],[-124.26263,49.5022738],[-124.2623231,49.5020956],[-124.2619679,49.5019604],[-124.2615785,49.5018735],[-124.2611703,49.5018386],[-124.2607596,49.5018568],[-124.2603626,49.5019276],[-124.259995,49.5020481],[-124.2596715,49.5022135],[-124.259405,49.5024173],[-124.2592764,49.5025685],[-124.2591783,49.5026615],[-124.2591077,49.5027064],[-124.259025,49.5027416],[-124.258759,49.5028115],[-124.258408,49.5029303],[-124.2580982,49.5030903],[-124.2578412,49.5032858],[-124.2576462,49.5035095],[-124.2575205,49.5037533],[-124.2575196,49.5037556],[-124.257478,49.5038151],[-124.2574191,49.503868],[-124.2573453,49.5039124],[-124.2571711,49.5039814],[-124.2556332,49.5044614],[-124.2552914,49.5045959],[-124.2549959,49.5047707],[-124.2547577,49.5049791],[-124.2545857,49.5052134],[-124.2544863,49.5054648],[-124.2544633,49.5057239],[-124.2545176,49.505981],[-124.2545818,49.5061566],[-124.254585,49.5062227],[-124.2545678,49.5062879],[-124.2545308,49.5063495],[-124.2544189,49.5064622],[-124.2529349,49.5076697],[-124.2528,49.5077603],[-124.2527217,49.5077961],[-124.2526344,49.5078218],[-124.2525412,49.5078363],[-124.2524454,49.5078391],[-124.2523506,49.5078303],[-124.2521671,49.5077892],[-124.2485859,49.5067318],[-124.2482352,49.506652],[-124.2478682,49.5066144],[-124.2474968,49.50662],[-124.2471329,49.5066686],[-124.2467883,49.5067589],[-124.2464741,49.5068877],[-124.2461481,49.5070497],[-124.2459915,49.5071139],[-124.2459066,49.507136],[-124.2458169,49.507148],[-124.2457254,49.5071493],[-124.245635,49.5071399],[-124.2454604,49.5071],[-124.2424776,49.5062145],[-124.2420633,49.5061245],[-124.2416292,49.506093],[-124.2411946,49.5061215],[-124.2398425,49.5063053],[-124.2396479,49.5063194],[-124.2395515,49.5063144],[-124.2394583,49.5062976],[-124.2393718,49.5062696],[-124.2392162,49.5061924],[-124.233375,49.502672],[-124.2332384,49.5025712],[-124.2331877,49.5025138],[-124.2331558,49.502451],[-124.2331439,49.5023852],[-124.2331615,49.5022515],[-124.2336927,49.5004156],[-124.2337522,49.500285],[-124.2338011,49.5002259],[-124.2338918,49.5001556],[-124.2341137,49.499946],[-124.2342707,49.499713],[-124.2343572,49.499465],[-124.2343701,49.4992108],[-124.234309,49.4989596],[-124.234176,49.4987204],[-124.2339759,49.4985017],[-124.2337159,49.4983115],[-124.2327265,49.4977131],[-124.2325866,49.4976089],[-124.2325355,49.4975494],[-124.2325044,49.4974844],[-124.2324984,49.4974429],[-124.2324132,49.4971675],[-124.2322416,49.4969098],[-124.2319912,49.4966808],[-124.2316729,49.4964908],[-124.2313007,49.4963478],[-124.2278003,49.4953075],[-124.2276566,49.4952554],[-124.2275274,49.495189],[-124.2215431,49.491571],[-124.2214087,49.4914719],[-124.2213586,49.4914155],[-124.2212936,49.4912905],[-124.2205149,49.4890949],[-124.2204756,49.4888527],[-124.220547,49.4860714],[-124.2205284,49.4858679],[-124.2204625,49.4856686],[-124.2197432,49.4840874],[-124.2196047,49.483861],[-124.2194054,49.4836545],[-124.2191519,49.4834748],[-124.2188526,49.4833279],[-124.2140545,49.4813902],[-124.2138932,49.4813096],[-124.2138273,49.4812605],[-124.2137776,49.4812039],[-124.213746,49.481142],[-124.213734,49.4810782],[-124.2137581,49.4808787],[-124.2137485,49.480607],[-124.2136547,49.4803421],[-124.2134808,49.4800949],[-124.2132337,49.4798755],[-124.2129238,49.479693],[-124.2125635,49.4795548],[-124.2121678,49.4794666],[-124.2117529,49.479432],[-124.2113357,49.4794524],[-124.2109334,49.479527],[-124.2075369,49.4804069],[-124.2073407,49.4804435],[-124.2071373,49.4804542],[-124.2032843,49.4804066],[-124.2030985,49.4803933],[-124.2030101,49.480376],[-124.202928,49.4803486],[-124.2028548,49.480312],[-124.202793,49.4802674],[-124.2026953,49.4801639],[-124.2024862,49.4798891],[-124.2022729,49.4796666],[-124.2019971,49.4794752],[-124.2016693,49.4793224],[-124.201302,49.4792138],[-124.2009093,49.4791537],[-124.1993948,49.4790216],[-124.1991934,49.4789903],[-124.1991009,49.4789623],[-124.1990261,49.4789262],[-124.198672,49.4787887],[-124.198283,49.4786996],[-124.1978745,49.4786625],[-124.1974628,49.4786789],[-124.1970643,49.4787481],[-124.1955809,49.4791122],[-124.1954,49.4791447],[-124.1953076,49.4791499],[-124.1952153,49.4791441],[-124.1950349,49.4791105],[-124.1921353,49.4783786],[-124.1919421,49.4783138],[-124.1917743,49.4782239],[-124.1901713,49.4771614],[-124.1900466,49.4770608],[-124.1900009,49.4770045],[-124.1899728,49.4769434],[-124.1899536,49.4768149],[-124.1899536,49.4765923],[-124.1899175,49.4763424],[-124.1898104,49.4761013],[-124.1896361,49.4758774],[-124.1894007,49.4756784],[-124.1891125,49.4755114],[-124.1887814,49.4753821],[-124.1884191,49.4752952],[-124.1878707,49.4752004],[-124.1876906,49.4751572],[-124.1876093,49.4751255],[-124.1875385,49.4750845],[-124.1874807,49.4750356],[-124.187394,49.4749243],[-124.1867227,49.473815],[-124.1865451,49.4735876],[-124.1863044,49.4733861],[-124.1860095,49.4732179],[-124.1856708,49.4730889],[-124.1853008,49.4730039],[-124.1849127,49.4729659],[-124.1845206,49.4729763],[-124.1841385,49.4730347],[-124.1837804,49.473139],[-124.183459,49.4732855],[-124.1832975,49.4733751],[-124.1831436,49.4734458],[-124.183059,49.4734711],[-124.1829686,49.4734859],[-124.1828757,49.4734897],[-124.1827832,49.4734825],[-124.1826943,49.4734644],[-124.1825278,49.473407],[-124.178785,49.4718152],[-124.1783425,49.4716729],[-124.1778607,49.4716028],[-124.1753822,49.4714407],[-124.1751793,49.4714137],[-124.1750854,49.4713877],[-124.1750015,49.4713499],[-124.174931,49.471302],[-124.1748767,49.4712458],[-124.1748409,49.4711837],[-124.174818,49.4710894],[-124.1748002,49.4708781],[-124.1746949,49.4706171],[-124.1745115,49.470375],[-124.1742573,49.4701617],[-124.1741671,49.4701],[-124.1740411,49.4699943],[-124.1739962,49.4699352],[-124.1739703,49.4698714],[-124.1739646,49.4698056],[-124.1739792,49.4697404],[-124.1740135,49.4696784],[-124.1740972,49.4695887],[-124.1742801,49.4694306],[-124.1744597,49.4691828],[-124.1745581,49.4689165],[-124.1745712,49.4686427],[-124.1744986,49.4683729],[-124.1743431,49.4681183],[-124.1741114,49.4678895],[-124.1740786,49.4678634],[-124.1740332,49.4678089],[-124.1739748,49.4676892],[-124.1738065,49.4671845],[-124.1737835,49.4670566],[-124.173791,49.4669932],[-124.1738171,49.4669319],[-124.1738608,49.466875],[-124.1739206,49.4668247],[-124.1739941,49.4667828],[-124.1740786,49.4667508],[-124.1742659,49.4667086],[-124.1750789,49.466581],[-124.1754714,49.4664913],[-124.1758283,49.4663524],[-124.1761351,49.4661698],[-124.1763793,49.465951],[-124.1765512,49.4657047],[-124.1766436,49.4654411],[-124.1766528,49.4651708],[-124.1765785,49.4649048],[-124.1764237,49.4646539],[-124.1761947,49.4644282],[-124.1759007,49.4642369],[-124.175759,49.4641761],[-124.1755836,49.4640835],[-124.1755197,49.4640331],[-124.1754236,49.4639164],[-124.1754001,49.4638795],[-124.1752208,49.4636583],[-124.1749815,49.4634626],[-124.1746905,49.4632992],[-124.1743579,49.4631736],[-124.1739953,49.4630904],[-124.1736152,49.4630522],[-124.1732308,49.4630605],[-124.1731331,49.4630686],[-124.1730318,49.4630637],[-124.172934,49.4630457],[-124.1728437,49.4630153],[-124.1727646,49.4629739],[-124.1726711,49.4629004],[-124.1725209,49.4627515],[-124.1722631,49.4625757],[-124.1719609,49.462433],[-124.171624,49.4623281],[-124.1712635,49.4622643],[-124.1699454,49.4621125],[-124.1697415,49.4620746],[-124.1696491,49.4620429],[-124.1695687,49.4619995],[-124.1695038,49.4619463],[-124.1694009,49.4618122],[-124.1693388,49.4617049],[-124.1691095,49.4614707],[-124.1688109,49.4612721],[-124.1687687,49.4612493],[-124.1687035,49.4611958],[-124.1686568,49.4611346],[-124.1686035,49.4610004],[-124.1684584,49.4603699],[-124.1683779,49.4601493],[-124.1682413,49.4599406],[-124.1680526,49.4597498],[-124.1670476,49.458901],[-124.1669344,49.458781],[-124.166899,49.4587156],[-124.1668855,49.4586469],[-124.1669035,49.458509],[-124.1669003,49.4582592],[-124.166826,49.4580142],[-124.166683,49.4577823],[-124.1664765,49.4575717],[-124.1657598,49.4569723],[-124.1656453,49.4568521],[-124.1656094,49.4567865],[-124.1655956,49.4567175],[-124.1656138,49.4565766],[-124.1660448,49.455117],[-124.1660818,49.4548724],[-124.1660495,49.4546276],[-124.1659492,49.4543907],[-124.1657841,49.4541696],[-124.1655597,49.4539718],[-124.1652837,49.453804],[-124.1645953,49.4534564],[-124.1644463,49.4533642],[-124.1643883,49.4533101],[-124.1643481,49.4532496],[-124.1643272,49.4531852],[-124.1643257,49.4530455],[-124.1642848,49.4527886],[-124.164169,49.4525415],[-124.1639825,49.4523134],[-124.1632589,49.4516031],[-124.163023,49.4514121],[-124.1627376,49.4512521],[-124.1624123,49.4511284],[-124.1620578,49.4510453],[-124.1618463,49.4510095],[-124.1617596,49.4509826],[-124.1616821,49.4509456],[-124.1616169,49.4508997],[-124.1615661,49.4508466],[-124.1615317,49.4507882],[-124.1615149,49.4507267],[-124.1615162,49.4506642],[-124.1615357,49.450603],[-124.1615726,49.4505453],[-124.1616799,49.4504397],[-124.1622299,49.4499963],[-124.1623582,49.4499101],[-124.1624323,49.4498756],[-124.1625148,49.4498502],[-124.1626029,49.4498348],[-124.1627867,49.4498249],[-124.1630795,49.4498263],[-124.1634739,49.4498035],[-124.1638544,49.4497322],[-124.1642069,49.449615],[-124.1645185,49.4494561],[-124.1647777,49.4492615],[-124.164975,49.4490384],[-124.1651032,49.4487948],[-124.1651575,49.4485398],[-124.1651577,49.4485354],[-124.1651795,49.4484751],[-124.1652182,49.4484184],[-124.1652726,49.4483674],[-124.1653407,49.448324],[-124.1655015,49.4482545],[-124.1661761,49.4480188],[-124.1665083,49.4478743],[-124.1667913,49.4476908],[-124.1670147,49.4474753],[-124.16717,49.4472358],[-124.1672514,49.4469814],[-124.1672559,49.4467215],[-124.1671833,49.446466],[-124.1670362,49.4462243],[-124.1665813,49.4456472],[-124.1665027,49.445514],[-124.1664864,49.4454446],[-124.1665001,49.4453021],[-124.1668361,49.4440309],[-124.1668625,49.4437265],[-124.1667825,49.443426],[-124.1666003,49.443145],[-124.1661317,49.4426039],[-124.1660487,49.4424803],[-124.1660275,49.4424153],[-124.1660269,49.4423488],[-124.1660468,49.4422836],[-124.1660865,49.4422223],[-124.1661444,49.4421675],[-124.1662181,49.4421214],[-124.1663045,49.4420859],[-124.1664001,49.4420624],[-124.1665011,49.4420519],[-124.1665918,49.4420545],[-124.1670083,49.442039],[-124.1674114,49.4419694],[-124.1677849,49.4418485],[-124.1681133,49.4416813],[-124.1685139,49.4414309],[-124.1686613,49.4413544],[-124.1687435,49.4413259],[-124.1688323,49.4413077],[-124.1689248,49.4413003],[-124.1689466,49.4413012],[-124.1694434,49.4412821],[-124.1696303,49.4412444],[-124.1699079,49.4412036],[-124.170165,49.4411997],[-124.1705475,49.4411704],[-124.1709149,49.4410955],[-124.1712546,49.4409775],[-124.1715547,49.4408205],[-124.1718047,49.44063],[-124.1719959,49.4404126],[-124.1721216,49.4401759],[-124.1721332,49.4401246],[-124.1722175,49.4399062],[-124.1728919,49.4386758],[-124.1729717,49.438564],[-124.1730261,49.4385145],[-124.1730936,49.4384723],[-124.1731719,49.4384388],[-124.1732583,49.4384153],[-124.1733498,49.4384025],[-124.1734435,49.4384009],[-124.1736306,49.4384204],[-124.1761417,49.4388389],[-124.1764932,49.4389216],[-124.1768928,49.4389872],[-124.1773044,49.4389999],[-124.1777117,49.4389592],[-124.1780985,49.4388666],[-124.1784492,49.4387259],[-124.1786209,49.4386406],[-124.1787053,49.438613],[-124.178796,49.438596],[-124.1789863,49.4385845],[-124.1799949,49.4385845],[-124.1801829,49.4385958],[-124.1802727,49.4386123],[-124.1804419,49.4386669],[-124.1896361,49.4423544],[-124.1899712,49.4425358],[-124.1912816,49.443479],[-124.1915583,49.4436449],[-124.1918768,49.4437754],[-124.1922265,49.4438661],[-124.1925956,49.443914],[-124.1929683,49.4439397],[-124.1931564,49.4439644],[-124.1932442,49.4439876],[-124.1933238,49.4440211],[-124.1933924,49.4440636],[-124.1934477,49.4441136],[-124.1934877,49.4441695],[-124.1935348,49.4442905],[-124.193648,49.4447627],[-124.1937295,49.444981],[-124.1938659,49.4451874],[-124.1940533,49.4453761],[-124.1968351,49.4477199],[-124.1969294,49.4478151],[-124.1969576,49.4478581],[-124.1971372,49.4480747],[-124.1973747,49.4482663],[-124.197662,49.4484265],[-124.1979894,49.44855],[-124.198346,49.4486324],[-124.1987197,49.4486712],[-124.1988707,49.4486777],[-124.2008224,49.4488765],[-124.2010489,49.4489173],[-124.2012551,49.4489907],[-124.2056583,49.4510148],[-124.2058215,49.4511082],[-124.2058851,49.4511641],[-124.2059292,49.4512275],[-124.2059516,49.4512955],[-124.2059516,49.4513651],[-124.2059347,49.4514156],[-124.205888,49.451686],[-124.2059261,49.4519569],[-124.2060475,49.4522172],[-124.2062471,49.4524563],[-124.2065168,49.4526643],[-124.2068454,49.4528327],[-124.2072196,49.4529546],[-124.2076239,49.4530249],[-124.2133346,49.4536233],[-124.2137586,49.4537098],[-124.2191598,49.4554005],[-124.2195304,49.4554892],[-124.2199202,49.4555305],[-124.2203149,49.4555227],[-124.2207002,49.4554663],[-124.2210619,49.4553632],[-124.2213867,49.4552172],[-124.2215211,49.4551279],[-124.2215272,49.4551318],[-124.2217494,49.4549861],[-124.2218355,49.454949],[-124.2219315,49.4549241],[-124.2220333,49.4549124],[-124.2221366,49.4549144],[-124.2222371,49.45493],[-124.2224269,49.454988],[-124.2282305,49.457259],[-124.2283898,49.4573359],[-124.2285234,49.4574312],[-124.2312662,49.4598171],[-124.2315776,49.4600333],[-124.2319543,49.4601999],[-124.2335348,49.4607436],[-124.2336975,49.4608131],[-124.2337664,49.4608567],[-124.2338214,49.460908],[-124.2338605,49.460965],[-124.2339107,49.4611049],[-124.2340471,49.4613629],[-124.2342609,49.4615976],[-124.2345433,49.4617994],[-124.2348826,49.4619598],[-124.2401384,49.4639487],[-124.2404893,49.4640542],[-124.2408642,49.4641154],[-124.2412502,49.4641301],[-124.2416336,49.4640978],[-124.242001,49.4640196],[-124.2423395,49.4638983],[-124.2426373,49.463738],[-124.242884,49.4635446],[-124.2430708,49.4633246],[-124.2431913,49.4630858],[-124.2432412,49.4628367],[-124.2432472,49.4627273],[-124.2432684,49.4626669],[-124.2433066,49.4626101],[-124.2434354,49.4624879],[-124.2435251,49.4624176],[-124.2437158,49.4621906],[-124.2438359,49.461944],[-124.243881,49.461687],[-124.2438494,49.4614292],[-124.2437423,49.4611801],[-124.2435637,49.4609489],[-124.2430054,49.4603727],[-124.2429178,49.4602598],[-124.2428915,49.4601998],[-124.2428831,49.4601376],[-124.2429029,49.4600119],[-124.2431746,49.4591268],[-124.2432305,49.4590058],[-124.2432749,49.4589505],[-124.2433346,49.4589016],[-124.2434074,49.458861],[-124.2434906,49.4588299],[-124.2435814,49.4588097],[-124.2438507,49.4587847],[-124.2442402,49.4587232],[-124.244604,49.4586139],[-124.2449284,49.4584609],[-124.2452013,49.4582702],[-124.2455048,49.4580116],[-124.2456498,49.4579115],[-124.2457353,49.4578728],[-124.2458311,49.4578462],[-124.2459333,49.4578331],[-124.2461243,49.4578344],[-124.2462934,49.4578485],[-124.2466624,49.4578362],[-124.247022,49.4577813],[-124.2473609,49.4576857],[-124.2475826,49.4576071],[-124.2476779,49.4575878],[-124.247879,49.4575741],[-124.252901,49.4575549],[-124.2531291,49.4575707],[-124.2532357,49.4575945],[-124.2534306,49.4576731],[-124.2545022,49.458222],[-124.2548311,49.4583598],[-124.255194,49.4584547],[-124.2555779,49.4585035],[-124.2559691,49.4585043],[-124.2563536,49.4584572],[-124.2565309,49.4584116],[-124.256534,49.4584167],[-124.2565755,49.4584062],[-124.2566585,49.4583789],[-124.2567174,49.4583638],[-124.2567257,49.458361],[-124.256723,49.4583576],[-124.2569436,49.4582849],[-124.2572672,49.4581183],[-124.2575334,49.4579133],[-124.2577315,49.4576779],[-124.2578536,49.4574216],[-124.2578949,49.4571547],[-124.2578536,49.4568877],[-124.2577847,49.456743],[-124.2577929,49.4567414],[-124.2577043,49.4565583],[-124.2576934,49.4564957],[-124.2577061,49.45639],[-124.2577016,49.4561471],[-124.2576297,49.4559087],[-124.2574929,49.4556826],[-124.2574275,49.455598],[-124.2574011,49.4555356],[-124.2573941,49.455471],[-124.2574066,49.4554068],[-124.2574382,49.4553454],[-124.2574876,49.4552892],[-124.2575531,49.4552404],[-124.257632,49.4552009],[-124.2577212,49.4551722],[-124.2578174,49.4551554],[-124.2579168,49.4551512],[-124.2580155,49.4551597],[-124.2582066,49.4552021],[-124.2598711,49.4556947],[-124.2602463,49.4557786],[-124.2606392,49.4558142],[-124.2610354,49.4558003],[-124.2614201,49.4557374],[-124.2617793,49.4556279],[-124.2620996,49.4554757],[-124.2623692,49.4552866],[-124.262382,49.4552756],[-124.2625091,49.4551856],[-124.2625833,49.4551493],[-124.2626664,49.4551225],[-124.2627556,49.4551059],[-124.2628481,49.4551001],[-124.2629405,49.4551054],[-124.2631216,49.4551381],[-124.2701456,49.4568698],[-124.2703479,49.4569372],[-124.2705223,49.4570319],[-124.2725489,49.4584077],[-124.2728456,49.4585741],[-124.2731853,49.4587011],[-124.2735558,49.4587841],[-124.2739438,49.4588201],[-124.2743352,49.4588078],[-124.274716,49.4587477],[-124.2750725,49.4586419],[-124.2753918,49.4584942],[-124.2756624,49.4583099],[-124.2758746,49.4580958],[-124.2760207,49.4578594],[-124.2760955,49.4576094],[-124.2760962,49.4573546],[-124.2760477,49.457189],[-124.2760348,49.457082],[-124.276048,49.4570152],[-124.2760817,49.4569517],[-124.2761347,49.4568939],[-124.2762046,49.4568443],[-124.2762886,49.4568051],[-124.2764805,49.4567496],[-124.2787226,49.4562738],[-124.278941,49.456244],[-124.2790507,49.4562449],[-124.2792042,49.4562682],[-124.2795166,49.4563409],[-124.2799439,49.4563784],[-124.2803739,49.4563575],[-124.2807877,49.456279],[-124.2811675,49.4561463],[-124.2814966,49.4559652],[-124.2817607,49.4557437],[-124.2818787,49.4556198],[-124.2819478,49.455572],[-124.2821147,49.4554951],[-124.2830466,49.4551509],[-124.2832308,49.4550977],[-124.2833278,49.4550835],[-124.2834272,49.4550819],[-124.2835252,49.4550929],[-124.2836179,49.4551162],[-124.2837019,49.4551509],[-124.2837892,49.455205],[-124.2840877,49.4553588],[-124.2844247,49.4554743],[-124.2847885,49.4555475],[-124.2851668,49.4555761],[-124.2855063,49.4555609],[-124.285622,49.455563],[-124.2857156,49.4555764],[-124.2858036,49.455601],[-124.2858829,49.455636],[-124.2859161,49.4556576],[-124.2862355,49.4558273],[-124.2866004,49.4559523],[-124.2869962,49.4560278],[-124.2874072,49.4560505],[-124.2909846,49.4560154],[-124.2911582,49.4560232],[-124.2913274,49.45605],[-124.2956372,49.4569907],[-124.2958224,49.4570449],[-124.2959039,49.4570828],[-124.2959722,49.4571304],[-124.2960789,49.4572428],[-124.2964041,49.4576765],[-124.2965886,49.4578763],[-124.2968235,49.4580523],[-124.2971016,49.4581993],[-124.2974147,49.4583128],[-124.3047472,49.4604514],[-124.3051182,49.4605332],[-124.3055063,49.4605679],[-124.3058975,49.4605543],[-124.3062777,49.460493],[-124.3066332,49.4603861],[-124.3069513,49.4602375],[-124.3072205,49.4600525],[-124.3074311,49.4598378],[-124.3075755,49.4596011],[-124.3076486,49.459351],[-124.3078067,49.4582438],[-124.3078442,49.4581169],[-124.3078809,49.4580578],[-124.3079344,49.4580044],[-124.3080028,49.4579587],[-124.3080835,49.4579224],[-124.3081734,49.4578969],[-124.3082691,49.4578832],[-124.3083672,49.4578817],[-124.3085631,49.4579036],[-124.3181494,49.4596109],[-124.3183174,49.4596513],[-124.3183939,49.4596804],[-124.3184614,49.4597176],[-124.3185758,49.4598072],[-124.3194868,49.4606627],[-124.3197518,49.4608653],[-124.320073,49.46103],[-124.3204379,49.4611502],[-124.3208321,49.4612213],[-124.32111,49.4612344],[-124.321273,49.4612524],[-124.3213651,49.4612752],[-124.3215347,49.461344],[-124.3230984,49.4621259],[-124.3232385,49.4622105],[-124.3232945,49.4622599],[-124.3233355,49.4623153],[-124.3233851,49.4624353],[-124.3237866,49.4639652],[-124.3238992,49.4642286],[-124.3240916,49.4644717],[-124.3243558,49.4646845],[-124.3246809,49.464858],[-124.3250533,49.4649851],[-124.3254576,49.4650606],[-124.325877,49.4650812],[-124.3262942,49.4650462],[-124.3263741,49.465034],[-124.326475,49.465032],[-124.3266768,49.4650544],[-124.3292683,49.4655188],[-124.3294581,49.4655664],[-124.3295427,49.4656014],[-124.3296151,49.4656466],[-124.3296723,49.4657001],[-124.3297121,49.46576],[-124.3297414,49.4658495],[-124.3297723,49.4660412],[-124.3298817,49.4662797],[-124.3300569,49.466501],[-124.330292,49.4666974],[-124.3305789,49.4668623],[-124.3309076,49.4669898],[-124.3312949,49.46711],[-124.3314602,49.4671743],[-124.3315312,49.4672154],[-124.3315892,49.4672644],[-124.3316163,49.4672993],[-124.3318499,49.4675348],[-124.3321536,49.4677337],[-124.3325143,49.4678872],[-124.3329161,49.4679888],[-124.3333417,49.4680339],[-124.3337723,49.4680206],[-124.3352042,49.467878],[-124.3353998,49.4678709],[-124.3354956,49.4678793],[-124.3355873,49.4678994],[-124.3356713,49.4679305],[-124.3357448,49.4679713],[-124.3358667,49.468071],[-124.3369529,49.4691572],[-124.3369563,49.4691557],[-124.3370793,49.469281],[-124.3373446,49.4694642],[-124.3376579,49.4696119],[-124.3380081,49.469719],[-124.3383829,49.4697819],[-124.3387691,49.4697981],[-124.3409573,49.4697566],[-124.34117,49.469767],[-124.3412708,49.4697861],[-124.3414588,49.4698515],[-124.3429644,49.4705147],[-124.3431212,49.4705997],[-124.3431843,49.4706507],[-124.3432305,49.4707089],[-124.3432766,49.470814],[-124.343419,49.471051],[-124.3436278,49.4712662],[-124.3438953,49.471452],[-124.3442119,49.4716016],[-124.3445664,49.4717098],[-124.3446142,49.4717209],[-124.3446944,49.4717512],[-124.3447647,49.4717905],[-124.3448824,49.4718855],[-124.3452868,49.4722811],[-124.3455647,49.472499],[-124.3459067,49.4726742],[-124.3462977,49.4727989],[-124.3467202,49.4728676],[-124.3471555,49.4728771],[-124.3472664,49.472872],[-124.3473706,49.4728813],[-124.3474696,49.4729044],[-124.347559,49.4729404],[-124.3476351,49.4729876],[-124.3476703,49.4730211],[-124.3479464,49.4732328],[-124.3482836,49.4734031],[-124.3486674,49.4735246],[-124.3490815,49.4735923],[-124.3495082,49.4736032],[-124.3499292,49.4735569],[-124.3503266,49.4734553],[-124.3506833,49.4733027],[-124.3510087,49.4731298],[-124.351167,49.4730606],[-124.3512535,49.4730363],[-124.3513455,49.473023],[-124.3514397,49.4730209],[-124.3515329,49.4730301],[-124.3516219,49.4730504],[-124.3517035,49.473081],[-124.3518482,49.4731619],[-124.3522301,49.4734188],[-124.3525831,49.4736088],[-124.3529918,49.4737435],[-124.3534362,49.4738163],[-124.3554897,49.4739986],[-124.3556848,49.4740288],[-124.3557748,49.4740556],[-124.355855,49.4740932],[-124.3559225,49.4741402],[-124.3559746,49.4741949],[-124.356045,49.4743169],[-124.3564464,49.4752935],[-124.3565693,49.4755134],[-124.3567491,49.4757161],[-124.3569802,49.4758954],[-124.3572558,49.476046],[-124.358529,49.4766263],[-124.3588864,49.4767569],[-124.3592764,49.476839],[-124.3596837,49.4768695],[-124.3600923,49.4768471],[-124.360486,49.4767727],[-124.3608494,49.4766493],[-124.361168,49.4764816],[-124.3614294,49.4762764],[-124.3615809,49.47613],[-124.3616537,49.4760835],[-124.3617394,49.4760475],[-124.3618344,49.4760234],[-124.361935,49.4760121],[-124.3620228,49.4760139],[-124.362405,49.4759988],[-124.3627764,49.475938],[-124.3631242,49.4758338],[-124.3634364,49.4756896],[-124.3637022,49.4755104],[-124.3638207,49.4754141],[-124.3639672,49.4753171],[-124.3640528,49.4752799],[-124.3641483,49.4752546],[-124.3642496,49.4752425],[-124.3643526,49.475244],[-124.364453,49.475259],[-124.3646431,49.4753157],[-124.3666741,49.4760933],[-124.3668544,49.4761811],[-124.3669265,49.4762358],[-124.3669784,49.4762993],[-124.3670379,49.4764406],[-124.3673049,49.4775352],[-124.3673171,49.47766],[-124.3672879,49.4778117],[-124.367277,49.4780718],[-124.3673435,49.4783283],[-124.367485,49.4785717],[-124.3676961,49.4787928],[-124.3679688,49.4789833],[-124.368293,49.479136],[-124.3686565,49.4792452],[-124.3689114,49.4793031],[-124.3690815,49.4793534],[-124.3691573,49.4793877],[-124.3692222,49.4794304],[-124.3692742,49.47948],[-124.3693495,49.4795912],[-124.3697465,49.4803592],[-124.3697922,49.4804897],[-124.3697944,49.4805557],[-124.3697764,49.4806206],[-124.3697387,49.4806819],[-124.369683,49.480737],[-124.3696115,49.4807839],[-124.369527,49.4808205],[-124.3693713,49.4808617],[-124.3690075,49.4809867],[-124.3686892,49.4811561],[-124.3684288,49.4813631],[-124.3682367,49.4815996],[-124.3681963,49.4816642],[-124.3680788,49.4817779],[-124.3667076,49.4828473],[-124.3665742,49.4829339],[-124.3665361,49.4829508],[-124.3662097,49.483131],[-124.3659476,49.4833511],[-124.3657609,49.4836015],[-124.3656577,49.4838716],[-124.3656425,49.4841497],[-124.3657158,49.4844238],[-124.3658746,49.4846823],[-124.365905,49.4847119],[-124.3660469,49.4848823],[-124.3660762,49.4849436],[-124.3660866,49.4850075],[-124.3660777,49.4850714],[-124.3660499,49.485133],[-124.3660043,49.4851899],[-124.3659424,49.4852399],[-124.3657892,49.4853237],[-124.3634392,49.4863725],[-124.3631331,49.4865395],[-124.3628824,49.4867417],[-124.3626962,49.4869714],[-124.3623678,49.4874939],[-124.3622703,49.4876129],[-124.3622051,49.4876641],[-124.3621254,49.4877057],[-124.3620344,49.487736],[-124.3619359,49.4877539],[-124.3618339,49.4877585],[-124.3617326,49.4877497],[-124.361524,49.4877024],[-124.3613859,49.48766],[-124.3609985,49.4875965],[-124.3605996,49.4875825],[-124.360204,49.4876187],[-124.3598265,49.4877036],[-124.3594812,49.4878342],[-124.3591811,49.4880054],[-124.3589373,49.488211],[-124.358759,49.4884433],[-124.3586528,49.4886935],[-124.3586227,49.4889523],[-124.358626,49.4890539],[-124.3586102,49.489115],[-124.3585771,49.489173],[-124.3585279,49.489226],[-124.3583991,49.4893193],[-124.3572951,49.4899817],[-124.3571344,49.4900607],[-124.3570449,49.4900888],[-124.3569487,49.490105],[-124.3568265,49.4901096],[-124.3563886,49.4901571],[-124.3559764,49.4902642],[-124.355609,49.490426],[-124.3554257,49.4905513],[-124.3552781,49.4906363],[-124.3551938,49.4906685],[-124.3550069,49.4907113],[-124.354985,49.4907148],[-124.3546086,49.490801],[-124.3542647,49.4909326],[-124.3539662,49.4911047],[-124.3537242,49.4913109],[-124.3535477,49.4915434],[-124.3534433,49.4917936],[-124.353415,49.4920522],[-124.3534637,49.4923095],[-124.3535876,49.492556],[-124.3537822,49.4927823],[-124.3540402,49.4929802],[-124.3543519,49.4931421],[-124.3547057,49.4932621],[-124.3548531,49.4933008],[-124.3558384,49.4936321],[-124.3560054,49.4937023],[-124.356076,49.4937466],[-124.3561321,49.493799],[-124.3561716,49.4938573],[-124.356193,49.4939196],[-124.3561956,49.4939833],[-124.3561792,49.4940462],[-124.3561087,49.494167],[-124.3558901,49.4944544],[-124.3557529,49.494687],[-124.3556842,49.494932],[-124.3556863,49.495181],[-124.3557593,49.4954254],[-124.3558568,49.4955853],[-124.3558988,49.4956828],[-124.3559064,49.4957472],[-124.3558945,49.4958114],[-124.3558634,49.4958729],[-124.3557642,49.495987],[-124.3554715,49.4962576],[-124.35528,49.4964753],[-124.3551542,49.4967124],[-124.3550985,49.4969605],[-124.3551149,49.497211],[-124.3552027,49.4974552],[-124.3553589,49.4976845],[-124.355578,49.497891],[-124.3558525,49.4980673],[-124.3561726,49.4982074],[-124.3564774,49.4983154],[-124.35648,49.4983124],[-124.356707,49.4983916],[-124.3570884,49.4984681],[-124.3574854,49.4984955],[-124.3578831,49.4984729],[-124.3582667,49.498401],[-124.3586218,49.4982825],[-124.3589352,49.4981219],[-124.359114,49.4979866],[-124.3591147,49.497987],[-124.3593255,49.4978298],[-124.3594094,49.4977888],[-124.3595045,49.4977599],[-124.3596068,49.4977443],[-124.35982,49.4977414],[-124.3610148,49.4978058],[-124.3613988,49.4978033],[-124.3617755,49.4977546],[-124.3621318,49.4976615],[-124.3643976,49.4969038],[-124.3645967,49.4968534],[-124.3647642,49.4968356],[-124.3651653,49.4967653],[-124.3655366,49.4966444],[-124.3658633,49.4964777],[-124.366132,49.496272],[-124.3662841,49.496092],[-124.3663669,49.4960117],[-124.3665028,49.4959222],[-124.3673715,49.4954491],[-124.3675126,49.4953845],[-124.3675898,49.4953606],[-124.3677558,49.4953299],[-124.3736966,49.4945727],[-124.3738856,49.4945602],[-124.3740748,49.4945706],[-124.3793972,49.4951865],[-124.3796157,49.4952285],[-124.3797134,49.4952641],[-124.3798828,49.4953631],[-124.3804109,49.4957494],[-124.3805261,49.4958518],[-124.3805673,49.4959085],[-124.3805911,49.4959692],[-124.3805969,49.4960317],[-124.3805714,49.4961575],[-124.3805172,49.4963107],[-124.3804647,49.4965949],[-124.3805063,49.4968798],[-124.3806399,49.4971526],[-124.3808595,49.4974007],[-124.3817874,49.4982297],[-124.3819036,49.4983638],[-124.3819693,49.4985116],[-124.3822232,49.4995008],[-124.3822367,49.4996293],[-124.3822245,49.4996924],[-124.3821939,49.4997528],[-124.3820967,49.4998652],[-124.380885,49.5009942],[-124.3807712,49.5010828],[-124.3806529,49.5011479],[-124.3803813,49.5013283],[-124.3801664,49.5015386],[-124.380016,49.5017713],[-124.3799353,49.5020182],[-124.3799272,49.5022705],[-124.379992,49.5025194],[-124.3801273,49.502756],[-124.3816509,49.5048044],[-124.3817205,49.5049278],[-124.3817377,49.5049998],[-124.3817597,49.5052517],[-124.3818644,49.505511],[-124.3820464,49.5057516],[-124.3821443,49.5058537],[-124.382179,49.5059129],[-124.3822127,49.5060393],[-124.3822288,49.5061782],[-124.3823063,49.5064548],[-124.3824709,49.5067149],[-124.3827154,49.506947],[-124.3830289,49.507141],[-124.3832295,49.5072412],[-124.3833848,49.5073373],[-124.3834445,49.5073939],[-124.3834848,49.5074573],[-124.3835039,49.5075247]],[[-123.874013,49.190438],[-123.873998,49.190495],[-123.873966,49.190548],[-123.873917,49.190596],[-123.873727,49.190719],[-123.873729,49.19072],[-123.873583,49.190813],[-123.873392,49.190995],[-123.873259,49.191197],[-123.873188,49.191412],[-123.873181,49.191632],[-123.87324,49.191849],[-123.873275,49.191906],[-123.873328,49.192034],[-123.873334,49.19209],[-123.873322,49.192145],[-123.873294,49.192198],[-123.87325,49.192246],[-123.873192,49.192287],[-123.873123,49.19232],[-123.873045,49.192343],[-123.872961,49.192355],[-123.872788,49.192357],[-123.865264,49.19196],[-123.864849,49.191971],[-123.86445,49.192046],[-123.863455,49.19232],[-123.863152,49.192429],[-123.862887,49.192574],[-123.862672,49.192751],[-123.862515,49.192953],[-123.862423,49.193171],[-123.862398,49.193396],[-123.862443,49.193621],[-123.862555,49.193834],[-123.86273,49.19403],[-123.862961,49.194198],[-123.863239,49.194333],[-123.863551,49.194429],[-123.863888,49.194483],[-123.865293,49.194613],[-123.865444,49.194636],[-123.865514,49.194656],[-123.865578,49.194684],[-123.865689,49.194754],[-123.867595,49.196205],[-123.867689,49.196292],[-123.867722,49.19634],[-123.867741,49.196391],[-123.867745,49.196444],[-123.867733,49.196496],[-123.867706,49.196546],[-123.867666,49.196592],[-123.867613,49.196631],[-123.867549,49.196664],[-123.867404,49.196713],[-123.86619,49.197029],[-123.86588,49.197134],[-123.865608,49.197279],[-123.865387,49.197455],[-123.86431,49.198518],[-123.864198,49.198607],[-123.86413,49.198643],[-123.863973,49.198695],[-123.861734,49.199259],[-123.86143,49.199309],[-123.853637,49.199954],[-123.853471,49.199957],[-123.853391,49.199948],[-123.853314,49.19993],[-123.853244,49.199902],[-123.853184,49.199865],[-123.853135,49.199822],[-123.8531,49.199774],[-123.85308,49.199722],[-123.853075,49.199669],[-123.853087,49.199616],[-123.853141,49.199513],[-123.853941,49.198363],[-123.854025,49.198268],[-123.854134,49.198186],[-123.855013,49.197646],[-123.855232,49.197482],[-123.855399,49.197294],[-123.855508,49.197089],[-123.855555,49.196874],[-123.855538,49.196656],[-123.855458,49.196445],[-123.855318,49.196248],[-123.855123,49.196072],[-123.854879,49.195924],[-123.854597,49.195809],[-123.854287,49.195731],[-123.853959,49.195694],[-123.853626,49.195698],[-123.853301,49.195743],[-123.852995,49.195829],[-123.85272,49.195951],[-123.848948,49.197994],[-123.848816,49.198053],[-123.848744,49.198074],[-123.848588,49.198097],[-123.844733,49.198439],[-123.844352,49.198502],[-123.838273,49.200007],[-123.838131,49.200034],[-123.838057,49.200039],[-123.837909,49.200032],[-123.836251,49.199863],[-123.835936,49.19985],[-123.835622,49.199874],[-123.835321,49.199936],[-123.835041,49.200032],[-123.832013,49.201315],[-123.83185,49.201368],[-123.831764,49.201383],[-123.831675,49.201386],[-123.831586,49.201376],[-123.831417,49.201333],[-123.830555,49.201037],[-123.830412,49.200975],[-123.830344,49.200931],[-123.830075,49.200788],[-123.829768,49.200683],[-123.829435,49.200621],[-123.829089,49.200602],[-123.828745,49.20063],[-123.828416,49.200701],[-123.828115,49.200814],[-123.824919,49.202309],[-123.824778,49.202362],[-123.824702,49.20238],[-123.824622,49.202387],[-123.824541,49.202385],[-123.824382,49.20236],[-123.823554,49.202176],[-123.823193,49.202123],[-123.822824,49.202121],[-123.822462,49.20217],[-123.822125,49.202269],[-123.820672,49.20282],[-123.820538,49.202861],[-123.820467,49.202874],[-123.820393,49.202879],[-123.820245,49.202871],[-123.818572,49.202688],[-123.81841,49.20266],[-123.818337,49.202636],[-123.818271,49.202603],[-123.818216,49.202563],[-123.818175,49.202517],[-123.818147,49.202466],[-123.818124,49.202358],[-123.817691,49.196266],[-123.817699,49.196161],[-123.817718,49.19611],[-123.81775,49.196062],[-123.817796,49.19602],[-123.817854,49.195983],[-123.817989,49.195925],[-123.818985,49.195579],[-123.819271,49.195454],[-123.819513,49.195296],[-123.819703,49.195109],[-123.819833,49.194901],[-123.819973,49.19459],[-123.820037,49.194373],[-123.820036,49.194153],[-123.819968,49.193937],[-123.819839,49.193733],[-123.819651,49.19355],[-123.819412,49.193394],[-123.819132,49.193272],[-123.819097,49.193262],[-123.818892,49.19319],[-123.818762,49.193119],[-123.81814,49.192707],[-123.818036,49.192624],[-123.817998,49.192577],[-123.817974,49.192527],[-123.817965,49.192474],[-123.817972,49.192421],[-123.817993,49.19237],[-123.818066,49.192274],[-123.81924,49.191045],[-123.819337,49.190962],[-123.819395,49.190927],[-123.819531,49.190873],[-123.820218,49.190652],[-123.820526,49.190526],[-123.820786,49.19036],[-123.820988,49.190162],[-123.821122,49.189941],[-123.821183,49.189706],[-123.821167,49.189469],[-123.821057,49.188991],[-123.820989,49.188805],[-123.820875,49.188629],[-123.819317,49.186706],[-123.819095,49.186494],[-123.818805,49.186321],[-123.818463,49.186194],[-123.813926,49.184935],[-123.813618,49.184871],[-123.813297,49.184846],[-123.812974,49.18486],[-123.812661,49.184913],[-123.812368,49.185003],[-123.812106,49.185127],[-123.811884,49.185281],[-123.81171,49.18546],[-123.811589,49.185656],[-123.81154,49.185766],[-123.811475,49.18587],[-123.811427,49.185916],[-123.811367,49.185955],[-123.811296,49.185986],[-123.811217,49.186006],[-123.811134,49.186016],[-123.810961,49.186014],[-123.809746,49.185917],[-123.809593,49.185895],[-123.809521,49.185876],[-123.809389,49.18582],[-123.80078,49.181363],[-123.800432,49.181224],[-123.800044,49.181141],[-123.79962,49.181085],[-123.799273,49.181064],[-123.798927,49.181087],[-123.798595,49.181156],[-123.798291,49.181267],[-123.798214,49.181302],[-123.798073,49.181354],[-123.797998,49.18137],[-123.797918,49.181378],[-123.797838,49.181375],[-123.797761,49.181362],[-123.797688,49.181341],[-123.797622,49.18131],[-123.79751,49.181234],[-123.797045,49.180851],[-123.796832,49.180704],[-123.796581,49.180585],[-123.796302,49.180496],[-123.796004,49.180442],[-123.795152,49.180339],[-123.794977,49.180305],[-123.794899,49.180277],[-123.794761,49.180199],[-123.792815,49.178836],[-123.792526,49.178673],[-123.792188,49.178556],[-123.790381,49.178087],[-123.79021,49.178027],[-123.790064,49.177943],[-123.787611,49.176186],[-123.78736,49.176038],[-123.78707,49.175925],[-123.786751,49.175851],[-123.78564,49.17567],[-123.785459,49.175626],[-123.785299,49.175557],[-123.781349,49.173413],[-123.780994,49.173264],[-123.780594,49.173176],[-123.778613,49.172908],[-123.778457,49.172876],[-123.778312,49.172826],[-123.775794,49.171733],[-123.775676,49.171671],[-123.775626,49.171635],[-123.775548,49.17155],[-123.774048,49.16955],[-123.773914,49.169401],[-123.773747,49.169268],[-123.772156,49.168175],[-123.771851,49.168009],[-123.771496,49.167892],[-123.759718,49.16508],[-123.759412,49.165027],[-123.729639,49.161735],[-123.729487,49.161711],[-123.722636,49.160382],[-123.722213,49.160336],[-123.714196,49.160125],[-123.714032,49.16011],[-123.713954,49.160093],[-123.713743,49.160013],[-123.713407,49.159915],[-123.713047,49.159866],[-123.712679,49.159868],[-123.71232,49.159921],[-123.712103,49.159986],[-123.711957,49.160019],[-123.711871,49.160027],[-123.711696,49.160018],[-123.709418,49.15975],[-123.709235,49.159714],[-123.709216,49.159707],[-123.708905,49.159617],[-123.708574,49.15957],[-123.708234,49.159565],[-123.7079,49.159604],[-123.707584,49.159684],[-123.707298,49.159803],[-123.707053,49.159957],[-123.706984,49.16001],[-123.706918,49.160044],[-123.706844,49.160069],[-123.706763,49.160083],[-123.70668,49.160087],[-123.706512,49.160074],[-123.704228,49.15974],[-123.70405,49.1597],[-123.703971,49.159668],[-123.703836,49.159583],[-123.702669,49.158662],[-123.702578,49.158574],[-123.702546,49.158526],[-123.702528,49.158475],[-123.702526,49.158422],[-123.702539,49.158371],[-123.702566,49.158321],[-123.702607,49.158276],[-123.702684,49.158219],[-123.702886,49.158036],[-123.703029,49.157829],[-123.703105,49.157608],[-123.703113,49.157382],[-123.703052,49.157159],[-123.702924,49.156949],[-123.702735,49.156759],[-123.702492,49.156598],[-123.696928,49.153582],[-123.696812,49.153506],[-123.696767,49.153462],[-123.696735,49.153414],[-123.696718,49.153362],[-123.696717,49.153309],[-123.696744,49.153203],[-123.697053,49.152464],[-123.697105,49.152371],[-123.697143,49.152328],[-123.697192,49.152291],[-123.69731,49.152228],[-123.698487,49.151704],[-123.698738,49.151568],[-123.698946,49.151403],[-123.699102,49.151216],[-123.699203,49.151014],[-123.699243,49.150802],[-123.699222,49.150589],[-123.69914,49.150383],[-123.699001,49.15019],[-123.698808,49.150018],[-123.69857,49.149872],[-123.69838,49.149777],[-123.698262,49.149704],[-123.698215,49.149662],[-123.698181,49.149615],[-123.698128,49.149484],[-123.698008,49.149272],[-123.697825,49.149079],[-123.697587,49.148914],[-123.697304,49.148784],[-123.697026,49.148704],[-123.696939,49.148674],[-123.696821,49.148614],[-123.695146,49.1476],[-123.695022,49.147506],[-123.694978,49.147453],[-123.694928,49.147333],[-123.694775,49.146715],[-123.694765,49.146614],[-123.694773,49.146565],[-123.694817,49.146468],[-123.694944,49.146259],[-123.695038,49.146048],[-123.695068,49.145829],[-123.695032,49.145611],[-123.694933,49.145401],[-123.694773,49.145208],[-123.694757,49.145192],[-123.694548,49.145025],[-123.694295,49.144888],[-123.694007,49.144784],[-123.693694,49.144718],[-123.693368,49.144692],[-123.69304,49.144707],[-123.692814,49.144731],[-123.692666,49.144739],[-123.692593,49.144734],[-123.692522,49.144721],[-123.692388,49.14468],[-123.691694,49.144416],[-123.691543,49.144343],[-123.691483,49.144297],[-123.691358,49.144146],[-123.691179,49.143971],[-123.690954,49.143821],[-123.69069,49.1437],[-123.690396,49.143614],[-123.690215,49.143573],[-123.690145,49.143547],[-123.690084,49.143512],[-123.690034,49.143471],[-123.689996,49.143424],[-123.689973,49.143374],[-123.689965,49.143321],[-123.68998,49.143215],[-123.691806,49.136884],[-123.691834,49.136718],[-123.691825,49.136552],[-123.691449,49.134287],[-123.691448,49.134174],[-123.691464,49.13412],[-123.69153,49.134016],[-123.692418,49.132936],[-123.692514,49.132843],[-123.692574,49.132804],[-123.692644,49.132774],[-123.692723,49.132754],[-123.692806,49.132744],[-123.69289,49.132745],[-123.693057,49.132769],[-123.693201,49.1328],[-123.693537,49.132849],[-123.69388,49.132853],[-123.694218,49.132813],[-123.694537,49.132729],[-123.694825,49.132607],[-123.69507,49.132449],[-123.695263,49.132263],[-123.695395,49.132056],[-123.695463,49.131835],[-123.695571,49.131108],[-123.695604,49.130999],[-123.695636,49.130949],[-123.695683,49.130903],[-123.695742,49.130865],[-123.695812,49.130835],[-123.695889,49.130814],[-123.695972,49.130804],[-123.696055,49.130804],[-123.696221,49.130827],[-123.698072,49.131207],[-123.698421,49.131253],[-123.698777,49.131252],[-123.699126,49.131203],[-123.699451,49.131108],[-123.69974,49.130972],[-123.69998,49.1308],[-123.700162,49.130599],[-123.700811,49.129674],[-123.700898,49.129576],[-123.700956,49.129535],[-123.701025,49.129501],[-123.701102,49.129478],[-123.701186,49.129465],[-123.701359,49.129462],[-123.704267,49.129603],[-123.704471,49.129629],[-123.704659,49.129687],[-123.710113,49.131923],[-123.710237,49.131985],[-123.710341,49.132059],[-123.713035,49.134376],[-123.71312,49.134466],[-123.713149,49.134515],[-123.713163,49.134566],[-123.713162,49.134671],[-123.713051,49.135394],[-123.713049,49.135608],[-123.713109,49.135819],[-123.71323,49.136019],[-123.713405,49.136201],[-123.71363,49.136357],[-123.713896,49.136483],[-123.714193,49.136573],[-123.714511,49.136626],[-123.714839,49.136638],[-123.716354,49.136599],[-123.716511,49.136605],[-123.716586,49.136616],[-123.716729,49.136658],[-123.717106,49.136795],[-123.717425,49.136885],[-123.717764,49.136931],[-123.71811,49.136932],[-123.71845,49.136889],[-123.71877,49.136801],[-123.719056,49.136674],[-123.719299,49.136512],[-123.719487,49.136321],[-123.719613,49.13611],[-123.719672,49.135887],[-123.719662,49.13566],[-123.719583,49.135439],[-123.719439,49.135233],[-123.718641,49.134344],[-123.718515,49.134151],[-123.71772,49.132356],[-123.717688,49.13224],[-123.717695,49.132106],[-123.717678,49.131908],[-123.71761,49.131716],[-123.717491,49.131534],[-123.717326,49.131369],[-123.717243,49.1313],[-123.717168,49.131205],[-123.716538,49.130173],[-123.716493,49.130074],[-123.716485,49.130024],[-123.716491,49.129973],[-123.716511,49.129923],[-123.716579,49.12983],[-123.717014,49.129355],[-123.717118,49.129263],[-123.717182,49.129225],[-123.717257,49.129197],[-123.717339,49.12918],[-123.717424,49.129173],[-123.717598,49.129183],[-123.718696,49.129321],[-123.719063,49.129341],[-123.719428,49.129309],[-123.719775,49.129228],[-123.720088,49.129101],[-123.720865,49.128702],[-123.721011,49.128642],[-123.72109,49.128622],[-123.72126,49.128604],[-123.72462,49.128469],[-123.725062,49.128413],[-123.731927,49.126908],[-123.732081,49.126885],[-123.732159,49.126882],[-123.732236,49.126889],[-123.732386,49.126922],[-123.736174,49.128006],[-123.736501,49.128076],[-123.736842,49.128101],[-123.742618,49.128156],[-123.742792,49.12817],[-123.742874,49.128188],[-123.743026,49.128245],[-123.743074,49.128268],[-123.743357,49.128377],[-123.743665,49.12845],[-123.743989,49.128483],[-123.744317,49.128475],[-123.744637,49.128427],[-123.744937,49.12834],[-123.746954,49.127601],[-123.747109,49.127556],[-123.747191,49.127544],[-123.747275,49.127544],[-123.747357,49.127553],[-123.747514,49.127594],[-123.754217,49.12986],[-123.7545,49.129936],[-123.7548,49.129978],[-123.755106,49.129985],[-123.755409,49.129956],[-123.755699,49.129893],[-123.756362,49.129705],[-123.756539,49.129669],[-123.75663,49.129664],[-123.756814,49.12968],[-123.758663,49.129976],[-123.75899,49.130007],[-123.75932,49.129997],[-123.759641,49.129946],[-123.761477,49.129529],[-123.761623,49.129505],[-123.761697,49.129501],[-123.761846,49.129512],[-123.763361,49.129703],[-123.763499,49.129729],[-123.763629,49.129769],[-123.7724,49.133086],[-123.772704,49.133177],[-123.773029,49.133228],[-123.775822,49.13348],[-123.776134,49.133535],[-123.783265,49.135443],[-123.783434,49.135497],[-123.784741,49.136002],[-123.784903,49.136083],[-123.785031,49.136187],[-123.786108,49.13731],[-123.786174,49.137392],[-123.786195,49.137436],[-123.786216,49.137528],[-123.786275,49.138106],[-123.786327,49.138315],[-123.786437,49.138514],[-123.786602,49.138696],[-123.786816,49.138855],[-123.787584,49.139328],[-123.787826,49.139452],[-123.788099,49.139547],[-123.788394,49.139608],[-123.808153,49.142476],[-123.808302,49.142504],[-123.826035,49.146577],[-123.826294,49.146622],[-123.833065,49.147439],[-123.833364,49.147501],[-123.840372,49.149577],[-123.840422,49.149593],[-123.852003,49.153423],[-123.852127,49.15347],[-123.862378,49.157848],[-123.862488,49.157904],[-123.862582,49.15797],[-123.86887,49.163153],[-123.868956,49.16324],[-123.869017,49.163335],[-123.871879,49.169305],[-123.871912,49.169408],[-123.871916,49.169513],[-123.871496,49.173398],[-123.871468,49.173523],[-123.870551,49.176198],[-123.870498,49.176302],[-123.870458,49.176349],[-123.870404,49.17639],[-123.870339,49.176424],[-123.870266,49.176448],[-123.870186,49.176463],[-123.87002,49.176472],[-123.869081,49.176464],[-123.86891,49.176451],[-123.868829,49.176434],[-123.868755,49.176406],[-123.868625,49.176332],[-123.865675,49.174274],[-123.865432,49.174133],[-123.865153,49.174025],[-123.864848,49.173953],[-123.864528,49.173919],[-123.864203,49.173924],[-123.863886,49.17397],[-123.863587,49.174053],[-123.863318,49.174171],[-123.863086,49.17432],[-123.860695,49.176182],[-123.860523,49.176343],[-123.860396,49.17652],[-123.860024,49.177183],[-123.859937,49.17741],[-123.859922,49.177644],[-123.859982,49.177874],[-123.860112,49.178092],[-123.860309,49.178288],[-123.860563,49.178453],[-123.860863,49.17858],[-123.861829,49.178902],[-123.862041,49.178991],[-123.86222,49.179083],[-123.862557,49.179189],[-123.862816,49.17925],[-123.864136,49.17966],[-123.864286,49.179719],[-123.864349,49.179758],[-123.864399,49.179804],[-123.864469,49.179909],[-123.864696,49.18037],[-123.864732,49.180479],[-123.864734,49.180594],[-123.864782,49.180841],[-123.86491,49.181076],[-123.865114,49.181286],[-123.865384,49.181462],[-123.865715,49.181635],[-123.865834,49.181711],[-123.865881,49.181755],[-123.865914,49.181804],[-123.865932,49.181857],[-123.865934,49.18191],[-123.86592,49.181963],[-123.86589,49.182013],[-123.865847,49.182059],[-123.865791,49.182098],[-123.865724,49.18213],[-123.86565,49.182152],[-123.86557,49.182165],[-123.865569,49.182165],[-123.865213,49.1822],[-123.864875,49.182282],[-123.864571,49.182408],[-123.864314,49.182573],[-123.864114,49.182768],[-123.86398,49.182987],[-123.863918,49.183219],[-123.863927,49.183379],[-123.863918,49.183488],[-123.863869,49.183696],[-123.863891,49.183933],[-123.863987,49.184162],[-123.864155,49.184373],[-123.864386,49.184556],[-123.864671,49.184704],[-123.867493,49.185874],[-123.867736,49.186004],[-123.873841,49.190182],[-123.87395,49.190274],[-123.873988,49.190326],[-123.874009,49.190381],[-123.874013,49.190438]],[[-123.731903,49.096741],[-123.731902,49.096766],[-123.731889,49.096806],[-123.731682,49.097219],[-123.73166,49.097253],[-123.73163,49.097284],[-123.730955,49.09785],[-123.730907,49.0979],[-123.730873,49.097955],[-123.730856,49.098013],[-123.730627,49.099578],[-123.730616,49.099617],[-123.730601,49.099641],[-123.730581,49.099662],[-123.730554,49.09968],[-123.730523,49.099695],[-123.730488,49.099706],[-123.730451,49.099712],[-123.730413,49.099713],[-123.730374,49.09971],[-123.730316,49.099697],[-123.726894,49.098711],[-123.726801,49.098675],[-123.723131,49.096825],[-123.723074,49.096791],[-123.721325,49.095543],[-123.721285,49.095508],[-123.721267,49.095483],[-123.721252,49.09544],[-123.721158,49.094939],[-123.721141,49.094884],[-123.721108,49.094832],[-123.721062,49.094785],[-123.72026,49.094104],[-123.720228,49.094071],[-123.720206,49.094034],[-123.71955,49.092574],[-123.719537,49.09253],[-123.719539,49.092501],[-123.719549,49.092474],[-123.719569,49.092448],[-123.719612,49.092413],[-123.719928,49.092206],[-123.719976,49.092179],[-123.720011,49.092167],[-123.720049,49.092159],[-123.720089,49.092157],[-123.720152,49.09216],[-123.721783,49.092364],[-123.721849,49.092377],[-123.72191,49.092399],[-123.723968,49.09335],[-123.72402,49.09338],[-123.72406,49.093416],[-123.724202,49.093573],[-123.724263,49.093627],[-123.72434,49.093671],[-123.72443,49.093703],[-123.725322,49.093949],[-123.725418,49.093968],[-123.725517,49.093974],[-123.725617,49.093966],[-123.725712,49.093944],[-123.725798,49.093911],[-123.725871,49.093866],[-123.726076,49.093711],[-123.726128,49.093664],[-123.726165,49.093612],[-123.726188,49.093556],[-123.726194,49.093498],[-123.726183,49.09344],[-123.726157,49.093385],[-123.726089,49.093276],[-123.72607,49.093236],[-123.726066,49.093209],[-123.726071,49.093183],[-123.726083,49.093157],[-123.726103,49.093134],[-123.726129,49.093114],[-123.726161,49.093097],[-123.726197,49.093086],[-123.726236,49.093079],[-123.726277,49.093077],[-123.726317,49.09308],[-123.726355,49.093089],[-123.72639,49.093102],[-123.72642,49.09312],[-123.726459,49.093154],[-123.727142,49.093901],[-123.727185,49.093941],[-123.727236,49.093975],[-123.731819,49.096639],[-123.731862,49.096669],[-123.731883,49.096691],[-123.731897,49.096715],[-123.731903,49.096741]],[[-123.716713,49.125158],[-123.716702,49.125207],[-123.716676,49.125254],[-123.716639,49.125298],[-123.716539,49.125376],[-123.715985,49.125738],[-123.715762,49.125917],[-123.715599,49.126123],[-123.715504,49.126345],[-123.71548,49.126576],[-123.715529,49.126806],[-123.715609,49.12702],[-123.715633,49.127127],[-123.715629,49.12718],[-123.715609,49.127232],[-123.715575,49.12728],[-123.715527,49.127324],[-123.715467,49.12736],[-123.715326,49.127417],[-123.714463,49.127696],[-123.714293,49.127737],[-123.714205,49.127746],[-123.714116,49.127742],[-123.713942,49.127709],[-123.710709,49.126843],[-123.710553,49.126789],[-123.710416,49.126713],[-123.710148,49.126592],[-123.709849,49.126506],[-123.709531,49.126459],[-123.709205,49.126451],[-123.708883,49.126484],[-123.708576,49.126556],[-123.708295,49.126664],[-123.70805,49.126805],[-123.70785,49.126944],[-123.707728,49.127014],[-123.707659,49.127041],[-123.707584,49.127059],[-123.707504,49.127067],[-123.707424,49.127065],[-123.707346,49.127053],[-123.707273,49.127032],[-123.707131,49.126967],[-123.706844,49.126862],[-123.706532,49.126794],[-123.706205,49.126766],[-123.705877,49.12678],[-123.705558,49.126833],[-123.705261,49.126926],[-123.704996,49.127054],[-123.704773,49.127212],[-123.7046,49.127395],[-123.704483,49.127597],[-123.704427,49.127809],[-123.704426,49.127818],[-123.704404,49.127871],[-123.704366,49.127919],[-123.704314,49.127962],[-123.704185,49.128034],[-123.702778,49.128669],[-123.702624,49.128725],[-123.702541,49.128741],[-123.702455,49.128746],[-123.70228,49.128733],[-123.701205,49.128577],[-123.701054,49.128545],[-123.700914,49.128496],[-123.700034,49.128111],[-123.699883,49.128027],[-123.699766,49.127923],[-123.697114,49.12488],[-123.696824,49.124634],[-123.692947,49.12214],[-123.692651,49.121987],[-123.689922,49.120872],[-123.689775,49.120796],[-123.689657,49.120701],[-123.688086,49.119112],[-123.687865,49.118931],[-123.687592,49.118784],[-123.687279,49.118677],[-123.686939,49.118613],[-123.686587,49.118596],[-123.686237,49.118627],[-123.685124,49.118801],[-123.684955,49.118816],[-123.684871,49.118813],[-123.684789,49.118798],[-123.684714,49.118774],[-123.684647,49.118739],[-123.684536,49.118654],[-123.682491,49.116722],[-123.682233,49.11653],[-123.681916,49.11638],[-123.681555,49.116281],[-123.680481,49.116076],[-123.680325,49.116035],[-123.680255,49.116006],[-123.680196,49.115968],[-123.680101,49.115877],[-123.678247,49.113661],[-123.678052,49.113475],[-123.677805,49.113318],[-123.677514,49.113197],[-123.677193,49.113115],[-123.677081,49.113103],[-123.676888,49.113068],[-123.676812,49.113043],[-123.676678,49.112974],[-123.672007,49.110015],[-123.671889,49.109922],[-123.671804,49.109815],[-123.668338,49.103962],[-123.668294,49.10386],[-123.668287,49.103808],[-123.668295,49.103756],[-123.668336,49.103667],[-123.66841,49.103548],[-123.668474,49.103342],[-123.668479,49.103132],[-123.668424,49.102925],[-123.668312,49.102729],[-123.668146,49.102549],[-123.667931,49.102392],[-123.667677,49.102265],[-123.667592,49.10223],[-123.667534,49.102195],[-123.667439,49.10211],[-123.666854,49.101473],[-123.666782,49.101374],[-123.666762,49.101321],[-123.666758,49.101267],[-123.66677,49.101213],[-123.666797,49.101162],[-123.66684,49.101116],[-123.666952,49.101034],[-123.667119,49.100935],[-123.667345,49.100771],[-123.667517,49.100581],[-123.66763,49.100373],[-123.667679,49.100155],[-123.667662,49.099934],[-123.66758,49.09972],[-123.666922,49.098516],[-123.666882,49.098412],[-123.666877,49.098359],[-123.666888,49.098307],[-123.666914,49.098257],[-123.666954,49.098211],[-123.667006,49.098171],[-123.66707,49.098138],[-123.667141,49.098113],[-123.667219,49.098098],[-123.667363,49.098089],[-123.667711,49.098042],[-123.668037,49.09795],[-123.668327,49.097816],[-123.668528,49.097675],[-123.668709,49.097571],[-123.66879,49.097534],[-123.669028,49.097368],[-123.669211,49.097174],[-123.66933,49.096959],[-123.669381,49.096734],[-123.669362,49.096506],[-123.669273,49.096286],[-123.668846,49.09554],[-123.668803,49.095436],[-123.668797,49.095383],[-123.668807,49.09533],[-123.668832,49.095279],[-123.668872,49.095233],[-123.668924,49.095192],[-123.668988,49.095158],[-123.669237,49.094996],[-123.669431,49.094805],[-123.669562,49.094592],[-123.669624,49.094365],[-123.669614,49.094135],[-123.669534,49.093912],[-123.669386,49.093703],[-123.669177,49.093519],[-123.668915,49.093366],[-123.668611,49.093251],[-123.668278,49.093178],[-123.667929,49.093152],[-123.666972,49.093143],[-123.666799,49.09313],[-123.666717,49.093112],[-123.666566,49.093055],[-123.665366,49.092486],[-123.665152,49.092358],[-123.654605,49.084478],[-123.654523,49.084409],[-123.652984,49.082985],[-123.652905,49.082896],[-123.652853,49.082799],[-123.652555,49.08203],[-123.65245,49.081837],[-123.652294,49.081659],[-123.652091,49.081503],[-123.651849,49.081373],[-123.64994,49.080528],[-123.649671,49.080369],[-123.648223,49.079231],[-123.648115,49.079123],[-123.648048,49.079001],[-123.648032,49.078958],[-123.64792,49.078745],[-123.647744,49.07855],[-123.647513,49.078382],[-123.647235,49.078247],[-123.646922,49.078152],[-123.646046,49.077952],[-123.645916,49.077914],[-123.645857,49.077889],[-123.645754,49.077826],[-123.641795,49.074981],[-123.641716,49.074915],[-123.641652,49.074841],[-123.641302,49.074351],[-123.641118,49.074152],[-123.640876,49.073981],[-123.640585,49.073846],[-123.640258,49.073754],[-123.637985,49.073287],[-123.637825,49.073241],[-123.637754,49.073209],[-123.637695,49.073168],[-123.637604,49.073071],[-123.636744,49.071902],[-123.636594,49.071736],[-123.636403,49.071589],[-123.633637,49.069799],[-123.633531,49.069716],[-123.63347,49.069643],[-123.633362,49.069481],[-123.633157,49.069291],[-123.632897,49.069133],[-123.632594,49.069013],[-123.632259,49.068937],[-123.631815,49.068868],[-123.631653,49.068831],[-123.63158,49.068803],[-123.631452,49.068727],[-123.627802,49.066082],[-123.627714,49.066011],[-123.623508,49.062208],[-123.623427,49.062119],[-123.623373,49.062021],[-123.623005,49.061104],[-123.622978,49.060998],[-123.62298,49.060946],[-123.622998,49.060894],[-123.62303,49.060846],[-123.623076,49.060802],[-123.623232,49.060701],[-123.623272,49.06068],[-123.623483,49.060514],[-123.623642,49.060326],[-123.623744,49.060121],[-123.623784,49.059907],[-123.623762,49.059692],[-123.623678,49.059484],[-123.623534,49.05929],[-123.623338,49.059118],[-123.623094,49.058973],[-123.622814,49.058861],[-123.622506,49.058786],[-123.622181,49.05875],[-123.621853,49.058756],[-123.621532,49.058803],[-123.621352,49.058841],[-123.621275,49.058847],[-123.621196,49.058844],[-123.62112,49.058832],[-123.621048,49.05881],[-123.620914,49.058748],[-123.620589,49.058629],[-123.620232,49.058559],[-123.61986,49.058541],[-123.619622,49.058546],[-123.61954,49.058537],[-123.619462,49.058517],[-123.619391,49.058488],[-123.619268,49.058412],[-123.618275,49.057656],[-123.618076,49.05745],[-123.617322,49.056347],[-123.617268,49.05624],[-123.617258,49.056185],[-123.617265,49.05613],[-123.617289,49.056076],[-123.617329,49.056027],[-123.617419,49.055955],[-123.617618,49.055757],[-123.617749,49.055536],[-123.617807,49.055302],[-123.617789,49.055066],[-123.617696,49.054837],[-123.617533,49.054625],[-123.613488,49.050533],[-123.613386,49.050409],[-123.611987,49.048285],[-123.611828,49.048096],[-123.611617,49.04793],[-123.611361,49.047793],[-123.609897,49.047154],[-123.609775,49.047089],[-123.609724,49.04705],[-123.609645,49.04696],[-123.606668,49.042694],[-123.606609,49.042577],[-123.6066,49.042516],[-123.606623,49.042394],[-123.606702,49.042179],[-123.606744,49.042098],[-123.606825,49.04187],[-123.606832,49.041636],[-123.606766,49.041406],[-123.606629,49.04119],[-123.606426,49.040997],[-123.606168,49.040836],[-123.60543,49.040463],[-123.605124,49.040339],[-123.604786,49.04026],[-123.604429,49.040229],[-123.604174,49.040224],[-123.604022,49.040212],[-123.60395,49.040197],[-123.603883,49.040174],[-123.603823,49.040144],[-123.60372,49.04007],[-123.602258,49.038805],[-123.602159,49.038699],[-123.602039,49.038535],[-123.601848,49.038365],[-123.601814,49.038344],[-123.601675,49.038238],[-123.60159,49.038139],[-123.600871,49.037047],[-123.600817,49.036933],[-123.600809,49.036875],[-123.600821,49.036816],[-123.600881,49.036704],[-123.601378,49.036023],[-123.601482,49.035842],[-123.601537,49.035652],[-123.601542,49.035459],[-123.601445,49.034522],[-123.601384,49.034291],[-123.601251,49.034073],[-123.601052,49.033878],[-123.600796,49.033714],[-123.598459,49.0325],[-123.598355,49.032437],[-123.598269,49.032363],[-123.595553,49.029579],[-123.595419,49.029397],[-123.594881,49.028366],[-123.594842,49.028255],[-123.59484,49.028198],[-123.594855,49.028143],[-123.594888,49.028091],[-123.594936,49.028043],[-123.595146,49.027878],[-123.595306,49.027688],[-123.595407,49.027481],[-123.595446,49.027266],[-123.595422,49.027049],[-123.595335,49.02684],[-123.59467,49.025694],[-123.594591,49.025465],[-123.594464,49.02448],[-123.59441,49.02428],[-123.594303,49.024089],[-123.591601,49.020376],[-123.591541,49.020263],[-123.59153,49.020205],[-123.591546,49.020086],[-123.591844,49.0191],[-123.591874,49.018826],[-123.591803,49.018555],[-123.591523,49.017946],[-123.59149,49.017835],[-123.591491,49.017779],[-123.591509,49.017725],[-123.591543,49.017674],[-123.591592,49.017628],[-123.591654,49.01759],[-123.591727,49.017561],[-123.591806,49.017542],[-123.5919,49.017533],[-123.592214,49.017482],[-123.592508,49.017394],[-123.592772,49.017271],[-123.592996,49.017118],[-123.593172,49.01694],[-123.593295,49.016744],[-123.593359,49.016536],[-123.593362,49.016323],[-123.593353,49.01629],[-123.593339,49.016151],[-123.59335,49.016096],[-123.593378,49.016043],[-123.593421,49.015996],[-123.593478,49.015954],[-123.593547,49.015922],[-123.593624,49.015898],[-123.593707,49.015886],[-123.593791,49.015884],[-123.593959,49.015904],[-123.594274,49.015921],[-123.594589,49.0159],[-123.594893,49.015842],[-123.595176,49.015748],[-123.595427,49.015622],[-123.595639,49.015467],[-123.595804,49.01529],[-123.59589,49.015175],[-123.595938,49.015133],[-123.595997,49.015098],[-123.596066,49.015071],[-123.596141,49.015052],[-123.596219,49.015044],[-123.596319,49.015045],[-123.596642,49.01503],[-123.596956,49.014975],[-123.597248,49.014882],[-123.597509,49.014755],[-123.597639,49.014662],[-123.597748,49.014598],[-123.597817,49.01457],[-123.598104,49.014479],[-123.598364,49.014352],[-123.598582,49.014196],[-123.598752,49.014015],[-123.598868,49.013817],[-123.598925,49.013608],[-123.598954,49.01338],[-123.598983,49.013275],[-123.599012,49.013227],[-123.599054,49.013182],[-123.599163,49.013104],[-123.600108,49.012548],[-123.600248,49.012481],[-123.600325,49.012458],[-123.600408,49.012446],[-123.600494,49.012445],[-123.600578,49.012455],[-123.600738,49.012497],[-123.60212,49.012976],[-123.602253,49.013033],[-123.602368,49.013106],[-123.605473,49.015468],[-123.6057,49.015612],[-123.605962,49.015726],[-123.606253,49.015807],[-123.60656,49.015851],[-123.606875,49.015858],[-123.609725,49.015751],[-123.609885,49.015755],[-123.609962,49.015767],[-123.610034,49.015787],[-123.6101,49.015816],[-123.610155,49.015853],[-123.6102,49.015896],[-123.610232,49.015943],[-123.610249,49.015994],[-123.610255,49.016099],[-123.610076,49.018182],[-123.610086,49.018386],[-123.610153,49.018586],[-123.610273,49.018774],[-123.610443,49.018945],[-123.618919,49.025989],[-123.618974,49.026038],[-123.626097,49.032923],[-123.626177,49.033012],[-123.629723,49.037541],[-123.629727,49.03754],[-123.629812,49.037648],[-123.630005,49.037813],[-123.630242,49.037951],[-123.630513,49.038059],[-123.630809,49.038132],[-123.631122,49.038169],[-123.631438,49.038167],[-123.634954,49.037935],[-123.635119,49.037934],[-123.635199,49.037944],[-123.635275,49.037964],[-123.635414,49.038023],[-123.640069,49.040457],[-123.640372,49.040585],[-123.640709,49.040668],[-123.641066,49.040703],[-123.641425,49.040688],[-123.643789,49.04043],[-123.64395,49.040423],[-123.644029,49.040429],[-123.644104,49.040445],[-123.644174,49.040469],[-123.644236,49.040502],[-123.644287,49.040542],[-123.644326,49.040587],[-123.644352,49.040637],[-123.644362,49.040688],[-123.644354,49.040793],[-123.64378,49.043366],[-123.643764,49.043593],[-123.643818,49.043817],[-123.6439,49.04402],[-123.644026,49.044239],[-123.644217,49.044435],[-123.644466,49.044602],[-123.644492,49.044616],[-123.644782,49.044743],[-123.645105,49.044829],[-123.645448,49.044871],[-123.645797,49.044867],[-123.645811,49.044866],[-123.645966,49.044863],[-123.646041,49.04487],[-123.646113,49.044887],[-123.64618,49.044911],[-123.646299,49.044976],[-123.648117,49.046163],[-123.648336,49.046354],[-123.653355,49.052328],[-123.653485,49.05246],[-123.653564,49.052529],[-123.653774,49.052681],[-123.654021,49.052806],[-123.6543,49.0529],[-123.654599,49.052959],[-123.65491,49.052981],[-123.655366,49.052987],[-123.655529,49.052999],[-123.655606,49.053015],[-123.655677,49.053041],[-123.655739,49.053074],[-123.655791,49.053115],[-123.655869,49.05321],[-123.657381,49.055555],[-123.657433,49.055668],[-123.657441,49.055726],[-123.657418,49.055842],[-123.65648,49.058457],[-123.656421,49.058568],[-123.656339,49.058656],[-123.656207,49.058831],[-123.656123,49.059019],[-123.656089,49.059213],[-123.656108,49.059408],[-123.656603,49.06159],[-123.65661,49.061707],[-123.656596,49.061764],[-123.65653,49.061873],[-123.655553,49.063096],[-123.655427,49.0633],[-123.655364,49.063516],[-123.655366,49.063737],[-123.655434,49.063952],[-123.655644,49.064399],[-123.655679,49.064516],[-123.655677,49.064575],[-123.655657,49.064632],[-123.655618,49.064685],[-123.655529,49.06476],[-123.655356,49.064939],[-123.655236,49.065136],[-123.655175,49.065344],[-123.655175,49.065557],[-123.655235,49.065765],[-123.656695,49.069077],[-123.656846,49.069314],[-123.657075,49.069523],[-123.661894,49.073002],[-123.662056,49.073104],[-123.673116,49.079245],[-123.673245,49.079334],[-123.673341,49.079439],[-123.674395,49.080947],[-123.674521,49.081096],[-123.67468,49.081231],[-123.688779,49.091504],[-123.688871,49.091584],[-123.688904,49.091627],[-123.68897,49.091778],[-123.689103,49.091992],[-123.6893,49.092185],[-123.689553,49.092346],[-123.68985,49.092471],[-123.690045,49.092536],[-123.690175,49.092601],[-123.691213,49.093239],[-123.691329,49.09332],[-123.697753,49.098459],[-123.697863,49.098562],[-123.69917,49.100001],[-123.69925,49.100116],[-123.699288,49.100241],[-123.699301,49.100352],[-123.699368,49.100583],[-123.699507,49.100801],[-123.699711,49.100995],[-123.699973,49.101157],[-123.70034,49.10134],[-123.70047,49.10142],[-123.700571,49.101516],[-123.702058,49.103287],[-123.702123,49.103385],[-123.70214,49.103437],[-123.702144,49.103544],[-123.702112,49.103845],[-123.702121,49.104063],[-123.702194,49.104277],[-123.702328,49.104477],[-123.702519,49.104656],[-123.706064,49.107383],[-123.706143,49.107455],[-123.706205,49.107534],[-123.707265,49.109225],[-123.707323,49.10934],[-123.708999,49.113701],[-123.709023,49.113803],[-123.709021,49.113854],[-123.709004,49.113903],[-123.708943,49.113998],[-123.708018,49.115136],[-123.7079,49.115254],[-123.707748,49.115441],[-123.707652,49.115644],[-123.707616,49.115854],[-123.707641,49.116066],[-123.707725,49.11627],[-123.707867,49.116461],[-123.70806,49.116631],[-123.710888,49.118681],[-123.711003,49.118777],[-123.715988,49.123654],[-123.716149,49.123876],[-123.716679,49.125009],[-123.716711,49.125108],[-123.716713,49.125158]],[[-123.709972,49.019787],[-123.709969,49.019812],[-123.709959,49.019837],[-123.709942,49.01986],[-123.709918,49.01988],[-123.709889,49.019897],[-123.709822,49.019923],[-123.709111,49.020142],[-123.70904,49.020158],[-123.709003,49.020162],[-123.708965,49.020162],[-123.708929,49.020156],[-123.708859,49.020137],[-123.708577,49.020037],[-123.708413,49.019993],[-123.708239,49.019975],[-123.708063,49.019981],[-123.707373,49.020059],[-123.707295,49.020062],[-123.707256,49.020059],[-123.707218,49.020051],[-123.707184,49.020038],[-123.707154,49.020022],[-123.70713,49.020001],[-123.707112,49.019979],[-123.707087,49.019922],[-123.707031,49.019828],[-123.706949,49.019743],[-123.706843,49.01967],[-123.706718,49.019611],[-123.706578,49.01957],[-123.706428,49.019546],[-123.706303,49.019535],[-123.704606,49.019267],[-123.704538,49.019252],[-123.704507,49.01924],[-123.704479,49.019225],[-123.704455,49.019207],[-123.704404,49.01915],[-123.704321,49.019074],[-123.704219,49.019009],[-123.7041,49.018956],[-123.703969,49.018919],[-123.703018,49.01871],[-123.702866,49.01866],[-123.700421,49.017548],[-123.700316,49.017488],[-123.698905,49.016458],[-123.69881,49.016365],[-123.696188,49.012788],[-123.696105,49.012699],[-123.695791,49.012426],[-123.695689,49.012353],[-123.695568,49.012294],[-123.695433,49.012251],[-123.695287,49.012226],[-123.695137,49.012219],[-123.694988,49.01223],[-123.694844,49.01226],[-123.694711,49.012306],[-123.694595,49.012369],[-123.694498,49.012444],[-123.694433,49.012506],[-123.694387,49.012534],[-123.694277,49.012619],[-123.694196,49.012717],[-123.694149,49.012823],[-123.694137,49.012934],[-123.694161,49.013044],[-123.69423,49.013222],[-123.694242,49.013273],[-123.69424,49.013299],[-123.69423,49.013324],[-123.694213,49.013348],[-123.69419,49.013369],[-123.69416,49.013386],[-123.694126,49.0134],[-123.694089,49.013408],[-123.69405,49.013412],[-123.69401,49.013411],[-123.693972,49.013405],[-123.693936,49.013393],[-123.693906,49.013379],[-123.693768,49.013325],[-123.693616,49.01329],[-123.693456,49.013276],[-123.693295,49.013283],[-123.69314,49.013311],[-123.692997,49.013359],[-123.692871,49.013425],[-123.692768,49.013506],[-123.692692,49.013599],[-123.692654,49.013659],[-123.69262,49.013702],[-123.692596,49.013722],[-123.692568,49.013738],[-123.692536,49.01375],[-123.6925,49.013758],[-123.692463,49.013762],[-123.692423,49.013762],[-123.692269,49.013769],[-123.692119,49.013795],[-123.691981,49.01384],[-123.691858,49.013901],[-123.691755,49.013977],[-123.691677,49.014064],[-123.691625,49.01416],[-123.691603,49.01426],[-123.691611,49.014361],[-123.691648,49.014459],[-123.691681,49.014521],[-123.6917,49.014571],[-123.691701,49.014597],[-123.691695,49.014623],[-123.691682,49.014648],[-123.691661,49.01467],[-123.691634,49.014689],[-123.691602,49.014704],[-123.691529,49.014726],[-123.691203,49.014799],[-123.691128,49.014811],[-123.691089,49.014812],[-123.691051,49.014809],[-123.691015,49.0148],[-123.690981,49.014787],[-123.690952,49.01477],[-123.690929,49.01475],[-123.690911,49.014727],[-123.690901,49.014703],[-123.690898,49.014678],[-123.690902,49.014652],[-123.690926,49.014604],[-123.690933,49.014593],[-123.690978,49.0145],[-123.690996,49.014403],[-123.690987,49.014305],[-123.690949,49.014211],[-123.690886,49.014123],[-123.690744,49.013964],[-123.690639,49.013872],[-123.690505,49.013797],[-123.690387,49.013756],[-123.690338,49.013735],[-123.690204,49.013689],[-123.69006,49.01366],[-123.68991,49.013649],[-123.68976,49.013658],[-123.689615,49.013684],[-123.68948,49.013728],[-123.688433,49.014154],[-123.68831,49.014216],[-123.688207,49.014293],[-123.688128,49.014381],[-123.688078,49.014478],[-123.688056,49.014579],[-123.688066,49.014681],[-123.688105,49.01478],[-123.688172,49.014871],[-123.689657,49.01647],[-123.689689,49.016512],[-123.689699,49.016535],[-123.689703,49.016558],[-123.6897,49.016581],[-123.689682,49.016627],[-123.689417,49.01712],[-123.689384,49.017168],[-123.68936,49.017188],[-123.689331,49.017206],[-123.689297,49.017219],[-123.68926,49.017228],[-123.68922,49.017232],[-123.689141,49.01723],[-123.688855,49.017202],[-123.688699,49.017197],[-123.688544,49.017212],[-123.688398,49.017247],[-123.688264,49.017299],[-123.688148,49.017368],[-123.688055,49.01745],[-123.687988,49.017543],[-123.687949,49.017642],[-123.687941,49.017744],[-123.687964,49.017845],[-123.688015,49.017942],[-123.689245,49.019669],[-123.689321,49.019754],[-123.68942,49.019828],[-123.690174,49.020295],[-123.690224,49.020332],[-123.690243,49.020353],[-123.690256,49.020377],[-123.690262,49.020401],[-123.690261,49.020425],[-123.690253,49.02045],[-123.690238,49.020472],[-123.690197,49.020513],[-123.690054,49.02063],[-123.689966,49.020721],[-123.689907,49.020821],[-123.68988,49.020927],[-123.689888,49.021034],[-123.689958,49.021345],[-123.689962,49.021396],[-123.689956,49.021421],[-123.689944,49.021445],[-123.689925,49.021467],[-123.689852,49.021522],[-123.689763,49.021604],[-123.6897,49.021695],[-123.689664,49.021793],[-123.689658,49.021893],[-123.689681,49.021992],[-123.689732,49.022087],[-123.68981,49.022173],[-123.689912,49.022248],[-123.690101,49.022363],[-123.690154,49.022403],[-123.690174,49.022426],[-123.690187,49.02245],[-123.690192,49.022476],[-123.690189,49.022503],[-123.690178,49.022528],[-123.69016,49.022551],[-123.690135,49.022572],[-123.690104,49.022589],[-123.690069,49.022602],[-123.690031,49.02261],[-123.689991,49.022612],[-123.689951,49.02261],[-123.689875,49.022595],[-123.688406,49.022197],[-123.688322,49.022166],[-123.688251,49.022122],[-123.687607,49.021615],[-123.687498,49.021544],[-123.68737,49.021488],[-123.685639,49.020882],[-123.685571,49.020852],[-123.685542,49.020832],[-123.685522,49.020812],[-123.685422,49.020729],[-123.685298,49.020661],[-123.685156,49.020611],[-123.685001,49.02058],[-123.68489,49.020574],[-123.684777,49.020557],[-123.682461,49.020016],[-123.682384,49.019992],[-123.682351,49.019975],[-123.682323,49.019954],[-123.682283,49.019905],[-123.682152,49.019692],[-123.682075,49.019596],[-123.68197,49.019513],[-123.681841,49.019446],[-123.681693,49.019398],[-123.681533,49.01937],[-123.681517,49.01937],[-123.681517,49.019369],[-123.681404,49.019359],[-123.681367,49.019351],[-123.6813,49.019326],[-123.681187,49.019274],[-123.681063,49.019227],[-123.680928,49.019195],[-123.680786,49.01918],[-123.680642,49.019181],[-123.680501,49.0192],[-123.680375,49.019233],[-123.680331,49.01924],[-123.68029,49.019242],[-123.680248,49.019238],[-123.680209,49.019228],[-123.680174,49.019213],[-123.680115,49.019174],[-123.679026,49.018304],[-123.67892,49.018234],[-123.678796,49.018178],[-123.678658,49.018138],[-123.677531,49.017896],[-123.677463,49.017876],[-123.677432,49.017863],[-123.677379,49.017828],[-123.676136,49.016859],[-123.67601,49.01678],[-123.675861,49.016721],[-123.675411,49.016584],[-123.67534,49.016556],[-123.675309,49.016538],[-123.675285,49.016516],[-123.675269,49.016491],[-123.675248,49.01643],[-123.675247,49.016419],[-123.675208,49.016329],[-123.675147,49.016246],[-123.675063,49.016171],[-123.674961,49.016107],[-123.674878,49.016063],[-123.67485,49.016041],[-123.674812,49.015989],[-123.674509,49.015438],[-123.67449,49.015392],[-123.674485,49.015343],[-123.674494,49.015065],[-123.674504,49.01501],[-123.674518,49.014984],[-123.67452,49.014981],[-123.674586,49.014891],[-123.674625,49.014794],[-123.674635,49.014695],[-123.674616,49.014596],[-123.674569,49.014501],[-123.674495,49.014413],[-123.674397,49.014337],[-123.674117,49.014157],[-123.673969,49.014082],[-123.673798,49.014031],[-123.672718,49.013807],[-123.672641,49.013785],[-123.672606,49.013769],[-123.672578,49.013748],[-123.672557,49.013724],[-123.672543,49.013698],[-123.672539,49.013671],[-123.672547,49.013616],[-123.672762,49.012934],[-123.672781,49.012892],[-123.672796,49.012872],[-123.672835,49.012836],[-123.673016,49.012696],[-123.673107,49.01261],[-123.67317,49.012513],[-123.673202,49.01241],[-123.673202,49.012304],[-123.673144,49.011927],[-123.673116,49.011831],[-123.673061,49.011741],[-123.67095,49.009034],[-123.670853,49.008937],[-123.670725,49.008857],[-123.668151,49.007565],[-123.668052,49.007503],[-123.666863,49.006558],[-123.666753,49.006486],[-123.666625,49.00643],[-123.666482,49.006391],[-123.665665,49.006226],[-123.665596,49.006207],[-123.665564,49.006194],[-123.66551,49.00616],[-123.664961,49.005744],[-123.664838,49.005669],[-123.664693,49.005612],[-123.664533,49.005576],[-123.664365,49.005564],[-123.664197,49.005575],[-123.664143,49.005582],[-123.664106,49.005582],[-123.664069,49.005578],[-123.664,49.005562],[-123.66358,49.005433],[-123.66351,49.005406],[-123.66345,49.00537],[-123.660828,49.003453],[-123.660747,49.003378],[-123.660187,49.002706],[-123.660158,49.002661],[-123.66015,49.002637],[-123.660148,49.002613],[-123.660154,49.002589],[-123.660162,49.002492],[-123.660143,49.002396],[-123.660097,49.002304],[-123.660026,49.002219],[-123.659933,49.002144],[-123.658499,49.001188],[-123.658407,49.001109],[-123.657599,49.000196],[-123.65757,49.000157],[-123.657552,49.000115],[-123.656824,48.997714],[-123.656773,48.997606],[-123.656687,48.997508],[-123.656571,48.997424],[-123.65532,48.996696],[-123.655271,48.996663],[-123.655252,48.996643],[-123.655224,48.996601],[-123.654939,48.996039],[-123.654876,48.995946],[-123.654786,48.995862],[-123.654673,48.995792],[-123.654541,48.995737],[-123.654396,48.9957],[-123.654242,48.995682],[-123.654194,48.99568],[-123.654154,48.995672],[-123.654117,48.99566],[-123.654086,48.995642],[-123.654034,48.995599],[-123.653038,48.994565],[-123.653001,48.994517],[-123.652991,48.994491],[-123.652989,48.994464],[-123.652995,48.994437],[-123.653009,48.994412],[-123.65303,48.99439],[-123.653058,48.99437],[-123.653092,48.994355],[-123.653101,48.994352],[-123.653242,48.994301],[-123.653363,48.994232],[-123.653461,48.994149],[-123.653532,48.994054],[-123.653573,48.993952],[-123.653959,48.992339],[-123.653965,48.992213],[-123.653926,48.99209],[-123.653628,48.991514],[-123.653565,48.991423],[-123.653477,48.991341],[-123.651979,48.990197],[-123.651935,48.990156],[-123.651919,48.990133],[-123.65191,48.990109],[-123.651908,48.990084],[-123.651913,48.990059],[-123.651938,48.990012],[-123.652235,48.989578],[-123.652283,48.989486],[-123.652304,48.989389],[-123.652363,48.988609],[-123.652375,48.988558],[-123.652388,48.988533],[-123.652409,48.988511],[-123.652436,48.988491],[-123.6525,48.98846],[-123.652821,48.988337],[-123.652895,48.988315],[-123.652935,48.988309],[-123.652976,48.988308],[-123.653056,48.988318],[-123.654037,48.988503],[-123.654169,48.98852],[-123.654304,48.988523],[-123.654437,48.98851],[-123.655956,48.988281],[-123.656127,48.988241],[-123.65628,48.988177],[-123.656407,48.988092],[-123.656991,48.987601],[-123.657102,48.987473],[-123.657896,48.986172],[-123.657929,48.986129],[-123.657951,48.986111],[-123.657977,48.986094],[-123.658038,48.986069],[-123.660869,48.98512],[-123.660999,48.985065],[-123.661111,48.984995],[-123.6612,48.984911],[-123.661263,48.984818],[-123.661282,48.984763],[-123.661305,48.984717],[-123.661324,48.984695],[-123.661373,48.984656],[-123.661826,48.984363],[-123.661892,48.984329],[-123.66193,48.984316],[-123.661971,48.984309],[-123.662056,48.984307],[-123.664154,48.984398],[-123.664305,48.984395],[-123.664453,48.984374],[-123.664592,48.984334],[-123.664717,48.984278],[-123.665413,48.983898],[-123.665529,48.983821],[-123.665617,48.983729],[-123.665634,48.9837],[-123.665679,48.98364],[-123.665703,48.983619],[-123.665734,48.983602],[-123.665804,48.983576],[-123.667055,48.983215],[-123.667248,48.983136],[-123.66759327891698,48.98294464060022],[-123.6669073,48.983153],[-123.6668374,48.983169],[-123.6667981,48.9831726],[-123.6667584,48.9831711],[-123.66672,48.9831645],[-123.6666534,48.9831433],[-123.6652175,48.9825651],[-123.6651662,48.9825402],[-123.6651423,48.982524],[-123.6651065,48.9824894],[-123.6637218,48.980874],[-123.6636414,48.980799],[-123.6635397,48.9807361],[-123.6634208,48.9806879],[-123.6632896,48.9806564],[-123.6631514,48.9806427],[-123.6630118,48.9806476],[-123.6628766,48.9806707],[-123.6627611,48.980708],[-123.6626753,48.9807348],[-123.6626308,48.9807412],[-123.6625456,48.9807407],[-123.6616366,48.9806666],[-123.6615008,48.9806643],[-123.6613669,48.9806795],[-123.6612402,48.9807115],[-123.6611253,48.9807592],[-123.6610269,48.9808206],[-123.6609486,48.9808935],[-123.6608935,48.980975],[-123.6608637,48.981062],[-123.6608636,48.9810626],[-123.6608593,48.9811424],[-123.6608763,48.9812214],[-123.6611098,48.98188],[-123.6611237,48.9819751],[-123.6610562,48.9831812],[-123.6610497,48.9832249],[-123.6608881,48.9838902],[-123.6608705,48.983935],[-123.6608544,48.9839575],[-123.6608322,48.9839776],[-123.6608047,48.9839947],[-123.6607453,48.9840197],[-123.6601234,48.98423],[-123.6600572,48.9842474],[-123.6600196,48.9842522],[-123.6599813,48.9842523],[-123.6599113,48.9842436],[-123.6589728,48.9840653],[-123.6589097,48.9840491],[-123.6588521,48.9840259],[-123.6580745,48.9836448],[-123.6579693,48.9836023],[-123.6578544,48.9835728],[-123.6577332,48.983557],[-123.6544348,48.9833267],[-123.6543569,48.9833157],[-123.654318,48.9833041],[-123.6542539,48.983273],[-123.6505746,48.9810558],[-123.6504147,48.9809836],[-123.6480934,48.9802253],[-123.6479734,48.9801948],[-123.6447953,48.9796042],[-123.6446931,48.9795906],[-123.6445888,48.9795872],[-123.639408,48.9796743],[-123.6393371,48.9796711],[-123.6393002,48.9796647],[-123.6392658,48.9796539],[-123.6392351,48.9796391],[-123.6392092,48.9796207],[-123.639189,48.9795994],[-123.6391633,48.979556],[-123.6389885,48.9791496],[-123.6389396,48.9790674],[-123.6388675,48.978993],[-123.6387747,48.9789291],[-123.638665,48.9788782],[-123.6385423,48.9788421],[-123.6384113,48.9788223],[-123.6382769,48.9788194],[-123.6381442,48.9788337],[-123.6380182,48.9788645],[-123.6379037,48.9789106],[-123.6378049,48.9789705],[-123.6377255,48.9790417],[-123.6376686,48.9791217],[-123.6372173,48.9799599],[-123.6371864,48.9800397],[-123.6371779,48.9801219],[-123.6371921,48.9802037],[-123.6373395,48.9806704],[-123.637388,48.9807675],[-123.6374683,48.980855],[-123.6380131,48.9813208],[-123.6380509,48.9813604],[-123.6380648,48.9813838],[-123.6380717,48.9814085],[-123.6380714,48.9814336],[-123.6380639,48.9814582],[-123.6380495,48.9814815],[-123.6380286,48.9815025],[-123.6380021,48.9815206],[-123.6379709,48.9815352],[-123.6379141,48.9815522],[-123.6377904,48.9815998],[-123.6376844,48.9816631],[-123.6376005,48.9817394],[-123.6375423,48.9818254],[-123.6375123,48.9819174],[-123.6375118,48.9820115],[-123.6375409,48.9821036],[-123.6375924,48.9821811],[-123.6376072,48.9822102],[-123.6376122,48.9822355],[-123.6376098,48.982261],[-123.6376,48.9822857],[-123.6375831,48.9823087],[-123.6375599,48.9823292],[-123.6375311,48.9823464],[-123.6374692,48.982371],[-123.636141,48.9827915],[-123.6360692,48.9828085],[-123.6360286,48.9828124],[-123.6359877,48.9828108],[-123.6359139,48.9827978],[-123.6356583,48.9827339],[-123.6355929,48.9827126],[-123.6355618,48.9826969],[-123.6355359,48.9826776],[-123.6355162,48.9826554],[-123.6355034,48.9826311],[-123.6354979,48.9826056],[-123.6355001,48.9825799],[-123.635518,48.9825335],[-123.6362139,48.981266],[-123.6362481,48.9811755],[-123.6362535,48.9810823],[-123.6362297,48.9809903],[-123.6361779,48.9809035],[-123.6357126,48.9803112],[-123.6356858,48.9802672],[-123.6356785,48.9802423],[-123.6356787,48.9802168],[-123.6356862,48.9801919],[-123.6357134,48.980148],[-123.637278,48.9781899],[-123.6373321,48.9781003],[-123.6373561,48.9780052],[-123.6374162,48.9773291],[-123.6374136,48.977255],[-123.6373926,48.9771821],[-123.6368561,48.9759015],[-123.6368113,48.9758234],[-123.6367454,48.9757519],[-123.6341601,48.9734538],[-123.6341162,48.9734081],[-123.632774,48.9717426],[-123.6327336,48.9716778],[-123.6307784,48.9674201],[-123.6307649,48.967384],[-123.6299239,48.964515],[-123.6299141,48.9644522],[-123.6298148,48.9602022],[-123.6298162,48.9601701],[-123.6299575,48.9589079],[-123.6299509,48.9588038],[-123.6296779,48.9576661],[-123.6296531,48.9575978],[-123.6283034,48.9548396],[-123.6282891,48.9547988],[-123.6282871,48.9547762],[-123.6282943,48.9547346],[-123.6288767,48.9528253],[-123.6288893,48.9527135],[-123.6287058,48.9502796],[-123.6287063,48.9502385],[-123.6289309,48.9479434],[-123.6289302,48.9478786],[-123.6288867,48.9475161],[-123.628869,48.9474439],[-123.6288339,48.9473744],[-123.6281955,48.9463853],[-123.6281721,48.9463343],[-123.6281659,48.9462811],[-123.6282511,48.9445202],[-123.6282348,48.9444067],[-123.6275981,48.9425345],[-123.6275891,48.9424791],[-123.6275992,48.9424238],[-123.6284328,48.9401146],[-123.6284512,48.9399962],[-123.6284059,48.9389911],[-123.6284177,48.9389054],[-123.6286103,48.9383094],[-123.6286543,48.9382256],[-123.6296764,48.9368535],[-123.6297196,48.93678],[-123.6297428,48.9367027],[-123.6299013,48.935743],[-123.6299317,48.9356576],[-123.6306233,48.9344184],[-123.6306626,48.9343673],[-123.6307187,48.9343236],[-123.6313477,48.9339351],[-123.6313984,48.9339088],[-123.631429,48.9338979],[-123.631462,48.9338906],[-123.6315259,48.9338841],[-123.6321456,48.9338568],[-123.6322123,48.9338577],[-123.6322475,48.9338624],[-123.6322808,48.933871],[-123.6323114,48.9338834],[-123.632361,48.9339127],[-123.6339333,48.9350187],[-123.6340395,48.9350796],[-123.6341624,48.9351252],[-123.6357465,48.935579],[-123.6358993,48.9356095],[-123.6373491,48.9357828],[-123.6374285,48.9357984],[-123.6374671,48.9358126],[-123.6375001,48.9358321],[-123.6375481,48.9358764],[-123.6380127,48.9364255],[-123.6380706,48.9364831],[-123.6381411,48.9365344],[-123.6397159,48.9375163],[-123.6397656,48.9375542],[-123.6398026,48.9375981],[-123.6400939,48.9380441],[-123.6401177,48.9380952],[-123.6401212,48.9381238],[-123.6401101,48.9381767],[-123.6399668,48.9385529],[-123.6399445,48.9385949],[-123.6399265,48.9386157],[-123.6399031,48.9386341],[-123.6398751,48.9386495],[-123.6398434,48.9386612],[-123.6397794,48.9386759],[-123.6380447,48.9389597],[-123.6379238,48.9389875],[-123.6378128,48.9390295],[-123.6377154,48.9390841],[-123.6376351,48.9391496],[-123.6375745,48.9392238],[-123.6374543,48.9394103],[-123.6374086,48.9395144],[-123.6374017,48.9396227],[-123.6375688,48.9410349],[-123.6375982,48.9411352],[-123.637661,48.9412287],[-123.6384804,48.9421515],[-123.6385768,48.9422358],[-123.6387001,48.9423033],[-123.639492,48.9426426],[-123.6396129,48.9426839],[-123.6397439,48.9427089],[-123.640739,48.9428302],[-123.6408738,48.9428378],[-123.6410083,48.9428281],[-123.6411374,48.9428013],[-123.641256,48.9427586],[-123.6413597,48.9427015],[-123.6414445,48.9426323],[-123.6415072,48.9425535],[-123.6415454,48.9424683],[-123.641662,48.9420665],[-123.6416825,48.9420205],[-123.6417006,48.9419976],[-123.6417251,48.9419775],[-123.641755,48.9419608],[-123.6417892,48.9419483],[-123.6418587,48.9419335],[-123.6433791,48.9417136],[-123.64346,48.9417078],[-123.6435033,48.9417109],[-123.6435446,48.94172],[-123.6436143,48.9417476],[-123.6462206,48.9430508],[-123.6463376,48.943098],[-123.6464664,48.9431292],[-123.6482537,48.943433],[-123.6483325,48.9434528],[-123.6484027,48.9434837],[-123.6503818,48.944587],[-123.6504865,48.9446352],[-123.6506029,48.9446699],[-123.6507271,48.94469],[-123.6508547,48.9446947],[-123.6509815,48.944684],[-123.6523394,48.9444836],[-123.6524179,48.9444776],[-123.65246,48.9444803],[-123.6525004,48.9444886],[-123.6525372,48.9445023],[-123.6525689,48.9445208],[-123.6526157,48.9445625],[-123.6543701,48.9465313],[-123.6544162,48.9465766],[-123.6571053,48.9489026],[-123.6571403,48.9489391],[-123.6571652,48.9489792],[-123.6588326,48.9525211],[-123.6588571,48.9525651],[-123.6591029,48.9529438],[-123.6591676,48.9530214],[-123.659254,48.9530894],[-123.6593588,48.9531451],[-123.6597747,48.9533251],[-123.6598319,48.9533555],[-123.6598572,48.9533755],[-123.6598761,48.9533983],[-123.6598879,48.9534231],[-123.6598957,48.9534712],[-123.659901,48.9539122],[-123.6599165,48.9540042],[-123.65996,48.9540923],[-123.6600298,48.9541727],[-123.660123,48.9542422],[-123.6602357,48.9542979],[-123.6603009,48.9543237],[-123.6603303,48.9543413],[-123.6603539,48.9543624],[-123.6603707,48.9543861],[-123.6603801,48.9544115],[-123.6603817,48.9544376],[-123.6603702,48.9544857],[-123.6601859,48.9549501],[-123.6601663,48.9550238],[-123.6601654,48.9550986],[-123.6601832,48.9551725],[-123.6603477,48.9556153],[-123.6603921,48.9556986],[-123.66046,48.9557747],[-123.6622271,48.9573735],[-123.6622631,48.9574134],[-123.662276,48.9574369],[-123.662282,48.9574615],[-123.6622808,48.9574865],[-123.6622726,48.9575108],[-123.6622575,48.9575338],[-123.6622363,48.9575544],[-123.6621864,48.9575874],[-123.6614508,48.9579894],[-123.6613186,48.9580856],[-123.6604363,48.9589498],[-123.6603982,48.9589812],[-123.6603529,48.9590082],[-123.659518,48.9594296],[-123.6594203,48.9594896],[-123.6593419,48.9595609],[-123.6592859,48.9596408],[-123.6591588,48.9598809],[-123.6591283,48.9599618],[-123.6591208,48.960045],[-123.6592004,48.9616465],[-123.6592138,48.9617217],[-123.6592459,48.9617943],[-123.6596417,48.962473],[-123.6597226,48.9625724],[-123.6613671,48.9641029],[-123.6614053,48.9641477],[-123.6614178,48.9641739],[-123.6614251,48.9642251],[-123.6614058,48.9654683],[-123.6613973,48.965518],[-123.6613847,48.9655436],[-123.6613469,48.9655871],[-123.6610083,48.965899],[-123.6609564,48.9659375],[-123.6609227,48.965954],[-123.6608514,48.9659754],[-123.6597929,48.9662098],[-123.6596831,48.9662413],[-123.6595832,48.9662847],[-123.6594962,48.9663388],[-123.6594247,48.966402],[-123.658371,48.9675237],[-123.6583312,48.9675587],[-123.6583051,48.9675748],[-123.6582751,48.9675876],[-123.6582138,48.9676046],[-123.657904,48.96767],[-123.657778,48.967706],[-123.6576653,48.9677576],[-123.6575703,48.9678228],[-123.6574969,48.967899],[-123.6574478,48.9679833],[-123.657425,48.9680722],[-123.6574294,48.9681624],[-123.6574608,48.9682502],[-123.657518,48.9683322],[-123.6575987,48.9684052],[-123.6576532,48.9684454],[-123.6576927,48.9684802],[-123.6577223,48.968519],[-123.6583149,48.9695037],[-123.6584095,48.9696134],[-123.6593745,48.9704392],[-123.6594957,48.9705198],[-123.6599883,48.9707743],[-123.6601083,48.9708241],[-123.6602412,48.9708568],[-123.6603814,48.9708711],[-123.6605232,48.9708663],[-123.6606605,48.9708426],[-123.6606773,48.9708371],[-123.6606774,48.9708374],[-123.6607735,48.9708124],[-123.6608109,48.9708077],[-123.6608489,48.9708077],[-123.6608863,48.9708124],[-123.6609521,48.9708294],[-123.6612837,48.9709399],[-123.6613441,48.9709651],[-123.661372,48.9709823],[-123.6613945,48.9710028],[-123.6614107,48.9710256],[-123.6614201,48.9710501],[-123.6614222,48.9710752],[-123.6614171,48.9711002],[-123.6613943,48.9711447],[-123.6612587,48.9713442],[-123.6612139,48.9714346],[-123.6611987,48.9715291],[-123.6612137,48.9716235],[-123.6612583,48.9717139],[-123.6613305,48.9717963],[-123.6635485,48.9738047],[-123.6635825,48.9738419],[-123.663606,48.9738824],[-123.663939,48.974653],[-123.6639517,48.9746978],[-123.6639517,48.9747223],[-123.6639389,48.9747671],[-123.6638957,48.9748668],[-123.6638713,48.9749565],[-123.6638747,48.9750475],[-123.6639056,48.9751364],[-123.6639629,48.9752194],[-123.6640442,48.9752932],[-123.6641464,48.9753549],[-123.6642652,48.975402],[-123.6655056,48.975788],[-123.6655721,48.9758146],[-123.6656025,48.9758333],[-123.6656471,48.9758752],[-123.6680349,48.9786997],[-123.668137,48.9787913],[-123.668988,48.9793825],[-123.6690299,48.9794174],[-123.6690469,48.9794385],[-123.6690674,48.9794809],[-123.6694023,48.980476],[-123.6694112,48.9805308],[-123.6694013,48.9805856],[-123.6692677,48.9809595],[-123.6692445,48.9810045],[-123.6692086,48.9810457],[-123.6680746,48.9820987],[-123.6680056,48.982179],[-123.6679627,48.9822667],[-123.6677877,48.9828074],[-123.66776875898537,48.982847386586414],[-123.66841,48.982492],[-123.668469,48.982465],[-123.668503,48.982455],[-123.668538,48.982449],[-123.668575,48.982447],[-123.668647,48.982453],[-123.66975,48.982602],[-123.669831,48.982619],[-123.669868,48.982633],[-123.6699,48.982652],[-123.669925,48.982675],[-123.669942,48.9827],[-123.669959,48.982755],[-123.669998,48.983033],[-123.670026,48.983128],[-123.670079,48.983218],[-123.670157,48.983301],[-123.670256,48.983372],[-123.671057,48.98385],[-123.671186,48.983913],[-123.671331,48.983957],[-123.672858,48.984308],[-123.672986,48.984329],[-123.673117,48.984337],[-123.673248,48.98433],[-123.67506,48.98414],[-123.67521,48.984114],[-123.67535,48.984069],[-123.675474,48.984008],[-123.675578,48.983932],[-123.675759,48.983769],[-123.675842,48.983675],[-123.675894,48.983573],[-123.675913,48.983465],[-123.675898,48.983358],[-123.675849,48.983254],[-123.675769,48.98316],[-123.675661,48.983078],[-123.675589,48.983033],[-123.675433,48.982958],[-123.673616,48.982291],[-123.673547,48.982259],[-123.673519,48.982239],[-123.673476,48.982192],[-123.671328,48.979142],[-123.671284,48.979087],[-123.669115,48.976773],[-123.669047,48.976669],[-123.667573,48.973112],[-123.667552,48.97303],[-123.667368,48.970814],[-123.667382,48.970704],[-123.667821,48.969445],[-123.667846,48.969395],[-123.667867,48.969373],[-123.667893,48.969353],[-123.667926,48.969337],[-123.667962,48.969326],[-123.668001,48.969319],[-123.668041,48.969318],[-123.668081,48.969322],[-123.668119,48.969331],[-123.668187,48.969359],[-123.669782,48.970165],[-123.669909,48.970217],[-123.670048,48.970253],[-123.670194,48.970271],[-123.670344,48.970271],[-123.672442,48.970141],[-123.672595,48.970121],[-123.672739,48.970083],[-123.672869,48.970027],[-123.67298,48.969955],[-123.673067,48.96987],[-123.673128,48.969776],[-123.67316,48.969676],[-123.673161,48.969574],[-123.673133,48.969473],[-123.673042,48.969269],[-123.673029,48.969226],[-123.673028,48.969203],[-123.673036,48.96916],[-123.673151,48.968816],[-123.673175,48.968768],[-123.673193,48.968745],[-123.673218,48.968726],[-123.673248,48.96871],[-123.673282,48.968698],[-123.673319,48.96869],[-123.673358,48.968688],[-123.673396,48.96869],[-123.673434,48.968697],[-123.673468,48.968708],[-123.673529,48.968739],[-123.674554,48.969375],[-123.674604,48.969412],[-123.674642,48.969455],[-123.675639,48.970859],[-123.675666,48.970909],[-123.675671,48.970935],[-123.675669,48.970961],[-123.675659,48.970986],[-123.675641,48.97101],[-123.675617,48.971031],[-123.675587,48.971048],[-123.675552,48.971061],[-123.675514,48.971069],[-123.675474,48.971072],[-123.675434,48.97107],[-123.675431,48.97107],[-123.675276,48.971051],[-123.675118,48.971053],[-123.674965,48.971076],[-123.67482,48.971118],[-123.674691,48.971177],[-123.674633,48.971217],[-123.674631,48.971216],[-123.674554,48.971269],[-123.674524,48.971284],[-123.67449,48.971294],[-123.674453,48.971301],[-123.674427,48.971302],[-123.674262,48.971321],[-123.674107,48.971363],[-123.673969,48.971425],[-123.673853,48.971504],[-123.673766,48.971598],[-123.673709,48.971701],[-123.673621,48.97194],[-123.673599,48.972055],[-123.673616,48.972171],[-123.673672,48.972281],[-123.675461,48.974841],[-123.675499,48.974912],[-123.675938,48.976083],[-123.676014,48.976211],[-123.676823,48.977175],[-123.676852,48.977217],[-123.67686,48.977239],[-123.676865,48.977285],[-123.676859,48.977571],[-123.676876,48.977688],[-123.676933,48.9778],[-123.677532,48.978642],[-123.677556,48.978685],[-123.677568,48.978731],[-123.677591,48.978901],[-123.67759,48.978955],[-123.677581,48.978982],[-123.677564,48.979006],[-123.67754,48.979028],[-123.677482,48.979063],[-123.677418,48.979093],[-123.677313,48.979168],[-123.677231,48.979255],[-123.677177,48.97935],[-123.677152,48.979451],[-123.677157,48.979553],[-123.677192,48.979653],[-123.677256,48.979746],[-123.678384,48.981034],[-123.678467,48.981112],[-123.678571,48.981178],[-123.67869,48.981232],[-123.678823,48.98127],[-123.678964,48.981292],[-123.680907,48.981473],[-123.681133,48.981473],[-123.682949,48.981301],[-123.683067,48.981284],[-123.68318,48.981255],[-123.685901,48.980398],[-123.685964,48.980382],[-123.686031,48.980373],[-123.687477,48.980268],[-123.687538,48.980267],[-123.687599,48.980271],[-123.688622,48.980403],[-123.688696,48.980417],[-123.68873,48.980429],[-123.688761,48.980445],[-123.688811,48.980484],[-123.689053,48.980714],[-123.689155,48.980792],[-123.689277,48.980856],[-123.689417,48.980903],[-123.689567,48.980931],[-123.689723,48.980939],[-123.690014,48.980936],[-123.69008,48.980938],[-123.690112,48.980943],[-123.690173,48.98096],[-123.691471,48.981399],[-123.691534,48.981426],[-123.691562,48.981443],[-123.691584,48.981463],[-123.691616,48.981507],[-123.692538,48.983187],[-123.692559,48.983244],[-123.69256,48.983302],[-123.692424,48.984223],[-123.692424,48.984319],[-123.69245,48.984413],[-123.692502,48.984503],[-123.692578,48.984585],[-123.692676,48.984657],[-123.692792,48.984716],[-123.692922,48.984759],[-123.692973,48.984773],[-123.693007,48.984787],[-123.693035,48.984805],[-123.693058,48.984827],[-123.693088,48.984876],[-123.693974,48.986792],[-123.694028,48.986878],[-123.694104,48.986957],[-123.6942,48.987026],[-123.694313,48.987083],[-123.694361,48.987099],[-123.694428,48.987128],[-123.694456,48.987147],[-123.694479,48.987169],[-123.694509,48.987219],[-123.695608,48.989771],[-123.695621,48.989817],[-123.695622,48.989865],[-123.695513,48.990693],[-123.695516,48.990798],[-123.695549,48.9909],[-123.695613,48.990995],[-123.695705,48.991081],[-123.695821,48.991153],[-123.695956,48.991208],[-123.695988,48.991218],[-123.696051,48.991244],[-123.696079,48.99126],[-123.696102,48.99128],[-123.696118,48.991302],[-123.696129,48.991326],[-123.696136,48.991374],[-123.696136,48.99156],[-123.696153,48.991668],[-123.696203,48.991771],[-123.696284,48.991865],[-123.696393,48.991946],[-123.696525,48.99201],[-123.696674,48.992056],[-123.696834,48.99208],[-123.696999,48.992082],[-123.697077,48.992073],[-123.697161,48.992068],[-123.6972,48.99207],[-123.697238,48.992078],[-123.697272,48.99209],[-123.697333,48.992123],[-123.697597,48.992296],[-123.697648,48.992337],[-123.697667,48.99236],[-123.697689,48.992411],[-123.698024,48.993592],[-123.69807,48.993694],[-123.698146,48.993788],[-123.698249,48.99387],[-123.698376,48.993937],[-123.69852,48.993985],[-123.698677,48.994013],[-123.698853,48.994033],[-123.698933,48.994047],[-123.69897,48.994059],[-123.699002,48.994076],[-123.699028,48.994097],[-123.699047,48.994122],[-123.69907,48.994174],[-123.6995,48.995819],[-123.699528,48.995894],[-123.700244,48.997325],[-123.700306,48.997418],[-123.700394,48.997501],[-123.700505,48.997572],[-123.700635,48.997627],[-123.700779,48.997664],[-123.70093,48.997683],[-123.701037,48.99769],[-123.701074,48.997697],[-123.701108,48.997708],[-123.701168,48.997738],[-123.701287,48.997811],[-123.701346,48.997856],[-123.701367,48.997883],[-123.70139,48.99794],[-123.701733,48.999501],[-123.701759,48.999579],[-123.703574,49.003493],[-123.70359,49.00355],[-123.703589,49.003579],[-123.703567,49.003635],[-123.703371,49.003972],[-123.70333,49.004072],[-123.703319,49.004174],[-123.703339,49.004276],[-123.703389,49.004374],[-123.703841,49.005031],[-123.703867,49.00508],[-123.703872,49.005105],[-123.703869,49.005131],[-123.703859,49.005156],[-123.703842,49.005179],[-123.703842,49.00518],[-123.703758,49.005271],[-123.703703,49.005371],[-123.703681,49.005477],[-123.703693,49.005583],[-123.703736,49.005686],[-123.704618,49.007158],[-123.704639,49.007205],[-123.704642,49.00723],[-123.704639,49.007254],[-123.704629,49.007278],[-123.704611,49.007302],[-123.704551,49.007409],[-123.704528,49.007522],[-123.704543,49.007636],[-123.704595,49.007745],[-123.705383,49.008923],[-123.705407,49.008971],[-123.705417,49.009022],[-123.705457,49.010063],[-123.705479,49.010171],[-123.705535,49.010274],[-123.705622,49.010368],[-123.706231,49.010889],[-123.70627,49.01093],[-123.706284,49.010952],[-123.706291,49.010976],[-123.706293,49.011023],[-123.706128,49.012512],[-123.706113,49.012567],[-123.70608,49.01262],[-123.705847,49.012898],[-123.705781,49.013002],[-123.70575,49.013114],[-123.705738,49.013233],[-123.705741,49.013327],[-123.705769,49.013419],[-123.705822,49.013506],[-123.705898,49.013585],[-123.705994,49.013655],[-123.707463,49.014539],[-123.707527,49.014588],[-123.70757,49.014646],[-123.708033,49.015508],[-123.70812,49.015624],[-123.709024,49.016518],[-123.709091,49.016607],[-123.709781,49.01792],[-123.7098,49.017974],[-123.709801,49.018029],[-123.709657,49.019125],[-123.709657,49.019212],[-123.709678,49.019297],[-123.709721,49.01938],[-123.709943,49.019713],[-123.709967,49.019761],[-123.709972,49.019787]],[[-123.599507,48.93329],[-123.599501,48.933393],[-123.599466,48.933493],[-123.599402,48.933588],[-123.599312,48.933672],[-123.5992,48.933744],[-123.599069,48.933801],[-123.598748,48.933888],[-123.598152,48.934099],[-123.597632,48.934384],[-123.597208,48.934732],[-123.596899,48.935128],[-123.596891,48.935141],[-123.59672,48.935527],[-123.596658,48.935928],[-123.596708,48.936329],[-123.596867,48.936717],[-123.598459,48.939557],[-123.598547,48.939785],[-123.598558,48.940021],[-123.598314,48.942136],[-123.598259,48.942343],[-123.598203,48.94244],[-123.59812,48.942529],[-123.598003,48.942613],[-123.597502,48.942913],[-123.597092,48.943291],[-123.596809,48.943716],[-123.596668,48.944171],[-123.596674,48.944635],[-123.596827,48.945088],[-123.59712,48.94551],[-123.597131,48.945522],[-123.597272,48.945724],[-123.59731,48.945831],[-123.597315,48.94594],[-123.597286,48.946048],[-123.597224,48.94615],[-123.597133,48.946242],[-123.597015,48.946319],[-123.596876,48.94638],[-123.596722,48.946421],[-123.596558,48.946441],[-123.596391,48.946439],[-123.596228,48.946415],[-123.596076,48.94637],[-123.595802,48.94624],[-123.592824,48.944502],[-123.592305,48.944253],[-123.591724,48.944073],[-123.591101,48.943969],[-123.59046,48.943944],[-123.589765,48.94396],[-123.589459,48.943949],[-123.589311,48.943926],[-123.589173,48.943885],[-123.589048,48.943829],[-123.588832,48.943686],[-123.585279,48.940873],[-123.584754,48.940539],[-123.584133,48.940287],[-123.583443,48.940129],[-123.578113,48.939317],[-123.57778,48.939241],[-123.577631,48.939182],[-123.577374,48.939023],[-123.568227,48.932045],[-123.567832,48.931789],[-123.562022,48.928602],[-123.561559,48.928389],[-123.561048,48.928229],[-123.560504,48.928128],[-123.558937,48.927927],[-123.558593,48.927857],[-123.558438,48.927799],[-123.55817,48.927641],[-123.547188,48.919586],[-123.546592,48.919241],[-123.54589,48.918997],[-123.530232,48.915019],[-123.529918,48.914914],[-123.529645,48.914767],[-123.518224,48.907185],[-123.51779,48.906797],[-123.515417,48.903865],[-123.515079,48.903526],[-123.507366,48.89715],[-123.506908,48.896839],[-123.506367,48.896593],[-123.505764,48.89642],[-123.505121,48.896328],[-123.504463,48.896319],[-123.504138,48.896357],[-123.503812,48.896374],[-123.503651,48.896361],[-123.503339,48.896294],[-123.492128,48.89305],[-123.491849,48.892947],[-123.491728,48.89288],[-123.491629,48.8928],[-123.491555,48.892708],[-123.491509,48.892609],[-123.491492,48.892505],[-123.491506,48.892402],[-123.491593,48.892199],[-123.492992,48.889845],[-123.493165,48.889448],[-123.493223,48.889037],[-123.493164,48.888625],[-123.49299,48.888228],[-123.492707,48.887859],[-123.492325,48.887531],[-123.491857,48.887256],[-123.475595,48.879337],[-123.475244,48.87913],[-123.462998,48.870412],[-123.462568,48.870155],[-123.421653,48.849578],[-123.42144,48.849451],[-123.421353,48.849377],[-123.421218,48.849209],[-123.418728,48.845355],[-123.418631,48.845154],[-123.418613,48.84505],[-123.418625,48.844947],[-123.418676,48.844825],[-123.418865,48.844507],[-123.41898,48.844126],[-123.418992,48.843737],[-123.418901,48.843353],[-123.418653,48.842692],[-123.418605,48.842472],[-123.418615,48.842363],[-123.418658,48.842257],[-123.418733,48.84216],[-123.418835,48.842074],[-123.418962,48.842003],[-123.419107,48.84195],[-123.419266,48.841918],[-123.419431,48.841907],[-123.419597,48.841918],[-123.419914,48.841984],[-123.420528,48.84207],[-123.421157,48.84208],[-123.421777,48.842013],[-123.422367,48.841871],[-123.422907,48.84166],[-123.423378,48.841386],[-123.423764,48.84106],[-123.424051,48.840692],[-123.424069,48.840652],[-123.424234,48.840391],[-123.424328,48.840301],[-123.424447,48.840225],[-123.424586,48.840166],[-123.424741,48.840126],[-123.424905,48.840108],[-123.425071,48.840112],[-123.425232,48.840137],[-123.425537,48.840231],[-123.436657,48.844592],[-123.437282,48.844784],[-123.437954,48.844887],[-123.438644,48.844898],[-123.439322,48.844817],[-123.439962,48.844646],[-123.440535,48.844393],[-123.441017,48.844069],[-123.44139,48.843687],[-123.441584,48.843353],[-123.44169,48.843211],[-123.44179,48.843126],[-123.441914,48.843056],[-123.442056,48.843003],[-123.442212,48.842969],[-123.442374,48.842957],[-123.442537,48.842965],[-123.442694,48.842995],[-123.442989,48.843095],[-123.445253,48.844062],[-123.445782,48.844247],[-123.446352,48.844367],[-123.446946,48.844418],[-123.451393,48.844542],[-123.451694,48.844568],[-123.451836,48.844599],[-123.452103,48.844694],[-123.460836,48.848508],[-123.461566,48.848749],[-123.462363,48.848867],[-123.466414,48.849135],[-123.466802,48.849192],[-123.467159,48.849308],[-123.479406,48.854558],[-123.479852,48.854791],[-123.480374,48.855016],[-123.48095,48.855174],[-123.48156,48.855259],[-123.482184,48.855268],[-123.4828,48.855202],[-123.483386,48.855062],[-123.483924,48.854854],[-123.484162,48.85474],[-123.484306,48.854697],[-123.484459,48.854672],[-123.484617,48.854666],[-123.484774,48.854681],[-123.485077,48.85475],[-123.485607,48.854909],[-123.486187,48.855043],[-123.486794,48.855105],[-123.487409,48.855094],[-123.48801,48.855009],[-123.488578,48.854854],[-123.489094,48.854633],[-123.489165,48.854589],[-123.489485,48.854428],[-123.489631,48.854381],[-123.489788,48.854353],[-123.489951,48.854347],[-123.490248,48.854373],[-123.490922,48.854389],[-123.491587,48.854316],[-123.492216,48.854158],[-123.492785,48.85392],[-123.493271,48.853613],[-123.493654,48.853248],[-123.493919,48.85284],[-123.494056,48.852406],[-123.494058,48.852036],[-123.49408,48.851893],[-123.494128,48.85179],[-123.494205,48.851696],[-123.494308,48.851614],[-123.494434,48.851546],[-123.4948,48.85142],[-123.495375,48.851167],[-123.49586,48.850842],[-123.496234,48.850459],[-123.496482,48.850034],[-123.496592,48.849585],[-123.49656,48.84913],[-123.496388,48.848689],[-123.496083,48.848281],[-123.495781,48.847964],[-123.495347,48.847599],[-123.494807,48.847301],[-123.490167,48.845245],[-123.489597,48.845042],[-123.488977,48.844915],[-123.488332,48.844868],[-123.487685,48.844903],[-123.487061,48.845019],[-123.486482,48.845212],[-123.485969,48.845474],[-123.485848,48.845549],[-123.485715,48.845605],[-123.485568,48.845643],[-123.485413,48.845662],[-123.485255,48.845661],[-123.485101,48.845641],[-123.484955,48.845602],[-123.484687,48.845486],[-123.476826,48.841338],[-123.476238,48.841089],[-123.475585,48.840925],[-123.473057,48.840483],[-123.472761,48.840411],[-123.472628,48.840358],[-123.472513,48.84029],[-123.472418,48.840208],[-123.472277,48.840023],[-123.470813,48.83754],[-123.470726,48.837336],[-123.4707,48.837126],[-123.470725,48.835987],[-123.470676,48.835579],[-123.470514,48.835183],[-123.470244,48.834814],[-123.469876,48.834484],[-123.469797,48.834425],[-123.469094,48.83403],[-123.455633,48.828353],[-123.4552,48.828122],[-123.434206,48.814127],[-123.433638,48.813822],[-123.432983,48.813606],[-123.425021,48.811657],[-123.424728,48.811563],[-123.424599,48.811499],[-123.424492,48.81142],[-123.424411,48.811329],[-123.424358,48.811228],[-123.424335,48.811123],[-123.424353,48.810909],[-123.424485,48.810339],[-123.424519,48.809879],[-123.424407,48.809423],[-123.424154,48.808993],[-123.423772,48.808606],[-123.421809,48.807012],[-123.421631,48.806835],[-123.42157,48.806739],[-123.421538,48.806636],[-123.421537,48.806531],[-123.421595,48.806328],[-123.421685,48.806127],[-123.421746,48.805712],[-123.421689,48.805297],[-123.421515,48.804897],[-123.42123,48.804525],[-123.420844,48.804195],[-123.419541,48.803273],[-123.419122,48.803022],[-123.418645,48.802821],[-123.405801,48.798366],[-123.405121,48.798189],[-123.404399,48.798113],[-123.391786,48.797699],[-123.391456,48.797667],[-123.391302,48.797629],[-123.391162,48.797573],[-123.391041,48.797499],[-123.390945,48.797411],[-123.390878,48.797313],[-123.390841,48.797207],[-123.390838,48.797099],[-123.390866,48.796992],[-123.390902,48.796932],[-123.391089,48.79649],[-123.391134,48.796032],[-123.391034,48.795578],[-123.390795,48.795147],[-123.390427,48.794758],[-123.390113,48.794542],[-123.390118,48.794539],[-123.389761,48.794294],[-123.389671,48.7942],[-123.389552,48.793988],[-123.38896,48.792478],[-123.388734,48.79207],[-123.388392,48.7917],[-123.387947,48.79138],[-123.387416,48.791124],[-123.38714,48.791016],[-123.387015,48.790941],[-123.386814,48.790758],[-123.385092,48.788789],[-123.384753,48.788469],[-123.384334,48.788194],[-123.383849,48.787972],[-123.383312,48.787808],[-123.377978,48.786548],[-123.377688,48.786458],[-123.37756,48.786396],[-123.377452,48.786319],[-123.377369,48.78623],[-123.377313,48.786132],[-123.377259,48.785924],[-123.376935,48.782971],[-123.376832,48.782566],[-123.376619,48.782181],[-123.376301,48.781828],[-123.37589,48.78152],[-123.375401,48.781267],[-123.374848,48.781077],[-123.374252,48.780958],[-123.374022,48.780927],[-123.373865,48.780882],[-123.373726,48.780817],[-123.37361,48.780734],[-123.373433,48.780537],[-123.372737,48.779544],[-123.372557,48.779199],[-123.372289,48.778811],[-123.371913,48.778464],[-123.371443,48.778171],[-123.370896,48.777943],[-123.370769,48.7779],[-123.370645,48.777838],[-123.370542,48.777761],[-123.370463,48.777672],[-123.370331,48.777432],[-123.370031,48.777021],[-123.36961,48.77666],[-123.369085,48.776363],[-123.36848,48.776143],[-123.367819,48.776009],[-123.36713,48.775967],[-123.366867,48.775987],[-123.366479,48.775993],[-123.366322,48.775975],[-123.366174,48.775938],[-123.366038,48.775882],[-123.365922,48.775811],[-123.365828,48.775726],[-123.365761,48.77563],[-123.365723,48.775529],[-123.365708,48.775316],[-123.366021,48.771043],[-123.366077,48.770809],[-123.366141,48.7707],[-123.366239,48.770603],[-123.366366,48.770523],[-123.366671,48.770398],[-123.367288,48.770204],[-123.367869,48.769971],[-123.368367,48.769666],[-123.368762,48.769301],[-123.371285,48.766383],[-123.371481,48.766202],[-123.371604,48.766127],[-123.371746,48.76607],[-123.371904,48.766033],[-123.372069,48.766017],[-123.372236,48.766024],[-123.372397,48.766053],[-123.372749,48.766171],[-123.373333,48.766323],[-123.373949,48.766401],[-123.374576,48.766403],[-123.375193,48.766327],[-123.375778,48.766177],[-123.37631,48.765959],[-123.376772,48.765678],[-123.377147,48.765347],[-123.377286,48.765158],[-123.377451,48.764985],[-123.377567,48.764906],[-123.377655,48.764866],[-123.378164,48.764582],[-123.378578,48.764238],[-123.378882,48.763847],[-123.379062,48.763424],[-123.379083,48.763242],[-123.379143,48.763008],[-123.379276,48.762776],[-123.379436,48.762397],[-123.379492,48.762006],[-123.379493,48.761844],[-123.379795,48.760045],[-123.379869,48.75982],[-123.37994,48.759716],[-123.380042,48.759625],[-123.380302,48.759472],[-123.381774,48.758775],[-123.382308,48.75846],[-123.382728,48.758078],[-123.383017,48.757646],[-123.38316,48.757183],[-123.383151,48.756711],[-123.382996,48.75585],[-123.382991,48.755621],[-123.383024,48.755511],[-123.383091,48.755407],[-123.38329,48.755219],[-123.385883,48.753251],[-123.38613,48.753099],[-123.386272,48.753041],[-123.386429,48.753003],[-123.386595,48.752988],[-123.386761,48.752994],[-123.386923,48.753023],[-123.387226,48.753123],[-123.38777,48.753351],[-123.388382,48.753553],[-123.389043,48.75367],[-123.389726,48.753696],[-123.390402,48.75363],[-123.391045,48.753475],[-123.392321,48.753067],[-123.392614,48.752994],[-123.392767,48.752977],[-123.392921,48.752979],[-123.393073,48.752999],[-123.393216,48.753038],[-123.393345,48.753094],[-123.393457,48.753165],[-123.393546,48.753248],[-123.393737,48.753524],[-123.394052,48.753885],[-123.394464,48.754201],[-123.394958,48.75446],[-123.395217,48.75455],[-123.395211,48.754558],[-123.395674,48.754722],[-123.395805,48.754796],[-123.395947,48.754917],[-123.39639,48.755229],[-123.396915,48.755479],[-123.397503,48.755658],[-123.397535,48.755665],[-123.397827,48.755777],[-123.398464,48.755965],[-123.399146,48.756062],[-123.399844,48.756064],[-123.400528,48.755971],[-123.401168,48.755787],[-123.401736,48.75552],[-123.402373,48.75515],[-123.402655,48.755018],[-123.402811,48.754973],[-123.402978,48.75495],[-123.403324,48.754951],[-123.406484,48.755177],[-123.406809,48.755222],[-123.406959,48.755265],[-123.407094,48.755326],[-123.407207,48.755404],[-123.407386,48.755588],[-123.407511,48.755751],[-123.407876,48.756127],[-123.408347,48.756446],[-123.408906,48.756698],[-123.40953,48.75687],[-123.410193,48.756957],[-123.41087,48.756954],[-123.411061,48.756928],[-123.411471,48.756896],[-123.411627,48.756903],[-123.412043,48.756977],[-123.412248,48.757025],[-123.41295,48.757088],[-123.413656,48.757052],[-123.414336,48.75692],[-123.414958,48.756696],[-123.414963,48.756694],[-123.415117,48.756651],[-123.415449,48.756607],[-123.42106,48.75625],[-123.421635,48.756179],[-123.422183,48.756044],[-123.422688,48.755848],[-123.425263,48.754639],[-123.425579,48.754522],[-123.42575,48.754488],[-123.425928,48.754479],[-123.426288,48.754513],[-123.430521,48.755233],[-123.430863,48.755318],[-123.431169,48.755451],[-123.433418,48.756678],[-123.433634,48.75682],[-123.43372,48.756902],[-123.433782,48.756993],[-123.433855,48.757189],[-123.434029,48.757961],[-123.434164,48.758334],[-123.434393,48.758685],[-123.434711,48.759005],[-123.435108,48.759284],[-123.440863,48.762693],[-123.441062,48.762833],[-123.44114,48.762912],[-123.441255,48.763088],[-123.442724,48.766027],[-123.443007,48.766443],[-123.443412,48.766812],[-123.443924,48.767118],[-123.44452,48.767349],[-123.444697,48.767403],[-123.445262,48.767535],[-123.445853,48.767598],[-123.446451,48.767592],[-123.447039,48.767516],[-123.447597,48.767372],[-123.44787,48.767282],[-123.448033,48.767254],[-123.448201,48.767248],[-123.448368,48.767265],[-123.448526,48.767304],[-123.448815,48.767424],[-123.44927,48.767659],[-123.449811,48.767887],[-123.450409,48.768044],[-123.45104,48.768122],[-123.451683,48.76812],[-123.452313,48.768038],[-123.452908,48.767878],[-123.453446,48.767646],[-123.453908,48.767351],[-123.454276,48.767004],[-123.454537,48.766617],[-123.454681,48.766204],[-123.454704,48.765781],[-123.454605,48.765362],[-123.453503,48.762533],[-123.453277,48.762124],[-123.452934,48.761752],[-123.452488,48.761432],[-123.450775,48.760422],[-123.450565,48.760272],[-123.450399,48.760099],[-123.44808,48.757088],[-123.447671,48.756678],[-123.447135,48.756337],[-123.442357,48.753906],[-123.442087,48.753733],[-123.441986,48.75363],[-123.441858,48.753397],[-123.441545,48.752536],[-123.441342,48.752144],[-123.441032,48.751784],[-123.440626,48.751468],[-123.433514,48.746878],[-123.433268,48.746676],[-123.4331,48.746442],[-123.43015,48.740654],[-123.42979,48.74016],[-123.425607,48.735876],[-123.425465,48.735696],[-123.425376,48.735503],[-123.424743,48.733496],[-123.424708,48.733268],[-123.424726,48.733156],[-123.424779,48.733049],[-123.424864,48.732952],[-123.424978,48.732868],[-123.425257,48.732733],[-123.433016,48.729747],[-123.433373,48.729644],[-123.433563,48.729622],[-123.434181,48.729508],[-123.434755,48.729319],[-123.435264,48.729061],[-123.435689,48.728745],[-123.436016,48.728381],[-123.436232,48.727982],[-123.436246,48.727944],[-123.436319,48.727846],[-123.43642,48.727758],[-123.436674,48.727612],[-123.441258,48.725476],[-123.441526,48.725375],[-123.44167,48.725341],[-123.441821,48.725326],[-123.441973,48.725329],[-123.442275,48.725373],[-123.445881,48.726136],[-123.446558,48.72623],[-123.447249,48.72623],[-123.447926,48.726138],[-123.44856,48.725955],[-123.449124,48.725692],[-123.449594,48.725357],[-123.449951,48.724967],[-123.449961,48.724952],[-123.450056,48.724867],[-123.450173,48.724796],[-123.45031,48.724741],[-123.45046,48.724704],[-123.45078,48.72467],[-123.454013,48.724534],[-123.454615,48.724472],[-123.455191,48.724339],[-123.45572,48.72414],[-123.456187,48.723882],[-123.457347,48.72311],[-123.457723,48.722811],[-123.458014,48.722474],[-123.458212,48.722108],[-123.458586,48.721164],[-123.458698,48.720964],[-123.458781,48.720873],[-123.458889,48.720795],[-123.459018,48.720733],[-123.459311,48.720642],[-123.461931,48.720024],[-123.462534,48.719836],[-123.463069,48.719573],[-123.463514,48.719245],[-123.464895,48.717999],[-123.465135,48.717825],[-123.465278,48.717758],[-123.465606,48.717665],[-123.47087,48.7166],[-123.47153,48.716414],[-123.472116,48.716139],[-123.472599,48.715788],[-123.472958,48.715377],[-123.472996,48.715321],[-123.473095,48.71523],[-123.47322,48.715154],[-123.473366,48.715097],[-123.473692,48.715024],[-123.486565,48.713082],[-123.486863,48.713055],[-123.487162,48.713064],[-123.496072,48.713858],[-123.496347,48.713898],[-123.496609,48.713969],[-123.500972,48.715439],[-123.501287,48.715577],[-123.501547,48.715758],[-123.504573,48.718415],[-123.504984,48.718714],[-123.505471,48.71896],[-123.506017,48.719143],[-123.507489,48.71953],[-123.507812,48.719643],[-123.507949,48.719721],[-123.508168,48.719914],[-123.513693,48.726117],[-123.51399,48.726398],[-123.514348,48.726645],[-123.52404,48.732371],[-123.524242,48.732514],[-123.524322,48.732595],[-123.524436,48.732775],[-123.524836,48.733602],[-123.525111,48.734019],[-123.525509,48.734389],[-123.526014,48.734699],[-123.526603,48.734934],[-123.530101,48.736024],[-123.530675,48.736271],[-123.548557,48.746497],[-123.549053,48.746732],[-123.549604,48.746904],[-123.551631,48.747394],[-123.551913,48.747482],[-123.552038,48.747542],[-123.552143,48.747616],[-123.552226,48.747702],[-123.552283,48.747797],[-123.552312,48.747897],[-123.552313,48.747998],[-123.552285,48.748098],[-123.552229,48.748193],[-123.552064,48.748368],[-123.551686,48.748696],[-123.551324,48.749089],[-123.551092,48.749524],[-123.551001,48.74998],[-123.551055,48.750439],[-123.551252,48.75088],[-123.551583,48.751286],[-123.552033,48.751637],[-123.552584,48.75192],[-123.55414,48.75256],[-123.554408,48.752697],[-123.554517,48.752781],[-123.554597,48.752877],[-123.554698,48.753091],[-123.555187,48.754683],[-123.555381,48.7551],[-123.555695,48.755483],[-123.556117,48.755819],[-123.556631,48.756094],[-123.557216,48.756297],[-123.558532,48.75665],[-123.55879,48.756737],[-123.558905,48.756794],[-123.559102,48.756934],[-123.563568,48.760699],[-123.563733,48.760868],[-123.56379,48.76096],[-123.563821,48.761057],[-123.563825,48.761157],[-123.563777,48.761355],[-123.562998,48.763369],[-123.562905,48.763729],[-123.562904,48.764094],[-123.562993,48.764455],[-123.563746,48.766441],[-123.563794,48.766653],[-123.563786,48.766759],[-123.563748,48.766861],[-123.56368,48.766957],[-123.563585,48.767043],[-123.563346,48.767188],[-123.555285,48.771194],[-123.554841,48.771459],[-123.554475,48.771772],[-123.554199,48.772123],[-123.554021,48.772501],[-123.553988,48.772604],[-123.553926,48.772699],[-123.553839,48.772785],[-123.553728,48.772859],[-123.553598,48.772917],[-123.553454,48.772958],[-123.553301,48.77298],[-123.553144,48.772983],[-123.552831,48.772949],[-123.552317,48.77286],[-123.55165,48.77279],[-123.550976,48.77281],[-123.550321,48.772917],[-123.549711,48.773109],[-123.549172,48.773377],[-123.548726,48.773711],[-123.548389,48.774097],[-123.548176,48.774519],[-123.548095,48.774961],[-123.548034,48.776963],[-123.547996,48.777176],[-123.547947,48.777276],[-123.54787,48.777369],[-123.54766,48.777532],[-123.546625,48.778197],[-123.546222,48.778509],[-123.545912,48.778865],[-123.545707,48.779251],[-123.545614,48.779656],[-123.545635,48.780066],[-123.545771,48.780466],[-123.546122,48.781184],[-123.546391,48.78159],[-123.546776,48.781952],[-123.547264,48.782257],[-123.548463,48.782869],[-123.548688,48.783007],[-123.548923,48.783217],[-123.549077,48.78338],[-123.549573,48.783717],[-123.550166,48.783978],[-123.550829,48.784151],[-123.551228,48.784224],[-123.551375,48.784273],[-123.551504,48.78434],[-123.551719,48.784508],[-123.554659,48.787335],[-123.554819,48.787528],[-123.554868,48.787631],[-123.554885,48.787738],[-123.554869,48.787846],[-123.554821,48.787949],[-123.554744,48.788044],[-123.554639,48.788127],[-123.55438,48.788265],[-123.544608,48.792471],[-123.544297,48.792576],[-123.544131,48.792605],[-123.543782,48.792618],[-123.538376,48.792441],[-123.537708,48.792359],[-123.526062,48.789809],[-123.525402,48.789712],[-123.524726,48.789703],[-123.52406,48.789784],[-123.523433,48.789951],[-123.522869,48.790197],[-123.522391,48.790512],[-123.522018,48.790885],[-123.521766,48.791298],[-123.521645,48.791737],[-123.521659,48.792182],[-123.521685,48.792322],[-123.521694,48.792619],[-123.521784,48.793089],[-123.522025,48.793535],[-123.522403,48.793938],[-123.522903,48.794278],[-123.523501,48.794541],[-123.534134,48.798199],[-123.534406,48.798316],[-123.534521,48.798389],[-123.534612,48.798476],[-123.534676,48.798573],[-123.534745,48.798783],[-123.534836,48.799294],[-123.534992,48.799748],[-123.535288,48.800171],[-123.535712,48.800543],[-123.536244,48.800849],[-123.547382,48.806005],[-123.547625,48.806142],[-123.547723,48.806224],[-123.547796,48.806316],[-123.547841,48.806416],[-123.547872,48.806626],[-123.547872,48.807337],[-123.547942,48.807788],[-123.54815,48.80822],[-123.548487,48.808615],[-123.548939,48.808957],[-123.554185,48.812187],[-123.554384,48.812334],[-123.554462,48.812417],[-123.55455,48.812566],[-123.554686,48.812866],[-123.554988,48.813245],[-123.555395,48.813579],[-123.555892,48.813855],[-123.561341,48.816332],[-123.562011,48.816567],[-123.562745,48.816698],[-123.566996,48.817127],[-123.567291,48.817175],[-123.567428,48.817215],[-123.567551,48.817272],[-123.567766,48.817414],[-123.571595,48.820452],[-123.57176,48.820609],[-123.57182,48.820694],[-123.571895,48.820878],[-123.573264,48.825979],[-123.57329,48.826169],[-123.573265,48.826359],[-123.572566,48.829025],[-123.572487,48.829218],[-123.572423,48.829308],[-123.572244,48.82947],[-123.571727,48.829861],[-123.571356,48.830202],[-123.571089,48.830584],[-123.570935,48.830991],[-123.570902,48.831411],[-123.571504,48.840884],[-123.571474,48.841221],[-123.570898,48.843539],[-123.570864,48.84407],[-123.571024,48.844592],[-123.572391,48.847319],[-123.572468,48.847558],[-123.572465,48.847678],[-123.572379,48.847914],[-123.571015,48.850395],[-123.570855,48.85061],[-123.570744,48.850701],[-123.570462,48.850851],[-123.567694,48.852023],[-123.567382,48.852127],[-123.567216,48.852156],[-123.567045,48.852161],[-123.566526,48.852107],[-123.566525,48.85211],[-123.566132,48.852066],[-123.565489,48.852075],[-123.56486,48.852165],[-123.564269,48.852332],[-123.563737,48.85257],[-123.563282,48.85287],[-123.562923,48.853221],[-123.562681,48.853516],[-123.562414,48.853938],[-123.562285,48.854387],[-123.562299,48.854845],[-123.562455,48.85529],[-123.563357,48.857025],[-123.56343,48.85722],[-123.563438,48.857319],[-123.563419,48.857418],[-123.563373,48.857513],[-123.563301,48.8576],[-123.56311,48.857757],[-123.55451,48.863637],[-123.554265,48.863775],[-123.554127,48.863827],[-123.553821,48.863894],[-123.553264,48.863979],[-123.552652,48.864113],[-123.552091,48.864322],[-123.551601,48.864597],[-123.551198,48.864928],[-123.550765,48.865366],[-123.55046,48.865751],[-123.550275,48.866167],[-123.550217,48.866599],[-123.550288,48.86703],[-123.550485,48.867444],[-123.550801,48.867825],[-123.551223,48.868158],[-123.551736,48.86843],[-123.574295,48.878187],[-123.57455,48.878322],[-123.574654,48.878404],[-123.574731,48.878497],[-123.574779,48.878599],[-123.574797,48.878705],[-123.574783,48.878811],[-123.574737,48.878913],[-123.574663,48.879007],[-123.574469,48.879166],[-123.574179,48.879363],[-123.573808,48.879751],[-123.573566,48.88018],[-123.573464,48.880633],[-123.573505,48.88109],[-123.573688,48.881532],[-123.574005,48.88194],[-123.574957,48.882904],[-123.575567,48.883367],[-123.581479,48.88676],[-123.581705,48.886918],[-123.581791,48.887009],[-123.581849,48.887109],[-123.581875,48.887215],[-123.58187,48.887322],[-123.581832,48.887426],[-123.581765,48.887523],[-123.581514,48.887751],[-123.581196,48.888107],[-123.580984,48.888495],[-123.580885,48.888903],[-123.580902,48.889315],[-123.581035,48.889718],[-123.581279,48.890099],[-123.581627,48.890442],[-123.582065,48.890738],[-123.590453,48.895428],[-123.590677,48.895581],[-123.590853,48.895758],[-123.593475,48.899062],[-123.593593,48.899252],[-123.593624,48.899352],[-123.593626,48.899453],[-123.593599,48.899553],[-123.593545,48.899649],[-123.593465,48.899735],[-123.593361,48.899811],[-123.593238,48.899872],[-123.593104,48.899917],[-123.592633,48.900003],[-123.59202,48.90016],[-123.591466,48.900392],[-123.59099,48.90069],[-123.590611,48.901044],[-123.590344,48.901438],[-123.590198,48.90186],[-123.590179,48.902292],[-123.590288,48.902718],[-123.591702,48.906153],[-123.591756,48.906359],[-123.591745,48.906675],[-123.591786,48.907073],[-123.591935,48.907459],[-123.592186,48.907821],[-123.592218,48.907858],[-123.592356,48.908062],[-123.592389,48.908162],[-123.592391,48.908509],[-123.592455,48.908932],[-123.592641,48.909339],[-123.592832,48.909648],[-123.592863,48.909757],[-123.592859,48.909869],[-123.59282,48.909978],[-123.592768,48.910051],[-123.592538,48.91049],[-123.592452,48.91095],[-123.592513,48.911412],[-123.59272,48.911856],[-123.593015,48.912313],[-123.59312,48.91254],[-123.593133,48.912656],[-123.593109,48.912772],[-123.593047,48.912881],[-123.592853,48.913081],[-123.588161,48.91691],[-123.587823,48.917243],[-123.587582,48.917611],[-123.587445,48.918001],[-123.587418,48.9184],[-123.5875,48.918797],[-123.587977,48.920165],[-123.588199,48.920594],[-123.588549,48.920985],[-123.595033,48.926765],[-123.595198,48.926947],[-123.595253,48.927046],[-123.595277,48.92715],[-123.59527,48.927254],[-123.595221,48.92739],[-123.595027,48.927772],[-123.594948,48.928234],[-123.595018,48.928697],[-123.595233,48.92914],[-123.595584,48.929544],[-123.599271,48.932911],[-123.599432,48.933091],[-123.599484,48.933188],[-123.599507,48.93329]],[[-123.590392,49.001706],[-123.59039,49.001804],[-123.590358,49.001899],[-123.590297,49.001987],[-123.590209,49.002066],[-123.589984,49.002198],[-123.589106,49.002612],[-123.588691,49.002851],[-123.588351,49.003136],[-123.588099,49.003459],[-123.587944,49.003807],[-123.587614,49.004931],[-123.587537,49.005105],[-123.58735,49.005342],[-123.587127,49.005719],[-123.58703,49.006119],[-123.587062,49.006523],[-123.587223,49.006913],[-123.588358,49.008835],[-123.588436,49.009023],[-123.588445,49.009118],[-123.588425,49.009213],[-123.588375,49.009303],[-123.588299,49.009385],[-123.5882,49.009454],[-123.588153,49.009476],[-123.587736,49.00971],[-123.587392,49.009991],[-123.587135,49.01031],[-123.586973,49.010654],[-123.586912,49.011012],[-123.586929,49.011157],[-123.586921,49.011444],[-123.586683,49.012818],[-123.586622,49.013005],[-123.586564,49.013091],[-123.586481,49.013168],[-123.586377,49.013232],[-123.586255,49.013282],[-123.586121,49.013315],[-123.585979,49.013329],[-123.585836,49.013325],[-123.585696,49.013302],[-123.585567,49.013261],[-123.585335,49.013146],[-123.584681,49.012748],[-123.584239,49.012526],[-123.58374,49.012364],[-123.583204,49.012266],[-123.582649,49.012236],[-123.582096,49.012277],[-123.581564,49.012385],[-123.581073,49.012557],[-123.580805,49.012699],[-123.580601,49.012787],[-123.580469,49.012822],[-123.580329,49.012839],[-123.580187,49.012837],[-123.579972,49.012806],[-123.579569,49.01272],[-123.578994,49.012676],[-123.578417,49.012707],[-123.577861,49.012812],[-123.577347,49.012987],[-123.576896,49.013225],[-123.576687,49.013389],[-123.576497,49.013513],[-123.576384,49.013563],[-123.576259,49.013599],[-123.575969,49.01364],[-123.575792,49.013653],[-123.575295,49.013751],[-123.574832,49.013905],[-123.574418,49.01411],[-123.574065,49.01436],[-123.574003,49.014412],[-123.5739,49.014472],[-123.573782,49.014517],[-123.573652,49.014547],[-123.573516,49.01456],[-123.573379,49.014556],[-123.573245,49.014535],[-123.573121,49.014497],[-123.573009,49.014445],[-123.572914,49.01438],[-123.572765,49.014226],[-123.572025,49.013273],[-123.57192,49.013096],[-123.571895,49.013004],[-123.571896,49.012988],[-123.571854,49.012611],[-123.571701,49.012248],[-123.571442,49.01191],[-123.571087,49.011613],[-123.570651,49.011367],[-123.570149,49.011182],[-123.569906,49.01113],[-123.56963,49.01105],[-123.569515,49.010998],[-123.569417,49.010932],[-123.569264,49.010775],[-123.565016,49.005329],[-123.564864,49.005157],[-123.548619,48.988775],[-123.548388,48.988572],[-123.537625,48.980334],[-123.537181,48.980058],[-123.531721,48.977318],[-123.531545,48.977214],[-123.531397,48.977093],[-123.525605,48.971445],[-123.525358,48.971237],[-123.518813,48.966438],[-123.518633,48.966318],[-123.506939,48.959125],[-123.506602,48.958947],[-123.506228,48.958803],[-123.494542,48.955037],[-123.494275,48.954925],[-123.494164,48.954853],[-123.493994,48.954678],[-123.492723,48.952985],[-123.492424,48.952669],[-123.492038,48.952397],[-123.489067,48.950671],[-123.488681,48.950481],[-123.488254,48.950336],[-123.487796,48.950239],[-123.481849,48.949327],[-123.481341,48.94928],[-123.480828,48.949291],[-123.480326,48.949362],[-123.479851,48.949488],[-123.479308,48.949671],[-123.479028,48.949743],[-123.478882,48.949758],[-123.478734,48.949754],[-123.478442,48.949704],[-123.467124,48.946929],[-123.466824,48.946827],[-123.466568,48.946683],[-123.464704,48.945358],[-123.464324,48.945132],[-123.46389,48.944953],[-123.443176,48.93798],[-123.442891,48.937865],[-123.426132,48.929888],[-123.42578,48.929745],[-123.41464,48.925886],[-123.414414,48.925789],[-123.414219,48.925666],[-123.407884,48.920856],[-123.407453,48.920589],[-123.406949,48.920384],[-123.406392,48.920251],[-123.405806,48.920194],[-123.405214,48.920217],[-123.405083,48.92024],[-123.404712,48.920279],[-123.404569,48.920275],[-123.404285,48.920229],[-123.397862,48.918716],[-123.397439,48.918581],[-123.381835,48.912149],[-123.381078,48.911928],[-123.362786,48.908525],[-123.362545,48.908464],[-123.362436,48.908421],[-123.36234,48.908366],[-123.362193,48.908245],[-123.361795,48.907976],[-123.361326,48.907763],[-123.360801,48.907614],[-123.360243,48.907535],[-123.354411,48.907096],[-123.354045,48.907047],[-123.344749,48.905258],[-123.344474,48.905184],[-123.344353,48.905131],[-123.344251,48.905062],[-123.344172,48.904981],[-123.344066,48.904799],[-123.343498,48.903397],[-123.343324,48.903083],[-123.34307,48.902793],[-123.342743,48.902537],[-123.342354,48.902321],[-123.340483,48.901459],[-123.34026,48.901332],[-123.340171,48.901256],[-123.340108,48.901169],[-123.340073,48.901077],[-123.340066,48.90097],[-123.33998,48.900577],[-123.339772,48.900204],[-123.339451,48.899867],[-123.339032,48.899581],[-123.338532,48.899357],[-123.338464,48.899333],[-123.33836,48.899278],[-123.338274,48.899212],[-123.338208,48.899136],[-123.338164,48.899054],[-123.338124,48.89888],[-123.338033,48.897875],[-123.337937,48.897488],[-123.337723,48.897121],[-123.3374,48.896791],[-123.336981,48.896511],[-123.336485,48.896293],[-123.335212,48.89585],[-123.334964,48.895741],[-123.334861,48.895672],[-123.334782,48.895591],[-123.33473,48.8955],[-123.334707,48.895405],[-123.334718,48.895269],[-123.334791,48.894958],[-123.334761,48.894566],[-123.334609,48.894186],[-123.334343,48.893834],[-123.333974,48.893525],[-123.333939,48.893501],[-123.333862,48.893422],[-123.33381,48.893334],[-123.333787,48.89324],[-123.333792,48.893146],[-123.333826,48.893054],[-123.333887,48.892969],[-123.333972,48.892893],[-123.334266,48.89272],[-123.334681,48.892418],[-123.334989,48.892066],[-123.335178,48.891679],[-123.335238,48.891275],[-123.335167,48.890871],[-123.334969,48.890486],[-123.3349,48.890388],[-123.33461,48.890063],[-123.33423,48.889782],[-123.333773,48.889555],[-123.331288,48.888557],[-123.331068,48.888448],[-123.330977,48.888382],[-123.330906,48.888306],[-123.330859,48.888223],[-123.330839,48.888149],[-123.330691,48.887791],[-123.330439,48.887458],[-123.330095,48.887163],[-123.329671,48.886917],[-123.329184,48.88673],[-123.32865,48.886608],[-123.32809,48.886556],[-123.327526,48.886576],[-123.326978,48.886667],[-123.326467,48.886826],[-123.326013,48.887046],[-123.325631,48.88732],[-123.325577,48.887368],[-123.325471,48.88743],[-123.32535,48.887477],[-123.325216,48.887507],[-123.325077,48.88752],[-123.324936,48.887514],[-123.324659,48.887466],[-123.321221,48.88662],[-123.320979,48.886543],[-123.320873,48.886492],[-123.320782,48.886428],[-123.320711,48.886354],[-123.320662,48.886273],[-123.320639,48.886194],[-123.320638,48.885918],[-123.320575,48.885522],[-123.320388,48.885143],[-123.320087,48.884798],[-123.319683,48.884501],[-123.319195,48.884265],[-123.318644,48.8841],[-123.317626,48.883877],[-123.317348,48.883794],[-123.317102,48.883674],[-123.31166,48.880376],[-123.311472,48.880238],[-123.311402,48.880159],[-123.311355,48.880072],[-123.311335,48.879982],[-123.311343,48.87989],[-123.311376,48.879802],[-123.311517,48.879606],[-123.311655,48.879451],[-123.311848,48.879064],[-123.311912,48.878659],[-123.311845,48.878255],[-123.31165,48.877868],[-123.311633,48.877844],[-123.311601,48.877757],[-123.311595,48.877668],[-123.311614,48.87758],[-123.311657,48.877496],[-123.311725,48.877419],[-123.311813,48.877351],[-123.311915,48.877298],[-123.312286,48.87717],[-123.312754,48.87697],[-123.313155,48.876715],[-123.313475,48.876415],[-123.313702,48.87608],[-123.313829,48.875722],[-123.313849,48.875356],[-123.313763,48.874993],[-123.313573,48.874648],[-123.313287,48.874333],[-123.312916,48.87406],[-123.312471,48.873838],[-123.310257,48.872937],[-123.310034,48.872825],[-123.309942,48.872757],[-123.309872,48.872679],[-123.309826,48.872593],[-123.309805,48.872503],[-123.309819,48.872319],[-123.309999,48.871499],[-123.310062,48.871328],[-123.310116,48.871248],[-123.310192,48.871176],[-123.310312,48.871099],[-123.310677,48.870811],[-123.31095,48.870482],[-123.311121,48.870125],[-123.311182,48.869753],[-123.311133,48.86938],[-123.310975,48.86902],[-123.310713,48.868687],[-123.310485,48.868456],[-123.310433,48.868371],[-123.310408,48.868281],[-123.310409,48.868189],[-123.310438,48.868099],[-123.310492,48.868015],[-123.310571,48.867939],[-123.31067,48.867874],[-123.310786,48.867824],[-123.311048,48.867754],[-123.311201,48.867724],[-123.31173,48.867581],[-123.312208,48.867373],[-123.312614,48.867108],[-123.312934,48.866796],[-123.313155,48.866449],[-123.313268,48.86608],[-123.31327,48.865704],[-123.312769,48.862237],[-123.312772,48.862035],[-123.312805,48.861939],[-123.312869,48.861849],[-123.312959,48.86177],[-123.313073,48.861705],[-123.313341,48.861608],[-123.316918,48.860623],[-123.317186,48.860569],[-123.317323,48.860559],[-123.317461,48.860567],[-123.31773,48.860618],[-123.321512,48.861604],[-123.322086,48.86171],[-123.322682,48.861737],[-123.323273,48.861684],[-123.328321,48.860877],[-123.328618,48.860851],[-123.328765,48.860858],[-123.328908,48.860885],[-123.329038,48.860931],[-123.329268,48.861057],[-123.333682,48.864045],[-123.334084,48.864271],[-123.334542,48.864447],[-123.33504,48.864564],[-123.345247,48.866308],[-123.345812,48.866366],[-123.346383,48.866351],[-123.346939,48.866262],[-123.347458,48.866105],[-123.34792,48.865883],[-123.348307,48.865607],[-123.348605,48.865286],[-123.348803,48.864933],[-123.348891,48.864561],[-123.348905,48.864409],[-123.349744,48.861368],[-123.349834,48.861168],[-123.34991,48.861079],[-123.35012,48.860924],[-123.353548,48.858885],[-123.353769,48.858777],[-123.353891,48.858738],[-123.354022,48.858715],[-123.354158,48.858709],[-123.354431,48.858731],[-123.371657,48.861203],[-123.372224,48.861341],[-123.384049,48.865516],[-123.384267,48.865611],[-123.384361,48.86567],[-123.384514,48.865809],[-123.385826,48.867261],[-123.386188,48.86758],[-123.386642,48.867843],[-123.387168,48.868039],[-123.389746,48.868777],[-123.389966,48.868856],[-123.390063,48.868906],[-123.390229,48.869029],[-123.392717,48.871217],[-123.392865,48.871378],[-123.392913,48.871465],[-123.392934,48.871557],[-123.392927,48.87165],[-123.392892,48.87174],[-123.392831,48.871824],[-123.392746,48.871898],[-123.392641,48.87196],[-123.392519,48.872007],[-123.392248,48.872069],[-123.390138,48.872398],[-123.389578,48.872526],[-123.389068,48.872726],[-123.388631,48.87299],[-123.388284,48.873307],[-123.388042,48.873663],[-123.387914,48.874044],[-123.387906,48.874435],[-123.387949,48.874752],[-123.388084,48.875183],[-123.389409,48.877825],[-123.3896,48.87812],[-123.389864,48.878391],[-123.390193,48.878628],[-123.39577,48.882039],[-123.396147,48.882343],[-123.397234,48.883516],[-123.397363,48.883693],[-123.397397,48.883787],[-123.397402,48.883883],[-123.397379,48.883967],[-123.397337,48.884362],[-123.397418,48.884753],[-123.397619,48.885126],[-123.397932,48.885463],[-123.399605,48.886906],[-123.399752,48.887061],[-123.3998,48.887145],[-123.399824,48.887234],[-123.399821,48.887324],[-123.399793,48.887411],[-123.39974,48.887494],[-123.399663,48.887569],[-123.399567,48.887633],[-123.399454,48.887683],[-123.399328,48.887718],[-123.399194,48.887738],[-123.399057,48.88774],[-123.398923,48.887724],[-123.398663,48.88766],[-123.393902,48.886124],[-123.393338,48.885987],[-123.392744,48.88593],[-123.392145,48.885953],[-123.391565,48.886057],[-123.39103,48.886236],[-123.390562,48.886484],[-123.390182,48.886789],[-123.389904,48.887139],[-123.388855,48.888881],[-123.388701,48.889228],[-123.388649,48.889588],[-123.388649,48.889887],[-123.388693,48.890217],[-123.388822,48.890537],[-123.389032,48.890837],[-123.389318,48.891109],[-123.389362,48.891144],[-123.389701,48.891372],[-123.390092,48.89156],[-123.395516,48.893733],[-123.395694,48.893817],[-123.39585,48.893917],[-123.397588,48.895215],[-123.397992,48.895465],[-123.398461,48.89566],[-123.398977,48.895793],[-123.399522,48.895859],[-123.400076,48.895856],[-123.400619,48.895785],[-123.401133,48.895647],[-123.401597,48.895448],[-123.401996,48.895195],[-123.402314,48.894897],[-123.402541,48.894565],[-123.402669,48.89421],[-123.402692,48.893846],[-123.402677,48.893657],[-123.402699,48.893562],[-123.40275,48.893471],[-123.402828,48.89339],[-123.40293,48.893321],[-123.403051,48.893267],[-123.403187,48.89323],[-123.403479,48.893194],[-123.406474,48.893029],[-123.406743,48.893031],[-123.406874,48.893048],[-123.406997,48.893081],[-123.407224,48.893176],[-123.410949,48.895076],[-123.411147,48.895199],[-123.411227,48.89527],[-123.411284,48.89535],[-123.411318,48.895436],[-123.411326,48.895525],[-123.411309,48.895613],[-123.411225,48.895783],[-123.408747,48.899552],[-123.408566,48.899931],[-123.408508,48.900326],[-123.408574,48.900721],[-123.408763,48.901098],[-123.409065,48.901442],[-123.409469,48.901737],[-123.414556,48.904759],[-123.414989,48.904972],[-123.415474,48.905128],[-123.415995,48.905223],[-123.416534,48.905254],[-123.417058,48.905251],[-123.417386,48.905274],[-123.417539,48.90531],[-123.417819,48.905426],[-123.425967,48.909753],[-123.426338,48.90992],[-123.426743,48.910048],[-123.43139,48.911236],[-123.431591,48.9113],[-123.431774,48.911382],[-123.439031,48.915218],[-123.439685,48.915479],[-123.4451,48.917044],[-123.445559,48.917223],[-123.455339,48.922205],[-123.45577,48.922387],[-123.456242,48.922516],[-123.456742,48.92259],[-123.459417,48.922824],[-123.459651,48.922858],[-123.459761,48.922887],[-123.459966,48.922968],[-123.465669,48.925683],[-123.466154,48.92587],[-123.466684,48.925992],[-123.46724,48.926046],[-123.469432,48.926116],[-123.469714,48.926144],[-123.469847,48.926175],[-123.470092,48.926272],[-123.475152,48.928752],[-123.475618,48.928938],[-123.47613,48.929065],[-123.476668,48.929126],[-123.478198,48.929206],[-123.478433,48.929231],[-123.478545,48.929256],[-123.478756,48.929329],[-123.49714,48.93709],[-123.497627,48.937255],[-123.498153,48.937358],[-123.4997,48.937559],[-123.50001,48.937623],[-123.500148,48.937677],[-123.500385,48.937824],[-123.50201,48.939092],[-123.502166,48.93924],[-123.50222,48.939321],[-123.502251,48.939408],[-123.502256,48.939497],[-123.502208,48.939702],[-123.502178,48.940087],[-123.502266,48.940467],[-123.502467,48.940829],[-123.502775,48.941157],[-123.503176,48.941438],[-123.503654,48.94166],[-123.50419,48.941816],[-123.508072,48.942646],[-123.508607,48.942725],[-123.509155,48.942737],[-123.509697,48.942681],[-123.510214,48.94256],[-123.510687,48.942377],[-123.511617,48.941936],[-123.51186,48.941843],[-123.511991,48.941813],[-123.512129,48.9418],[-123.512267,48.941805],[-123.512402,48.941827],[-123.512656,48.941906],[-123.525741,48.947034],[-123.52606,48.947186],[-123.541326,48.955947],[-123.541483,48.956047],[-123.557891,48.967549],[-123.558064,48.967686],[-123.56051,48.969896],[-123.560663,48.97007],[-123.560789,48.970328],[-123.561027,48.970685],[-123.561369,48.971002],[-123.561801,48.971268],[-123.563231,48.971983],[-123.563402,48.972083],[-123.563547,48.9722],[-123.566882,48.975372],[-123.567085,48.975611],[-123.568594,48.977868],[-123.568894,48.978214],[-123.569295,48.978511],[-123.569781,48.978748],[-123.570332,48.978914],[-123.570575,48.978951],[-123.570891,48.979017],[-123.57101,48.979059],[-123.571115,48.979115],[-123.571291,48.979253],[-123.575893,48.983653],[-123.576028,48.983812],[-123.576114,48.983986],[-123.576342,48.984663],[-123.576376,48.984851],[-123.576349,48.985078],[-123.576331,48.985139],[-123.57633,48.985491],[-123.576426,48.985837],[-123.576617,48.986166],[-123.576699,48.986254],[-123.576897,48.986529],[-123.577979,48.988526],[-123.57825,48.988895],[-123.578635,48.989219],[-123.579116,48.989481],[-123.579671,48.98967],[-123.580275,48.989778],[-123.580441,48.989795],[-123.580708,48.98986],[-123.582237,48.990347],[-123.582485,48.990446],[-123.582589,48.990511],[-123.582672,48.990587],[-123.58279,48.990761],[-123.584563,48.99429],[-123.58479,48.994629],[-123.585113,48.994933],[-123.585518,48.995191],[-123.587651,48.996305],[-123.587858,48.996437],[-123.587939,48.996515],[-123.588051,48.996689],[-123.590333,49.001513],[-123.590392,49.001706]],[[-123.574543,48.956617],[-123.5745398,48.9566437],[-123.5745285,48.9566694],[-123.5745097,48.9566932],[-123.574484,48.956714],[-123.5744525,48.956731],[-123.5744164,48.9567435],[-123.5743773,48.956751],[-123.5743366,48.9567533],[-123.5742961,48.9567502],[-123.5742574,48.9567418],[-123.574201,48.9567206],[-123.5680978,48.9538578],[-123.5680544,48.9538334],[-123.5680183,48.9538044],[-123.5674724,48.9532777],[-123.567444,48.9532441],[-123.5674322,48.9532213],[-123.5674237,48.9531833],[-123.5673934,48.9528273],[-123.5673762,48.9527595],[-123.567337,48.9526959],[-123.5673135,48.9526671],[-123.5672691,48.9526223],[-123.5672137,48.9525832],[-123.567149,48.9525507],[-123.5668846,48.9524399],[-123.5667958,48.9524108],[-123.5666998,48.9523942],[-123.5666006,48.952391],[-123.5665026,48.9524013],[-123.5664099,48.9524247],[-123.5662939,48.9524633],[-123.566235,48.9524784],[-123.566196,48.952483],[-123.5661564,48.9524825],[-123.5661177,48.952477],[-123.5660814,48.9524666],[-123.5660294,48.9524431],[-123.5653447,48.9520626],[-123.5653018,48.9520338],[-123.5652806,48.9520127],[-123.5652612,48.9519822],[-123.5652408,48.9519388],[-123.5651971,48.9518855],[-123.5651387,48.9518386],[-123.5650676,48.9517999],[-123.5649866,48.9517709],[-123.5648987,48.9517527],[-123.564807,48.9517458],[-123.5647503,48.9517451],[-123.5646864,48.9517402],[-123.5646481,48.951732],[-123.5645921,48.9517112],[-123.5642138,48.9515359],[-123.5641705,48.951513],[-123.5615788,48.94996],[-123.5615367,48.9499293],[-123.5615164,48.9499071],[-123.5615031,48.9498828],[-123.5614972,48.9498572],[-123.5614989,48.9498313],[-123.5615108,48.9497988],[-123.5615241,48.9497339],[-123.5615166,48.9496686],[-123.5614887,48.9496057],[-123.5614415,48.9495479],[-123.5613772,48.9494979],[-123.5612985,48.9494576],[-123.5612088,48.9494289],[-123.5605484,48.9492712],[-123.5604998,48.9492565],[-123.5604555,48.9492368],[-123.5589042,48.9484138],[-123.5587924,48.9483695],[-123.5562816,48.9476604],[-123.5562233,48.947639],[-123.556173,48.9476102],[-123.555625,48.9472249],[-123.5555686,48.9471911],[-123.5555049,48.9471636],[-123.5544809,48.9467954],[-123.5544125,48.946765],[-123.5478706,48.9432401],[-123.5478324,48.943217],[-123.5474163,48.9429333],[-123.5473814,48.942905],[-123.5473644,48.942885],[-123.547346,48.9428506],[-123.5473061,48.9427492],[-123.5472769,48.9426954],[-123.5472333,48.942646],[-123.5471769,48.9426026],[-123.5471095,48.9425666],[-123.5465757,48.9423309],[-123.5465251,48.9423033],[-123.5464994,48.9422821],[-123.5464807,48.942258],[-123.5464699,48.9422319],[-123.5464673,48.9422049],[-123.5464764,48.9421622],[-123.5465043,48.9420879],[-123.5465176,48.9420276],[-123.546513,48.9419667],[-123.5464906,48.9419075],[-123.5464513,48.9418522],[-123.5463964,48.941803],[-123.5457836,48.9413522],[-123.5457439,48.9413159],[-123.5457166,48.9412749],[-123.5448236,48.9394253],[-123.5447896,48.9393722],[-123.5447414,48.9393241],[-123.5446807,48.9392825],[-123.5446095,48.939249],[-123.544355,48.9391509],[-123.5442724,48.9391256],[-123.544184,48.9391111],[-123.5440931,48.9391078],[-123.5440028,48.9391159],[-123.5439165,48.9391351],[-123.5438372,48.9391646],[-123.543768,48.9392035],[-123.5437111,48.9392503],[-123.5436779,48.9392837],[-123.5436493,48.9393027],[-123.5436154,48.9393176],[-123.5435777,48.9393278],[-123.5435377,48.9393328],[-123.5434969,48.9393324],[-123.5434334,48.9393233],[-123.5426442,48.9391542],[-123.5425728,48.9391323],[-123.5425116,48.9390996],[-123.5413443,48.9383019],[-123.5413136,48.9382775],[-123.5412887,48.9382504],[-123.5412066,48.9381436],[-123.5411849,48.9381076],[-123.5411777,48.9380838],[-123.5411773,48.9380595],[-123.5411835,48.9380355],[-123.5412066,48.9379942],[-123.5412306,48.9379331],[-123.5412355,48.93787],[-123.5412212,48.9378076],[-123.5411881,48.9377483],[-123.5411378,48.9376946],[-123.5410226,48.9375955],[-123.5409863,48.937556],[-123.5409722,48.9375287],[-123.5409646,48.9374829],[-123.5409646,48.9374606],[-123.5409567,48.9374035],[-123.5409331,48.9373483],[-123.5408947,48.9372968],[-123.5408426,48.9372507],[-123.5407788,48.9372117],[-123.5404687,48.937054],[-123.5404321,48.9370323],[-123.540401,48.9370072],[-123.5399493,48.9365806],[-123.5398882,48.9365336],[-123.5398144,48.9364953],[-123.5364859,48.9350948],[-123.5363967,48.9350453],[-123.5350237,48.9340521],[-123.534972,48.9340064],[-123.5346645,48.9336709],[-123.5346404,48.9336388],[-123.5346306,48.9336173],[-123.534624,48.9335818],[-123.5345956,48.9330799],[-123.5345991,48.9330399],[-123.5346084,48.9330155],[-123.5346245,48.9329927],[-123.5346468,48.9329723],[-123.5346746,48.932955],[-123.5347068,48.9329414],[-123.5347423,48.932932],[-123.5347798,48.9329272],[-123.5348181,48.932927],[-123.534878,48.9329343],[-123.5351769,48.9329903],[-123.5352724,48.9330015],[-123.5353694,48.9329998],[-123.5354638,48.9329853],[-123.5355519,48.9329586],[-123.53563,48.9329208],[-123.5356949,48.9328734],[-123.535744,48.9328184],[-123.5357751,48.9327581],[-123.5357872,48.9326949],[-123.5357796,48.9326313],[-123.5357527,48.9325701],[-123.5357076,48.9325137],[-123.5356881,48.9324981],[-123.5356882,48.9324981],[-123.5356333,48.9324477],[-123.534876,48.9316128],[-123.5348484,48.9315738],[-123.5348389,48.9315476],[-123.5348376,48.9315206],[-123.5348447,48.931494],[-123.5348597,48.931469],[-123.5348821,48.9314464],[-123.5349109,48.9314272],[-123.534945,48.9314122],[-123.5349831,48.9314021],[-123.5350234,48.9313972],[-123.5350644,48.9313977],[-123.5351283,48.9314072],[-123.5361703,48.9316366],[-123.5362586,48.9316634],[-123.5400335,48.9331595],[-123.5400782,48.9331798],[-123.5430442,48.9347074],[-123.5430881,48.9347333],[-123.5467222,48.9371809],[-123.5467913,48.9372194],[-123.5468702,48.9372486],[-123.5469561,48.9372676],[-123.5470458,48.9372756],[-123.5471363,48.9372724],[-123.5474756,48.937239],[-123.5475407,48.9372369],[-123.5475811,48.937241],[-123.5476194,48.9372503],[-123.5476747,48.937273],[-123.5489325,48.9379117],[-123.5489438,48.9379176],[-123.5535039,48.9403922],[-123.5535287,48.9404068],[-123.5575145,48.9429215],[-123.5575574,48.9429548],[-123.5575773,48.9429789],[-123.5575893,48.9430051],[-123.5575928,48.9430324],[-123.5575878,48.9430596],[-123.5575744,48.9430855],[-123.5575532,48.9431091],[-123.5575252,48.9431293],[-123.5574713,48.9431549],[-123.5572251,48.9432483],[-123.5571614,48.9432668],[-123.5571186,48.9432725],[-123.557075,48.943272],[-123.5570326,48.9432655],[-123.5569697,48.9432457],[-123.5567322,48.9431489],[-123.5566947,48.9431318],[-123.553962,48.9417455],[-123.5538805,48.9417121],[-123.5537905,48.9416901],[-123.5536956,48.9416803],[-123.5535997,48.9416832],[-123.5535065,48.9416985],[-123.5534199,48.9417257],[-123.5533432,48.9417638],[-123.5532797,48.9418111],[-123.5532318,48.9418658],[-123.5532015,48.9419256],[-123.5531899,48.9419882],[-123.5531976,48.9420511],[-123.5532242,48.9421117],[-123.5532687,48.9421676],[-123.5533293,48.9422166],[-123.5537186,48.9424736],[-123.5537596,48.9425068],[-123.5537784,48.9425305],[-123.5537897,48.9425562],[-123.5537929,48.9425829],[-123.5537879,48.9426094],[-123.553775,48.9426348],[-123.5537425,48.9426717],[-123.5535746,48.9428247],[-123.5535273,48.9428781],[-123.5534969,48.9429366],[-123.5534844,48.9429979],[-123.5534904,48.9430595],[-123.5535146,48.9431192],[-123.5535561,48.9431747],[-123.554639,48.9443212],[-123.5546961,48.9443703],[-123.5572156,48.9461407],[-123.5572516,48.9461635],[-123.5584975,48.9468735],[-123.558571,48.946908],[-123.5586529,48.9469328],[-123.5587405,48.9469471],[-123.5588306,48.9469503],[-123.5589201,48.9469424],[-123.5590057,48.9469236],[-123.5590844,48.9468946],[-123.5591534,48.9468564],[-123.5592104,48.9468104],[-123.5594266,48.9465975],[-123.5594651,48.9465664],[-123.5594944,48.9465502],[-123.5595278,48.9465379],[-123.5595642,48.9465299],[-123.5596022,48.9465266],[-123.5596404,48.946528],[-123.5596997,48.9465377],[-123.5604762,48.9467177],[-123.5605335,48.9467352],[-123.5605654,48.9467506],[-123.5606082,48.9467812],[-123.5610511,48.9471675],[-123.5610819,48.9472001],[-123.5610953,48.9472225],[-123.5611023,48.9472461],[-123.5611028,48.9472702],[-123.5610998,48.9472822],[-123.5610933,48.9473424],[-123.5611044,48.9474024],[-123.5611328,48.9474598],[-123.5611773,48.9475126],[-123.5612364,48.9475589],[-123.5613078,48.9475969],[-123.561389,48.9476252],[-123.5622872,48.9478695],[-123.5623423,48.9478888],[-123.5623908,48.9479147],[-123.5685171,48.9518864],[-123.5685571,48.9519096],[-123.5719199,48.9536499],[-123.5720079,48.9537109],[-123.5741733,48.9557286],[-123.574219,48.9557826],[-123.5743095,48.9559225],[-123.574329,48.9559638],[-123.5743329,48.9559908],[-123.5743285,48.9560178],[-123.5743158,48.9560436],[-123.5743107,48.9560495],[-123.5742735,48.9561041],[-123.5742527,48.9561624],[-123.5742491,48.9562221],[-123.5742627,48.9562813],[-123.5742932,48.9563376],[-123.5743393,48.9563892],[-123.5744923,48.9565281],[-123.5745249,48.956565],[-123.5745379,48.9565904],[-123.574543,48.956617]],[[-123.346193,48.856561],[-123.346184,48.856597],[-123.346146,48.856667],[-123.345324,48.85782],[-123.345268,48.857883],[-123.345232,48.85791],[-123.345189,48.857932],[-123.34514,48.857949],[-123.345087,48.857959],[-123.344977,48.857967],[-123.344121,48.857973],[-123.343902,48.857987],[-123.343691,48.858029],[-123.343494,48.858094],[-123.34332,48.858183],[-123.343244,48.858229],[-123.343157,48.858273],[-123.343109,48.858289],[-123.343058,48.858299],[-123.342949,48.858307],[-123.341926,48.858316],[-123.341803,48.858309],[-123.341746,48.858297],[-123.341692,48.858278],[-123.341599,48.858224],[-123.34093,48.857754],[-123.340761,48.857655],[-123.340566,48.85758],[-123.340353,48.857529],[-123.340278,48.857517],[-123.340068,48.857494],[-123.339855,48.857497],[-123.339646,48.857524],[-123.339448,48.857575],[-123.339267,48.857649],[-123.338709,48.857923],[-123.338602,48.857965],[-123.338544,48.857978],[-123.338483,48.857982],[-123.338421,48.857978],[-123.338302,48.857953],[-123.335854,48.857249],[-123.335735,48.857203],[-123.335635,48.85714],[-123.335084,48.8567],[-123.334929,48.856598],[-123.334749,48.856516],[-123.334549,48.856457],[-123.334337,48.856423],[-123.334118,48.856415],[-123.333901,48.856434],[-123.33275,48.856604],[-123.33264,48.856613],[-123.332586,48.856611],[-123.332533,48.856602],[-123.332483,48.856587],[-123.332393,48.856545],[-123.332046,48.856349],[-123.331866,48.856264],[-123.331664,48.856203],[-123.331449,48.856168],[-123.331228,48.856159],[-123.327649,48.856235],[-123.327512,48.856227],[-123.327382,48.8562],[-123.322964,48.854863],[-123.322666,48.854802],[-123.317737,48.85425],[-123.317626,48.85423],[-123.317576,48.854214],[-123.317531,48.854192],[-123.317455,48.854136],[-123.315787,48.85264],[-123.315723,48.852568],[-123.315685,48.852489],[-123.315345,48.851423],[-123.315283,48.851288],[-123.315185,48.851163],[-123.315054,48.851052],[-123.314896,48.850957],[-123.314714,48.850882],[-123.31361,48.850516],[-123.313396,48.850461],[-123.313171,48.850434],[-123.312942,48.850436],[-123.312718,48.850467],[-123.312506,48.850525],[-123.311874,48.850748],[-123.311682,48.850833],[-123.311519,48.85094],[-123.31139,48.851066],[-123.311299,48.851206],[-123.311252,48.851354],[-123.311249,48.851506],[-123.311303,48.851937],[-123.311302,48.852011],[-123.311291,48.852046],[-123.311248,48.852115],[-123.310731,48.852759],[-123.310669,48.852821],[-123.31063,48.852847],[-123.310584,48.852868],[-123.310533,48.852883],[-123.310478,48.852891],[-123.310422,48.852893],[-123.31031,48.852881],[-123.309062,48.85267],[-123.308953,48.852644],[-123.308905,48.852624],[-123.308863,48.852599],[-123.308829,48.852569],[-123.308804,48.852535],[-123.30879,48.852499],[-123.308787,48.852461],[-123.308804,48.852386],[-123.308837,48.852298],[-123.308869,48.852157],[-123.308862,48.852015],[-123.308816,48.851876],[-123.308733,48.851744],[-123.308616,48.851625],[-123.308552,48.851572],[-123.308405,48.851469],[-123.308232,48.851385],[-123.30804,48.851323],[-123.307834,48.851285],[-123.304791,48.850907],[-123.304508,48.850895],[-123.304228,48.850927],[-123.302996,48.851168],[-123.302893,48.851182],[-123.30284,48.851183],[-123.302736,48.851172],[-123.302381,48.851114],[-123.30216,48.851092],[-123.301937,48.851097],[-123.301719,48.851129],[-123.301514,48.851188],[-123.301329,48.851271],[-123.301171,48.851375],[-123.301046,48.851496],[-123.300956,48.851631],[-123.300906,48.851774],[-123.300844,48.852087],[-123.300817,48.852162],[-123.300793,48.852197],[-123.300759,48.852228],[-123.300674,48.85228],[-123.29878,48.853227],[-123.298606,48.853333],[-123.298468,48.853459],[-123.298132,48.853843],[-123.298028,48.853997],[-123.297977,48.854162],[-123.297434,48.857944],[-123.297434,48.85809],[-123.297474,48.858234],[-123.297953,48.859337],[-123.298047,48.85949],[-123.298188,48.859627],[-123.298369,48.859742],[-123.29953,48.860336],[-123.299692,48.860406],[-123.29987,48.860458],[-123.302026,48.860952],[-123.302126,48.860982],[-123.302216,48.861024],[-123.303795,48.861909],[-123.303866,48.861956],[-123.303923,48.862009],[-123.304663,48.862841],[-123.304746,48.862966],[-123.30538,48.864329],[-123.305402,48.864397],[-123.305403,48.864432],[-123.305395,48.864466],[-123.305361,48.864533],[-123.303267,48.867605],[-123.303179,48.867706],[-123.301964,48.868826],[-123.301896,48.868878],[-123.301856,48.8689],[-123.301766,48.868933],[-123.2999,48.86949],[-123.299681,48.869575],[-123.299495,48.869688],[-123.299349,48.869825],[-123.299289,48.869919],[-123.299237,48.869984],[-123.299204,48.870012],[-123.299164,48.870036],[-123.29907,48.870073],[-123.298493,48.870255],[-123.298297,48.870333],[-123.298128,48.870434],[-123.29799,48.870555],[-123.29789,48.87069],[-123.297811,48.870832],[-123.297759,48.870901],[-123.297724,48.870932],[-123.29768,48.870957],[-123.29763,48.870976],[-123.297518,48.871],[-123.294919,48.871389],[-123.294692,48.87144],[-123.294484,48.871519],[-123.294304,48.871624],[-123.294212,48.871706],[-123.294142,48.871755],[-123.294092,48.871778],[-123.294036,48.871794],[-123.293868,48.871815],[-123.293642,48.87186],[-123.293434,48.871933],[-123.293252,48.872031],[-123.293102,48.872151],[-123.292991,48.872288],[-123.292924,48.872436],[-123.292902,48.872591],[-123.292902,48.872638],[-123.292891,48.872674],[-123.29287,48.872709],[-123.29284,48.87274],[-123.29276,48.872794],[-123.292446,48.87297],[-123.292301,48.873067],[-123.292183,48.873179],[-123.292097,48.873302],[-123.291731,48.873971],[-123.291682,48.874039],[-123.291648,48.874069],[-123.291607,48.874094],[-123.291516,48.874131],[-123.291394,48.87417],[-123.291208,48.874264],[-123.291053,48.874379],[-123.291001,48.874427],[-123.29096,48.874452],[-123.290882,48.874485],[-123.290705,48.874546],[-123.290505,48.874659],[-123.290452,48.874695],[-123.290404,48.874718],[-123.290351,48.874733],[-123.290294,48.874741],[-123.290235,48.874742],[-123.290178,48.874735],[-123.290068,48.874705],[-123.287428,48.87379],[-123.287339,48.873752],[-123.287301,48.873729],[-123.287207,48.873646],[-123.287183,48.873621],[-123.287023,48.873509],[-123.286833,48.87342],[-123.28662,48.873357],[-123.286392,48.873322],[-123.286158,48.873317],[-123.285953,48.87334],[-123.285885,48.873343],[-123.285831,48.873339],[-123.285726,48.873318],[-123.284964,48.873114],[-123.284875,48.873085],[-123.284836,48.873066],[-123.284767,48.873019],[-123.282926,48.871533],[-123.282798,48.871445],[-123.282652,48.871371],[-123.281076,48.870696],[-123.280985,48.870648],[-123.280949,48.870619],[-123.280921,48.870587],[-123.280904,48.870551],[-123.280897,48.870514],[-123.280901,48.870476],[-123.280932,48.870403],[-123.281057,48.870193],[-123.281119,48.870045],[-123.281137,48.869892],[-123.281109,48.869739],[-123.281037,48.869594],[-123.280923,48.86946],[-123.280772,48.869343],[-123.280589,48.869248],[-123.276595,48.867555],[-123.276508,48.86751],[-123.276472,48.867483],[-123.276444,48.867452],[-123.276426,48.867418],[-123.276417,48.867382],[-123.276419,48.867346],[-123.276443,48.867275],[-123.276474,48.867211],[-123.276523,48.867063],[-123.276529,48.866911],[-123.27649,48.866762],[-123.276408,48.86662],[-123.276286,48.866492],[-123.276129,48.866381],[-123.275942,48.866292],[-123.275733,48.866228],[-123.27551,48.866191],[-123.27528,48.866184],[-123.275052,48.866206],[-123.274834,48.866256],[-123.274635,48.866333],[-123.274525,48.866385],[-123.27442,48.866425],[-123.274363,48.866438],[-123.274303,48.866442],[-123.274244,48.866439],[-123.274187,48.866427],[-123.27408,48.866389],[-123.267026,48.863189],[-123.266819,48.863114],[-123.266593,48.863067],[-123.266358,48.86305],[-123.266122,48.863064],[-123.265895,48.863109],[-123.265686,48.863182],[-123.265502,48.86328],[-123.265352,48.863401],[-123.265241,48.863539],[-123.26521,48.86359],[-123.265179,48.86362],[-123.265141,48.863647],[-123.265096,48.863668],[-123.265045,48.863683],[-123.264936,48.8637],[-123.263644,48.86382],[-123.26354,48.863823],[-123.263489,48.863819],[-123.263439,48.863809],[-123.263347,48.863778],[-123.256362,48.860893],[-123.256285,48.860855],[-123.256218,48.860809],[-123.255534,48.860258],[-123.25539,48.86016],[-123.255222,48.86008],[-123.24597,48.85643],[-123.245871,48.856381],[-123.245831,48.856351],[-123.245802,48.856316],[-123.245784,48.856278],[-123.245778,48.856238],[-123.245785,48.856199],[-123.245823,48.856122],[-123.245847,48.856088],[-123.245926,48.855928],[-123.245953,48.855761],[-123.245924,48.855594],[-123.245843,48.855435],[-123.245684,48.855208],[-123.245645,48.855134],[-123.245637,48.855096],[-123.245642,48.855058],[-123.245657,48.85502],[-123.245684,48.854986],[-123.24572,48.854956],[-123.245765,48.854931],[-123.245869,48.854894],[-123.246413,48.854743],[-123.246517,48.854721],[-123.246571,48.854717],[-123.246625,48.854719],[-123.246731,48.854736],[-123.255002,48.856641],[-123.255165,48.856692],[-123.257462,48.857595],[-123.257579,48.85765],[-123.262259,48.860245],[-123.26245,48.860332],[-123.262663,48.860392],[-123.26289,48.860425],[-123.263121,48.860428],[-123.26335,48.860401],[-123.266455,48.859832],[-123.266586,48.859819],[-123.266651,48.859821],[-123.266778,48.859846],[-123.269174,48.860514],[-123.269393,48.860559],[-123.269621,48.860576],[-123.26985,48.860564],[-123.270071,48.860524],[-123.270276,48.860456],[-123.270458,48.860364],[-123.270609,48.860251],[-123.270645,48.86021],[-123.270726,48.860139],[-123.270772,48.860113],[-123.270825,48.860093],[-123.270943,48.860069],[-123.271574,48.859987],[-123.271811,48.859939],[-123.272027,48.859859],[-123.272214,48.859752],[-123.272364,48.859622],[-123.272469,48.859475],[-123.272509,48.8594],[-123.272562,48.859257],[-123.272574,48.85911],[-123.272545,48.858964],[-123.272474,48.858825],[-123.272365,48.858696],[-123.272222,48.858583],[-123.272048,48.85849],[-123.267823,48.856615],[-123.267731,48.856565],[-123.267659,48.856505],[-123.267607,48.85645],[-123.267457,48.856344],[-123.26728,48.856257],[-123.267082,48.856193],[-123.26687,48.856155],[-123.266713,48.856146],[-123.266628,48.856135],[-123.266521,48.856107],[-123.258589,48.853394],[-123.25851,48.853363],[-123.243736,48.846966],[-123.243643,48.846916],[-123.243606,48.846886],[-123.243578,48.846851],[-123.243562,48.846814],[-123.243558,48.846775],[-123.243565,48.846737],[-123.243604,48.846662],[-123.243855,48.846302],[-123.243912,48.846238],[-123.243949,48.84621],[-123.243993,48.846187],[-123.244043,48.84617],[-123.244097,48.84616],[-123.244211,48.846154],[-123.245423,48.846163],[-123.245542,48.846172],[-123.245657,48.846197],[-123.248211,48.846943],[-123.248454,48.846995],[-123.248708,48.847011],[-123.248962,48.846991],[-123.249204,48.846936],[-123.249422,48.846849],[-123.24965,48.846734],[-123.24981,48.846637],[-123.24994,48.846523],[-123.250647,48.845769],[-123.250757,48.845617],[-123.250816,48.845454],[-123.25082,48.845285],[-123.25077,48.84512],[-123.250587,48.844738],[-123.250503,48.844605],[-123.250383,48.844485],[-123.250233,48.844382],[-123.250056,48.844298],[-123.249824,48.844207],[-123.249738,48.844166],[-123.249701,48.844142],[-123.249672,48.844113],[-123.249651,48.844081],[-123.249627,48.844014],[-123.249203,48.842106],[-123.249143,48.841951],[-123.249037,48.841806],[-123.248888,48.841679],[-123.248404,48.841344],[-123.248332,48.841282],[-123.248306,48.841247],[-123.248291,48.84121],[-123.248284,48.841132],[-123.248431,48.838872],[-123.248422,48.838737],[-123.248378,48.838605],[-123.248292,48.838424],[-123.24821,48.838292],[-123.248093,48.838173],[-123.247945,48.838069],[-123.247772,48.837985],[-123.246755,48.837578],[-123.246662,48.837532],[-123.246584,48.837475],[-123.246142,48.837076],[-123.246085,48.837012],[-123.246066,48.836978],[-123.246057,48.836942],[-123.246062,48.836863],[-123.246075,48.836791],[-123.246059,48.836638],[-123.245998,48.83649],[-123.245894,48.836352],[-123.245752,48.83623],[-123.244909,48.835641],[-123.244843,48.835585],[-123.244819,48.835554],[-123.244803,48.835521],[-123.244796,48.835486],[-123.2448,48.835451],[-123.244825,48.835383],[-123.245069,48.834912],[-123.245116,48.834844],[-123.245149,48.834814],[-123.245189,48.834788],[-123.245286,48.834748],[-123.246098,48.834475],[-123.24631,48.834385],[-123.246487,48.834267],[-123.246623,48.834128],[-123.246712,48.833973],[-123.246749,48.833809],[-123.246757,48.833699],[-123.246738,48.833521],[-123.246658,48.83335],[-123.246007,48.83237],[-123.245974,48.832305],[-123.245959,48.832237],[-123.245856,48.831112],[-123.245861,48.831032],[-123.245876,48.830994],[-123.245902,48.830958],[-123.245938,48.830927],[-123.245984,48.830902],[-123.246037,48.830883],[-123.246153,48.830859],[-123.25112,48.83022],[-123.251374,48.830167],[-123.251604,48.830079],[-123.252958,48.829417],[-123.253137,48.829309],[-123.253279,48.82918],[-123.253378,48.829034],[-123.253431,48.828878],[-123.253435,48.828718],[-123.25339,48.828561],[-123.253297,48.828414],[-123.253161,48.828281],[-123.252987,48.82817],[-123.252907,48.828128],[-123.252697,48.82804],[-123.248422,48.826641],[-123.248337,48.826607],[-123.248291,48.82658],[-123.2481,48.826492],[-123.247887,48.826429],[-123.247659,48.826396],[-123.247426,48.826391],[-123.247196,48.826417],[-123.246978,48.826472],[-123.246867,48.826508],[-123.246756,48.826536],[-123.246698,48.826542],[-123.246639,48.826541],[-123.246523,48.826522],[-123.245998,48.826399],[-123.245888,48.826364],[-123.24584,48.82634],[-123.245801,48.82631],[-123.245741,48.82624],[-123.245482,48.825843],[-123.245364,48.825703],[-123.245205,48.825582],[-123.245012,48.825484],[-123.244769,48.825386],[-123.244683,48.825344],[-123.244647,48.825318],[-123.244579,48.825247],[-123.244442,48.82513],[-123.244274,48.825033],[-123.244081,48.824957],[-123.243871,48.824907],[-123.24365,48.824884],[-123.243426,48.824888],[-123.243207,48.824919],[-123.243153,48.82493],[-123.239464,48.825445],[-123.239359,48.825453],[-123.239307,48.825451],[-123.239204,48.825435],[-123.231714,48.823769],[-123.231601,48.823735],[-123.231552,48.823711],[-123.23147,48.82365],[-123.230574,48.822818],[-123.230512,48.822745],[-123.230475,48.822664],[-123.229986,48.820941],[-123.229976,48.820871],[-123.229981,48.820836],[-123.229995,48.820802],[-123.230018,48.820771],[-123.230081,48.820714],[-123.231714,48.819487],[-123.231865,48.819344],[-123.231965,48.819183],[-123.232201,48.818636],[-123.232243,48.818475],[-123.232234,48.818313],[-123.232175,48.818155],[-123.232068,48.818008],[-123.231917,48.817879],[-123.231375,48.817504],[-123.231302,48.817442],[-123.231276,48.817408],[-123.231261,48.817371],[-123.231258,48.817333],[-123.231274,48.817255],[-123.231283,48.817231],[-123.231316,48.817078],[-123.231302,48.816923],[-123.231243,48.816773],[-123.23114,48.816634],[-123.230924,48.816402],[-123.23078,48.816278],[-123.230601,48.816174],[-123.227773,48.814842],[-123.227687,48.814792],[-123.227652,48.814763],[-123.227627,48.81473],[-123.227612,48.814694],[-123.227603,48.814619],[-123.227611,48.814308],[-123.227625,48.814227],[-123.227645,48.814189],[-123.227676,48.814155],[-123.227718,48.814125],[-123.227767,48.814102],[-123.227823,48.814086],[-123.227944,48.81407],[-123.228954,48.814009],[-123.22909,48.814011],[-123.229222,48.814033],[-123.240204,48.816823],[-123.240306,48.816857],[-123.24035,48.816879],[-123.240426,48.816936],[-123.242172,48.818529],[-123.242193,48.818553],[-123.242333,48.818684],[-123.24251,48.818793],[-123.242717,48.818877],[-123.242945,48.818931],[-123.243185,48.818954],[-123.243428,48.818944],[-123.243662,48.818902],[-123.243878,48.81883],[-123.244796,48.818443],[-123.244886,48.818412],[-123.244934,48.818401],[-123.244984,48.818397],[-123.245086,48.818399],[-123.251127,48.818871],[-123.251269,48.81889],[-123.254953,48.819587],[-123.255246,48.819617],[-123.258493,48.819682],[-123.258622,48.819694],[-123.258744,48.819724],[-123.263719,48.821389],[-123.263807,48.821425],[-123.263883,48.821471],[-123.266317,48.82318],[-123.266492,48.823281],[-123.266694,48.823358],[-123.266915,48.823407],[-123.267146,48.823428],[-123.269082,48.823472],[-123.269197,48.823482],[-123.269306,48.823507],[-123.271086,48.824036],[-123.271279,48.824081],[-123.271481,48.824103],[-123.271686,48.824102],[-123.271888,48.824079],[-123.273012,48.823879],[-123.273114,48.823867],[-123.273165,48.823867],[-123.273215,48.823873],[-123.273312,48.823896],[-123.277327,48.825114],[-123.277556,48.825166],[-123.277797,48.825186],[-123.278039,48.825174],[-123.278272,48.82513],[-123.278486,48.825055],[-123.278674,48.824954],[-123.278675,48.824953],[-123.278823,48.824834],[-123.278933,48.824698],[-123.279,48.82455],[-123.279022,48.824397],[-123.278999,48.824244],[-123.27893,48.824096],[-123.278819,48.823961],[-123.278544,48.823691],[-123.27849,48.823625],[-123.278473,48.82359],[-123.278467,48.823554],[-123.278471,48.823517],[-123.278486,48.823482],[-123.27851,48.823449],[-123.278544,48.82342],[-123.278585,48.823395],[-123.278682,48.823357],[-123.279152,48.823208],[-123.279253,48.823184],[-123.279305,48.823177],[-123.279358,48.823178],[-123.27941,48.823184],[-123.279511,48.823209],[-123.282844,48.824292],[-123.283033,48.824374],[-123.284092,48.824977],[-123.28417,48.825031],[-123.284201,48.825062],[-123.284221,48.825097],[-123.284242,48.82517],[-123.284289,48.825517],[-123.284331,48.825664],[-123.284414,48.825804],[-123.284536,48.82593],[-123.284692,48.826039],[-123.284876,48.826126],[-123.285325,48.826299],[-123.285567,48.82637],[-123.285826,48.826404],[-123.28609,48.826399],[-123.287463,48.826275],[-123.287714,48.826233],[-123.287946,48.826157],[-123.288921,48.825745],[-123.289021,48.825711],[-123.289074,48.825701],[-123.289129,48.825697],[-123.28924,48.825704],[-123.291,48.82592],[-123.291107,48.82594],[-123.291156,48.825956],[-123.291199,48.825978],[-123.291236,48.826005],[-123.291264,48.826036],[-123.291283,48.82607],[-123.291302,48.826142],[-123.29131,48.826215],[-123.291349,48.826364],[-123.29143,48.826505],[-123.29155,48.826633],[-123.291706,48.826744],[-123.29189,48.826833],[-123.29197,48.826864],[-123.292155,48.826923],[-123.292351,48.82696],[-123.29435,48.827218],[-123.29459,48.827233],[-123.294829,48.827216],[-123.295058,48.827167],[-123.296173,48.826846],[-123.296291,48.826822],[-123.296352,48.826818],[-123.296475,48.826827],[-123.297421,48.826963],[-123.297623,48.82698],[-123.297827,48.826975],[-123.298027,48.826946],[-123.299181,48.826713],[-123.299286,48.826698],[-123.299339,48.826697],[-123.299391,48.826702],[-123.299492,48.826726],[-123.305554,48.828533],[-123.305819,48.828589],[-123.307467,48.828799],[-123.307582,48.828822],[-123.307634,48.828841],[-123.30768,48.828866],[-123.307754,48.828928],[-123.308065,48.829247],[-123.308224,48.829378],[-123.308422,48.829483],[-123.30865,48.829559],[-123.308896,48.829601],[-123.309812,48.82969],[-123.309931,48.82971],[-123.309985,48.829727],[-123.310032,48.829751],[-123.310071,48.829782],[-123.3101,48.829816],[-123.310135,48.829894],[-123.310148,48.829938],[-123.310214,48.830088],[-123.310324,48.830226],[-123.310474,48.830347],[-123.310657,48.830446],[-123.311535,48.830833],[-123.311739,48.830906],[-123.312661,48.831159],[-123.312892,48.831205],[-123.313132,48.831219],[-123.313372,48.831202],[-123.313601,48.831153],[-123.313811,48.831075],[-123.313993,48.83097],[-123.314139,48.830844],[-123.314244,48.830701],[-123.314303,48.830547],[-123.314325,48.830444],[-123.314344,48.830409],[-123.314372,48.830377],[-123.314409,48.83035],[-123.314453,48.830327],[-123.314503,48.83031],[-123.314613,48.83029],[-123.31525,48.830213],[-123.315363,48.830207],[-123.315419,48.830211],[-123.315528,48.830233],[-123.320739,48.831661],[-123.320963,48.831706],[-123.327405,48.83256],[-123.32751,48.832581],[-123.327557,48.832597],[-123.3276,48.832619],[-123.327673,48.832672],[-123.328416,48.833333],[-123.328474,48.833397],[-123.328494,48.833432],[-123.328503,48.833468],[-123.328501,48.833505],[-123.328488,48.833541],[-123.328465,48.833575],[-123.328433,48.833605],[-123.328392,48.833631],[-123.328345,48.833651],[-123.328293,48.833665],[-123.328238,48.833672],[-123.328182,48.833672],[-123.327943,48.833688],[-123.327713,48.833735],[-123.327502,48.833811],[-123.327319,48.833914],[-123.327171,48.834038],[-123.327063,48.83418],[-123.327001,48.834333],[-123.326987,48.834491],[-123.327022,48.834648],[-123.327103,48.834797],[-123.327115,48.834814],[-123.327129,48.83485],[-123.327133,48.834888],[-123.327125,48.834925],[-123.327106,48.83496],[-123.327078,48.834993],[-123.32704,48.835021],[-123.326995,48.835044],[-123.326944,48.83506],[-123.326889,48.83507],[-123.326774,48.835075],[-123.324667,48.835037],[-123.324577,48.835031],[-123.324489,48.835016],[-123.324041,48.834914],[-123.323818,48.834878],[-123.323589,48.834872],[-123.323361,48.834894],[-123.323145,48.834944],[-123.322947,48.835021],[-123.322775,48.835122],[-123.322636,48.835242],[-123.322534,48.835377],[-123.322473,48.835523],[-123.322456,48.835674],[-123.322483,48.835824],[-123.322554,48.835968],[-123.322665,48.8361],[-123.322812,48.836216],[-123.32299,48.836312],[-123.324092,48.836793],[-123.324189,48.836846],[-123.324227,48.836878],[-123.324254,48.836914],[-123.324269,48.836954],[-123.324272,48.837018],[-123.3243,48.837164],[-123.324368,48.837304],[-123.324475,48.837433],[-123.324617,48.837546],[-123.324788,48.837641],[-123.324983,48.837713],[-123.332902,48.840016],[-123.332994,48.84005],[-123.333035,48.840071],[-123.333069,48.840097],[-123.333122,48.840157],[-123.334444,48.84198],[-123.334484,48.842054],[-123.334492,48.842092],[-123.334489,48.842131],[-123.334474,48.842168],[-123.334447,48.842203],[-123.334411,48.842233],[-123.33432,48.842284],[-123.333082,48.842848],[-123.332972,48.842887],[-123.332914,48.842899],[-123.332852,48.842902],[-123.332729,48.842891],[-123.324881,48.841648],[-123.324646,48.841627],[-123.324409,48.841636],[-123.324179,48.841677],[-123.323966,48.841747],[-123.323802,48.841814],[-123.32369,48.841851],[-123.32363,48.84186],[-123.323569,48.841862],[-123.323446,48.841847],[-123.323193,48.841799],[-123.322956,48.84177],[-123.322714,48.841773],[-123.322479,48.841808],[-123.322259,48.841873],[-123.322064,48.841966],[-123.321901,48.842084],[-123.321777,48.84222],[-123.321697,48.84237],[-123.321665,48.842527],[-123.321681,48.842686],[-123.321746,48.842839],[-123.321856,48.84298],[-123.322006,48.843104],[-123.322919,48.843715],[-123.323068,48.8438],[-123.323236,48.843867],[-123.323419,48.843915],[-123.324333,48.844101],[-123.324438,48.84413],[-123.324485,48.84415],[-123.324525,48.844176],[-123.324557,48.844207],[-123.324602,48.844276],[-123.324766,48.844613],[-123.324791,48.844688],[-123.324792,48.844726],[-123.324782,48.844763],[-123.32476,48.844798],[-123.324707,48.844853],[-123.324599,48.844991],[-123.324535,48.84514],[-123.324516,48.845295],[-123.324545,48.845449],[-123.324559,48.845492],[-123.324616,48.845612],[-123.324701,48.845726],[-123.325937,48.847081],[-123.326126,48.847238],[-123.328169,48.848554],[-123.328323,48.848637],[-123.328495,48.848703],[-123.330629,48.849364],[-123.330793,48.84943],[-123.335679,48.851897],[-123.335907,48.851987],[-123.341576,48.853707],[-123.341669,48.853742],[-123.341751,48.853788],[-123.342822,48.854505],[-123.342895,48.854564],[-123.342921,48.854597],[-123.342938,48.854633],[-123.342949,48.854708],[-123.342949,48.854753],[-123.342971,48.854906],[-123.343039,48.855052],[-123.343148,48.855188],[-123.343295,48.855306],[-123.343474,48.855404],[-123.343679,48.855477],[-123.343901,48.855523],[-123.344133,48.855539],[-123.344798,48.855543],[-123.344925,48.855553],[-123.344984,48.855566],[-123.345038,48.855588],[-123.34513,48.855645],[-123.346092,48.856395],[-123.346156,48.856456],[-123.346178,48.856489],[-123.346191,48.856525],[-123.346193,48.856561]],[[-123.3277465,48.8079359],[-123.3277444,48.8079776],[-123.3277298,48.8080182],[-123.3277032,48.8080561],[-123.3276657,48.8080897],[-123.3276189,48.8081178],[-123.3275645,48.8081392],[-123.3275047,48.808153],[-123.327442,48.8081587],[-123.3273137,48.8081535],[-123.3230718,48.8076958],[-123.3228039,48.8076855],[-123.3225386,48.8077117],[-123.3222871,48.8077734],[-123.3213076,48.8080934],[-123.3211964,48.8081216],[-123.3211385,48.8081287],[-123.3210193,48.8081284],[-123.3201114,48.808071],[-123.3198486,48.8080721],[-123.3195916,48.808108],[-123.3193509,48.8081774],[-123.3191364,48.8082773],[-123.318957,48.8084038],[-123.31882,48.8085515],[-123.3187311,48.8087143],[-123.318694,48.8088856],[-123.3187101,48.8090583],[-123.3188874,48.8097675],[-123.3188946,48.8098633],[-123.3188819,48.8099097],[-123.3188244,48.809998],[-123.3187545,48.8100785],[-123.3186486,48.8102352],[-123.3185925,48.8104026],[-123.3185884,48.8105741],[-123.3186364,48.8107426],[-123.3187347,48.8109013],[-123.3188792,48.811044],[-123.3190641,48.8111647],[-123.3191665,48.8112192],[-123.3192525,48.8112745],[-123.3192865,48.8113065],[-123.3193109,48.8113421],[-123.3193248,48.8113801],[-123.3193277,48.8114192],[-123.3193196,48.8114579],[-123.3192814,48.8115329],[-123.3192216,48.8116216],[-123.3191393,48.8117881],[-123.3191105,48.8119622],[-123.3191362,48.8121365],[-123.3192155,48.8123037],[-123.319345,48.8124567],[-123.3195192,48.812589],[-123.3197308,48.8126951],[-123.3228948,48.8139664],[-123.3229947,48.8140159],[-123.3230359,48.8140462],[-123.3230675,48.8140812],[-123.3230881,48.8141195],[-123.3231064,48.814201],[-123.3231176,48.8143502],[-123.3231587,48.8145251],[-123.3232537,48.8146906],[-123.3233985,48.8148397],[-123.323587,48.8149659],[-123.323811,48.8150637],[-123.3247617,48.815391],[-123.3248705,48.8154383],[-123.3249159,48.8154682],[-123.3249512,48.8155036],[-123.3249749,48.8155429],[-123.3249862,48.8155845],[-123.3249844,48.8156268],[-123.3249698,48.815668],[-123.3249428,48.8157064],[-123.3248594,48.8157807],[-123.3247292,48.8159245],[-123.3246442,48.8160822],[-123.3246075,48.8162479],[-123.3246208,48.8164151],[-123.3246834,48.8165773],[-123.3247278,48.8166581],[-123.3247372,48.8166978],[-123.3247348,48.816738],[-123.3247178,48.8167859],[-123.3246439,48.8169311],[-123.3246121,48.8171],[-123.3246318,48.8172697],[-123.3247024,48.8174335],[-123.324821,48.8175848],[-123.3249828,48.8177175],[-123.3251815,48.8178264],[-123.3254091,48.8179072],[-123.3274139,48.8184566],[-123.3275281,48.8184972],[-123.3275771,48.8185243],[-123.3276169,48.8185573],[-123.3276459,48.8185948],[-123.3276627,48.8186355],[-123.3276669,48.8186775],[-123.3276492,48.8187621],[-123.3274708,48.8192463],[-123.3274249,48.8193307],[-123.3273895,48.8193681],[-123.3273429,48.8193999],[-123.3272431,48.8194439],[-123.3270871,48.8194982],[-123.3268734,48.8196173],[-123.3267037,48.819764],[-123.3264082,48.8200863],[-123.3263375,48.8201494],[-123.3262944,48.8201758],[-123.3262448,48.8201966],[-123.3261901,48.8202109],[-123.3261324,48.8202184],[-123.3260133,48.8202192],[-123.32493,48.8201597],[-123.3246828,48.8201617],[-123.3244406,48.8201947],[-123.3242123,48.8202573],[-123.3240063,48.8203474],[-123.32383,48.8204616],[-123.32369,48.8205958],[-123.3235912,48.8207451],[-123.3235832,48.8207688],[-123.3235317,48.8208732],[-123.3235026,48.820908],[-123.3234754,48.8209295],[-123.3233414,48.8210579],[-123.3232451,48.8212002],[-123.3231897,48.8213516],[-123.3231771,48.8215072],[-123.3231831,48.8215376],[-123.3231862,48.8216368],[-123.3231747,48.821678],[-123.323151,48.8217169],[-123.323116,48.8217519],[-123.3230248,48.8218121],[-123.3223612,48.8221701],[-123.3222634,48.8222136],[-123.3222099,48.822229],[-123.322153,48.8222376],[-123.322035,48.822241],[-123.3137827,48.8219789],[-123.3134837,48.8219923],[-123.3105443,48.8223516],[-123.3104133,48.8223586],[-123.3102829,48.822348],[-123.3068345,48.8218264],[-123.3067241,48.8218026],[-123.3066736,48.8217846],[-123.3066289,48.8217609],[-123.3065913,48.8217323],[-123.3065324,48.8216665],[-123.305845,48.8207111],[-123.3057132,48.8205668],[-123.3055409,48.8204423],[-123.3053347,48.8203426],[-123.3051029,48.8202715],[-123.3048543,48.8202318],[-123.3045987,48.820225],[-123.3039447,48.8202503],[-123.3038144,48.8202466],[-123.303752,48.8202363],[-123.3036941,48.8202179],[-123.3035904,48.8201657],[-123.3031376,48.8198858],[-123.3030502,48.8198193],[-123.3030184,48.8197814],[-123.3029793,48.8196972],[-123.3025308,48.8181834],[-123.3024536,48.8180163],[-123.3023263,48.8178631],[-123.3021542,48.8177301],[-123.3009108,48.8169481],[-123.3007135,48.8168461],[-123.3004901,48.8167711],[-123.3002489,48.8167259],[-123.299999,48.8167121],[-123.2997498,48.8167303],[-123.2995105,48.8167798],[-123.2992902,48.8168587],[-123.2958017,48.8184141],[-123.2956962,48.8184522],[-123.2956398,48.8184643],[-123.2955808,48.8184693],[-123.2954608,48.8184646],[-123.2896859,48.8178783],[-123.2895409,48.8178519],[-123.2894093,48.8178039],[-123.2856222,48.8160126],[-123.2855453,48.8159698],[-123.2854795,48.8159198],[-123.2826389,48.8133842],[-123.2824395,48.8132429],[-123.2793697,48.8115103],[-123.2792792,48.8114475],[-123.279245,48.8114113],[-123.2792228,48.8113712],[-123.2792134,48.811329],[-123.2792172,48.8112865],[-123.2792341,48.8112453],[-123.2792634,48.8112072],[-123.2793037,48.8111739],[-123.2793524,48.8111473],[-123.2795302,48.811029],[-123.2796697,48.8108902],[-123.2797656,48.8107362],[-123.2798142,48.8105729],[-123.2798137,48.8104064],[-123.2797642,48.8102432],[-123.2796674,48.8100895],[-123.2795271,48.809951],[-123.2793487,48.8098331],[-123.2791948,48.8097651],[-123.2791199,48.8097229],[-123.2790791,48.8096875],[-123.2790212,48.8096055],[-123.2788644,48.809302],[-123.2787586,48.8091489],[-123.2786093,48.8090124],[-123.2784223,48.8088979],[-123.2782047,48.8088098],[-123.2779651,48.8087516],[-123.2771872,48.8086181],[-123.2770558,48.8085851],[-123.2769981,48.8085599],[-123.2769004,48.8084933],[-123.276371,48.808042],[-123.2763065,48.8079749],[-123.2762847,48.8079384],[-123.2762735,48.8078999],[-123.2762734,48.8078607],[-123.2762844,48.8078222],[-123.2763061,48.8077857],[-123.2763378,48.8077525],[-123.2763783,48.8077237],[-123.2764262,48.8077005],[-123.2765349,48.8076662],[-123.2765364,48.8076658],[-123.2767513,48.8075982],[-123.2769437,48.8075059],[-123.2771072,48.8073919],[-123.2772362,48.8072601],[-123.2773264,48.807115],[-123.2773747,48.8069614],[-123.2773796,48.8068047],[-123.2773407,48.80665],[-123.2773063,48.8065634],[-123.2773024,48.8065236],[-123.27731,48.806484],[-123.2773289,48.8064461],[-123.2773584,48.8064112],[-123.2773974,48.8063807],[-123.277493,48.8063297],[-123.2776756,48.8062106],[-123.277819,48.8060702],[-123.2779174,48.8059138],[-123.277967,48.8057478],[-123.2779658,48.8055785],[-123.2779139,48.8054127],[-123.2778133,48.805257],[-123.2776679,48.8051174],[-123.2756744,48.8035601],[-123.2756017,48.8034902],[-123.2755468,48.8034045],[-123.2754212,48.8032535],[-123.2752521,48.8031222],[-123.2750465,48.803016],[-123.2748126,48.8029391],[-123.27456,48.8028947],[-123.2744384,48.8028818],[-123.2743175,48.8028517],[-123.2730861,48.8024483],[-123.2728432,48.8023879],[-123.272587,48.8023607],[-123.2723277,48.8023676],[-123.2718174,48.8024153],[-123.2716935,48.8024189],[-123.2716329,48.8024129],[-123.2715753,48.8023994],[-123.2715226,48.8023789],[-123.27143,48.8023246],[-123.2686633,48.800355],[-123.2684109,48.8002159],[-123.2655977,48.79903],[-123.2654028,48.7989215],[-123.2631412,48.7972802],[-123.2630543,48.7972],[-123.2629979,48.7971089],[-123.2629196,48.7969225],[-123.262821,48.7967571],[-123.2626724,48.7966088],[-123.2624805,48.796484],[-123.2622534,48.7963881],[-123.259925,48.7956171],[-123.2598297,48.7955784],[-123.2597461,48.7955294],[-123.2558021,48.7927794],[-123.2556774,48.7926715],[-123.2542935,48.7911643],[-123.2542302,48.7910718],[-123.2542022,48.7909721],[-123.2540471,48.7893433],[-123.2540069,48.7891795],[-123.2539194,48.789024],[-123.2522785,48.7867997],[-123.2522285,48.7867179],[-123.2507899,48.7838014],[-123.2507517,48.7836925],[-123.2503887,48.7819823],[-123.2503838,48.7818968],[-123.2504051,48.7818123],[-123.2505855,48.7813758],[-123.2506253,48.7812314],[-123.250627,48.7810847],[-123.2505905,48.78094],[-123.2502908,48.7801695],[-123.2502113,48.7800224],[-123.2500923,48.7798874],[-123.249938,48.7797689],[-123.2497535,48.779671],[-123.2445275,48.7773823],[-123.2444239,48.7773258],[-123.2443404,48.7772562],[-123.243671,48.7765597],[-123.243614,48.7764849],[-123.2435974,48.7764451],[-123.243593,48.7764039],[-123.2436093,48.7763208],[-123.2443196,48.7742977],[-123.2443513,48.7741484],[-123.2443426,48.7739978],[-123.2443061,48.7738088],[-123.2442572,48.7736613],[-123.2441695,48.7735219],[-123.244046,48.7733947],[-123.2438903,48.773284],[-123.2437075,48.7731931],[-123.2403024,48.7717929],[-123.240203,48.7717425],[-123.2401622,48.7717119],[-123.2401312,48.7716766],[-123.2400907,48.7715984],[-123.239992,48.771323],[-123.2398972,48.7711472],[-123.2397467,48.7709892],[-123.2395476,48.7708565],[-123.2392971,48.7707227],[-123.2392052,48.7706626],[-123.2391698,48.7706275],[-123.2391459,48.7705885],[-123.2391342,48.7705471],[-123.2391354,48.7705051],[-123.2391494,48.770464],[-123.2391756,48.7704256],[-123.2392513,48.7703564],[-123.2399443,48.7698411],[-123.2400403,48.7697828],[-123.2400954,48.769761],[-123.2401561,48.769747],[-123.2402198,48.7697414],[-123.2402839,48.7697443],[-123.2403459,48.7697557],[-123.240403,48.7697751],[-123.240453,48.7698018],[-123.2404938,48.7698345],[-123.2405853,48.769949],[-123.2405894,48.7699475],[-123.2406537,48.7700286],[-123.2408133,48.7701592],[-123.2410086,48.7702666],[-123.241232,48.7703468],[-123.2414749,48.7703966],[-123.2416244,48.7704169],[-123.2418642,48.7704343],[-123.2421048,48.7704221],[-123.2423378,48.7703806],[-123.242555,48.7703114],[-123.2434338,48.769961],[-123.243557,48.769923],[-123.2436222,48.7699131],[-123.2436891,48.7699125],[-123.2438224,48.7699302],[-123.2457404,48.7703273],[-123.2459723,48.7703603],[-123.2462094,48.7703648],[-123.248015,48.7702899],[-123.2481434,48.7702931],[-123.248205,48.7703029],[-123.2482624,48.7703206],[-123.2483657,48.7703711],[-123.2489515,48.7707226],[-123.2491568,48.7708233],[-123.2493882,48.7708953],[-123.2496366,48.7709359],[-123.2527278,48.7712315],[-123.2528791,48.7712587],[-123.2530157,48.7713094],[-123.2546105,48.7720831],[-123.2548099,48.7721626],[-123.2550276,48.7722173],[-123.2552568,48.7722453],[-123.2581443,48.7724237],[-123.2582729,48.7724405],[-123.2583325,48.7724571],[-123.2583856,48.7724813],[-123.2584762,48.7725439],[-123.259024,48.7730095],[-123.2591916,48.773127],[-123.2593898,48.7732217],[-123.2596115,48.7732901],[-123.2598487,48.7733297],[-123.2600931,48.7733391],[-123.2603358,48.7733181],[-123.2605681,48.7732673],[-123.2606918,48.7732314],[-123.2607537,48.7732225],[-123.2608822,48.7732213],[-123.2619881,48.7732837],[-123.2621236,48.7733012],[-123.2622504,48.7733373],[-123.2636776,48.7738714],[-123.263792,48.773926],[-123.263838,48.7739603],[-123.2638715,48.7740003],[-123.2639109,48.7740897],[-123.2643252,48.7756558],[-123.2643822,48.7757976],[-123.2644753,48.775931],[-123.2646016,48.7760518],[-123.2663764,48.7774701],[-123.2665746,48.7775978],[-123.2668095,48.7776947],[-123.2670703,48.7777564],[-123.268807,48.7780334],[-123.2690343,48.7780558],[-123.2692641,48.7780513],[-123.269489,48.7780202],[-123.269702,48.7779633],[-123.2698964,48.7778824],[-123.2709457,48.7773547],[-123.2710474,48.7773128],[-123.2711025,48.7772986],[-123.2711607,48.7772914],[-123.2712199,48.7772915],[-123.271338,48.7773062],[-123.2715967,48.7773211],[-123.2718547,48.7773016],[-123.2721016,48.7772485],[-123.2723274,48.7771641],[-123.2725231,48.7770516],[-123.2726808,48.7769156],[-123.2727941,48.7767616],[-123.2728585,48.7765958],[-123.2728713,48.7764249],[-123.2728321,48.7762557],[-123.2728266,48.7762418],[-123.2728233,48.7762005],[-123.2728323,48.7761595],[-123.2728535,48.7761205],[-123.2728859,48.776085],[-123.2729719,48.776023],[-123.2732974,48.7758307],[-123.273497,48.7756816],[-123.2736388,48.7755061],[-123.2744101,48.7742051],[-123.2744914,48.7739857],[-123.2746038,48.7732942],[-123.2746037,48.7731116],[-123.2745446,48.7729332],[-123.2744292,48.7727672],[-123.2742628,48.7726212],[-123.274053,48.7725019],[-123.2699853,48.7706488],[-123.2697491,48.7705636],[-123.259633,48.7677726],[-123.2595233,48.7677337],[-123.2594758,48.767708],[-123.2594367,48.7676767],[-123.2594075,48.7676411],[-123.2593893,48.7676024],[-123.259376,48.7675208],[-123.2593672,48.7669536],[-123.2593781,48.7668717],[-123.2593951,48.7668328],[-123.2594296,48.7667886],[-123.2595467,48.7666695],[-123.2596386,48.7665208],[-123.2596865,48.7663633],[-123.2596887,48.7662027],[-123.2596452,48.7660447],[-123.2595576,48.7658948],[-123.2594288,48.7657585],[-123.2592636,48.7656404],[-123.2590677,48.7655449],[-123.2588481,48.7654753],[-123.2574155,48.7651264],[-123.25737815120554,48.76511405789446],[-123.257879,48.76581],[-123.257905,48.765857],[-123.257911,48.765881],[-123.257909,48.765931],[-123.257858,48.766209],[-123.25784,48.766262],[-123.257813,48.766302],[-123.25776,48.766405],[-123.257741,48.766513],[-123.257755,48.766621],[-123.257802,48.766725],[-123.25788,48.76682],[-123.257986,48.766904],[-123.258116,48.766971],[-123.258207,48.767001],[-123.258206,48.767002],[-123.258317,48.767038],[-123.258349,48.767055],[-123.258376,48.767076],[-123.258395,48.7671],[-123.258419,48.767152],[-123.258484,48.76738],[-123.258491,48.76743],[-123.258487,48.767455],[-123.258477,48.767479],[-123.25846,48.767501],[-123.258437,48.767521],[-123.258408,48.767537],[-123.258376,48.76755],[-123.25834,48.767558],[-123.258265,48.767566],[-123.254824,48.767713],[-123.254762,48.767713],[-123.254701,48.767706],[-123.251249,48.767141],[-123.251117,48.767127],[-123.250985,48.767128],[-123.250854,48.767143],[-123.249966,48.767293],[-123.249875,48.767301],[-123.249783,48.767296],[-123.245783,48.766748],[-123.245697,48.76673],[-123.24562,48.766699],[-123.244443,48.766106],[-123.244276,48.766041],[-123.242133,48.765424],[-123.242066,48.765399],[-123.242007,48.765367],[-123.240248,48.76419],[-123.240156,48.764138],[-123.237515,48.762836],[-123.237383,48.762783],[-123.237237,48.762747],[-123.233828,48.762157],[-123.23375,48.762138],[-123.233716,48.762124],[-123.233656,48.762085],[-123.232458,48.761137],[-123.232364,48.761074],[-123.232255,48.761022],[-123.232135,48.760983],[-123.231032,48.760696],[-123.230839,48.760663],[-123.227954,48.760417],[-123.227875,48.760405],[-123.227801,48.760382],[-123.226461,48.759859],[-123.226317,48.759815],[-123.226163,48.759791],[-123.226004,48.759786],[-123.224392,48.759847],[-123.224229,48.759864],[-123.224074,48.759903],[-123.223461,48.760107],[-123.22338,48.760128],[-123.223337,48.760132],[-123.22325,48.760128],[-123.219339,48.759657],[-123.219234,48.759638],[-123.214485,48.758463],[-123.21431,48.758434],[-123.210221,48.758068],[-123.210127,48.758052],[-123.210042,48.758022],[-123.208744,48.757416],[-123.208608,48.757365],[-123.20846,48.757332],[-123.205562,48.756887],[-123.205487,48.75687],[-123.205453,48.756857],[-123.205423,48.75684],[-123.205375,48.756798],[-123.204855,48.756242],[-123.204748,48.756151],[-123.204613,48.756078],[-123.204458,48.756025],[-123.201545,48.755286],[-123.201471,48.755261],[-123.201439,48.755244],[-123.201386,48.755201],[-123.20123,48.755045],[-123.20113,48.754964],[-123.201009,48.754897],[-123.20087,48.754847],[-123.200719,48.754817],[-123.200582,48.754798],[-123.200498,48.75478],[-123.200461,48.754766],[-123.200429,48.754746],[-123.200379,48.754699],[-123.200054,48.754304],[-123.199959,48.754213],[-123.199837,48.754136],[-123.199694,48.754078],[-123.199536,48.754041],[-123.199279,48.754],[-123.199136,48.753986],[-123.198992,48.753989],[-123.198852,48.754008],[-123.198718,48.754044],[-123.19818,48.754228],[-123.198105,48.754247],[-123.198066,48.754252],[-123.198026,48.754251],[-123.197987,48.754246],[-123.197951,48.754235],[-123.197918,48.75422],[-123.197891,48.754201],[-123.19787,48.754178],[-123.197835,48.754117],[-123.197825,48.754092],[-123.197755,48.753998],[-123.197659,48.753915],[-123.19754,48.753846],[-123.197402,48.753793],[-123.197252,48.75376],[-123.197094,48.753746],[-123.196936,48.753753],[-123.196819,48.753766],[-123.196136,48.753793],[-123.196068,48.753792],[-123.196002,48.753784],[-123.190381,48.752737],[-123.19031,48.752718],[-123.190277,48.752705],[-123.190221,48.75267],[-123.189682,48.752268],[-123.189637,48.752228],[-123.189621,48.752206],[-123.189612,48.752182],[-123.189609,48.752157],[-123.189613,48.752133],[-123.189624,48.752109],[-123.189642,48.752087],[-123.189689,48.752048],[-123.189825,48.751955],[-123.189936,48.75186],[-123.190012,48.751751],[-123.190048,48.751634],[-123.190084,48.751372],[-123.19008,48.751252],[-123.190035,48.751136],[-123.189953,48.751029],[-123.189251,48.750334],[-123.189155,48.750256],[-123.18904,48.750192],[-123.188908,48.750143],[-123.188765,48.750111],[-123.187091,48.74985],[-123.186926,48.749807],[-123.186071,48.74948],[-123.186007,48.749449],[-123.18598,48.74943],[-123.185939,48.749386],[-123.185856,48.749274],[-123.185784,48.749196],[-123.185694,48.749127],[-123.185586,48.749069],[-123.185466,48.749024],[-123.184988,48.748881],[-123.184841,48.748847],[-123.184686,48.748833],[-123.184531,48.748839],[-123.18438,48.748865],[-123.184239,48.748909],[-123.184237,48.74891],[-123.184202,48.748918],[-123.184165,48.748922],[-123.184127,48.748922],[-123.184054,48.748912],[-123.182605,48.748616],[-123.182536,48.748597],[-123.182505,48.748584],[-123.182479,48.748567],[-123.182435,48.748528],[-123.181379,48.747354],[-123.181298,48.74728],[-123.181199,48.747216],[-123.181085,48.747164],[-123.18096,48.747126],[-123.178834,48.74662],[-123.178683,48.746567],[-123.176673,48.745601],[-123.176545,48.745551],[-123.176404,48.745517],[-123.176257,48.745501],[-123.17491,48.745436],[-123.174841,48.745429],[-123.174774,48.745414],[-123.173427,48.745015],[-123.17335,48.744985],[-123.173318,48.744966],[-123.173294,48.744942],[-123.173261,48.744887],[-123.173163,48.74465],[-123.17315,48.7446],[-123.173151,48.744574],[-123.173159,48.744549],[-123.173175,48.744525],[-123.173221,48.744481],[-123.173283,48.744432],[-123.173363,48.744331],[-123.173408,48.744221],[-123.173411,48.744182],[-123.173426,48.744117],[-123.173441,48.744091],[-123.173463,48.744068],[-123.173522,48.744028],[-123.17379,48.743882],[-123.173854,48.743854],[-123.173889,48.743844],[-123.173926,48.743838],[-123.174004,48.743837],[-123.175966,48.743933],[-123.176062,48.743946],[-123.17615,48.743973],[-123.176695,48.744198],[-123.176831,48.744243],[-123.176977,48.74427],[-123.180682,48.744723],[-123.180751,48.744736],[-123.180783,48.744746],[-123.180812,48.74476],[-123.180862,48.744794],[-123.181013,48.744919],[-123.181109,48.744985],[-123.18122,48.74504],[-123.181344,48.745081],[-123.181477,48.745107],[-123.183607,48.745402],[-123.183737,48.74543],[-123.185137,48.745856],[-123.185275,48.745888],[-123.18542,48.745904],[-123.186318,48.745944],[-123.18651,48.745938],[-123.186695,48.745901],[-123.187092,48.745787],[-123.187224,48.745739],[-123.187341,48.745675],[-123.187803,48.745369],[-123.187903,48.745288],[-123.187977,48.745196],[-123.188485,48.744381],[-123.188536,48.744261],[-123.188641,48.74382],[-123.18865,48.743714],[-123.188627,48.743609],[-123.188572,48.743509],[-123.188489,48.743418],[-123.188379,48.74334],[-123.188249,48.743278],[-123.186966,48.742788],[-123.186912,48.742763],[-123.186865,48.742733],[-123.186366,48.742359],[-123.186226,48.742276],[-123.18606,48.742216],[-123.182886,48.741379],[-123.182741,48.741324],[-123.181146,48.740512],[-123.181089,48.740477],[-123.181067,48.740457],[-123.18105,48.740434],[-123.181041,48.740409],[-123.181039,48.740384],[-123.181045,48.740358],[-123.181058,48.740334],[-123.181077,48.740312],[-123.181103,48.740293],[-123.181164,48.740262],[-123.182191,48.739838],[-123.182255,48.739817],[-123.182289,48.73981],[-123.182322,48.739807],[-123.182432,48.739812],[-123.182591,48.739809],[-123.182745,48.739785],[-123.18289,48.739742],[-123.183018,48.739681],[-123.183031,48.739673],[-123.183063,48.73966],[-123.183133,48.739643],[-123.183153,48.73964],[-123.183297,48.739604],[-123.183429,48.739551],[-123.183543,48.739482],[-123.183635,48.7394],[-123.183701,48.739308],[-123.18374,48.739209],[-123.183749,48.739108],[-123.183729,48.739007],[-123.18368,48.73891],[-123.183604,48.738821],[-123.183503,48.738744],[-123.183424,48.738694],[-123.183377,48.738658],[-123.18334,48.738617],[-123.182924,48.738043],[-123.182895,48.737991],[-123.18289,48.737964],[-123.182893,48.737937],[-123.182905,48.73791],[-123.182924,48.737886],[-123.182951,48.737865],[-123.183017,48.737831],[-123.18352,48.737623],[-123.183638,48.737563],[-123.183738,48.737491],[-123.183815,48.737407],[-123.183868,48.737315],[-123.184143,48.736666],[-123.184171,48.736552],[-123.184162,48.736436],[-123.184157,48.736418],[-123.184121,48.736326],[-123.184061,48.73624],[-123.183978,48.736162],[-123.183875,48.736095],[-123.183756,48.736041],[-123.183484,48.73594],[-123.18342,48.735911],[-123.183393,48.735892],[-123.183372,48.735871],[-123.183357,48.735847],[-123.18335,48.735821],[-123.18335,48.735796],[-123.183358,48.735771],[-123.183374,48.735747],[-123.183396,48.735726],[-123.183423,48.735707],[-123.183456,48.735693],[-123.183528,48.735673],[-123.185657,48.735248],[-123.185798,48.735209],[-123.185927,48.735154],[-123.186037,48.735084],[-123.187506,48.733944],[-123.187568,48.733905],[-123.187605,48.733891],[-123.187645,48.733882],[-123.187729,48.733875],[-123.188546,48.733866],[-123.188627,48.73387],[-123.188666,48.733878],[-123.188701,48.73389],[-123.188733,48.733907],[-123.188758,48.733928],[-123.188777,48.733952],[-123.188787,48.733977],[-123.18879,48.734004],[-123.18879,48.734005],[-123.188785,48.734106],[-123.188808,48.734205],[-123.18886,48.734301],[-123.188938,48.734388],[-123.18904,48.734463],[-123.189161,48.734525],[-123.189267,48.734568],[-123.189443,48.734623],[-123.189634,48.734648],[-123.191566,48.734744],[-123.191746,48.73474],[-123.19192,48.734709],[-123.192567,48.734542],[-123.192717,48.734491],[-123.192847,48.734421],[-123.192952,48.734334],[-123.193028,48.734235],[-123.193165,48.733997],[-123.1932,48.73395],[-123.193225,48.733929],[-123.193255,48.733912],[-123.19329,48.733899],[-123.193366,48.733883],[-123.194225,48.73376],[-123.194261,48.733755],[-123.196662,48.73351],[-123.196736,48.733507],[-123.196773,48.73351],[-123.196808,48.733518],[-123.196841,48.733529],[-123.19687,48.733545],[-123.196902,48.73357],[-123.197012,48.73364],[-123.19714,48.733695],[-123.197281,48.733733],[-123.19743,48.733753],[-123.197582,48.733754],[-123.201078,48.733559],[-123.201236,48.73354],[-123.201385,48.7335],[-123.201519,48.733442],[-123.201633,48.733367],[-123.202555,48.732626],[-123.202616,48.732587],[-123.202651,48.732572],[-123.202691,48.732562],[-123.202775,48.732554],[-123.204764,48.732506],[-123.204928,48.73249],[-123.205083,48.732453],[-123.205224,48.732396],[-123.205344,48.732321],[-123.205439,48.732232],[-123.205504,48.732131],[-123.205536,48.732024],[-123.205535,48.731915],[-123.20552,48.731871],[-123.20551,48.731812],[-123.205513,48.731786],[-123.205524,48.73176],[-123.205543,48.731737],[-123.205568,48.731717],[-123.205599,48.7317],[-123.205635,48.731687],[-123.205673,48.73168],[-123.205713,48.731678],[-123.205794,48.731684],[-123.207844,48.731982],[-123.207922,48.731999],[-123.207957,48.732013],[-123.207987,48.73203],[-123.208011,48.732052],[-123.208046,48.7321],[-123.208218,48.732417],[-123.208238,48.732474],[-123.208239,48.732503],[-123.20823,48.732531],[-123.208193,48.732584],[-123.207959,48.732845],[-123.207891,48.732941],[-123.207853,48.733045],[-123.207848,48.733151],[-123.207874,48.733256],[-123.207932,48.733355],[-123.208028,48.73348],[-123.208053,48.73352],[-123.208067,48.733563],[-123.208298,48.734664],[-123.208332,48.73476],[-123.208392,48.734849],[-123.208475,48.73493],[-123.20858,48.734999],[-123.208702,48.735055],[-123.208838,48.735095],[-123.208982,48.735118],[-123.210316,48.735243],[-123.210381,48.735253],[-123.210412,48.735261],[-123.210468,48.735285],[-123.211684,48.735878],[-123.211736,48.735908],[-123.211757,48.735926],[-123.211791,48.735965],[-123.212923,48.737623],[-123.213003,48.737714],[-123.213107,48.737793],[-123.213872,48.738264],[-123.213922,48.738302],[-123.213942,48.738323],[-123.213967,48.73837],[-123.214063,48.73861],[-123.214122,48.738714],[-123.214212,48.738807],[-123.21433,48.738886],[-123.21447,48.738947],[-123.214626,48.738987],[-123.214791,48.739006],[-123.215458,48.739034],[-123.215528,48.739041],[-123.215561,48.739048],[-123.215623,48.739071],[-123.216875,48.73962],[-123.21706,48.73968],[-123.219071,48.740134],[-123.219139,48.740154],[-123.219169,48.740168],[-123.219195,48.740185],[-123.219216,48.740206],[-123.219231,48.740228],[-123.219246,48.740271],[-123.219293,48.740363],[-123.219365,48.740448],[-123.219459,48.740523],[-123.219572,48.740586],[-123.219701,48.740633],[-123.220219,48.740787],[-123.220285,48.740811],[-123.220313,48.740827],[-123.220337,48.740846],[-123.220373,48.74089],[-123.220562,48.741183],[-123.220647,48.741282],[-123.220761,48.741367],[-123.2209,48.741434],[-123.221058,48.74148],[-123.221227,48.741503],[-123.222349,48.741574],[-123.222409,48.741581],[-123.222468,48.741593],[-123.224133,48.742056],[-123.224202,48.74208],[-123.224263,48.742114],[-123.224388,48.742197],[-123.224508,48.742262],[-123.224645,48.742312],[-123.224794,48.742343],[-123.224949,48.742354],[-123.225104,48.742346],[-123.225141,48.742339],[-123.225237,48.742328],[-123.225278,48.742329],[-123.225318,48.742336],[-123.225355,48.742347],[-123.225387,48.742364],[-123.225414,48.742384],[-123.225454,48.742432],[-123.225725,48.742848],[-123.225803,48.742941],[-123.225907,48.743021],[-123.226034,48.743087],[-123.226178,48.743134],[-123.226333,48.743162],[-123.226494,48.743169],[-123.226625,48.743166],[-123.2267,48.743169],[-123.226737,48.743175],[-123.226805,48.743196],[-123.226883,48.743225],[-123.227021,48.743267],[-123.227169,48.743291],[-123.227321,48.743296],[-123.227471,48.743282],[-123.227615,48.74325],[-123.227748,48.743201],[-123.227783,48.743185],[-123.227821,48.743174],[-123.227861,48.743169],[-123.227902,48.743169],[-123.227943,48.743175],[-123.22798,48.743186],[-123.228047,48.743218],[-123.228204,48.74331],[-123.228262,48.743353],[-123.228284,48.743378],[-123.228296,48.743406],[-123.228303,48.743463],[-123.2283,48.74352],[-123.22831,48.743618],[-123.228346,48.743714],[-123.228409,48.743804],[-123.228496,48.743884],[-123.228605,48.743953],[-123.229855,48.744608],[-123.229914,48.744645],[-123.229936,48.744667],[-123.229952,48.744692],[-123.22996,48.744718],[-123.229959,48.744771],[-123.229827,48.745571],[-123.229813,48.745618],[-123.2298,48.74564],[-123.229781,48.74566],[-123.229733,48.745695],[-123.227879,48.746832],[-123.227789,48.746898],[-123.227716,48.746973],[-123.227663,48.747055],[-123.227643,48.747094],[-123.227609,48.747196],[-123.227605,48.7473],[-123.227632,48.747402],[-123.227689,48.747499],[-123.227773,48.747587],[-123.227882,48.747662],[-123.22801,48.747722],[-123.22901,48.748097],[-123.229086,48.748134],[-123.229147,48.748182],[-123.229436,48.748471],[-123.229477,48.748523],[-123.229488,48.748552],[-123.22949,48.74861],[-123.229447,48.748953],[-123.229431,48.749009],[-123.229414,48.749035],[-123.22939,48.749058],[-123.229326,48.749096],[-123.229273,48.749121],[-123.229153,48.749192],[-123.229057,48.749277],[-123.228988,48.749373],[-123.22895,48.749476],[-123.228943,48.749582],[-123.228969,48.749687],[-123.229025,48.749786],[-123.22911,48.749876],[-123.229221,48.749953],[-123.229535,48.750131],[-123.229588,48.750168],[-123.229608,48.750189],[-123.229623,48.750213],[-123.22963,48.750237],[-123.22963,48.750288],[-123.229583,48.750613],[-123.229583,48.750715],[-123.229613,48.750816],[-123.229672,48.750911],[-123.229758,48.750997],[-123.230027,48.751217],[-123.230067,48.751256],[-123.230081,48.751277],[-123.230089,48.7513],[-123.230094,48.751346],[-123.230069,48.752062],[-123.230079,48.752159],[-123.230116,48.752254],[-123.230179,48.752343],[-123.230266,48.752422],[-123.230373,48.75249],[-123.230497,48.752543],[-123.232988,48.753413],[-123.233168,48.753459],[-123.234128,48.753619],[-123.234321,48.753635],[-123.234515,48.75362],[-123.236489,48.753306],[-123.236577,48.753298],[-123.23662,48.753301],[-123.236704,48.753319],[-123.239581,48.754172],[-123.239739,48.754206],[-123.239904,48.754219],[-123.240069,48.754209],[-123.240228,48.754176],[-123.240373,48.754123],[-123.241111,48.753784],[-123.241178,48.753759],[-123.241215,48.753751],[-123.241253,48.753748],[-123.241291,48.753749],[-123.241328,48.753755],[-123.241363,48.753766],[-123.241387,48.753778],[-123.241525,48.753832],[-123.241677,48.753867],[-123.241837,48.753881],[-123.241997,48.753874],[-123.242153,48.753846],[-123.242403,48.753783],[-123.242472,48.75377],[-123.242508,48.753767],[-123.242544,48.753769],[-123.242578,48.753775],[-123.242643,48.753795],[-123.24683,48.755391],[-123.246891,48.75542],[-123.246917,48.755438],[-123.246959,48.755479],[-123.248244,48.75709],[-123.248326,48.757173],[-123.24843,48.757244],[-123.248552,48.757302],[-123.248689,48.757344],[-123.248835,48.757368],[-123.248979,48.757382],[-123.249061,48.757397],[-123.249099,48.757409],[-123.249132,48.757427],[-123.249158,48.757449],[-123.249177,48.757474],[-123.249198,48.757526],[-123.249257,48.757631],[-123.249348,48.757725],[-123.249467,48.757804],[-123.249608,48.757865],[-123.251233,48.75842],[-123.251292,48.758444],[-123.251318,48.75846],[-123.251361,48.758496],[-123.252826,48.759988],[-123.252919,48.760066],[-123.253032,48.760131],[-123.253161,48.760181],[-123.253302,48.760214],[-123.25345,48.76023],[-123.2536,48.760227],[-123.253746,48.760206],[-123.25382,48.760191],[-123.253863,48.760188],[-123.253949,48.760195],[-123.254636,48.760302],[-123.254715,48.760321],[-123.254751,48.760335],[-123.254781,48.760353],[-123.254805,48.760376],[-123.254821,48.760401],[-123.254838,48.760455],[-123.25487,48.76069],[-123.254869,48.760757],[-123.254853,48.760845],[-123.25487,48.760956],[-123.25492,48.761062],[-123.255003,48.761159],[-123.255115,48.761242],[-123.25676,48.762233],[-123.256811,48.762271],[-123.256831,48.762293],[-123.256844,48.762317],[-123.256851,48.762342],[-123.256849,48.762367],[-123.256841,48.762392],[-123.256825,48.762415],[-123.256803,48.762436],[-123.256776,48.762453],[-123.256744,48.762467],[-123.256708,48.762477],[-123.256632,48.762487],[-123.256232,48.762514],[-123.256076,48.762535],[-123.255929,48.762575],[-123.255797,48.762634],[-123.255685,48.762709],[-123.255598,48.762797],[-123.255539,48.762895],[-123.25551,48.762998],[-123.255512,48.763103],[-123.255546,48.763205],[-123.25561,48.763302],[-123.255701,48.763388],[-123.255815,48.76346],[-123.256238,48.763679],[-123.256291,48.763712],[-123.256312,48.763731],[-123.256328,48.763753],[-123.256348,48.763799],[-123.256477,48.764263],[-123.256519,48.76436],[-123.256589,48.76445],[-123.256682,48.76453],[-123.25681468661351,48.764623343489745],[-123.2566957,48.7644952],[-123.2566429,48.7644243],[-123.2566272,48.7643868],[-123.2566223,48.7643479],[-123.2566283,48.7643092],[-123.2566452,48.7642718],[-123.2566723,48.7642371],[-123.2567459,48.7641749],[-123.2573395,48.7637594],[-123.2574891,48.7636327],[-123.2575999,48.7634897],[-123.2576682,48.7633356],[-123.2576914,48.7631758],[-123.2576687,48.763016],[-123.2576237,48.7628595],[-123.2576125,48.7627795],[-123.2576183,48.76274],[-123.2576354,48.762702],[-123.257663,48.7626667],[-123.2577002,48.7626355],[-123.2577457,48.7626096],[-123.2577978,48.7625897],[-123.2578546,48.7625767],[-123.2579142,48.7625709],[-123.2579743,48.7625727],[-123.2580929,48.7625914],[-123.2585514,48.7626949],[-123.2587908,48.7627326],[-123.2590368,48.7627397],[-123.2592803,48.762716],[-123.2595126,48.7626623],[-123.2597253,48.7625806],[-123.2599106,48.7624737],[-123.2599131,48.762472],[-123.2599659,48.7624476],[-123.2600251,48.7624309],[-123.2600882,48.7624223],[-123.2601527,48.7624224],[-123.2602807,48.76244],[-123.2606252,48.762512],[-123.2608923,48.762548],[-123.261165,48.7625463],[-123.261431,48.7625069],[-123.2616786,48.7624317],[-123.2635233,48.761707],[-123.2636299,48.7616734],[-123.2636864,48.7616635],[-123.2637446,48.7616605],[-123.2638202,48.7616658],[-123.264036,48.7616935],[-123.2642889,48.7616929],[-123.2645368,48.7616599],[-123.2647702,48.7615957],[-123.2649802,48.7615029],[-123.2651588,48.7613848],[-123.2653273,48.7612491],[-123.2654216,48.7611875],[-123.2654765,48.7611641],[-123.2655376,48.7611486],[-123.2656687,48.7611347],[-123.2664861,48.7611042],[-123.2667214,48.761081],[-123.2669463,48.7610298],[-123.2671532,48.7609523],[-123.267335,48.7608511],[-123.2674856,48.7607296],[-123.2675999,48.760592],[-123.2676977,48.7604433],[-123.2677786,48.7602736],[-123.2678044,48.7600967],[-123.2677739,48.75992],[-123.2676886,48.7597514],[-123.267552,48.7595981],[-123.2673702,48.7594668],[-123.2646191,48.757855],[-123.2645393,48.757799],[-123.2645081,48.7577671],[-123.2644862,48.757732],[-123.2644742,48.7576949],[-123.2644726,48.7576569],[-123.2644904,48.757581],[-123.2647136,48.7569896],[-123.2647504,48.7568233],[-123.2647371,48.7566554],[-123.2646741,48.7564926],[-123.2645639,48.756341],[-123.2642511,48.7560016],[-123.2641083,48.7558748],[-123.2639325,48.7557675],[-123.2605197,48.7540427],[-123.2603431,48.7539268],[-123.2594348,48.7531528],[-123.2592667,48.7530347],[-123.2590677,48.7529396],[-123.2561583,48.751811],[-123.2559071,48.751736],[-123.2556375,48.7516979],[-123.2537633,48.751568],[-123.2535101,48.7515272],[-123.2502572,48.7506828],[-123.2500976,48.7506297],[-123.239918,48.7464212],[-123.2398252,48.7463746],[-123.2397864,48.7463465],[-123.2397248,48.7462812],[-123.2390395,48.7453828],[-123.2389945,48.7453061],[-123.2389838,48.7452662],[-123.238985,48.7452256],[-123.2389981,48.7451859],[-123.2390225,48.7451487],[-123.2390574,48.7451153],[-123.2391015,48.7450869],[-123.239153,48.7450647],[-123.23921,48.7450495],[-123.2393324,48.7450339],[-123.2394587,48.7450261],[-123.2397014,48.7449954],[-123.2399309,48.7449349],[-123.2401387,48.7448467],[-123.2403172,48.744734],[-123.24046,48.744601],[-123.2405618,48.7444525],[-123.2406189,48.7442939],[-123.2406292,48.7441311],[-123.2405924,48.74397],[-123.2405097,48.7438164],[-123.2403842,48.743676],[-123.2402205,48.7435539],[-123.2359823,48.740944],[-123.2357683,48.7408374],[-123.2355255,48.7407621],[-123.2352645,48.7407215],[-123.2349963,48.7407173],[-123.2347326,48.7407497],[-123.2344847,48.7408172],[-123.2342632,48.740917],[-123.2341291,48.7409921],[-123.2340726,48.7410124],[-123.234011,48.7410248],[-123.2339469,48.7410287],[-123.2338828,48.741024],[-123.2337586,48.7409972],[-123.2322376,48.740552],[-123.2321268,48.7405105],[-123.2320794,48.7404833],[-123.232041,48.7404504],[-123.2320133,48.7404132],[-123.2319899,48.7403551],[-123.2319653,48.7402466],[-123.2318919,48.7401034],[-123.2317812,48.739971],[-123.2316369,48.7398536],[-123.2314633,48.7397548],[-123.2309623,48.7395173],[-123.2308687,48.7394631],[-123.2308312,48.7394309],[-123.2308038,48.7393946],[-123.2307875,48.7393555],[-123.230783,48.7393151],[-123.2307904,48.7392749],[-123.2308094,48.7392363],[-123.2308393,48.7392009],[-123.2308791,48.73917],[-123.2309271,48.7391447],[-123.2309817,48.739126],[-123.2310407,48.7391146],[-123.2311019,48.7391109],[-123.2312258,48.7391193],[-123.231476,48.7391528],[-123.2317218,48.7391698],[-123.2319679,48.7391556],[-123.2322054,48.7391109],[-123.2324257,48.7390371],[-123.2326208,48.7389371],[-123.2327834,48.7388144],[-123.2329076,48.7386736],[-123.232989,48.7385198],[-123.2330245,48.7383585],[-123.2330129,48.7381958],[-123.2329545,48.7380374],[-123.2328515,48.7378893],[-123.2327077,48.7377568],[-123.2311297,48.7365628],[-123.2310543,48.7364925],[-123.2310285,48.7364535],[-123.2310153,48.736412],[-123.231015,48.7363695],[-123.2310278,48.7363279],[-123.2310532,48.7362889],[-123.2310899,48.736254],[-123.2311847,48.7361947],[-123.2316327,48.7359666],[-123.2317385,48.7359229],[-123.231796,48.7359084],[-123.2318567,48.7359014],[-123.2319183,48.7359024],[-123.2319785,48.7359112],[-123.2320349,48.7359275],[-123.2320631,48.7359405],[-123.2322591,48.7360145],[-123.2324717,48.736065],[-123.2326944,48.7360902],[-123.2328846,48.7360896],[-123.2329611,48.7360946],[-123.2330783,48.7361176],[-123.2337366,48.7362932],[-123.2339705,48.7363391],[-123.2342132,48.7363553],[-123.2344563,48.7363411],[-123.234691,48.7362971],[-123.2349089,48.7362247],[-123.2351024,48.7361267],[-123.2351067,48.736124],[-123.2351577,48.7361029],[-123.2352138,48.7360886],[-123.235273,48.7360814],[-123.235395,48.7360822],[-123.235985,48.7361232],[-123.236119,48.7361422],[-123.2361805,48.7361606],[-123.2362346,48.7361872],[-123.2363247,48.7362554],[-123.2371482,48.7370332],[-123.2372105,48.7371066],[-123.237264,48.7372163],[-123.2372778,48.7372571],[-123.2373915,48.7374207],[-123.2375547,48.7375649],[-123.2375832,48.7375852],[-123.2376171,48.7376228],[-123.2376536,48.737694],[-123.2376935,48.7378102],[-123.2378093,48.7379743],[-123.237975,48.7381186],[-123.2381831,48.7382366],[-123.2384242,48.7383229],[-123.2439188,48.7398169],[-123.2441849,48.739868],[-123.2444613,48.7398806],[-123.2447355,48.739854],[-123.2449948,48.7397895],[-123.2452367,48.7397089],[-123.2453558,48.7396786],[-123.2454178,48.7396716],[-123.2454807,48.7396728],[-123.245605,48.7396918],[-123.2481788,48.7402691],[-123.2484181,48.7403486],[-123.2522009,48.7420768],[-123.2523392,48.7421319],[-123.2600486,48.7447835],[-123.2601446,48.744824],[-123.2602282,48.744875],[-123.2613414,48.7456864],[-123.261553,48.7458103],[-123.2618003,48.7459008],[-123.2620715,48.7459536],[-123.2623538,48.7459664],[-123.262637,48.7459586],[-123.2627553,48.7459626],[-123.2628123,48.7459716],[-123.2629205,48.7460035],[-123.2716121,48.7492259],[-123.2718201,48.7493296],[-123.2747818,48.751272],[-123.2748784,48.7513531],[-123.2749423,48.7514472],[-123.27572,48.7531125],[-123.2758493,48.7533027],[-123.2760447,48.7534666],[-123.2783502,48.7549762],[-123.2785372,48.7550776],[-123.2787497,48.7551543],[-123.2905263,48.7584996],[-123.2906247,48.7585345],[-123.2906681,48.758557],[-123.2907426,48.7586119],[-123.2929306,48.7605386],[-123.2929714,48.760583],[-123.2931393,48.7607281],[-123.2933501,48.7608464],[-123.2935943,48.7609324],[-123.2938606,48.7609821],[-123.2951117,48.7611228],[-123.2952333,48.7611448],[-123.2953462,48.761182],[-123.2969448,48.7618457],[-123.2970506,48.7619007],[-123.297093,48.7619343],[-123.2971557,48.762013],[-123.2972902,48.7622362],[-123.297423,48.7624012],[-123.2976072,48.7625431],[-123.2978338,48.7626552],[-123.2980921,48.7627322],[-123.3010405,48.7633645],[-123.3011544,48.7633973],[-123.3012048,48.7634203],[-123.3012476,48.7634492],[-123.3013156,48.7635178],[-123.3024893,48.7649969],[-123.3025338,48.765068],[-123.3025693,48.7651778],[-123.3026416,48.7653301],[-123.3027557,48.7654709],[-123.3029076,48.7655952],[-123.3030919,48.7656986],[-123.3033023,48.7657776],[-123.3035314,48.7658294],[-123.303771,48.7658521],[-123.3040129,48.765845],[-123.3040493,48.7658416],[-123.3041151,48.7658447],[-123.3041785,48.7658567],[-123.3042368,48.7658771],[-123.3042874,48.7659051],[-123.30437,48.7659746],[-123.3050055,48.7666432],[-123.3051783,48.7667877],[-123.3053942,48.7669043],[-123.305643,48.7669878],[-123.3067495,48.7672644],[-123.3068726,48.7673056],[-123.3069251,48.7673339],[-123.3069673,48.767369],[-123.3070585,48.767492],[-123.3070606,48.7674914],[-123.3071407,48.7675997],[-123.3073107,48.7677422],[-123.3075226,48.7678578],[-123.3077668,48.7679413],[-123.3080323,48.7679888],[-123.3109997,48.768302],[-123.3111376,48.7683272],[-123.3112637,48.7683719],[-123.3139085,48.7695794],[-123.3140102,48.769637],[-123.3140502,48.7696716],[-123.3141076,48.7697514],[-123.3144644,48.7704205],[-123.3144941,48.7704997],[-123.314497,48.77054],[-123.3144883,48.7705798],[-123.314468,48.7706179],[-123.3144372,48.7706526],[-123.3143967,48.7706828],[-123.3143482,48.7707074],[-123.3142935,48.7707253],[-123.314232,48.7707366],[-123.3139981,48.7707957],[-123.3137859,48.7708834],[-123.3136033,48.7709965],[-123.3134572,48.7711306],[-123.313353,48.7712808],[-123.3132948,48.7714413],[-123.3132845,48.7716063],[-123.3133227,48.7717695],[-123.3134079,48.7719248],[-123.3135369,48.7720663],[-123.3137049,48.7721888],[-123.3139055,48.7722876],[-123.3141313,48.7723592],[-123.3154379,48.7726746],[-123.3155579,48.7727132],[-123.3156631,48.7727674],[-123.317193,48.7737402],[-123.3172681,48.7737973],[-123.3172971,48.7738294],[-123.3173169,48.7738644],[-123.317327,48.7739011],[-123.3173271,48.7739766],[-123.3172866,48.7742788],[-123.3172919,48.774461],[-123.3173558,48.7746384],[-123.3174755,48.7748028],[-123.3176455,48.7749466],[-123.317858,48.7750633],[-123.3184846,48.7753385],[-123.3185853,48.7753933],[-123.3186671,48.7754603],[-123.3199782,48.7767903],[-123.3200341,48.7768607],[-123.3200514,48.7768983],[-123.3200577,48.7769373],[-123.320048,48.7770165],[-123.3196589,48.7784686],[-123.3196279,48.7785435],[-123.3196025,48.778578],[-123.3195681,48.778609],[-123.3195256,48.7786352],[-123.3194766,48.778656],[-123.3193675,48.7786853],[-123.3171487,48.779131],[-123.3170178,48.7791477],[-123.3169522,48.7791471],[-123.3168882,48.7791375],[-123.3167671,48.7791007],[-123.3158827,48.778755],[-123.315653,48.7786842],[-123.3154068,48.7786443],[-123.3151535,48.7786368],[-123.3149029,48.778662],[-123.3146645,48.778719],[-123.3144476,48.7788054],[-123.3142604,48.7789181],[-123.3141101,48.7790526],[-123.3140931,48.7790765],[-123.3139749,48.7792086],[-123.3138651,48.7793658],[-123.3138057,48.7795344],[-123.3137992,48.7797075],[-123.3138459,48.7798778],[-123.3139438,48.7800384],[-123.314306,48.7804927],[-123.3143544,48.780572],[-123.3143659,48.7806134],[-123.3143645,48.7806555],[-123.3143503,48.7806966],[-123.3143239,48.780735],[-123.3142864,48.7807691],[-123.3142392,48.7807975],[-123.3141844,48.7808191],[-123.314124,48.780833],[-123.3140607,48.7808387],[-123.3139969,48.7808358],[-123.3138719,48.7808131],[-123.3135011,48.7807182],[-123.3132756,48.7806755],[-123.313042,48.7806604],[-123.3128082,48.7806733],[-123.3125817,48.7807138],[-123.3123701,48.7807806],[-123.3121802,48.7808715],[-123.3120522,48.7809454],[-123.3116909,48.7811182],[-123.3114765,48.7812011],[-123.311265,48.7813032],[-123.3110891,48.7814314],[-123.3109559,48.7815802],[-123.3108711,48.7817437],[-123.310838,48.7819151],[-123.310858,48.7820874],[-123.3109303,48.7822534],[-123.3110519,48.7824065],[-123.3117769,48.7831295],[-123.311839,48.7832011],[-123.3122524,48.7837583],[-123.3122968,48.7838371],[-123.3123066,48.783878],[-123.312304,48.7839194],[-123.312289,48.7839596],[-123.3122667,48.7839909],[-123.3121841,48.7841428],[-123.3121464,48.7843021],[-123.3121549,48.7844633],[-123.3122093,48.7846206],[-123.3123077,48.7847683],[-123.3124466,48.7849011],[-123.3126209,48.7850144],[-123.3175907,48.7876813],[-123.3177114,48.7877585],[-123.3180949,48.7880503],[-123.3181648,48.7881147],[-123.3181897,48.7881503],[-123.3182042,48.7881882],[-123.3182113,48.7882673],[-123.3181856,48.7887548],[-123.3181684,48.7888385],[-123.3181477,48.7888778],[-123.3181155,48.7889137],[-123.3180732,48.7889446],[-123.3180224,48.7889694],[-123.3179652,48.7889871],[-123.3179632,48.7889874],[-123.3177153,48.7890452],[-123.3174904,48.7891348],[-123.3172975,48.7892524],[-123.3171447,48.7893934],[-123.3170383,48.7895518],[-123.3169826,48.789721],[-123.31698,48.7898942],[-123.3170306,48.7900642],[-123.3171323,48.7902239],[-123.3173031,48.7904305],[-123.317353,48.7905085],[-123.3173655,48.7905494],[-123.3173654,48.7905912],[-123.3173527,48.7906321],[-123.317328,48.7906705],[-123.3172921,48.7907049],[-123.3172465,48.7907339],[-123.3171383,48.7907795],[-123.3158342,48.7912142],[-123.3156179,48.791305],[-123.3154331,48.7914222],[-123.315287,48.7915611],[-123.3151853,48.7917162],[-123.315132,48.7918815],[-123.3151293,48.7920505],[-123.3151468,48.7921799],[-123.3151457,48.792262],[-123.3151333,48.7923017],[-123.3151096,48.7923391],[-123.3150754,48.7923727],[-123.3150319,48.7924014],[-123.3149809,48.792424],[-123.3148875,48.7924499],[-123.3146325,48.7925442],[-123.3144162,48.7926738],[-123.3142645,48.7928179],[-123.3142169,48.7928566],[-123.3141711,48.792882],[-123.314119,48.7929013],[-123.3140623,48.7929139],[-123.314003,48.7929192],[-123.3139823,48.7929185],[-123.3137483,48.7929242],[-123.3135198,48.7929577],[-123.3133041,48.7930177],[-123.3131084,48.7931023],[-123.312939,48.7932088],[-123.3128014,48.7933336],[-123.3127197,48.793424],[-123.312647,48.7934893],[-123.3126024,48.7935165],[-123.3125508,48.7935376],[-123.3124941,48.7935518],[-123.3123729,48.7935657],[-123.311254,48.7936221],[-123.3110185,48.7936486],[-123.3107943,48.7937031],[-123.3105892,48.7937839],[-123.3104101,48.7938881],[-123.3102632,48.7940122],[-123.3101533,48.794152],[-123.3098327,48.794673],[-123.3097772,48.7947435],[-123.3097404,48.7947743],[-123.3096955,48.7948001],[-123.3096441,48.7948199],[-123.3095881,48.794833],[-123.3095293,48.794839],[-123.3094088,48.7948364],[-123.3068252,48.7946192],[-123.3065847,48.7946139],[-123.3063468,48.7946379],[-123.3061198,48.7946906],[-123.3059115,48.79477],[-123.3057292,48.7948735],[-123.3051661,48.7952585],[-123.3050726,48.7953112],[-123.3050197,48.795331],[-123.3049621,48.7953438],[-123.30484,48.7953545],[-123.3039971,48.7953752],[-123.3037385,48.7953989],[-123.3034924,48.7954563],[-123.3032688,48.7955451],[-123.3030768,48.7956616],[-123.3029242,48.7958012],[-123.3028171,48.795958],[-123.3027601,48.7961259],[-123.3027553,48.7962978],[-123.302803,48.7964669],[-123.3029013,48.7966262],[-123.303046,48.7967694],[-123.3032315,48.7968904],[-123.30345,48.7969845],[-123.3055277,48.7976933],[-123.3056242,48.7977337],[-123.3056658,48.797759],[-123.3056999,48.7977886],[-123.3057256,48.7978219],[-123.3057586,48.797894],[-123.3060219,48.7987329],[-123.3060909,48.7988822],[-123.3062,48.7990207],[-123.3063456,48.7991438],[-123.3065228,48.7992473],[-123.3067257,48.7993278],[-123.3069475,48.7993827],[-123.3083373,48.7996335],[-123.3085967,48.7996621],[-123.3088595,48.7996555],[-123.3091149,48.7996141],[-123.3093523,48.7995396],[-123.3095619,48.7994349],[-123.3097351,48.7993046],[-123.3098647,48.7991538],[-123.3099454,48.7989889],[-123.3099738,48.7988167],[-123.3099743,48.7987683],[-123.3099867,48.7987283],[-123.3100107,48.7986907],[-123.3100453,48.7986569],[-123.3100892,48.7986281],[-123.3101407,48.7986055],[-123.3101979,48.7985899],[-123.3102586,48.7985819],[-123.3103206,48.7985819],[-123.3103813,48.7985898],[-123.3104974,48.7986211],[-123.3170784,48.8009175],[-123.3173164,48.8009815],[-123.3175689,48.8010133],[-123.3178259,48.8010116],[-123.3180774,48.8009764],[-123.3181488,48.8009561],[-123.3182946,48.8009256],[-123.3183574,48.8009211],[-123.3184204,48.8009249],[-123.3185432,48.8009492],[-123.320941,48.8016006],[-123.32117,48.8016886],[-123.3221863,48.8022146],[-123.3222832,48.8022766],[-123.3223201,48.802313],[-123.32237,48.8023957],[-123.3226333,48.803014],[-123.3227385,48.8031863],[-123.3228979,48.8033395],[-123.3231038,48.8034663],[-123.3240989,48.8039571],[-123.3241824,48.8040063],[-123.3242794,48.8040875],[-123.3244404,48.8041996],[-123.3246295,48.8042908],[-123.3248404,48.804358],[-123.3250662,48.8043991],[-123.3252996,48.8044128],[-123.3254621,48.8044125],[-123.3255263,48.8044213],[-123.3255864,48.8044386],[-123.3256398,48.8044638],[-123.3256841,48.8044956],[-123.3257176,48.8045327],[-123.3257477,48.8045911],[-123.3258408,48.8047295],[-123.3259695,48.8048549],[-123.3261298,48.8049633],[-123.3263168,48.8050513],[-123.3263175,48.8050516],[-123.3263649,48.8050797],[-123.3264028,48.8051136],[-123.3264296,48.8051517],[-123.3264443,48.8051926],[-123.3264463,48.8052346],[-123.3264354,48.8052761],[-123.3263645,48.8053955],[-123.3263648,48.8053956],[-123.3262919,48.8055195],[-123.3262486,48.8056936],[-123.3262606,48.8058699],[-123.3263275,48.8060408],[-123.3264463,48.806199],[-123.3264669,48.8062204],[-123.3276897,48.8078158],[-123.3277359,48.8078948],[-123.3277465,48.8079359]],[[-123.2148166,48.7930442],[-123.2148158,48.7931334],[-123.2148034,48.7931766],[-123.2147545,48.7932597],[-123.2139364,48.7943449],[-123.2138489,48.7944883],[-123.2137965,48.7946389],[-123.2137374,48.794902],[-123.2137226,48.7950866],[-123.2137604,48.7952697],[-123.2138495,48.795445],[-123.2138941,48.7954974],[-123.213959,48.7955959],[-123.2139742,48.795642],[-123.2139755,48.7956892],[-123.2139629,48.7957356],[-123.2139368,48.7957795],[-123.2138983,48.7958192],[-123.2138488,48.7958533],[-123.21373,48.7959081],[-123.2123811,48.7964094],[-123.2122404,48.7964497],[-123.2121664,48.7964597],[-123.2120909,48.7964596],[-123.2119409,48.7964384],[-123.205961,48.7951586],[-123.2056699,48.7951169],[-123.2053721,48.795114],[-123.2050793,48.79515],[-123.2048032,48.7952235],[-123.2045547,48.7953317],[-123.2043436,48.7954701],[-123.2041784,48.7956334],[-123.2041463,48.7956732],[-123.2041025,48.795709],[-123.2040492,48.7957387],[-123.2039883,48.7957611],[-123.203922,48.7957756],[-123.2038528,48.7957816],[-123.2037117,48.795776],[-123.2035824,48.7957627],[-123.2032965,48.7957514],[-123.2030125,48.7957763],[-123.202741,48.7958364],[-123.2024919,48.7959295],[-123.2022743,48.7960522],[-123.2020962,48.7962],[-123.2019641,48.7963674],[-123.2018829,48.7965484],[-123.2018556,48.7967362],[-123.2018832,48.7969241],[-123.2019646,48.797105],[-123.2020797,48.7972504],[-123.2021133,48.7973084],[-123.202125,48.7973587],[-123.2021205,48.7974095],[-123.2020785,48.797509],[-123.2018634,48.7978676],[-123.2018004,48.7979492],[-123.2017585,48.7979851],[-123.2017071,48.7980151],[-123.2016482,48.7980383],[-123.2015837,48.7980539],[-123.201516,48.7980613],[-123.201377,48.7980592],[-123.1956749,48.7976198],[-123.1954737,48.7975918],[-123.1843295,48.7953179],[-123.1840169,48.7952775],[-123.1836984,48.7952817],[-123.1833885,48.7953301],[-123.1831012,48.7954208],[-123.1830471,48.7954484],[-123.183047,48.7954483],[-123.1828709,48.7955241],[-123.182807,48.7955414],[-123.1827393,48.7955505],[-123.1826703,48.7955511],[-123.1826023,48.7955431],[-123.1825377,48.7955269],[-123.1824186,48.7954786],[-123.1811883,48.7948673],[-123.1808976,48.7947542],[-123.1805759,48.794687],[-123.178027,48.7943575],[-123.1777272,48.794339],[-123.1774279,48.7943606],[-123.1771412,48.7944212],[-123.1768787,48.7945184],[-123.1766511,48.7946482],[-123.1764677,48.7948055],[-123.1763357,48.7949838],[-123.1760289,48.795533],[-123.1759532,48.7957283],[-123.1759394,48.7959297],[-123.1759881,48.7961286],[-123.1760972,48.7963169],[-123.1762623,48.7964866],[-123.1764763,48.7966307],[-123.1767304,48.796743],[-123.195472,48.8033024],[-123.1957102,48.803369],[-123.2020526,48.8047302],[-123.202192,48.8047709],[-123.202253,48.8047998],[-123.2023038,48.8048363],[-123.2023816,48.8049226],[-123.2040889,48.8073533],[-123.2041364,48.8074426],[-123.2041465,48.8074889],[-123.2041429,48.8075355],[-123.2041257,48.8075808],[-123.2040957,48.8076231],[-123.2040538,48.8076608],[-123.2040018,48.8076925],[-123.2039414,48.807717],[-123.203875,48.8077334],[-123.2038051,48.807741],[-123.203589,48.807737],[-123.2035889,48.8077391],[-123.2033953,48.8077358],[-123.2031032,48.8077694],[-123.2028268,48.8078402],[-123.2025772,48.8079456],[-123.202364,48.8080813],[-123.2021956,48.8082421],[-123.2020787,48.8084215],[-123.2020179,48.8086127],[-123.2019804,48.8088423],[-123.201978,48.8090378],[-123.2020344,48.8092297],[-123.2021472,48.8094106],[-123.202312,48.8095732],[-123.2025224,48.8097112],[-123.2054777,48.8112977],[-123.2055836,48.8113674],[-123.2056243,48.8114079],[-123.2056519,48.811453],[-123.2056651,48.8115008],[-123.2056635,48.8115494],[-123.2056472,48.8115968],[-123.2056168,48.8116411],[-123.2055735,48.8116804],[-123.2055191,48.8117133],[-123.2054558,48.8117383],[-123.2053862,48.8117544],[-123.2053131,48.8117611],[-123.2052394,48.8117579],[-123.205095,48.8117319],[-123.2020338,48.8109547],[-123.20176,48.8108542],[-123.1984029,48.8091756],[-123.1982952,48.8091098],[-123.1982185,48.8090396],[-123.1981042,48.808913],[-123.1978783,48.8087554],[-123.1976056,48.8086342],[-123.1972993,48.8085552],[-123.1931852,48.8078256],[-123.1928864,48.8077935],[-123.1925839,48.8078017],[-123.1922902,48.8078498],[-123.1920171,48.8079359],[-123.191776,48.8080565],[-123.1907617,48.8086797],[-123.190549,48.8088424],[-123.1903948,48.8090317],[-123.1903066,48.8092384],[-123.1902885,48.8094528],[-123.1902958,48.8095415],[-123.1902848,48.8095897],[-123.1902593,48.8096355],[-123.1902203,48.809677],[-123.1901172,48.8097489],[-123.1894162,48.8101479],[-123.1892268,48.8102775],[-123.1890762,48.8104276],[-123.1889696,48.8105932],[-123.1889106,48.8107689],[-123.1886104,48.8123231],[-123.1885996,48.812485],[-123.1886291,48.8126458],[-123.1886983,48.8128012],[-123.1892623,48.8137658],[-123.1893013,48.8138595],[-123.1893064,48.8139072],[-123.189297,48.8139547],[-123.1892736,48.8140001],[-123.189237,48.8140414],[-123.1891887,48.8140773],[-123.1891307,48.8141061],[-123.1890651,48.8141269],[-123.1889947,48.8141387],[-123.188922,48.8141411],[-123.1888501,48.814134],[-123.1887114,48.814101],[-123.1666978,48.8071581],[-123.1663483,48.807081],[-123.1636442,48.8067205],[-123.1634446,48.8066808],[-123.1328543,48.7984836],[-123.1325892,48.7983827],[-123.1301632,48.7971391],[-123.129942,48.797045],[-123.1296991,48.796978],[-123.1173163,48.7943761],[-123.1170717,48.7943393],[-123.1167409,48.7943084],[-123.1164479,48.7943001],[-123.1161581,48.7943297],[-123.1158827,48.794396],[-123.1156321,48.7944964],[-123.1154162,48.7946272],[-123.1153062,48.7947082],[-123.1152456,48.7947377],[-123.1151771,48.7947583],[-123.1151036,48.7947693],[-123.1150283,48.7947701],[-123.1148782,48.7947511],[-123.1086275,48.7935088],[-123.1085016,48.7934752],[-123.108445,48.7934515],[-123.1083959,48.7934213],[-123.1083151,48.7933494],[-123.1081508,48.7931715],[-123.1080851,48.7930803],[-123.1080675,48.7930319],[-123.1080652,48.7929822],[-123.1080786,48.7929333],[-123.1081479,48.7928202],[-123.1081744,48.7927878],[-123.1082599,48.7926061],[-123.1082908,48.7924169],[-123.1082659,48.7922273],[-123.1081862,48.7920445],[-123.1080545,48.7918751],[-123.1078759,48.7917256],[-123.107657,48.7916015],[-123.1074059,48.7915074],[-123.0991095,48.7890637],[-123.0988921,48.7890125],[-123.0796501,48.7855579],[-123.0793553,48.7855253],[-123.0790567,48.7855321],[-123.078766,48.7855778],[-123.0780611,48.7857392],[-123.077942,48.7857594],[-123.0778813,48.7857629],[-123.0777587,48.7857564],[-123.0720167,48.7851381],[-123.0718778,48.7851171],[-123.0649512,48.7837584],[-123.0646943,48.7837238],[-123.0644321,48.7837193],[-123.0477958,48.784397],[-123.0475172,48.7844259],[-123.0472518,48.7844888],[-123.0470091,48.7845833],[-123.0467976,48.7847062],[-123.046625,48.7848531],[-123.0456832,48.7858328],[-123.0455983,48.7859052],[-123.045547,48.7859352],[-123.0454881,48.7859583],[-123.0454237,48.7859739],[-123.0453561,48.7859813],[-123.0452876,48.7859803],[-123.0452205,48.7859709],[-123.0451572,48.7859535],[-123.0450414,48.7859031],[-123.0444687,48.7855999],[-123.0443719,48.7855384],[-123.0443332,48.7855028],[-123.0443048,48.7854632],[-123.0442702,48.7853776],[-123.0440333,48.7844662],[-123.0440227,48.7843766],[-123.0440298,48.7843323],[-123.0440689,48.7842461],[-123.0452679,48.7822797],[-123.0453293,48.7822006],[-123.0453698,48.7821658],[-123.0454698,48.7821063],[-123.0473647,48.7811683],[-123.0474719,48.7811241],[-123.0475888,48.7810925],[-123.0551146,48.7795365],[-123.0554331,48.7795028],[-123.0689491,48.7793743],[-123.0691149,48.7793808],[-123.0819748,48.7805218],[-123.0822644,48.7805287],[-123.0825506,48.7804988],[-123.0828227,48.780433],[-123.0830704,48.7803338],[-123.0832843,48.7802051],[-123.0834566,48.7800515],[-123.0835806,48.7798789],[-123.0836518,48.7796938],[-123.0836674,48.7795031],[-123.0836269,48.779314],[-123.0835513,48.7791706],[-123.0835271,48.7791073],[-123.0835229,48.7790628],[-123.0835311,48.7790185],[-123.0835515,48.778976],[-123.0835835,48.7789367],[-123.0836691,48.7788662],[-123.0844149,48.7783574],[-123.0845382,48.7782897],[-123.0846082,48.7782658],[-123.0847632,48.7782385],[-123.0932892,48.7773731],[-123.0934173,48.7773675],[-123.093545,48.7773765],[-123.1087708,48.779333],[-123.1090611,48.7793512],[-123.1093512,48.7793319],[-123.1096301,48.7792758],[-123.1098871,48.7791852],[-123.1101126,48.7790634],[-123.1102979,48.778915],[-123.110436,48.7787458],[-123.1105216,48.7785621],[-123.1105514,48.778371],[-123.1105244,48.7781797],[-123.1104415,48.7779955],[-123.1103059,48.7778254],[-123.1101228,48.7776759],[-123.1098992,48.7775526],[-123.1096435,48.7774603],[-123.107351,48.7768155],[-123.1072231,48.7767693],[-123.1071679,48.7767388],[-123.1071229,48.7767017],[-123.1070898,48.7766596],[-123.1070492,48.7765673],[-123.1068987,48.7760332],[-123.1068248,48.7758606],[-123.1067047,48.7756996],[-123.1065422,48.7755557],[-123.1063428,48.7754336],[-123.1061132,48.7753373],[-123.1058608,48.7752701],[-123.1020037,48.7745032],[-123.1016931,48.7744645],[-123.1013771,48.7744697],[-123.1010697,48.7745185],[-123.1007849,48.7746089],[-123.1005352,48.7747368],[-123.100332,48.7748964],[-123.1002532,48.7749735],[-123.1002034,48.7750064],[-123.1001451,48.7750324],[-123.1000802,48.7750505],[-123.1000114,48.7750601],[-123.0998687,48.7750617],[-123.0977152,48.7749489],[-123.0975878,48.7749348],[-123.097466,48.7749064],[-123.0948009,48.7741068],[-123.0946596,48.7740512],[-123.0945404,48.7739764],[-123.0938213,48.7734123],[-123.0935982,48.7732703],[-123.0933355,48.7731616],[-123.0930444,48.7730911],[-123.090353,48.7726412],[-123.0902094,48.7726065],[-123.0901454,48.7725802],[-123.090091,48.7725458],[-123.0900485,48.7725048],[-123.0900196,48.7724589],[-123.0900056,48.7724101],[-123.0900087,48.7723093],[-123.09008,48.7719287],[-123.0901128,48.7718334],[-123.0901367,48.7717984],[-123.0902265,48.7716258],[-123.0902664,48.7714452],[-123.0902551,48.7712629],[-123.090193,48.7710851],[-123.0900822,48.7709179],[-123.0899265,48.7707671],[-123.0897313,48.7706377],[-123.0895032,48.7705343],[-123.0887799,48.7702678],[-123.0886636,48.7702149],[-123.0886148,48.770182],[-123.0885763,48.7701437],[-123.0885495,48.7701012],[-123.0885354,48.7700562],[-123.0885335,48.7699631],[-123.0887713,48.7680513],[-123.0888,48.7679509],[-123.0888294,48.7679045],[-123.0888727,48.7678632],[-123.0889853,48.767793],[-123.0918016,48.7663748],[-123.0920118,48.7662461],[-123.0921808,48.7660933],[-123.0923024,48.765922],[-123.0923721,48.7657386],[-123.0923874,48.7655498],[-123.0923851,48.7655155],[-123.0923974,48.7654664],[-123.0924456,48.7653846],[-123.0925183,48.7652932],[-123.0926,48.7651153],[-123.0926296,48.7649305],[-123.0926059,48.7647453],[-123.0925656,48.7645979],[-123.0925678,48.7645479],[-123.0925857,48.7644993],[-123.0926184,48.7644542],[-123.0926645,48.7644145],[-123.0927815,48.7643483],[-123.0933279,48.7640992],[-123.0934754,48.7640471],[-123.0935547,48.7640329],[-123.0937219,48.7640285],[-123.107588,48.764702],[-123.1077348,48.7647156],[-123.1220021,48.7666791],[-123.1222352,48.7666987],[-123.1258786,48.7668148],[-123.1261083,48.7668105],[-123.1263342,48.766783],[-123.1305247,48.7660497],[-123.1307932,48.7659839],[-123.1310378,48.7658857],[-123.1312494,48.7657584],[-123.1314203,48.7656069],[-123.1315786,48.7654341],[-123.1317115,48.7652473],[-123.1317824,48.7650464],[-123.1317882,48.7648402],[-123.1317288,48.7646377],[-123.1316067,48.7644478],[-123.1314273,48.7642788],[-123.1312678,48.7641807],[-123.1312695,48.7641795],[-123.1311062,48.7640802],[-123.1310635,48.7640414],[-123.1310334,48.7639977],[-123.1310169,48.763951],[-123.1310148,48.763903],[-123.1310271,48.7638557],[-123.1310534,48.7638109],[-123.1310926,48.7637705],[-123.1311431,48.763736],[-123.1312646,48.7636807],[-123.1340713,48.7626592],[-123.1342132,48.7626196],[-123.1342877,48.7626101],[-123.1344418,48.7626116],[-123.1506442,48.7638934],[-123.1508679,48.7638999],[-123.1510906,48.7638843],[-123.1524122,48.7637252],[-123.1526699,48.7636781],[-123.1529108,48.7636015],[-123.1531271,48.7634978],[-123.1533119,48.7633703],[-123.1534593,48.7632232],[-123.1534656,48.7632154],[-123.1535106,48.7631793],[-123.1535654,48.7631496],[-123.1536278,48.7631273],[-123.1536955,48.7631134],[-123.1537661,48.7631084],[-123.1539093,48.7631166],[-123.1558846,48.7633577],[-123.156045,48.76339],[-123.1561164,48.7634171],[-123.1562391,48.7634926],[-123.1563867,48.7636064],[-123.1565957,48.7637391],[-123.1568397,48.7638426],[-123.1571094,48.7639131],[-123.1573947,48.7639479],[-123.1631033,48.7642713],[-123.1632189,48.764284],[-123.1633301,48.7643085],[-123.1704186,48.7662898],[-123.170796,48.7663585],[-123.1738542,48.766639],[-123.1740803,48.7666759],[-123.1800616,48.7681005],[-123.1802766,48.7681696],[-123.1852685,48.7702365],[-123.1853803,48.7702933],[-123.1854739,48.7703629],[-123.1867573,48.7715244],[-123.186956,48.771671],[-123.187195,48.7717886],[-123.1874647,48.7718727],[-123.1877543,48.7719197],[-123.195831,48.7726785],[-123.1959892,48.7727054],[-123.1961346,48.7727544],[-123.1974671,48.7733334],[-123.1976993,48.7734159],[-123.1979499,48.7734702],[-123.2018384,48.7740684],[-123.2019855,48.7741021],[-123.2020511,48.7741283],[-123.2021645,48.7741986],[-123.2027095,48.7746159],[-123.2027869,48.7746872],[-123.2028151,48.7747264],[-123.2028321,48.7747683],[-123.2028432,48.7748558],[-123.2028341,48.7757866],[-123.2028209,48.7758755],[-123.2028023,48.7759179],[-123.2027724,48.7759574],[-123.2027321,48.7759927],[-123.2026828,48.7760225],[-123.202626,48.776046],[-123.2025001,48.7760789],[-123.2020633,48.7761637],[-123.2017624,48.7762465],[-123.2014959,48.7763704],[-123.2012765,48.7765294],[-123.2011146,48.776716],[-123.2009628,48.7769463],[-123.2008713,48.7771349],[-123.200839,48.7773317],[-123.200867,48.7775289],[-123.2009543,48.7777183],[-123.2010973,48.7778924],[-123.2027998,48.7795435],[-123.2028667,48.7796236],[-123.202888,48.7796665],[-123.2028969,48.7797113],[-123.2028889,48.7798026],[-123.2023827,48.7819941],[-123.202367,48.7821834],[-123.2024066,48.7823712],[-123.2025001,48.7825505],[-123.202644,48.7827147],[-123.2028329,48.7828577],[-123.20306,48.7829741],[-123.2033167,48.7830598],[-123.2035935,48.7831114],[-123.2038254,48.7831392],[-123.2039638,48.7831651],[-123.204027,48.7831862],[-123.2040829,48.7832151],[-123.2041293,48.7832504],[-123.2041645,48.783291],[-123.204167,48.7832959],[-123.2042806,48.7834641],[-123.2044398,48.7836155],[-123.2046389,48.7837447],[-123.204871,48.7838472],[-123.2051281,48.7839194],[-123.205401,48.7839589],[-123.2056804,48.7839642],[-123.2059563,48.7839351],[-123.2064861,48.7838452],[-123.2066493,48.78383],[-123.20673,48.7838344],[-123.2068873,48.783867],[-123.2083153,48.7842827],[-123.2084569,48.784337],[-123.208577,48.7844104],[-123.2099694,48.7854735],[-123.2100615,48.7855545],[-123.2123387,48.7878702],[-123.2124668,48.7880495],[-123.2134417,48.7900896],[-123.213609,48.7903252],[-123.2144958,48.7912369],[-123.2145734,48.7913431],[-123.2146102,48.7914584],[-123.2148166,48.7930442]]]]}}]}
